"ProcessId","SwapChain","CpuStartQpc","PresentStartQpc","CpuFrameMs","CpuBusyMs","CpuWaitMs","GpuTimeMs","GpuBusyMs","Dropped","DisplayedMs","BetweenPresentsMs","BetweenDisplayChangesMs","UntilDisplayedMs","DisplayLatencyMs","PresentMode","PresentRuntime","SyncInterval","AllowsTearing","FrameType"
"23464","2135585588784","1846024445746","1846024601983","15.759800000000002","15.623700000000001","0.1361","16.5197","0.5977","True","NaN","15.764700000000001","NaN","NaN","NaN","4","1","1","False","0"
"23464","2135585588784","1846024603344","1846024624886","2.2762","2.1542","0.12200000000000001","0.1272","0.12380000000000001","True","NaN","2.2903000000000002","NaN","NaN","NaN","4","1","1","False","0"
"23464","2135585588784","1846024626106","1846027407188","278.2767","278.1082","0.1685","0.2888","0.28240000000000004","True","NaN","278.2302","NaN","NaN","NaN","4","1","1","False","0"
"23464","2135585588784","1846027408873","1846029718517","231.1918","230.9644","0.22740000000000002","0.5046","0.3116","True","NaN","231.1329","NaN","NaN","NaN","4","1","1","False","0"
"23464","2135585588784","1846029720791","1846035112359","539.3375","539.1568","0.1807","0.2419","0.23920000000000002","True","NaN","539.3842000000001","NaN","NaN","NaN","4","1","1","False","0"
"23464","2135585588784","1846035114166","1846040505461","539.2866","539.1295","0.15710000000000002","0.3608","0.2265","True","NaN","539.3102","NaN","NaN","NaN","4","1","1","False","0"
"23464","2135585588784","1846040507032","1846024288377","0.3997","0","0.3997","217.7854","6.8965000000000005","True","NaN","0","NaN","NaN","NaN","4","1","1","False","0"
"23464","2135585588784","1846024292374","1846024354527","6.326","6.2153","0.1107","6.4059","0.33680000000000004","True","NaN","6.615","NaN","NaN","NaN","4","1","1","False","0"
"23464","2135585588784","1846024355634","1846024382533","2.9160000000000004","2.6899","0.22610000000000002","0.1767","0.16770000000000002","True","NaN","2.8006","NaN","NaN","NaN","4","1","1","False","0"
"23464","2135585588784","1846024384794","1846045925515","2154.3126","2154.0721000000003","0.24050000000000002","0.3371","0.225","False","539.3866","2154.2982","NaN","9.085600000000001","2163.1577","4","1","1","False","0"
"23464","2135585588784","1846045927920","1846051312279","538.6201000000001","538.4359000000001","0.1842","538.7036","0.2536","False","545.4539","538.6764000000001","539.3866","9.7958","548.2317","4","1","1","False","0"
"23464","2135585588784","1846051314121","1846056782835","547.0412","546.8714","0.1698","0.529","0.4938","False","545.4602","547.0556","545.4539","8.1941","555.0655","4","1","1","False","0"
"23464","2135585588784","1846056784533","1846062202820","541.9841","541.8287","0.1554","1.079","1.0747","False","545.5075","541.9985","545.4602","11.655800000000001","553.4845","4","1","1","False","0"
"23464","2135585588784","1846062204374","1846067652481","544.9553","544.8107","0.1446","0.3639","0.2335","False","84.7821","544.9661","545.5075","12.1972","557.0079000000001","4","1","1","False","0"
"23464","2135585588784","1846067653927","1846068540305","88.7987","88.6378","0.16090000000000002","2.2041","0.37620000000000003","False","10509.066","88.78240000000001","84.7821","8.196900000000001","96.8347","4","1","1","False","0"
"23464","2135585588784","1846068541914","1846173593881","10505.385900000001","10505.1967","0.1892","3.2254","3.2222","False","10672.7144","10505.357600000001","10509.066","11.9053","10517.102","4","1","1","False","0"
"23464","2135585588784","1846173595773","1846280324107","10672.997900000002","10672.833400000001","0.1645","10670.435800000001","5.1966","False","30.2831","10673.0226","10672.7144","11.597100000000001","10684.4305","4","1","1","False","0"
"23464","2135585588784","1846280325752","1846280593131","26.9881","26.7379","0.25020000000000003","24.8324","4.1770000000000005","False","18.1777","26.9024","30.2831","14.9778","41.715700000000005","4","1","1","False","0"
"23464","2135585588784","1846280595633","1846280786729","19.3051","19.1096","0.1955","13.995600000000003","4.2739","False","42.4423","19.3598","18.1777","13.7957","32.905300000000004","4","1","1","False","0"
"23464","2135585588784","1846280788684","1846281239708","45.2941","45.1024","0.1917","40.8524","3.9657","False","30.294700000000002","45.297900000000006","42.4423","10.940100000000001","56.042500000000004","4","1","1","False","0"
"23464","2135585588784","1846281241625","1846281531284","29.131600000000002","28.9659","0.16570000000000001","29.5924","5.903300000000001","False","24.2439","29.157600000000002","30.294700000000002","12.077200000000001","41.0431","4","1","1","False","0"
"23464","2135585588784","1846281532941","1846281732611","20.148500000000002","19.967000000000002","0.18150000000000002","18.9072","5.405200000000001","False","54.551500000000004","20.1327","24.2439","16.1884","36.1554","4","1","1","False","0"
"23464","2135585588784","1846281734426","1846282285557","55.3004","55.1131","0.18730000000000002","48.3694","3.8606000000000003","False","24.239700000000003","55.2946","54.551500000000004","15.445300000000001","70.5584","4","1","1","False","0"
"23464","2135585588784","1846282287430","1846282592174","30.605600000000003","30.474400000000003","0.1312","1.8991","1.8932","False","30.2785","30.6617","24.239700000000003","9.0233","39.4977","4","1","1","False","0"
"23464","2135585588784","1846282593486","1846282858698","26.671","26.5212","0.14980000000000002","26.7267","4.0362","False","24.251","26.6524","30.2785","12.6494","39.1706","4","1","1","False","0"
"23464","2135585588784","1846282860196","1846283122222","26.392500000000002","26.2026","0.1899","1.989","1.9837","False","24.269000000000002","26.352400000000003","24.251","10.548","36.7506","4","1","1","False","0"
"23464","2135585588784","1846283124121","1846283382102","25.9268","25.7981","0.1287","1.8887","1.8838000000000001","False","30.311","25.988","24.269000000000002","8.829","34.6271","4","1","1","False","0"
"23464","2135585588784","1846283383389","1846283667197","28.5461","28.3808","0.1653","28.7221","3.556","False","30.296300000000002","28.509500000000003","30.311","10.630500000000001","39.0113","4","1","1","False","0"
"23464","2135585588784","1846283668850","1846283957281","29.0082","28.8431","0.1651","27.445400000000003","3.7229","False","24.227700000000002","29.0084","30.296300000000002","11.9184","40.761500000000005","4","1","1","False","0"
"23464","2135585588784","1846283958932","1846284151201","19.3556","19.2269","0.1287","2.2049000000000003","2.1985","False","24.2441","19.392","24.227700000000002","16.7541","35.981","4","1","1","False","0"
"23464","2135585588784","1846284152488","1846284403530","25.26","25.104200000000002","0.1558","2.2511","2.2468","False","12.124","25.2329","24.2441","15.7653","40.8695","4","1","1","False","0"
"23464","2135585588784","1846284405088","1846284545915","14.2322","14.0827","0.1495","4.9087000000000005","4.9058","False","18.1906","14.2385","12.124","13.6508","27.733500000000003","4","1","1","False","0"
"23464","2135585588784","1846284547410","1846284782241","23.6101","23.4831","0.127","2.1717","2.168","False","36.3477","23.6326","18.1906","8.2088","31.6919","4","1","1","False","0"
"23464","2135585588784","1846284783511","1846285046297","26.527900000000002","26.2786","0.24930000000000002","27.2756","3.3213000000000004","False","18.186400000000003","26.4056","36.3477","18.1509","44.429500000000004","4","1","1","False","0"
"23464","2135585588784","1846285048790","1846285292375","24.475800000000003","24.358500000000003","0.1173","2.1585","2.1541","False","30.308300000000003","24.6078","18.186400000000003","11.7295","36.088","4","1","1","False","0"
"23464","2135585588784","1846285293548","1846285537118","24.5131","24.357000000000003","0.15610000000000002","4.0401","4.0353","False","24.2498","24.4743","30.308300000000003","17.5635","41.920500000000004","4","1","1","False","0"
"23464","2135585588784","1846285538679","1846285825875","28.8482","28.7196","0.12860000000000002","2.6100000000000003","2.6037","False","36.3315","28.875700000000002","24.2498","12.9376","41.6572","4","1","1","False","0"
"23464","2135585588784","1846285827161","1846286149540","32.4247","32.2379","0.18680000000000002","28.807000000000002","4.0548","False","30.3062","32.3665","36.3315","16.9026","49.1405","4","1","1","False","0"
"23464","2135585588784","1846286151408","1846286494104","34.403800000000004","34.269600000000004","0.1342","2.3783000000000003","2.3716","False","30.308","34.4564","30.3062","12.7524","47.022000000000006","4","1","1","False","0"
"23464","2135585588784","1846286495446","1846286774288","28.0301","27.8842","0.1459","2.2150000000000003","2.2103","False","24.2585","28.0184","30.308","15.042000000000002","42.9262","4","1","1","False","0"
"23464","2135585588784","1846286775747","1846287011594","23.711000000000002","23.5847","0.1263","2.2566","2.2514000000000003","False","12.1205","23.730600000000003","24.2585","15.5699","39.1546","4","1","1","False","0"
"23464","2135585588784","1846287012857","1846287189829","17.834000000000003","17.697200000000002","0.1368","2.3094","2.3044000000000002","False","30.2878","17.8235","12.1205","9.866900000000001","27.5641","4","1","1","False","0"
"23464","2135585588784","1846287191197","1846287412365","22.2632","22.1168","0.1464","1.9084","1.9046","False","48.4776","22.253600000000002","30.2878","17.9011","40.017900000000004","4","1","1","False","0"
"23464","2135585588784","1846287413829","1846288000711","58.8634","58.6882","0.1752","50.657900000000005","6.5084","False","18.203200000000002","58.8346","48.4776","7.5441","66.23230000000001","4","1","1","False","0"
"23464","2135585588784","1846288002463","1846288169581","16.8659","16.7118","0.15410000000000001","1.9285","1.9252","False","30.282700000000002","16.887","18.203200000000002","8.8603","25.572100000000002","4","1","1","False","0"
"23464","2135585588784","1846288171122","1846288364068","19.470000000000002","19.294600000000003","0.1754","20.3272","4.3066","False","12.1423","19.448700000000002","30.282700000000002","19.694300000000002","38.9889","4","1","1","False","0"
"23464","2135585588784","1846288365822","1846288537547","17.2907","17.1725","0.1182","4.8856","4.8801000000000005","False","24.2221","17.3479","12.1423","14.488700000000001","31.6612","4","1","1","False","0"
"23464","2135585588784","1846288538729","1846288721359","18.413200000000003","18.263","0.1502","4.852","4.8348","False","12.1591","18.3812","24.2221","20.3296","38.592600000000004","4","1","1","False","0"
"23464","2135585588784","1846288722861","1846288956357","23.4736","23.349600000000002","0.124","2.2317","2.2268","False","24.203500000000002","23.4998","12.1591","8.988900000000001","32.3385","4","1","1","False","0"
"23464","2135585588784","1846288957597","1846289162211","20.597","20.4614","0.1356","2.4117","2.4077","False","24.2435","20.5854","24.203500000000002","12.607000000000001","33.068400000000004","4","1","1","False","0"
"23464","2135585588784","1846289163567","1846289409752","24.764","24.6185","0.14550000000000002","2.3151","2.3109","False","30.316200000000002","24.7541","24.2435","12.096400000000001","36.7149","4","1","1","False","0"
"23464","2135585588784","1846289411207","1846289664890","25.5015","25.3683","0.1332","2.2202","2.216","False","30.305300000000003","25.5138","30.316200000000002","16.8988","42.2671","4","1","1","False","0"
"23464","2135585588784","1846289666222","1846289952883","28.834600000000002","28.6661","0.1685","2.3224","2.3183000000000002","False","36.3435","28.799300000000002","30.305300000000003","18.4048","47.0709","4","1","1","False","0"
"23464","2135585588784","1846289954568","1846290365030","41.2072","41.0462","0.161","2.5103","2.5064","False","36.389700000000005","41.2147","36.3435","13.5336","54.579800000000006","4","1","1","False","0"
"23464","2135585588784","1846290366640","1846290762145","39.7099","39.5505","0.15940000000000001","2.24","2.2361","False","30.278200000000002","39.7115","36.389700000000005","10.2118","49.7623","4","1","1","False","0"
"23464","2135585588784","1846290763739","1846291065131","30.278900000000004","30.139200000000002","0.13970000000000002","2.2931","2.2896","False","30.3063","30.2986","30.278200000000002","10.1914","40.330600000000004","4","1","1","False","0"
"23464","2135585588784","1846291066528","1846291369065","30.402700000000003","30.253700000000002","0.149","2.1412","2.138","False","30.2896","30.3934","30.3063","10.1043","40.358000000000004","4","1","1","False","0"
"23464","2135585588784","1846291370555","1846291655461","28.633","28.4906","0.1424","1.9373","1.9287","False","24.2528","28.6396","30.2896","11.7543","40.2449","4","1","1","False","0"
"23464","2135585588784","1846291656885","1846291924361","26.8854","26.747600000000002","0.1378","2.0036","1.9995","False","30.327900000000003","26.89","24.2528","9.1171","35.8647","4","1","1","False","0"
"23464","2135585588784","1846291925739","1846292225340","30.131600000000002","29.9601","0.1715","2.3101000000000003","2.3065","False","30.280700000000003","30.097900000000003","30.327900000000003","9.347100000000001","39.3072","4","1","1","False","0"
"23464","2135585588784","1846292227055","1846292485551","26.015700000000002","25.849600000000002","0.1661","26.343300000000003","3.7755","False","24.2376","26.0211","30.280700000000003","13.6067","39.4563","4","1","1","False","0"
"23464","2135585588784","1846292487212","1846292769116","28.3552","28.1904","0.1648","2.3147","2.3108","False","30.3047","28.3565","24.2376","9.4878","37.678200000000004","4","1","1","False","0"
"23464","2135585588784","1846292770764","1846293067374","29.794800000000002","29.661","0.1338","2.3135","2.3099000000000003","False","30.323900000000002","29.8258","30.3047","9.966700000000001","39.627700000000004","4","1","1","False","0"
"23464","2135585588784","1846293068712","1846293332972","26.5786","26.426000000000002","0.1526","3.8862","3.8824","False","24.247600000000002","26.559800000000003","30.323900000000002","13.7308","40.156800000000004","4","1","1","False","0"
"23464","2135585588784","1846293334498","1846293623490","29.0352","28.8992","0.136","1.9413","1.9369","False","36.3373","29.0518","24.247600000000002","8.9266","37.8258","4","1","1","False","0"
"23464","2135585588784","1846293624850","1846293950518","32.778","32.5668","0.2112","32.9184","4.0341000000000005","False","30.292900000000003","32.7028","36.3373","12.561100000000001","45.127900000000004","4","1","1","False","0"
"23464","2135585588784","1846293952630","1846294276943","32.5816","32.4313","0.15030000000000002","2.2978","2.2945","False","30.324","32.6425","30.292900000000003","10.211500000000001","42.6428","4","1","1","False","0"
"23464","2135585588784","1846294278446","1846294582280","30.5533","30.3834","0.1699","1.9527","1.9491","False","24.2497","30.533700000000003","30.324","10.001800000000001","40.385200000000005","4","1","1","False","0"
"23464","2135585588784","1846294583979","1846294821079","23.854400000000002","23.71","0.1444","2.2594000000000003","2.2560000000000002","False","24.2452","23.879900000000003","24.2497","10.3716","34.0816","4","1","1","False","0"
"23464","2135585588784","1846294822523","1846295087731","26.6959","26.5208","0.1751","1.9564000000000001","1.9529","False","24.2237","26.665200000000002","24.2452","7.9516","34.4724","4","1","1","False","0"
"23464","2135585588784","1846295089482","1846295311128","22.2927","22.1646","0.12810000000000002","1.9998","1.9955","False","24.2663","22.3397","24.2237","9.835600000000001","32.0002","4","1","1","False","0"
"23464","2135585588784","1846295312409","1846295556816","24.5713","24.4407","0.1306","1.8992","1.8958000000000002","False","24.2401","24.5688","24.2663","9.533100000000001","33.973800000000004","4","1","1","False","0"
"23464","2135585588784","1846295558122","1846295788767","23.222300000000004","23.064500000000002","0.1578","1.9492","1.9456","False","24.239800000000002","23.1951","24.2401","10.578100000000001","33.6426","4","1","1","False","0"
"23464","2135585588784","1846295790345","1846296019941","23.0984","22.959600000000002","0.1388","1.9628","1.9591","False","24.2178","23.1174","24.239800000000002","11.7005","34.6601","4","1","1","False","0"
"23464","2135585588784","1846296021329","1846296242774","22.2737","22.1445","0.1292","2.2912","2.2868","False","18.217200000000002","22.2833","24.2178","13.635","35.7795","4","1","1","False","0"
"23464","2135585588784","1846296244066","1846296477227","23.465500000000002","23.316100000000002","0.1494","2.2559","2.251","False","24.2314","23.4453","18.217200000000002","8.4069","31.723000000000003","4","1","1","False","0"
"23464","2135585588784","1846296478721","1846296687727","21.0213","20.9006","0.1207","21.4202","3.3842000000000003","False","24.236","21.05","24.2314","11.5883","32.4889","4","1","1","False","0"
"23464","2135585588784","1846296688934","1846296900915","21.3585","21.1981","0.16040000000000001","18.703","3.6249000000000002","False","18.1828","21.3188","24.236","14.505500000000001","35.7036","4","1","1","False","0"
"23464","2135585588784","1846296902519","1846297100679","20.034100000000002","19.816000000000003","0.21810000000000002","2.4309000000000003","2.4275","False","18.1686","19.9764","18.1828","12.7119","32.5279","4","1","1","False","0"
"23464","2135585588784","1846297102860","1846297293181","19.1586","19.0321","0.1265","2.2381","2.2334","False","18.183500000000002","19.2502","18.1686","11.6303","30.6624","4","1","1","False","0"
"23464","2135585588784","1846297294446","1846297499034","20.6086","20.4588","0.14980000000000002","1.9564000000000001","1.9531","False","18.2025","20.5853","18.183500000000002","9.2285","29.6873","4","1","1","False","0"
"23464","2135585588784","1846297500532","1846297672500","17.3769","17.1968","0.1801","2.2365","2.2318000000000002","False","18.1844","17.346600000000002","18.2025","10.0844","27.281200000000002","4","1","1","False","0"
"23464","2135585588784","1846297674301","1846297873331","20.092200000000002","19.903000000000002","0.1892","2.2203","2.216","False","18.184900000000003","20.0831","18.1844","8.1857","28.088700000000003","4","1","1","False","0"
"23464","2135585588784","1846297875223","1846298050254","17.6308","17.5031","0.1277","1.8980000000000001","1.8945","False","18.175900000000002","17.6923","18.184900000000003","8.6783","26.1814","4","1","1","False","0"
"23464","2135585588784","1846298051531","1846298214881","16.4882","16.335","0.1532","2.2782","2.2743","False","18.179100000000002","16.4627","18.175900000000002","10.3915","26.7265","4","1","1","False","0"
"23464","2135585588784","1846298216413","1846298397407","18.227","18.0994","0.12760000000000002","2.2748","2.2708","False","18.186400000000003","18.2526","18.179100000000002","10.318","28.4174","4","1","1","False","0"
"23464","2135585588784","1846298398683","1846298567995","17.0625","16.9312","0.1313","1.9179000000000002","1.9119000000000002","False","12.1051","17.0588","18.186400000000003","11.4456","28.376800000000003","4","1","1","False","0"
"23464","2135585588784","1846298569308","1846298713921","14.595100000000002","14.461300000000001","0.1338","1.9889000000000001","1.9836","False","24.2524","14.592600000000001","12.1051","8.9581","23.4194","4","1","1","False","0"
"23464","2135585588784","1846298715259","1846298931179","21.751500000000004","21.592000000000002","0.1595","23.5576","4.7337","False","12.1311","21.7258","24.2524","11.4847","33.0767","4","1","1","False","0"
"23464","2135585588784","1846298932774","1846299053580","12.218","12.0806","0.1374","1.8572000000000002","1.8539","False","18.1686","12.2401","12.1311","11.3757","23.456300000000002","4","1","1","False","0"
"23464","2135585588784","1846299054954","1846299225248","17.215700000000002","17.029400000000003","0.18630000000000002","2.317","2.313","False","12.119100000000001","17.166800000000002","18.1686","12.377500000000001","29.4069","4","1","1","False","0"
"23464","2135585588784","1846299227111","1846299346307","12.059700000000001","11.9196","0.1401","3.0172000000000003","3.0136000000000003","False","12.104000000000001","12.1059","12.119100000000001","12.3907","24.3103","4","1","1","False","0"
"23464","2135585588784","1846299347708","1846299495027","14.8747","14.731900000000001","0.1428","1.8368","1.8333000000000002","False","24.254","14.872","12.104000000000001","9.6227","24.3546","4","1","1","False","0"
"23464","2135585588784","1846299496455","1846299698078","20.3259","20.162300000000002","0.1636","19.8335","6.7907","False","12.1401","20.3051","24.254","13.5716","33.7339","4","1","1","False","0"
"23464","2135585588784","1846299699714","1846299840101","14.180900000000001","14.0387","0.1422","1.887","1.881","False","18.164","14.202300000000001","12.1401","11.509400000000001","25.5481","4","1","1","False","0"
"23464","2135585588784","1846299841523","1846300028126","18.8893","18.6603","0.229","16.6846","4.0856","False","12.127600000000001","18.802500000000002","18.164","10.8709","29.531200000000002","4","1","1","False","0"
"23464","2135585588784","1846300030416","1846300151553","12.238000000000001","12.113700000000001","0.12430000000000001","2.7769","2.7722","False","18.1756","12.3427","12.127600000000001","10.655800000000001","22.7695","4","1","1","False","0"
"23464","2135585588784","1846300152796","1846300332457","18.1122","17.9661","0.1461","3.4744","3.4691","False","12.142000000000001","18.090400000000002","18.1756","10.741","28.7071","4","1","1","False","0"
"23464","2135585588784","1846300333918","1846300450369","11.796600000000002","11.645100000000001","0.1515","1.8798000000000001","1.8757000000000001","False","18.1619","11.7912","12.142000000000001","11.091800000000001","22.736900000000002","4","1","1","False","0"
"23464","2135585588784","1846300451884","1846300632716","18.265600000000003","18.0832","0.1824","1.8336000000000001","1.8288","False","12.1262","18.2347","18.1619","11.019","29.1022","4","1","1","False","0"
"23464","2135585588784","1846300634540","1846300739976","10.668099999999999","10.5436","0.1245","3.4179000000000004","3.4124000000000003","False","18.181","10.726","12.1262","12.4192","22.9628","4","1","1","False","0"
"23464","2135585588784","1846300741221","1846300937924","19.8448","19.6703","0.17450000000000002","3.4113","3.4065000000000003","False","18.1716","19.794800000000002","18.181","10.8054","30.4757","4","1","1","False","0"
"23464","2135585588784","1846300939669","1846301110980","17.3874","17.1311","0.25630000000000003","15.715000000000002","3.8733","False","12.1449","17.305600000000002","18.1716","11.6714","28.802500000000002","4","1","1","False","0"
"23464","2135585588784","1846301113543","1846301271326","15.908400000000002","15.778300000000002","0.1301","1.8703","1.8664","False","18.1735","16.0346","12.1449","7.781700000000001","23.560000000000002","4","1","1","False","0"
"23464","2135585588784","1846301272627","1846301432571","16.1814","15.9944","0.187","17.515900000000002","3.3755","False","12.1292","16.1245","18.1735","9.8307","25.825100000000003","4","1","1","False","0"
"23464","2135585588784","1846301434441","1846301560079","12.722800000000001","12.5638","0.159","1.8982","1.8929","False","18.1755","12.7508","12.1292","9.209100000000001","21.7729","4","1","1","False","0"
"23464","2135585588784","1846301561669","1846301730083","17.0369","16.8414","0.1955","1.9457","1.9411","False","18.1525","17.0004","18.1755","10.3842","27.2256","4","1","1","False","0"
"23464","2135585588784","1846301732038","1846301894145","16.365399999999998","16.2107","0.1547","2.0726","2.0672","False","12.1395","16.406200000000002","18.1525","12.130500000000001","28.3412","4","1","1","False","0"
"23464","2135585588784","1846301895692","1846302037988","14.354300000000002","14.229600000000001","0.1247","2.1566","2.1518","False","12.1278","14.384300000000001","12.1395","9.8857","24.1153","4","1","1","False","0"
"23464","2135585588784","1846302039235","1846302148834","11.091800000000001","10.959900000000001","0.13190000000000002","2.9289","2.9246000000000003","False","12.0952","11.0846","12.1278","10.9289","21.8888","4","1","1","False","0"
"23464","2135585588784","1846302150153","1846302276682","12.8092","12.6529","0.1563","2.1411000000000002","2.1382000000000003","False","12.1286","12.7848","12.0952","10.2393","22.892200000000003","4","1","1","False","0"
"23464","2135585588784","1846302278245","1846302402669","12.558000000000002","12.442400000000001","0.11560000000000001","2.2173000000000003","2.2135000000000002","False","18.1771","12.598700000000001","12.1286","9.7692","22.2116","4","1","1","False","0"
"23464","2135585588784","1846302403825","1846302547708","14.5128","14.388300000000001","0.1245","3.141","3.1350000000000002","False","12.1327","14.503900000000002","18.1771","13.442400000000001","27.8307","4","1","1","False","0"
"23464","2135585588784","1846302548953","1846302676043","12.837600000000002","12.709000000000001","0.12860000000000002","2.4626","2.4577","False","12.1692","12.8335","12.1327","12.7416","25.4506","4","1","1","False","0"
"23464","2135585588784","1846302677329","1846302800247","12.417300000000001","12.2918","0.1255","2.2846","2.2813000000000003","False","42.4185","12.4204","12.1692","12.490400000000001","24.7822","4","1","1","False","0"
"23464","2135585588784","1846302801502","1846302918824","11.8702","11.7322","0.138","2.3934","2.3892","True","NaN","11.857700000000001","NaN","NaN","NaN","4","1","1","False","0"
"23464","2135585588784","1846302920204","1846303044732","12.5771","12.4528","0.12430000000000001","2.3796","2.3762000000000003","True","NaN","12.5908","NaN","NaN","NaN","4","1","1","False","0"
"23464","2135585588784","1846303045975","1846303166925","12.2592","12.095","0.1642","2.1828000000000003","2.1788000000000003","True","NaN","12.2193","NaN","NaN","NaN","4","1","1","False","0"
"23464","2135585588784","1846303168567","1846303292114","12.5043","12.354700000000001","0.1496","1.6769","1.6714","False","12.1232","12.5189","42.4185","5.7222","18.076900000000002","8","1","1","False","0"
"23464","2135585588784","1846303293610","1846303398413","10.657399999999999","10.4803","0.1771","10.773200000000001","2.4238","False","12.1067","10.629900000000001","12.1232","7.2155000000000005","17.695800000000002","8","1","1","False","0"
"23464","2135585588784","1846303400184","1846303536173","13.781","13.5989","0.1821","14.1205","2.7626","False","12.137500000000001","13.776","12.1067","5.546200000000001","19.1451","8","1","1","False","0"
"23464","2135585588784","1846303537994","1846303680086","14.389000000000001","14.209200000000001","0.17980000000000002","13.516300000000001","1.9017000000000002","False","18.177500000000002","14.391300000000001","12.137500000000001","3.2924","17.5016","8","1","1","False","0"
"23464","2135585588784","1846303681884","1846303816431","13.596300000000001","13.4547","0.1416","14.7239","3.33","False","12.117","13.634500000000001","18.177500000000002","7.835400000000001","21.290100000000002","8","1","1","False","0"
"23464","2135585588784","1846303817847","1846303949870","13.349100000000002","13.202300000000001","0.1468","12.6568","1.8199","False","24.227800000000002","13.343900000000001","12.117","6.6085","19.8108","8","1","1","False","0"
"23464","2135585588784","1846303951338","1846304210635","26.1215","25.9297","0.1918","25.8227","2.0279000000000003","False","12.1166","26.076500000000003","24.227800000000002","4.7598","30.689500000000002","8","1","1","False","0"
"23464","2135585588784","1846304212553","1846304346943","13.6085","13.439","0.1695","13.593800000000002","2.0117000000000003","False","12.1151","13.6308","12.1166","3.2456","16.6846","8","1","1","False","0"
"23464","2135585588784","1846304348638","1846304478610","13.170300000000001","12.997200000000001","0.1731","13.071200000000001","1.9127","False","18.2099","13.1667","12.1151","2.194","15.1912","8","1","1","False","0"
"23464","2135585588784","1846304480341","1846304608367","12.9777","12.8026","0.1751","13.914100000000001","2.8498","False","12.1363","12.9757","18.2099","7.4282","20.230800000000002","8","1","1","False","0"
"23464","2135585588784","1846304610118","1846304731603","12.341800000000001","12.1485","0.1933","12.770000000000001","3.2979000000000003","False","12.1012","12.3236","12.1363","7.240900000000001","19.389400000000002","8","1","1","False","0"
"23464","2135585588784","1846304733536","1846304863222","13.3149","12.9686","0.3463","12.2375","2.2448","False","12.0791","13.161900000000001","12.1012","6.1802","19.1488","8","1","1","False","0"
"23464","2135585588784","1846304866685","1846305010928","14.5957","14.4243","0.1714","14.570300000000001","2.1743","False","18.2274","14.7706","12.0791","3.4887","17.913","8","1","1","False","0"
"23464","2135585588784","1846305012642","1846305149999","13.920700000000002","13.735700000000001","0.185","14.5944","2.8561","False","18.1479","13.9071","18.2274","7.809","21.544700000000002","8","1","1","False","0"
"23464","2135585588784","1846305151849","1846305353332","20.299300000000002","20.148300000000003","0.151","21.132","2.9478","False","18.1815","20.3333","18.1479","5.623600000000001","25.771900000000002","8","1","1","False","0"
"23464","2135585588784","1846305354842","1846305518934","16.609","16.409200000000002","0.1998","16.1627","3.2397","False","18.2259","16.560200000000002","18.1815","7.2449","23.6541","8","1","1","False","0"
"23464","2135585588784","1846305520932","1846305694984","17.611900000000002","17.4052","0.20670000000000002","16.329","1.9724000000000002","False","18.1405","17.605","18.2259","7.8658","25.271","8","1","1","False","0"
"23464","2135585588784","1846305697051","1846305910296","21.4982","21.3245","0.17370000000000002","22.4978","2.9496","False","18.1869","21.531200000000002","18.1405","4.4751","25.7996","8","1","1","False","0"
"23464","2135585588784","1846305912033","1846306083007","17.2574","17.0974","0.16","17.1411","3.1632000000000002","False","18.1689","17.2711","18.1869","5.3909","22.488300000000002","8","1","1","False","0"
"23464","2135585588784","1846306084607","1846306258691","17.6003","17.4084","0.19190000000000002","17.8377","3.0879000000000003","False","18.2279","17.5684","18.1689","5.9914000000000005","23.399800000000003","8","1","1","False","0"
"23464","2135585588784","1846306260610","1846306440573","18.1703","17.9963","0.17400000000000002","18.293400000000002","3.1947","False","18.1496","18.188200000000002","18.2279","6.0311","24.0274","8","1","1","False","0"
"23464","2135585588784","1846306442313","1846306620291","18.006600000000002","17.797800000000002","0.2088","18.0069","3.2054","False","18.1706","17.9718","18.1496","6.2089","24.006700000000002","8","1","1","False","0"
"23464","2135585588784","1846306622379","1846306806728","18.6075","18.434900000000003","0.1726","18.5564","3.1431","False","18.1853","18.643700000000003","18.1706","5.7358","24.1707","8","1","1","False","0"
"23464","2135585588784","1846306808454","1846306988072","18.1458","17.9618","0.184","18.1901","3.1882","False","18.1799","18.1344","18.1853","5.786700000000001","23.7485","8","1","1","False","0"
"23464","2135585588784","1846306989912","1846307150699","16.272100000000002","16.0787","0.19340000000000002","15.013900000000001","1.9433","False","18.2084","16.262700000000002","18.1799","7.7039","23.782600000000002","8","1","1","False","0"
"23464","2135585588784","1846307152633","1846307328503","17.7785","17.587","0.1915","19.3585","3.5123","False","18.209400000000002","17.7804","18.2084","8.1319","25.7189","8","1","1","False","0"
"23464","2135585588784","1846307330418","1846307509502","18.0913","17.9084","0.1829","16.6203","2.0498000000000003","False","18.1343","18.0999","18.209400000000002","8.2414","26.149800000000003","8","1","1","False","0"
"23464","2135585588784","1846307511331","1846307703341","19.391000000000002","19.201","0.19","19.5245","2.1723","False","18.179000000000002","19.3839","18.1343","6.9918000000000005","26.192800000000002","8","1","1","False","0"
"23464","2135585588784","1846307705241","1846307887796","18.456100000000003","18.2555","0.2006","19.631800000000002","3.3563","False","18.1888","18.4455","18.179000000000002","6.725300000000001","24.980800000000002","8","1","1","False","0"
"23464","2135585588784","1846307889802","1846308070241","18.235500000000002","18.0439","0.19160000000000002","18.0393","3.1576","False","18.168300000000002","18.244500000000002","18.1888","6.6696","24.7135","8","1","1","False","0"
"23464","2135585588784","1846308072157","1846308263647","19.2898","19.149","0.1408","19.038","3.2718000000000003","False","18.183600000000002","19.340600000000002","18.168300000000002","5.4973","24.6463","8","1","1","False","0"
"23464","2135585588784","1846308265055","1846308448276","18.5194","18.322100000000002","0.1973","18.7196","3.1054","False","18.178","18.4629","18.183600000000002","5.218","23.540100000000002","8","1","1","False","0"
"23464","2135585588784","1846308450249","1846308642747","19.4515","19.2498","0.20170000000000002","19.2983","2.9484000000000004","False","18.1718","19.447100000000002","18.178","3.9489","23.198700000000002","8","1","1","False","0"
"23464","2135585588784","1846308644764","1846308829200","18.6257","18.4436","0.1821","18.9573","3.2857000000000003","False","24.281100000000002","18.645300000000002","18.1718","3.4754","21.919","8","1","1","False","0"
"23464","2135585588784","1846308831021","1846309017705","18.838900000000002","18.668400000000002","0.1705","18.5819","3.0219","False","12.0913","18.8505","24.281100000000002","8.906","27.5744","8","1","1","False","0"
"23464","2135585588784","1846309019410","1846309200320","18.2792","18.091","0.1882","17.4406","2.1987","False","24.242","18.2615","12.0913","2.7358000000000002","20.826800000000002","8","1","1","False","0"
"23464","2135585588784","1846309202202","1846309394038","19.377000000000002","19.183600000000002","0.19340000000000002","20.6049","3.4122000000000003","False","18.2016","19.3718","24.242","7.606000000000001","26.7896","8","1","1","False","0"
"23464","2135585588784","1846309395972","1846309580201","18.6199","18.422900000000002","0.197","17.6366","2.4521","False","12.1074","18.616300000000003","18.2016","7.1913","25.6142","8","1","1","False","0"
"23464","2135585588784","1846309582171","1846309742551","16.2123","16.038","0.1743","15.945500000000001","2.164","False","24.2571","16.235","12.1074","3.0637000000000003","19.1017","8","1","1","False","0"
"23464","2135585588784","1846309744294","1846309929674","18.740000000000002","18.538","0.202","20.5669","3.9928000000000003","False","12.1041","18.712300000000003","24.2571","8.608500000000001","27.1465","8","1","1","False","0"
"23464","2135585588784","1846309931694","1846310116238","18.5884","18.4544","0.134","16.3952","2.1391","False","24.259800000000002","18.6564","12.1041","2.0562","20.5106","8","1","1","False","0"
"23464","2135585588784","1846310117578","1846310291976","17.6259","17.4398","0.18610000000000002","18.814","2.9887","False","12.1064","17.573800000000002","24.259800000000002","8.7422","26.182000000000002","8","1","1","False","0"
"23464","2135585588784","1846310293837","1846310472798","18.077","17.8961","0.1809","17.3047","2.2109","False","24.285500000000003","18.0822","12.1064","2.7664","20.6625","8","1","1","False","0"
"23464","2135585588784","1846310474607","1846310669264","19.696900000000003","19.465700000000002","0.23120000000000002","20.9785","3.5246","False","30.2623","19.6466","24.285500000000003","7.4053","26.871000000000002","8","1","1","False","0"
"23464","2135585588784","1846310671576","1846310964534","29.4763","29.2958","0.18050000000000002","29.130200000000002","3.1494","False","18.1781","29.527","30.2623","8.140600000000001","37.4364","8","1","1","False","0"
"23464","2135585588784","1846310966339","1846311172442","20.812700000000003","20.610300000000002","0.2024","20.7608","3.0918","False","18.1839","20.7908","18.1781","5.527900000000001","26.1382","8","1","1","False","0"
"23464","2135585588784","1846311174466","1846311372227","19.9531","19.7761","0.17700000000000002","19.9895","3.1352","False","24.273400000000002","19.9785","18.1839","3.7333000000000003","23.5094","8","1","1","False","0"
"23464","2135585588784","1846311373997","1846311565484","19.3697","19.1487","0.221","19.125700000000002","2.9296","False","18.217100000000002","19.3257","24.273400000000002","8.681000000000001","27.829700000000003","8","1","1","False","0"
"23464","2135585588784","1846311567694","1846311759760","19.407200000000003","19.2066","0.2006","18.889400000000002","2.3978","False","18.113","19.4276","18.217100000000002","7.4705","26.677100000000003","8","1","1","False","0"
"23464","2135585588784","1846311761766","1846311975110","21.519700000000004","21.334400000000002","0.18530000000000002","22.0968","2.9454000000000002","False","18.184","21.535","18.113","4.0485","25.382900000000003","8","1","1","False","0"
"23464","2135585588784","1846311976963","1846312163404","18.782100000000003","18.6441","0.138","18.653000000000002","3.1199000000000003","False","24.250400000000003","18.8294","18.184","3.4031000000000002","22.0472","8","1","1","False","0"
"23464","2135585588784","1846312164784","1846312356397","19.3702","19.1613","0.2089","19.8106","3.2923","False","18.1677","19.299300000000002","24.250400000000003","8.3542","27.515500000000003","8","1","1","False","0"
"23464","2135585588784","1846312358486","1846312545050","18.849","18.6564","0.19260000000000002","17.8652","2.2949","False","18.229100000000003","18.8653","18.1677","7.6566","26.313000000000002","8","1","1","False","0"
"23464","2135585588784","1846312546976","1846312733841","18.858500000000003","18.686500000000002","0.17200000000000001","20.394000000000002","3.8121","False","18.2042","18.8791","18.229100000000003","7.006600000000001","25.6931","8","1","1","False","0"
"23464","2135585588784","1846312735561","1846312928226","19.4401","19.2665","0.1736","19.7662","4.134","False","30.264400000000002","19.4385","18.2042","5.7723","25.038800000000002","8","1","1","False","0"
"23464","2135585588784","1846312929962","1846313207022","27.902600000000003","27.706000000000003","0.1966","27.0285","3.2630000000000003","False","12.0973","27.8796","30.264400000000002","8.1571","35.8631","8","1","1","False","0"
"23464","2135585588784","1846313208988","1846313379228","17.198700000000002","17.024","0.17470000000000002","16.2166","2.2747","False","24.252100000000002","17.2206","12.0973","3.0338000000000003","20.0578","8","1","1","False","0"
"23464","2135585588784","1846313380975","1846313579278","20.0206","19.8303","0.1903","21.265700000000002","3.5296000000000003","False","12.1079","20.005000000000003","24.252100000000002","7.2809","27.1112","8","1","1","False","0"
"23464","2135585588784","1846313581181","1846313744974","16.5459","16.3793","0.1666","14.9136","1.8907","False","24.245800000000003","16.5696","12.1079","2.8192","19.1985","8","1","1","False","0"
"23464","2135585588784","1846313746640","1846313942592","19.813200000000002","19.595200000000002","0.218","20.895500000000002","2.9936000000000003","False","12.1096","19.7618","24.245800000000003","7.3032","26.898400000000002","8","1","1","False","0"
"23464","2135585588784","1846313944772","1846314114467","17.1137","16.9695","0.1442","16.009","2.217","False","24.2606","17.1875","12.1096","2.2253000000000003","19.1948","8","1","1","False","0"
"23464","2135585588784","1846314115909","1846314297490","18.3362","18.1581","0.1781","19.5746","3.0962","False","12.1174","18.302300000000002","24.2606","8.1836","26.341700000000003","8","1","1","False","0"
"23464","2135585588784","1846314299271","1846314469262","17.196","16.999100000000002","0.19690000000000002","16.308400000000002","2.2277","False","24.253400000000003","17.1772","12.1174","3.1238","20.1229","8","1","1","False","0"
"23464","2135585588784","1846314471231","1846314653142","18.381400000000003","18.191100000000002","0.1903","19.4236","3.2656","False","12.1043","18.388","24.253400000000003","8.9892","27.180300000000003","8","1","1","False","0"
"23464","2135585588784","1846314655045","1846314826043","17.2695","17.099800000000002","0.16970000000000002","15.938600000000001","1.9319000000000002","False","18.1815","17.290100000000002","12.1043","3.8034000000000003","20.903200000000002","8","1","1","False","0"
"23464","2135585588784","1846314827740","1846315006828","18.0883","17.9088","0.17950000000000002","19.098000000000003","2.9445","False","18.1782","18.078500000000002","18.1815","3.9064","21.8152","8","1","1","False","0"
"23464","2135585588784","1846315008623","1846315167795","16.1108","15.917200000000001","0.19360000000000002","16.3928","3.2256","False","18.1762","16.096700000000002","18.1782","5.987900000000001","21.9051","8","1","1","False","0"
"23464","2135585588784","1846315169731","1846315325688","15.787700000000001","15.5957","0.192","17.0929","4.5454","False","18.2074","15.7893","18.1762","8.3748","23.9705","8","1","1","False","0"
"23464","2135585588784","1846315327608","1846315528522","20.2734","20.0914","0.182","19.9662","4.2224","False","12.0981","20.2834","18.2074","6.2988","26.3902","8","1","1","False","0"
"23464","2135585588784","1846315530342","1846315688253","15.9896","15.7911","0.1985","13.9164","2.1513","False","18.186400000000003","15.9731","12.0981","2.4238","18.2149","8","1","1","False","0"
"23464","2135585588784","1846315690238","1846315861347","17.2513","17.1109","0.1404","18.0831","3.2920000000000003","False","18.1909","17.3094","18.186400000000003","3.3008","20.4117","8","1","1","False","0"
"23464","2135585588784","1846315862751","1846316019239","15.827700000000002","15.648800000000001","0.1789","16.023600000000002","3.1830000000000003","False","18.1887","15.789200000000001","18.1909","5.702500000000001","21.351300000000002","8","1","1","False","0"
"23464","2135585588784","1846316021028","1846316192168","17.302400000000002","17.114","0.1884","17.7695","3.6453","False","12.138","17.2929","18.1887","6.5983","23.712300000000003","8","1","1","False","0"
"23464","2135585588784","1846316194052","1846316302739","11.069700000000001","10.8687","0.201","9.514000000000001","2.091","False","6.0284","11.0571","12.138","7.679200000000001","18.547900000000002","8","1","1","False","0"
"23464","2135585588784","1846316304749","1846316410784","10.7728","10.6035","0.1693","10.848600000000001","2.1647000000000003","False","18.205000000000002","10.8045","6.0284","2.9031000000000002","13.5066","8","1","1","False","0"
"23464","2135585588784","1846316412477","1846316530853","12.0706","11.8376","0.233","13.4161","3.5689","False","6.0433","12.0069","18.205000000000002","9.1012","20.9388","8","1","1","False","0"
"23464","2135585588784","1846316533183","1846316652229","12.108600000000001","11.9046","0.20400000000000001","10.8077","2.2431","False","12.1204","12.1376","6.0433","3.0069000000000004","14.9115","8","1","1","False","0"
"23464","2135585588784","1846316654269","1846316770229","11.7773","11.596","0.18130000000000002","11.8078","2.2422","False","12.1426","11.8","12.1204","3.3273","14.923300000000001","8","1","1","False","0"
"23464","2135585588784","1846316772042","1846316872929","10.250700000000002","10.088700000000001","0.162","10.1913","2.1595","False","12.128300000000001","10.270000000000001","12.1426","5.1999","15.2886","8","1","1","False","0"
"23464","2135585588784","1846316874549","1846316994036","12.1333","11.9487","0.18460000000000001","12.0146","2.0574","False","12.115","12.110700000000001","12.128300000000001","5.2175","17.1662","8","1","1","False","0"
"23464","2135585588784","1846316995882","1846317111879","11.761700000000001","11.5997","0.162","11.9526","2.2467","False","12.1196","11.7843","12.115","5.5482000000000005","17.1479","8","1","1","False","0"
"23464","2135585588784","1846317113499","1846317248504","13.6698","13.5005","0.1693","13.374100000000002","1.9554","False","12.1036","13.662500000000001","12.1196","4.0053","17.5058","8","1","1","False","0"
"23464","2135585588784","1846317250197","1846317373821","12.4992","12.362400000000001","0.1368","12.1914","1.9276000000000002","False","12.1133","12.5317","12.1036","3.5772000000000004","15.9396","8","1","1","False","0"
"23464","2135585588784","1846317375189","1846317506773","13.3428","13.1584","0.1844","13.645000000000001","1.9656","False","18.2118","13.295200000000001","12.1133","2.3953","15.553700000000001","8","1","1","False","0"
"23464","2135585588784","1846317508617","1846317628293","12.165400000000002","11.967600000000001","0.1978","13.3941","3.1799","False","6.0280000000000005","12.152000000000001","18.2118","8.4551","20.422700000000003","8","1","1","False","0"
"23464","2135585588784","1846317630271","1846317750718","12.213600000000001","12.0447","0.1689","10.9884","1.953","False","18.224700000000002","12.2425","6.0280000000000005","2.2406","14.285300000000001","8","1","1","False","0"
"23464","2135585588784","1846317752407","1846317874962","12.445300000000001","12.255500000000001","0.1898","13.4601","2.9806000000000004","False","12.1155","12.4244","18.224700000000002","8.0409","20.296400000000002","8","1","1","False","0"
"23464","2135585588784","1846317876860","1846318011563","13.6416","13.4703","0.1713","12.846200000000001","2.1747","False","12.1295","13.6601","12.1155","6.496300000000001","19.9666","8","1","1","False","0"
"23464","2135585588784","1846318013276","1846318146389","13.48","13.311300000000001","0.16870000000000002","13.3298","2.0206","False","12.0973","13.482600000000001","12.1295","5.1432","18.4545","8","1","1","False","0"
"23464","2135585588784","1846318148076","1846318277569","13.1483","12.949300000000001","0.199","13.053700000000001","1.9375","False","12.1071","13.118","12.0973","4.1225000000000005","17.0718","8","1","1","False","0"
"23464","2135585588784","1846318279559","1846318404950","12.706000000000001","12.539100000000001","0.16690000000000002","13.0248","2.2454","False","18.198900000000002","12.738100000000001","12.1071","3.4915000000000003","16.0306","8","1","1","False","0"
"23464","2135585588784","1846318406619","1846318521074","11.6645","11.445500000000001","0.219","13.759699999999999","4.392","False","6.033","11.612400000000001","18.198900000000002","10.078000000000001","21.523500000000002","8","1","1","False","0"
"23464","2135585588784","1846318523264","1846318655748","13.4143","13.2484","0.16590000000000002","11.3116","2.2383","False","12.1303","13.467400000000001","6.033","2.6436","15.892000000000001","8","1","1","False","0"
"23464","2135585588784","1846318657407","1846318780736","12.4693","12.3329","0.1364","12.150500000000001","2.2311","False","12.1174","12.498800000000001","12.1303","2.2751","14.608","8","1","1","False","0"
"23464","2135585588784","1846318782100","1846318901665","12.1447","11.9565","0.1882","12.1433","1.921","False","18.2016","12.0929","12.1174","2.2996000000000003","14.2561","8","1","1","False","0"
"23464","2135585588784","1846318903547","1846319050816","14.9094","14.7269","0.1825","16.1021","3.1108000000000002","False","12.1449","14.9151","18.2016","5.5861","20.313000000000002","8","1","1","False","0"
"23464","2135585588784","1846319052641","1846319170788","11.9781","11.8147","0.16340000000000002","10.9882","2.1176","False","12.105","11.997200000000001","12.1449","5.7338000000000005","17.5485","8","1","1","False","0"
"23464","2135585588784","1846319172422","1846319296586","12.593900000000001","12.416400000000001","0.17750000000000002","12.523599999999998","2.0568","False","12.1216","12.5798","12.105","5.259","17.6754","8","1","1","False","0"
"23464","2135585588784","1846319298361","1846319417644","12.0968","11.9283","0.1685","12.045300000000001","1.9994","False","18.1903","12.1058","12.1216","5.2748","17.2031","8","1","1","False","0"
"23464","2135585588784","1846319419329","1846319567489","15.028500000000001","14.816","0.21250000000000002","15.319400000000002","2.3059000000000003","False","12.1258","14.9845","18.1903","8.4806","23.2966","8","1","1","False","0"
"23464","2135585588784","1846319569614","1846319697471","12.966000000000001","12.7857","0.18030000000000002","12.572600000000001","1.9042000000000001","False","12.1135","12.9982","12.1258","7.6082","20.393900000000002","8","1","1","False","0"
"23464","2135585588784","1846319699274","1846319821123","12.357000000000001","12.1849","0.1721","12.9399","2.4784","False","12.1309","12.3652","12.1135","7.3565000000000005","19.5414","8","1","1","False","0"
"23464","2135585588784","1846319822844","1846319939906","11.8756","11.7062","0.1694","11.277600000000001","1.8819000000000001","False","12.127600000000001","11.878300000000001","12.1309","7.609100000000001","19.3153","8","1","1","False","0"
"23464","2135585588784","1846319941600","1846320063009","12.323500000000001","12.1409","0.1826","12.4655","2.0228","False","12.108500000000001","12.3103","12.127600000000001","7.4264","19.5673","8","1","1","False","0"
"23464","2135585588784","1846320064835","1846320195432","13.3496","13.059700000000001","0.2899","13.3514","2.1458","False","12.1028","13.2423","12.108500000000001","6.2926","19.3523","8","1","1","False","0"
"23464","2135585588784","1846320198331","1846320326149","12.9541","12.7818","0.1723","13.843100000000003","2.9173","False","12.1037","13.0717","12.1028","5.3237000000000005","18.1055","8","1","1","False","0"
"23464","2135585588784","1846320327872","1846320463812","13.7703","13.594000000000001","0.1763","13.1187","2.2520000000000002","False","18.2207","13.766300000000001","12.1037","3.6611000000000002","17.255100000000002","8","1","1","False","0"
"23464","2135585588784","1846320465575","1846320604585","14.094","13.901","0.193","14.9604","3.1494","False","12.123000000000001","14.077300000000001","18.2207","7.8045","21.7055","8","1","1","False","0"
"23464","2135585588784","1846320606515","1846320750446","14.5478","14.3931","0.1547","13.1662","2.0881000000000003","False","12.099400000000001","14.5861","12.123000000000001","5.3414","19.7345","8","1","1","False","0"
"23464","2135585588784","1846320751993","1846320879751","12.9502","12.7758","0.1744","13.239600000000001","2.0391","False","12.1058","12.9305","12.099400000000001","4.5103","17.2861","8","1","1","False","0"
"23464","2135585588784","1846320881495","1846321017536","13.777800000000001","13.6041","0.17370000000000002","13.6857","1.9418000000000002","False","18.2036","13.778500000000001","12.1058","2.8376","16.4417","8","1","1","False","0"
"23464","2135585588784","1846321019273","1846321149312","13.1754","13.0039","0.1715","13.1582","1.9292","False","12.130500000000001","13.1776","18.2036","7.863600000000001","20.8675","8","1","1","False","0"
"23464","2135585588784","1846321151027","1846321272052","12.2964","12.102500000000001","0.19390000000000002","12.744299999999999","2.3905000000000003","False","12.1219","12.274000000000001","12.130500000000001","7.7201","19.8226","8","1","1","False","0"
"23464","2135585588784","1846321273991","1846321400956","12.8792","12.6965","0.1827","13.0258","2.5207","False","12.1141","12.890400000000001","12.1219","6.9516","19.6481","8","1","1","False","0"
"23464","2135585588784","1846321402783","1846321530585","12.9562","12.7802","0.17600000000000002","13.4292","2.9999000000000002","False","12.1292","12.962900000000001","12.1141","6.1028","18.883000000000003","8","1","1","False","0"
"23464","2135585588784","1846321532345","1846321666224","13.571","13.3879","0.1831","12.4497","1.8841","False","12.0835","13.5639","12.1292","4.6681","18.056","8","1","1","False","0"
"23464","2135585588784","1846321668055","1846321801805","13.542","13.375","0.167","13.8915","2.2233","False","30.3241","13.558100000000001","12.0835","3.1935000000000002","16.5685","8","1","1","False","0"
"23464","2135585588784","1846321803475","1846322079800","27.8367","27.6325","0.20420000000000002","28.7009","3.0975","False","12.1228","27.799500000000002","30.3241","5.718100000000001","33.3506","8","1","1","False","0"
"23464","2135585588784","1846322081842","1846322220263","14.017","13.8421","0.1749","12.9213","1.9953","False","12.1202","14.0463","12.1228","3.7946","17.6367","8","1","1","False","0"
"23464","2135585588784","1846322222012","1846322342216","12.179400000000001","12.0204","0.159","11.780700000000001","1.919","False","12.125","12.195300000000001","12.1202","3.7195","15.7399","8","1","1","False","0"
"23464","2135585588784","1846322343806","1846322469835","12.7788","12.6029","0.1759","13.389400000000002","2.2085","False","18.1977","12.7619","12.125","3.0826000000000002","15.685500000000001","8","1","1","False","0"
"23464","2135585588784","1846322471594","1846322602472","13.275300000000001","13.087800000000001","0.1875","13.068200000000001","1.9952","False","12.109300000000001","13.2637","18.1977","8.0166","21.104400000000002","8","1","1","False","0"
"23464","2135585588784","1846322604347","1846322732242","12.9821","12.7895","0.19260000000000002","13.7417","2.7683","False","12.1273","12.977","12.109300000000001","7.1489","19.9384","8","1","1","False","0"
"23464","2135585588784","1846322734168","1846322856999","12.465200000000001","12.283100000000001","0.1821","12.2425","2.5451","False","12.087","12.4757","12.1273","6.8005","19.0836","8","1","1","False","0"
"23464","2135585588784","1846322858820","1846322989702","13.2565","13.0882","0.1683","12.905100000000001","2.1812","False","24.2637","13.2703","12.087","5.6172","18.7054","8","1","1","False","0"
"23464","2135585588784","1846322991385","1846323233812","24.437600000000003","24.242700000000003","0.19490000000000002","25.506500000000003","3.2506","False","12.1228","24.411","24.2637","5.4699","29.712600000000002","8","1","1","False","0"
"23464","2135585588784","1846323235761","1846323359621","12.5561","12.386000000000001","0.1701","11.3396","2.0362","False","12.0998","12.5809","12.1228","5.0118","17.3978","8","1","1","False","0"
"23464","2135585588784","1846323361322","1846323505495","14.601400000000002","14.417300000000001","0.1841","14.4905","1.9231","False","18.218400000000003","14.5874","12.0998","2.5242","16.9415","8","1","1","False","0"
"23464","2135585588784","1846323507336","1846323630443","12.4779","12.3107","0.16720000000000002","12.773800000000001","2.218","False","12.1288","12.494800000000001","18.218400000000003","8.2478","20.558500000000002","8","1","1","False","0"
"23464","2135585588784","1846323632115","1846323770127","13.977400000000001","13.801200000000001","0.1762","13.956200000000003","2.1992000000000003","False","18.1452","13.9684","12.1288","6.4082","20.209400000000002","8","1","1","False","0"
"23464","2135585588784","1846323771889","1846323919432","14.9527","14.7543","0.19840000000000002","16.5795","3.8317","False","24.2547","14.9305","18.1452","9.622900000000001","24.377200000000002","8","1","1","False","0"
"23464","2135585588784","1846323921416","1846324170783","25.1368","24.936700000000002","0.2001","24.1839","3.2723","False","12.1196","25.1351","24.2547","8.7425","33.6792","8","1","1","False","0"
"23464","2135585588784","1846324172784","1846324305765","13.5136","13.2981","0.2155","15.3857","4.7879000000000005","False","12.099300000000001","13.4982","12.1196","7.3639","20.662000000000003","8","1","1","False","0"
"23464","2135585588784","1846324307920","1846324475990","16.9993","16.807000000000002","0.1923","14.2018","1.9517","False","18.2178","17.0225","12.099300000000001","2.4407","19.247700000000002","8","1","1","False","0"
"23464","2135585588784","1846324477913","1846324607970","13.218800000000002","13.005700000000001","0.2131","13.127600000000001","1.8940000000000001","False","12.102300000000001","13.198","18.2178","7.460500000000001","20.4662","8","1","1","False","0"
"23464","2135585588784","1846324610101","1846324749415","14.1262","13.9314","0.1948","14.3833","2.1258","False","12.1521","14.1445","12.102300000000001","5.4183","19.349700000000002","8","1","1","False","0"
"23464","2135585588784","1846324751363","1846324863222","11.365400000000001","11.1859","0.17950000000000002","11.308200000000001","2.0612","False","18.1518","11.380700000000001","12.1521","6.1897","17.375600000000002","8","1","1","False","0"
"23464","2135585588784","1846324865017","1846325065995","20.2785","20.0978","0.1807","20.1216","1.8948","False","18.173000000000002","20.2773","18.1518","4.0642000000000005","24.162000000000003","8","1","1","False","0"
"23464","2135585588784","1846325067802","1846325255594","18.9555","18.7792","0.1763","19.2425","2.1872000000000003","False","18.186","18.9599","18.173000000000002","3.2773000000000003","22.0565","8","1","1","False","0"
"23464","2135585588784","1846325257357","1846325428570","17.3323","17.1213","0.21100000000000002","17.0139","1.8993","False","12.1278","17.2976","18.186","4.1657","21.287000000000003","8","1","1","False","0"
"23464","2135585588784","1846325430680","1846325553990","12.543600000000001","12.331000000000001","0.2126","12.566600000000001","1.9292","False","18.19","12.542","12.1278","3.7515","16.0825","8","1","1","False","0"
"23464","2135585588784","1846325556116","1846325699262","14.578100000000001","14.3146","0.2635","14.6204","1.9636","False","12.1371","14.5272","18.19","7.414300000000001","21.7289","8","1","1","False","0"
"23464","2135585588784","1846325701897","1846325828849","12.8653","12.6952","0.1701","13.4039","2.4701","False","12.0738","12.9587","12.1371","6.592700000000001","19.2879","8","1","1","False","0"
"23464","2135585588784","1846325830550","1846325976357","14.7098","14.5807","0.1291","13.8262","1.8838000000000001","False","24.2648","14.7508","12.0738","3.9157","18.4964","8","1","1","False","0"
"23464","2135585588784","1846325977648","1846326199491","22.4483","22.1843","0.264","24.097700000000003","3.2766","False","12.124400000000001","22.3134","24.2648","5.867100000000001","28.0514","8","1","1","False","0"
"23464","2135585588784","1846326202131","1846326323748","12.377699999999999","12.1617","0.216","12.086300000000001","2.9503","False","12.125","12.4257","12.124400000000001","5.5658","17.7275","8","1","1","False","0"
"23464","2135585588784","1846326325908","1846326443915","12.017100000000001","11.8007","0.2164","11.270400000000002","2.2222","False","12.117700000000001","12.0167","12.125","5.6741","17.474800000000002","8","1","1","False","0"
"23464","2135585588784","1846326446079","1846326574558","13.0746","12.847900000000001","0.2267","12.7756","1.9389","False","12.120600000000001","13.064300000000001","12.117700000000001","4.7275","17.575400000000002","8","1","1","False","0"
"23464","2135585588784","1846326576825","1846326690241","11.5224","11.3416","0.18080000000000002","11.823","2.2018","False","12.0988","11.5683","12.120600000000001","5.2798","16.6214","8","1","1","False","0"
"23464","2135585588784","1846326692049","1846326822854","13.253200000000001","13.0805","0.17270000000000002","12.9265","1.877","False","36.377700000000004","13.2613","12.0988","4.1173","17.1978","8","1","1","False","0"
"23464","2135585588784","1846326824581","1846327160900","33.835","33.6319","0.2031","35.594500000000004","3.636","False","12.142900000000001","33.8046","36.377700000000004","6.6904","40.3223","8","1","1","False","0"
"23464","2135585588784","1846327162931","1846327284162","12.3274","12.1231","0.2043","10.8874","2.2138","False","12.142900000000001","12.3262","12.142900000000001","6.5071","18.630200000000002","8","1","1","False","0"
"23464","2135585588784","1846327286205","1846327419538","13.503700000000002","13.333300000000001","0.1704","13.3383","2.0285","False","24.210700000000003","13.537600000000001","12.142900000000001","5.1124","18.445700000000002","8","1","1","False","0"
"23464","2135585588784","1846327421242","1846327636997","21.759","21.5755","0.1835","22.2997","2.9631000000000003","False","12.1241","21.745900000000002","24.210700000000003","7.5772","29.152700000000003","8","1","1","False","0"
"23464","2135585588784","1846327638832","1846327775173","13.8913","13.6341","0.25720000000000004","13.2988","2.0115000000000003","False","18.1753","13.8176","12.1241","5.8837","19.5178","8","1","1","False","0"
"23464","2135585588784","1846327777745","1846327924874","15.0585","14.712900000000001","0.3456","16.075","3.0975","False","12.116200000000001","14.9701","18.1753","9.0889","23.8018","8","1","1","False","0"
"23464","2135585588784","1846327928330","1846328059787","13.381000000000002","13.145700000000001","0.2353","12.137400000000001","1.8044","False","12.141","13.4913","12.116200000000001","7.7138","20.8595","8","1","1","False","0"
"23464","2135585588784","1846328062140","1846328182223","12.2162","12.0083","0.2079","12.3221","1.8846","False","12.1022","12.2436","12.141","7.6112","19.619500000000002","8","1","1","False","0"
"23464","2135585588784","1846328184302","1846328337912","15.5952","15.361","0.23420000000000002","15.6127","1.9165","False","12.1074","15.568900000000001","12.1022","4.1445","19.5055","8","1","1","False","0"
"23464","2135585588784","1846328340254","1846328468277","12.981","12.8023","0.1787","13.372100000000001","2.2612","False","18.1868","13.0365","12.1074","3.2154000000000003","16.0177","8","1","1","False","0"
"23464","2135585588784","1846328470064","1846328636796","16.947000000000003","16.6732","0.2738","16.5337","1.9136000000000002","False","12.1372","16.8519","18.1868","4.5503","21.2235","8","1","1","False","0"
"23464","2135585588784","1846328639534","1846328751759","11.388","11.2225","0.1655","11.651600000000002","2.1079","False","18.1853","11.4963","12.1372","5.1912","16.413700000000002","8","1","1","False","0"
"23464","2135585588784","1846328753414","1846328916612","16.5529","16.3198","0.2331","16.956400000000002","2.5544000000000002","False","12.1167","16.485300000000002","18.1853","6.8912","23.211000000000002","8","1","1","False","0"
"23464","2135585588784","1846328918943","1846329038851","12.3974","11.9908","0.4066","11.907699999999998","2.2336","False","12.1227","12.2239","12.1167","6.784000000000001","18.774800000000003","8","1","1","False","0"
"23464","2135585588784","1846329042917","1846329170367","12.952300000000001","12.745000000000001","0.2073","13.0835","2.1773000000000002","False","12.1431","13.1516","12.1227","5.7551000000000005","18.5001","8","1","1","False","0"
"23464","2135585588784","1846329172440","1846329289027","11.803200000000002","11.658700000000001","0.14450000000000002","11.530100000000001","2.2224","False","12.101600000000001","11.866000000000001","12.1431","6.0322000000000005","17.6909","8","1","1","False","0"
"23464","2135585588784","1846329290472","1846329417932","12.932400000000001","12.746","0.1864","13.1472","2.1087000000000002","False","12.1236","12.890500000000001","12.101600000000001","5.2433000000000005","17.9893","8","1","1","False","0"
"23464","2135585588784","1846329419796","1846329545425","12.7301","12.5629","0.16720000000000002","12.5541","1.9235","False","12.096300000000001","12.7493","12.1236","4.6176","17.180500000000002","8","1","1","False","0"
"23464","2135585588784","1846329547097","1846329680692","13.6844","13.3595","0.3249","13.7268","2.0877","False","12.122","13.5267","12.096300000000001","3.1872000000000003","16.5467","8","1","1","False","0"
"23464","2135585588784","1846329683941","1846329803863","12.2437","11.9922","0.2515","12.552800000000001","2.318","False","18.1967","12.3171","12.122","2.9921","14.984300000000001","8","1","1","False","0"
"23464","2135585588784","1846329806378","1846329920794","11.6088","11.441600000000001","0.16720000000000002","12.8955","3.5626","False","12.1248","11.693100000000001","18.1967","9.495700000000001","20.9373","8","1","1","False","0"
"23464","2135585588784","1846329922466","1846330056341","13.6301","13.387500000000001","0.2426","12.001900000000001","1.9806000000000001","False","6.0496","13.5547","12.1248","8.065800000000001","21.453300000000002","8","1","1","False","0"
"23464","2135585588784","1846330058767","1846330170965","11.4274","11.219800000000001","0.2076","11.6577","2.1874000000000002","False","12.1118","11.4624","6.0496","2.653","13.8728","8","1","1","False","0"
"23464","2135585588784","1846330173041","1846330293054","12.261000000000001","12.0013","0.2597","12.0127","1.9571","False","18.1996","12.2089","12.1118","2.5559000000000003","14.5572","8","1","1","False","0"
"23464","2135585588784","1846330295651","1846330446759","15.276900000000001","15.110800000000001","0.1661","15.507700000000002","2.1449000000000003","False","12.1332","15.370500000000002","18.1996","5.385000000000001","20.495800000000003","8","1","1","False","0"
"23464","2135585588784","1846330448420","1846330572453","12.5734","12.4033","0.1701","12.390799999999999","1.9638","False","18.1457","12.5694","12.1332","4.9488","17.3521","8","1","1","False","0"
"23464","2135585588784","1846330574154","1846330708448","13.5936","13.429400000000001","0.1642","16.5187","4.8872","False","18.197","13.5995","18.1457","9.495000000000001","22.924400000000002","8","1","1","False","0"
"23464","2135585588784","1846330710090","1846330948767","24.068300000000004","23.867700000000003","0.2006","22.0526","2.8783000000000003","False","12.108500000000001","24.0319","18.197","3.6601000000000004","27.527800000000003","8","1","1","False","0"
"23464","2135585588784","1846330950773","1846331085124","13.5806","13.4351","0.14550000000000002","12.3953","2.0104","False","18.1999","13.6357","12.108500000000001","2.1329000000000002","15.568000000000001","8","1","1","False","0"
"23464","2135585588784","1846331086579","1846331210820","12.700800000000001","12.424100000000001","0.2767","12.9222","1.9684000000000001","False","12.129800000000001","12.569600000000001","18.1999","7.7632","20.1873","8","1","1","False","0"
"23464","2135585588784","1846331213587","1846331326635","11.534600000000001","11.3048","0.2298","12.2292","2.6257","False","12.1173","11.5815","12.129800000000001","8.3115","19.616300000000003","8","1","1","False","0"
"23464","2135585588784","1846331328933","1846331448954","12.1675","12.0021","0.16540000000000002","11.612200000000001","2.0469","False","12.125200000000001","12.231900000000001","12.1173","8.196900000000001","20.199","8","1","1","False","0"
"23464","2135585588784","1846331450608","1846331575718","12.759","12.511000000000001","0.248","13.0142","2.3393","False","12.112200000000001","12.676400000000001","12.125200000000001","7.645700000000001","20.1567","8","1","1","False","0"
"23464","2135585588784","1846331578198","1846331699346","12.3672","12.1148","0.2524","12.130600000000001","2.1204","False","12.1264","12.3628","12.112200000000001","7.3951","19.509900000000002","8","1","1","False","0"
"23464","2135585588784","1846331701870","1846331817794","11.822600000000001","11.592400000000001","0.23020000000000002","12.0389","2.3146","False","12.1212","11.844800000000001","12.1264","7.6767","19.2691","8","1","1","False","0"
"23464","2135585588784","1846331820096","1846331937080","11.9274","11.698400000000001","0.229","11.4875","1.8788","False","12.1218","11.928600000000001","12.1212","7.8693","19.567700000000002","8","1","1","False","0"
"23464","2135585588784","1846331939370","1846332059602","12.3406","12.023200000000001","0.3174","12.775500000000001","2.3558","False","12.124400000000001","12.2522","12.1218","7.7389","19.7621","8","1","1","False","0"
"23464","2135585588784","1846332062776","1846332177142","11.707","11.4366","0.27040000000000003","11.3452","1.9722000000000002","False","12.097700000000001","11.754000000000001","12.124400000000001","8.109300000000001","19.5459","8","1","1","False","0"
"23464","2135585588784","1846332179846","1846332301346","12.3137","12.15","0.1637","15.3474","4.949800000000001","False","24.253600000000002","12.4204","12.097700000000001","7.7866","19.936600000000002","8","1","1","False","0"
"23464","2135585588784","1846332302983","1846332530479","22.9541","22.7496","0.20450000000000002","22.0902","4.5822","False","6.041","22.9133","24.253600000000002","9.126900000000001","31.8765","8","1","1","False","0"
"23464","2135585588784","1846332532524","1846332655683","12.486","12.315900000000001","0.1701","10.610300000000002","2.21","False","18.2152","12.5204","6.041","2.6475","14.9634","8","1","1","False","0"
"23464","2135585588784","1846332657384","1846332779344","12.3993","12.196","0.2033","12.500900000000001","2.3116000000000003","False","12.107700000000001","12.366100000000001","18.2152","8.4966","20.692600000000002","8","1","1","False","0"
"23464","2135585588784","1846332781377","1846332931007","15.1933","14.963000000000001","0.2303","15.268","2.4127","False","12.1257","15.166300000000001","12.107700000000001","5.438000000000001","20.401","8","1","1","False","0"
"23464","2135585588784","1846332933310","1846333046829","11.554300000000001","11.3519","0.2024","11.2513","2.1173","False","12.1377","11.5822","12.1257","5.9815000000000005","17.3334","8","1","1","False","0"
"23464","2135585588784","1846333048853","1846333171328","12.432500000000001","12.2475","0.185","12.5098","2.1625","False","18.1644","12.449900000000001","12.1377","5.669300000000001","17.916800000000002","8","1","1","False","0"
"23464","2135585588784","1846333173178","1846333312460","14.220600000000001","13.9282","0.2924","15.892100000000003","3.9279","False","6.0436000000000005","14.1132","18.1644","9.720500000000001","23.6487","8","1","1","False","0"
"23464","2135585588784","1846333315384","1846333441997","12.861","12.6613","0.19970000000000002","10.895800000000001","1.8780000000000001","False","18.1969","12.953700000000001","6.0436000000000005","2.8104","15.4717","8","1","1","False","0"
"23464","2135585588784","1846333443994","1846333577855","13.628400000000001","13.3861","0.24230000000000002","13.788300000000001","2.0604","False","12.1327","13.5858","18.1969","7.4215","20.8076","8","1","1","False","0"
"23464","2135585588784","1846333580278","1846333694002","11.5366","11.3724","0.1642","11.3887","1.8776000000000002","False","12.1277","11.614700000000001","12.1327","7.939500000000001","19.3119","8","1","1","False","0"
"23464","2135585588784","1846333695644","1846333836245","14.2314","14.0601","0.1713","14.454699999999999","2.1056","False","12.0846","14.224300000000001","12.1277","5.8429","19.903000000000002","8","1","1","False","0"
"23464","2135585588784","1846333837958","1846333992695","15.698500000000001","15.473700000000001","0.2248","15.5524","1.9765000000000001","False","12.1289","15.645000000000001","12.0846","2.2825","17.7562","8","1","1","False","0"
"23464","2135585588784","1846333994943","1846334107074","11.424800000000001","11.2131","0.2117","11.439","2.0137","False","12.1241","11.4379","12.1289","2.9735","14.1866","8","1","1","False","0"
"23464","2135585588784","1846334109191","1846334239490","13.188300000000002","13.029900000000001","0.1584","12.6173","1.7198","False","18.196","13.2416","12.1241","1.856","14.885900000000001","8","1","1","False","0"
"23464","2135585588784","1846334241074","1846334370585","13.2146","12.9511","0.2635","14.1788","2.4151000000000002","False","12.1178","13.1095","18.196","6.9425","19.8936","8","1","1","False","0"
"23464","2135585588784","1846334373220","1846334490505","11.923300000000001","11.7285","0.1948","11.794700000000002","2.2571000000000003","False","12.1243","11.992","12.1178","7.068300000000001","18.7968","8","1","1","False","0"
"23464","2135585588784","1846334492453","1846334606038","11.5515","11.358500000000001","0.193","11.7591","2.4471000000000003","False","12.119800000000001","11.5533","12.1243","7.6393","18.9978","8","1","1","False","0"
"23464","2135585588784","1846334607968","1846334721532","11.6128","11.3564","0.2564","12.629800000000001","3.5281000000000002","False","6.034800000000001","11.5494","12.119800000000001","8.2097","19.566100000000002","8","1","1","False","0"
"23464","2135585588784","1846334724096","1846334834590","11.4443","11.0494","0.39490000000000003","9.9115","2.1504000000000003","False","18.2205","11.305800000000001","6.034800000000001","2.9387000000000003","13.988100000000001","8","1","1","False","0"
"23464","2135585588784","1846334838539","1846334968096","13.3797","12.9557","0.42400000000000004","13.4464","2.2445","False","12.1167","13.3506","18.2205","7.8086","20.764300000000002","8","1","1","False","0"
"23464","2135585588784","1846334972336","1846335110860","14.112000000000002","13.852400000000001","0.2596","14.1881","2.142","False","12.118300000000001","14.2764","12.1167","5.6489","19.5013","8","1","1","False","0"
"23464","2135585588784","1846335113456","1846335234119","12.294","12.0663","0.2277","12.362400000000001","2.1762","False","12.0969","12.3259","12.118300000000001","5.4413","17.5076","8","1","1","False","0"
"23464","2135585588784","1846335236396","1846335374364","14.192800000000002","13.796800000000001","0.396","14.078199999999999","2.2533000000000003","False","18.215500000000002","14.024500000000002","12.0969","3.5137","17.3105","8","1","1","False","0"
"23464","2135585588784","1846335378324","1846335512840","13.667900000000001","13.451600000000001","0.21630000000000002","16.2437","4.6439","False","12.116900000000001","13.8476","18.215500000000002","7.881600000000001","21.3332","8","1","1","False","0"
"23464","2135585588784","1846335515003","1846335662838","14.9928","14.7835","0.2093","12.3712","2.0204","False","12.096300000000001","14.9998","12.116900000000001","4.9987","19.7822","8","1","1","False","0"
"23464","2135585588784","1846335664931","1846335807461","14.4421","14.253","0.18910000000000002","14.345400000000001","2.2461","False","18.1722","14.4623","12.096300000000001","2.6327000000000003","16.8857","8","1","1","False","0"
"23464","2135585588784","1846335809352","1846335947932","14.089400000000001","13.858","0.23140000000000002","14.423300000000001","2.2583","False","24.2739","14.0471","18.1722","6.7578000000000005","20.6158","8","1","1","False","0"
"23464","2135585588784","1846335950246","1846336185983","23.965500000000002","23.573700000000002","0.39180000000000004","25.203300000000002","3.6679000000000004","False","12.0937","23.8051","24.2739","7.2266","30.8003","8","1","1","False","0"
"23464","2135585588784","1846336189901","1846336328741","14.0863","13.884","0.2023","13.6477","3.0128","False","12.135100000000001","14.2758","12.0937","5.0445","18.9285","8","1","1","False","0"
"23464","2135585588784","1846336330764","1846336456893","12.8443","12.6129","0.23140000000000002","11.6731","1.8847","False","12.1087","12.8152","12.135100000000001","4.3644","16.9773","8","1","1","False","0"
"23464","2135585588784","1846336459207","1846336588986","13.434","12.9779","0.4561","13.473700000000001","2.1653000000000002","False","18.2046","13.2093","12.1087","3.2638000000000003","16.2417","8","1","1","False","0"
"23464","2135585588784","1846336593547","1846336724302","13.3056","13.0755","0.2301","14.5744","3.2078","False","12.127600000000001","13.531600000000001","18.2046","7.936800000000001","21.0123","8","1","1","False","0"
"23464","2135585588784","1846336726603","1846336869289","14.4761","14.268600000000001","0.20750000000000002","13.4414","2.1514","False","12.1019","14.498700000000001","12.127600000000001","5.5657000000000005","19.834300000000002","8","1","1","False","0"
"23464","2135585588784","1846336871364","1846337008115","13.9002","13.6751","0.22510000000000002","13.686400000000003","1.9569","False","18.171200000000002","13.8826","12.1019","3.785","17.4601","8","1","1","False","0"
"23464","2135585588784","1846337010366","1846337160687","15.270400000000002","15.032100000000002","0.2383","15.839500000000001","2.5137","False","24.2478","15.257200000000001","18.171200000000002","6.699000000000001","21.7311","8","1","1","False","0"
"23464","2135585588784","1846337163070","1846337427074","26.6157","26.4004","0.21530000000000002","27.104400000000002","2.9997000000000003","False","12.1113","26.6387","24.2478","4.3081000000000005","30.7085","8","1","1","False","0"
"23464","2135585588784","1846337429227","1846337573085","14.555500000000002","14.385800000000001","0.16970000000000002","13.214300000000001","2.2244","False","18.2026","14.6011","12.1113","1.8183","16.2041","8","1","1","False","0"
"23464","2135585588784","1846337574782","1846337716324","14.447400000000002","14.154200000000001","0.2932","16.0872","3.3263000000000003","False","12.124600000000001","14.3239","18.2026","5.697","19.851200000000002","8","1","1","False","0"
"23464","2135585588784","1846337719256","1846337836870","11.9784","11.7614","0.217","10.850999999999999","2.1802","False","12.1136","12.0546","12.124600000000001","5.767","17.5284","8","1","1","False","0"
"23464","2135585588784","1846337839040","1846337977784","14.092300000000002","13.874400000000001","0.2179","13.8831","1.9692","False","12.1144","14.0914","12.1136","3.7892","17.663600000000002","8","1","1","False","0"
"23464","2135585588784","1846337979963","1846338109810","13.289200000000001","12.9847","0.3045","13.150400000000001","1.9125","False","18.1894","13.2026","12.1144","2.701","15.6857","8","1","1","False","0"
"23464","2135585588784","1846338112855","1846338245022","13.666100000000002","13.216700000000001","0.4494","14.2163","2.5692","False","12.1386","13.5212","18.1894","7.3692","20.585900000000002","8","1","1","False","0"
"23464","2135585588784","1846338249516","1846338367089","11.985000000000001","11.7573","0.2277","12.0647","2.4525","False","12.1157","12.206700000000001","12.1386","7.3011","19.058400000000002","8","1","1","False","0"
"23464","2135585588784","1846338369366","1846338508388","14.120600000000001","13.9022","0.2184","13.791999999999998","2.133","False","12.1156","14.129900000000001","12.1157","5.2869","19.1891","8","1","1","False","0"
"23464","2135585588784","1846338510572","1846338635802","12.736200000000002","12.523000000000001","0.2132","12.5372","1.9260000000000002","False","12.1074","12.7414","12.1156","4.6611","17.1841","8","1","1","False","0"
"23464","2135585588784","1846338637934","1846338774864","14.0889","13.693000000000001","0.39590000000000003","14.142100000000001","2.1647000000000003","False","18.191300000000002","13.9062","12.1074","2.8623000000000003","16.555300000000003","8","1","1","False","0"
"23464","2135585588784","1846338778823","1846338928031","15.1791","14.9208","0.25830000000000003","15.7118","2.5507","False","12.1811","15.3167","18.191300000000002","5.7369","20.657700000000002","8","1","1","False","0"
"23464","2135585588784","1846338930614","1846339054273","12.5706","12.3659","0.20470000000000002","11.8134","2.1289000000000002","False","30.2424","12.6242","12.1811","5.2938","17.6597","8","1","1","False","0"
"23464","2135585588784","1846339056320","1846339329132","27.5131","27.281200000000002","0.23190000000000002","28.9436","3.1999","False","12.145100000000001","27.4859","30.2424","8.0503","35.3315","8","1","1","False","0"
"23464","2135585588784","1846339331451","1846339472305","14.286","14.0854","0.2006","13.197100000000002","2.0895","False","12.079600000000001","14.317300000000001","12.145100000000001","5.8781","19.9635","8","1","1","False","0"
"23464","2135585588784","1846339474311","1846339608157","13.617500000000001","13.3846","0.23290000000000002","13.4238","1.9006","False","24.2767","13.5852","12.079600000000001","4.3725000000000005","17.7571","8","1","1","False","0"
"23464","2135585588784","1846339610486","1846339801410","19.2972","19.0924","0.2048","20.7937","3.3729","False","12.104800000000001","19.325300000000002","24.2767","9.3239","28.4163","8","1","1","False","0"
"23464","2135585588784","1846339803458","1846339928515","12.7118","12.505700000000001","0.2061","11.9975","2.6678","False","12.130600000000001","12.710500000000001","12.104800000000001","8.718200000000001","21.2239","8","1","1","False","0"
"23464","2135585588784","1846339930576","1846340055466","12.762300000000002","12.489","0.2733","12.298","2.2552000000000003","False","6.04","12.6951","12.130600000000001","8.1537","20.6427","8","1","1","False","0"
"23464","2135585588784","1846340058199","1846340171092","11.491700000000002","11.2893","0.2024","11.2013","1.9281000000000001","False","18.201","11.5626","6.04","2.6311","13.9204","8","1","1","False","0"
"23464","2135585588784","1846340173116","1846340332152","16.099600000000002","15.9036","0.196","16.1335","1.9295","False","12.151100000000001","16.106","18.201","4.726100000000001","20.6297","8","1","1","False","0"
"23464","2135585588784","1846340334112","1846340465681","13.367","13.1569","0.2101","13.6713","2.2684","False","30.2663","13.3529","12.151100000000001","3.5243","16.6812","8","1","1","False","0"
"23464","2135585588784","1846340467782","1846340711822","24.5751","24.404","0.1711","27.9632","5.6165","False","12.1251","24.6141","30.2663","9.1765","33.5805","8","1","1","False","0"
"23464","2135585588784","1846340713533","1846340856464","14.4418","14.2931","0.1487","11.055","2.5458000000000003","False","12.1231","14.4642","12.1251","6.837400000000001","21.1305","8","1","1","False","0"
"23464","2135585588784","1846340857951","1846340994609","13.835500000000001","13.6658","0.16970000000000002","13.678500000000001","2.0794","False","12.099400000000001","13.8145","12.1231","5.146","18.8118","8","1","1","False","0"
"23464","2135585588784","1846340996306","1846341131620","13.703300000000002","13.531400000000001","0.1719","13.840900000000001","2.2138","False","18.205000000000002","13.7011","12.099400000000001","3.5443000000000002","17.0757","8","1","1","False","0"
"23464","2135585588784","1846341133339","1846341272018","14.0403","13.8679","0.1724","13.714400000000001","1.8836000000000002","False","12.117600000000001","14.039800000000001","18.205000000000002","7.7095","21.5774","8","1","1","False","0"
"23464","2135585588784","1846341273742","1846341399697","12.782900000000001","12.595500000000001","0.1874","13.427800000000001","2.5389","False","12.139000000000001","12.767900000000001","12.117600000000001","7.059200000000001","19.654700000000002","8","1","1","False","0"
"23464","2135585588784","1846341401571","1846341530102","13.035000000000002","12.853100000000001","0.1819","13.2154","2.7049000000000003","False","12.1058","13.0405","12.139000000000001","6.1577","19.0108","8","1","1","False","0"
"23464","2135585588784","1846341531921","1846341662717","13.2529","13.079600000000001","0.1733","12.533000000000001","1.9897","False","12.0966","13.2615","12.1058","5.002000000000001","18.0816","8","1","1","False","0"
"23464","2135585588784","1846341664450","1846341802862","14.020000000000001","13.8412","0.17880000000000001","14.2765","2.2508","False","18.2253","14.0145","12.0966","3.0841000000000003","16.9253","8","1","1","False","0"
"23464","2135585588784","1846341804650","1846341936602","13.381","13.1952","0.18580000000000002","12.971","1.8407","False","12.1034","13.374","18.2253","7.9354000000000005","21.1306","8","1","1","False","0"
"23464","2135585588784","1846341938460","1846342081091","14.439200000000001","14.263100000000001","0.1761","14.6705","2.0638","False","12.087800000000001","14.4489","12.1034","5.5899","19.853","8","1","1","False","0"
"23464","2135585588784","1846342082852","1846342227213","14.6109","14.436100000000001","0.1748","14.678700000000001","2.1409000000000002","False","24.248","14.612200000000001","12.087800000000001","3.0655","17.5016","8","1","1","False","0"
"23464","2135585588784","1846342228961","1846342465174","23.823900000000002","23.6213","0.2026","24.9598","3.2975000000000003","False","18.2151","23.796100000000003","24.248","3.5174000000000003","27.1387","8","1","1","False","0"
"23464","2135585588784","1846342467200","1846342609814","14.4024","14.2614","0.14100000000000001","13.2379","2.4073","False","12.1073","14.464","18.2151","7.2685","21.5299","8","1","1","False","0"
"23464","2135585588784","1846342611224","1846342742913","13.369000000000002","13.1689","0.2001","13.4715","2.2162","False","12.126000000000001","13.3099","12.1073","6.0659","19.2348","8","1","1","False","0"
"23464","2135585588784","1846342744914","1846342867060","12.388000000000002","12.2146","0.1734","12.3248","2.1506000000000003","False","12.1203","12.4147","12.126000000000001","5.777200000000001","17.9918","8","1","1","False","0"
"23464","2135585588784","1846342868794","1846343003675","13.672300000000002","13.488100000000001","0.1842","13.421700000000001","1.9025","False","12.1005","13.6615","12.1203","4.236","17.7241","8","1","1","False","0"
"23464","2135585588784","1846343005517","1846343142531","13.882800000000001","13.701400000000001","0.1814","13.978200000000001","1.9932","False","18.212500000000002","13.8856","12.1005","2.4509000000000003","16.1523","8","1","1","False","0"
"23464","2135585588784","1846343144345","1846343284606","14.199800000000002","14.026100000000001","0.17370000000000002","14.4283","2.2201","False","12.1022","14.207500000000001","18.212500000000002","6.455900000000001","20.482","8","1","1","False","0"
"23464","2135585588784","1846343286343","1846343429779","14.537600000000001","14.3436","0.194","14.202","1.8900000000000001","False","12.104600000000001","14.5173","12.1022","4.0408","18.3844","8","1","1","False","0"
"23464","2135585588784","1846343431719","1846343566308","13.628","13.4589","0.1691","13.956000000000001","2.2151","False","18.1977","13.6529","12.104600000000001","2.4925","15.951400000000001","8","1","1","False","0"
"23464","2135585588784","1846343567999","1846343724243","15.870400000000002","15.624400000000001","0.24600000000000002","15.968300000000001","2.359","False","12.121","15.7935","18.1977","4.8967","20.5211","8","1","1","False","0"
"23464","2135585588784","1846343726703","1846343850398","12.5816","12.3695","0.2121","12.1241","1.8789","False","12.123800000000001","12.6155","12.121","4.402200000000001","16.7717","8","1","1","False","0"
"23464","2135585588784","1846343852519","1846343979790","12.8862","12.7271","0.15910000000000002","12.5428","1.8801","False","12.1037","12.939200000000001","12.123800000000001","3.5868","16.3139","8","1","1","False","0"
"23464","2135585588784","1846343981381","1846344105165","12.5472","12.378400000000001","0.1688","12.947700000000001","1.9081000000000001","False","18.206300000000002","12.537500000000001","12.1037","3.153","15.531400000000001","8","1","1","False","0"
"23464","2135585588784","1846344106853","1846344248801","14.4137","14.1948","0.2189","15.044","2.5602","False","12.115400000000001","14.3636","18.206300000000002","6.9957","21.1905","8","1","1","False","0"
"23464","2135585588784","1846344250990","1846344369636","12.066300000000002","11.864600000000001","0.20170000000000002","12.0988","2.5931","False","12.138","12.0835","12.115400000000001","7.0276000000000005","18.892200000000003","8","1","1","False","0"
"23464","2135585588784","1846344371653","1846344490903","12.096200000000001","11.925","0.17120000000000002","11.72","2.1965","False","12.1114","12.126700000000001","12.138","7.0389","18.963900000000002","8","1","1","False","0"
"23464","2135585588784","1846344492615","1846344637478","14.6848","14.4863","0.1985","14.382000000000001","1.9023","False","12.1197","14.6575","12.1114","4.4928","18.979100000000003","8","1","1","False","0"
"23464","2135585588784","1846344639463","1846344756416","11.884000000000002","11.695300000000001","0.1887","11.825199999999999","1.854","False","12.0968","11.8938","12.1197","4.7187","16.414","8","1","1","False","0"
"23464","2135585588784","1846344758303","1846344896412","13.9831","13.8109","0.17220000000000002","14.0724","1.911","False","18.203300000000002","13.999600000000001","12.0968","2.8159","16.6268","8","1","1","False","0"
"23464","2135585588784","1846344898134","1846345047366","15.106700000000002","14.923200000000001","0.1835","16.3534","3.1793","False","12.127500000000001","15.095400000000001","18.203300000000002","5.9238","20.847","8","1","1","False","0"
"23464","2135585588784","1846345049201","1846345173498","12.6172","12.4297","0.1875","11.5227","2.0799000000000003","False","18.1797","12.6132","12.127500000000001","5.4381","17.867800000000003","8","1","1","False","0"
"23464","2135585588784","1846345175373","1846345304126","13.060900000000002","12.875300000000001","0.18560000000000001","15.5732","4.5881","False","6.0429","13.062800000000001","18.1797","10.555","23.430300000000003","8","1","1","False","0"
"23464","2135585588784","1846345305982","1846345442088","13.777099999999999","13.6106","0.1665","11.0791","1.8904","False","18.1984","13.7962","6.0429","2.8017000000000003","16.412300000000002","8","1","1","False","0"
"23464","2135585588784","1846345443753","1846345582825","14.074200000000001","13.907200000000001","0.167","14.797400000000003","2.6138000000000003","False","12.1319","14.0737","18.1984","6.9264","20.8336","8","1","1","False","0"
"23464","2135585588784","1846345584495","1846345720731","13.8015","13.623600000000001","0.1779","12.8597","2.1454","False","12.1194","13.790600000000001","12.1319","5.2677000000000005","18.8913","8","1","1","False","0"
"23464","2135585588784","1846345722510","1846345826556","10.6122","10.4046","0.2076","11.434600000000001","2.5083","False","12.1281","10.582500000000001","12.1194","6.804600000000001","17.2092","8","1","1","False","0"
"23464","2135585588784","1846345828632","1846345956035","12.926700000000002","12.740300000000001","0.1864","12.6218","2.1956","False","12.1011","12.9479","12.1281","5.9848","18.7251","8","1","1","False","0"
"23464","2135585588784","1846345957899","1846346087131","13.0919","12.923200000000001","0.16870000000000002","12.9848","2.0819","False","12.1219","13.1096","12.1011","4.9763","17.8995","8","1","1","False","0"
"23464","2135585588784","1846346088818","1846346208062","12.0936","11.9244","0.16920000000000002","12.017700000000001","2.0053","False","12.1018","12.0931","12.1219","5.0051000000000005","16.9295","8","1","1","False","0"
"23464","2135585588784","1846346209754","1846346322911","11.488900000000001","11.315700000000001","0.17320000000000002","12.025400000000001","2.5388","False","12.1364","11.4849","12.1018","5.622","16.9377","8","1","1","False","0"
"23464","2135585588784","1846346324643","1846346451023","12.8137","12.638","0.1757","12.2734","2.0022","False","12.1167","12.811200000000001","12.1364","4.9472000000000005","17.5852","8","1","1","False","0"
"23464","2135585588784","1846346452780","1846346568740","11.776","11.596","0.18000000000000002","11.8557","2.0809","False","12.1157","11.771700000000001","12.1167","5.2922","16.8882","8","1","1","False","0"
"23464","2135585588784","1846346570540","1846346698427","12.957600000000001","12.7887","0.1689","12.7834","1.9078000000000002","False","12.1075","12.9687","12.1157","4.4392000000000005","17.2279","8","1","1","False","0"
"23464","2135585588784","1846346700116","1846346826670","12.8369","12.6554","0.18150000000000002","12.8351","1.9186","False","18.218400000000003","12.824300000000001","12.1075","3.7224000000000004","16.3778","8","1","1","False","0"
"23464","2135585588784","1846346828485","1846346959582","13.2449","13.1097","0.13520000000000001","14.0702","3.2843","False","6.0435","13.2912","18.218400000000003","8.649600000000001","21.7593","8","1","1","False","0"
"23464","2135585588784","1846346960934","1846347078384","11.925","11.745000000000001","0.18000000000000002","11.0937","1.9084","False","12.125900000000001","11.8802","6.0435","2.8129","14.5579","8","1","1","False","0"
"23464","2135585588784","1846347080184","1846347180321","10.2242","10.0137","0.21050000000000002","10.2131","1.9135000000000002","False","12.1348","10.1937","12.125900000000001","4.7451","14.7588","8","1","1","False","0"
"23464","2135585588784","1846347182426","1846347286015","10.6578","10.3589","0.2989","10.9715","2.3186","False","12.1148","10.5694","12.1348","6.3105","16.6694","8","1","1","False","0"
"23464","2135585588784","1846347289004","1846347398311","11.116","10.9307","0.18530000000000002","11.5471","2.6358","False","6.0528","11.229600000000001","12.1148","7.1957","18.1264","8","1","1","False","0"
"23464","2135585588784","1846347400164","1846347499811","10.129900000000001","9.9647","0.1652","9.483","1.9843000000000002","False","12.124400000000001","10.15","6.0528","3.0985","13.0632","8","1","1","False","0"
"23464","2135585588784","1846347501463","1846347607712","10.7847","10.6249","0.1598","10.6676","1.8662","False","12.1204","10.7901","12.124400000000001","4.4328","15.0577","8","1","1","False","0"
"23464","2135585588784","1846347609310","1846347717404","11.0446","10.8094","0.23520000000000002","12.0652","2.9388","False","12.1384","10.9692","12.1204","5.5840000000000005","16.3934","8","1","1","False","0"
"23464","2135585588784","1846347719756","1846347822500","10.4461","10.2744","0.17170000000000002","10.1117","2.5623","False","6.0105","10.5096","12.1384","7.2128000000000005","17.4872","8","1","1","False","0"
"23464","2135585588784","1846347824217","1846347928261","10.584100000000001","10.4044","0.1797","10.4031","2.3834","False","18.2265","10.5761","6.0105","2.6472","13.0516","8","1","1","False","0"
"23464","2135585588784","1846347930058","1846348059145","13.113400000000002","12.908700000000001","0.20470000000000002","13.7439","3.0365","False","6.0398000000000005","13.0884","18.2265","7.7853","20.694000000000003","8","1","1","False","0"
"23464","2135585588784","1846348061192","1846348166322","10.6468","10.513","0.1338","9.4192","2.0817","False","12.1356","10.7177","6.0398000000000005","3.1074","13.6204","8","1","1","False","0"
"23464","2135585588784","1846348167660","1846348257644","9.167","8.9984","0.1686","9.5679","2.1835","False","12.1236","9.132200000000001","12.1356","6.1108","15.109200000000001","8","1","1","False","0"
"23464","2135585588784","1846348259330","1846348369894","11.2603","11.0564","0.2039","11.693100000000001","2.6149","False","6.0441","11.225000000000001","12.1236","7.0094","18.0658","8","1","1","False","0"
"23464","2135585588784","1846348371933","1846348469289","9.950099999999999","9.7356","0.21450000000000002","9.172500000000001","1.8841","False","12.1475","9.9395","6.0441","3.1140000000000003","12.8496","8","1","1","False","0"
"23464","2135585588784","1846348471434","1846348571003","10.1338","9.956900000000001","0.1769","10.2461","1.9585000000000001","False","12.119200000000001","10.1714","12.1475","5.0901000000000005","15.047","8","1","1","False","0"
"23464","2135585588784","1846348572772","1846348668512","9.7469","9.574","0.1729","9.6526","1.8571000000000002","False","6.0282","9.7509","12.119200000000001","7.4584","17.0324","8","1","1","False","0"
"23464","2135585588784","1846348670241","1846348770863","10.2405","10.0622","0.17830000000000001","10.593700000000002","2.2129000000000003","False","12.136000000000001","10.235100000000001","6.0282","3.2515","13.3137","8","1","1","False","0"
"23464","2135585588784","1846348772646","1846348875872","10.5004","10.322600000000001","0.1778","10.3444","2.0543","False","12.129000000000001","10.5009","12.136000000000001","4.8866000000000005","15.209200000000001","8","1","1","False","0"
"23464","2135585588784","1846348877650","1846348986213","11.046800000000001","10.856300000000001","0.1905","11.1417","2.1452","False","12.134","11.0341","12.129000000000001","5.9815000000000005","16.8378","8","1","1","False","0"
"23464","2135585588784","1846348988118","1846349093689","10.7398","10.5571","0.1827","10.531","1.9429","False","12.118300000000001","10.7476","12.134","7.367900000000001","17.925","8","1","1","False","0"
"23464","2135585588784","1846349095516","1846349204730","11.092600000000001","10.9214","0.17120000000000002","11.4319","2.278","False","12.112200000000001","11.1041","12.118300000000001","8.382100000000001","19.3035","8","1","1","False","0"
"23464","2135585588784","1846349206442","1846349316748","11.170399999999999","11.0306","0.1398","12.1258","3.544","False","6.1203","11.2018","12.112200000000001","9.2925","20.3231","8","1","1","False","0"
"23464","2135585588784","1846349318146","1846349438631","12.2271","12.0485","0.1786","10.8811","1.8986","False","12.048","12.1883","6.1203","3.2245000000000004","15.273000000000001","8","1","1","False","0"
"23464","2135585588784","1846349440417","1846349541617","10.2979","10.120000000000001","0.1779","10.387","1.9771","False","12.125200000000001","10.2986","12.048","4.9739","15.093900000000001","8","1","1","False","0"
"23464","2135585588784","1846349543396","1846349659403","11.795399999999999","11.6007","0.1947","11.868199999999998","2.0522","False","12.1716","11.7786","12.125200000000001","5.3205","16.921200000000002","8","1","1","False","0"
"23464","2135585588784","1846349661350","1846349752183","9.272100000000002","9.083300000000001","0.1888","9.4845","2.2753","False","18.108700000000002","9.278","12.1716","8.2141","17.2974","8","1","1","False","0"
"23464","2135585588784","1846349754071","1846349922121","16.9989","16.805","0.19390000000000002","18.7389","4.0040000000000004","False","12.126100000000001","16.9938","18.108700000000002","9.329","26.134","8","1","1","False","0"
"23464","2135585588784","1846349924060","1846350095148","17.428","17.108800000000002","0.31920000000000004","16.4179","3.1334","False","18.1812","17.3027","12.126100000000001","4.1524","21.261200000000002","8","1","1","False","0"
"23464","2135585588784","1846350098340","1846350264460","16.881800000000002","16.612000000000002","0.26980000000000004","16.9863","3.1674","False","18.1808","16.9312","18.1812","5.4024","22.014400000000002","8","1","1","False","0"
"23464","2135585588784","1846350267158","1846350410825","14.5574","14.3667","0.1907","14.7255","3.274","False","18.1787","14.6365","18.1808","8.9467","23.3134","8","1","1","False","0"
"23464","2135585588784","1846350412732","1846350601895","19.1521","18.9163","0.2358","18.7573","2.9225000000000003","False","18.194100000000002","19.107","18.1787","8.0184","26.934700000000003","8","1","1","False","0"
"23464","2135585588784","1846350604253","1846350773051","17.009999999999998","16.8798","0.1302","17.2335","3.3788","False","12.1844","17.1156","18.194100000000002","9.0969","25.9767","8","1","1","False","0"
"23464","2135585588784","1846350774353","1846350930470","15.803400000000002","15.6117","0.1917","14.775400000000001","2.0639000000000003","False","18.1095","15.741900000000001","12.1844","5.5394000000000005","21.1511","8","1","1","False","0"
"23464","2135585588784","1846350932387","1846351092918","16.246000000000002","16.0531","0.19290000000000002","17.3109","3.1181","False","12.126900000000001","16.2448","18.1095","7.404100000000001","23.4572","8","1","1","False","0"
"23464","2135585588784","1846351094847","1846351248028","15.5012","15.318100000000001","0.1831","15.3992","3.0298000000000003","False","18.235400000000002","15.511000000000001","12.126900000000001","4.0200000000000005","19.3381","8","1","1","False","0"
"23464","2135585588784","1846351249859","1846351428528","18.0579","17.8669","0.191","18.034200000000002","3.0141","False","18.1768","18.05","18.235400000000002","4.2054","22.072300000000002","8","1","1","False","0"
"23464","2135585588784","1846351430438","1846351590965","16.2677","16.0527","0.215","16.5489","3.2959","False","18.1733","16.2437","18.1768","6.1385000000000005","22.191200000000002","8","1","1","False","0"
"23464","2135585588784","1846351593115","1846351753431","16.2221","16.0316","0.1905","15.861500000000001","2.9335","False","18.1356","16.2466","18.1733","8.0652","24.0968","8","1","1","False","0"
"23464","2135585588784","1846351755336","1846351919949","16.654500000000002","16.4613","0.1932","17.7249","4.0109","False","12.170300000000001","16.6518","18.1356","9.549000000000001","26.0103","8","1","1","False","0"
"23464","2135585588784","1846351921881","1846352082789","16.2906","16.0908","0.1998","15.518900000000002","3.2251000000000003","False","18.169","16.284000000000002","12.170300000000001","5.435300000000001","21.5261","8","1","1","False","0"
"23464","2135585588784","1846352084787","1846352245942","16.305300000000003","16.1155","0.1898","16.5931","3.5192","False","18.1474","16.3153","18.169","7.289000000000001","23.404500000000002","8","1","1","False","0"
"23464","2135585588784","1846352247840","1846352418365","17.308300000000003","17.052500000000002","0.2558","16.624000000000002","3.2658","False","18.1797","17.2423","18.1474","8.1941","25.2466","8","1","1","False","0"
"23464","2135585588784","1846352420923","1846352595572","17.6465","17.4649","0.1816","17.745900000000002","2.9292000000000002","False","18.1855","17.7207","18.1797","8.6531","26.118000000000002","8","1","1","False","0"
"23464","2135585588784","1846352597388","1846352773913","17.848","17.6525","0.1955","18.1871","3.2670000000000003","False","12.120700000000001","17.8341","18.1855","9.0045","26.657","8","1","1","False","0"
"23464","2135585588784","1846352775868","1846352926127","15.2023","15.0259","0.1764","14.3506","2.4137","False","18.1792","15.221400000000001","12.120700000000001","5.9038","20.9297","8","1","1","False","0"
"23464","2135585588784","1846352927891","1846353092497","16.766","16.4606","0.3054","17.3364","3.0687","False","18.1753","16.637","18.1792","7.446000000000001","23.9066","8","1","1","False","0"
"23464","2135585588784","1846353095551","1846353269334","17.5745","17.3783","0.1962","17.5974","3.0151000000000003","False","12.1325","17.6837","18.1753","7.937600000000001","25.315900000000003","8","1","1","False","0"
"23464","2135585588784","1846353271296","1846353430971","16.1662","15.967500000000001","0.19870000000000002","16.5683","3.3952","False","18.1765","16.163700000000002","12.1325","3.9064","19.873900000000003","8","1","1","False","0"
"23464","2135585588784","1846353432958","1846353583776","15.297300000000002","15.081800000000001","0.2155","15.0218","3.1663","False","18.1762","15.2805","18.1765","6.8024000000000004","21.8842","8","1","1","False","0"
"23464","2135585588784","1846353585931","1846353762133","17.8048","17.6202","0.18460000000000001","18.2516","3.5714","False","18.1824","17.8357","18.1762","7.1429","24.7631","8","1","1","False","0"
"23464","2135585588784","1846353763979","1846353933039","17.097","16.906000000000002","0.191","16.4636","2.9547000000000003","False","12.1193","17.090600000000002","18.1824","8.2347","25.140700000000002","8","1","1","False","0"
"23464","2135585588784","1846353934949","1846354090893","15.8499","15.5944","0.2555","15.5755","3.1211","False","18.2633","15.785400000000001","12.1193","4.5686","20.163","8","1","1","False","0"
"23464","2135585588784","1846354093448","1846354252397","16.3016","15.894900000000002","0.4067","17.0164","3.5996","False","18.1045","16.1504","18.2633","6.681500000000001","22.5764","8","1","1","False","0"
"23464","2135585588784","1846354256464","1846354424925","17.2572","16.8461","0.4111","17.0183","3.3788","False","18.1814","17.2528","18.1045","7.533200000000001","24.3793","8","1","1","False","0"
"23464","2135585588784","1846354429036","1846354595245","17.052200000000003","16.620900000000002","0.4313","16.9496","3.2838000000000003","False","12.128200000000001","17.032","18.1814","8.6826","25.3035","8","1","1","False","0"
"23464","2135585588784","1846354599558","1846354762140","16.536800000000003","16.258200000000002","0.2786","16.387700000000002","2.9731","False","18.2235","16.689500000000002","12.128200000000001","4.121300000000001","20.3795","8","1","1","False","0"
"23464","2135585588784","1846354764926","1846354937178","17.449","17.2252","0.2238","17.5291","3.0208","False","18.131800000000002","17.503800000000002","18.2235","4.841","22.066200000000002","8","1","1","False","0"
"23464","2135585588784","1846354939416","1846355083416","14.626100000000001","14.4","0.22610000000000002","14.731","3.1279000000000003","False","12.1292","14.623800000000001","18.131800000000002","8.349","22.749000000000002","8","1","1","False","0"
"23464","2135585588784","1846355085677","1846355248192","16.5115","16.2515","0.26","16.551000000000002","3.1685000000000003","False","18.2448","16.477600000000002","12.1292","4.0006","20.252100000000002","8","1","1","False","0"
"23464","2135585588784","1846355250792","1846355420867","17.2367","17.0075","0.22920000000000001","17.1799","3.1125000000000003","False","18.1162","17.267500000000002","18.2448","4.9779","21.985400000000002","8","1","1","False","0"
"23464","2135585588784","1846355423159","1846355589502","16.8662","16.6343","0.23190000000000002","17.0837","3.3334","False","18.1732","16.863500000000002","18.1162","6.2306","22.864900000000002","8","1","1","False","0"
"23464","2135585588784","1846355591821","1846355768547","17.8549","17.6726","0.18230000000000002","17.793","3.572","False","18.185000000000002","17.904500000000002","18.1732","6.499300000000001","24.1719","8","1","1","False","0"
"23464","2135585588784","1846355770370","1846355920831","15.352300000000001","15.046100000000001","0.3062","15.8107","3.7868000000000004","False","12.176400000000001","15.2284","18.185000000000002","9.4559","24.502000000000002","8","1","1","False","0"
"23464","2135585588784","1846355923893","1846356093229","17.1688","16.933600000000002","0.23520000000000002","16.5712","3.1325000000000003","False","18.1478","17.239800000000002","12.176400000000001","4.3925","21.3261","8","1","1","False","0"
"23464","2135585588784","1846356095581","1846356256548","16.282500000000002","16.096700000000002","0.18580000000000002","16.4713","3.2634000000000003","False","18.1512","16.3319","18.1478","6.2084","22.3051","8","1","1","False","0"
"23464","2135585588784","1846356258406","1846356424738","16.990900000000003","16.633200000000002","0.3577","16.8395","3.293","False","18.1908","16.819","18.1512","7.5406","24.1738","8","1","1","False","0"
"23464","2135585588784","1846356428315","1846356598562","17.560499999999998","17.0247","0.5358","17.3444","2.9504","False","12.1926","17.3824","18.1908","8.349","25.3737","8","1","1","False","0"
"23464","2135585588784","1846356603920","1846356751543","15.055600000000002","14.762300000000002","0.2933","14.094700000000001","2.0307","False","18.1112","15.298100000000002","12.1926","5.2435","20.0058","8","1","1","False","0"
"23464","2135585588784","1846356754476","1846356918553","16.6521","16.407700000000002","0.2444","19.1249","4.4735000000000005","False","18.1857","16.701","18.1112","6.653700000000001","23.061400000000003","8","1","1","False","0"
"23464","2135585588784","1846356920997","1846357123414","20.5458","20.2417","0.30410000000000004","19.0138","2.9614000000000003","False","18.175","20.4861","18.1857","4.3533","24.595000000000002","8","1","1","False","0"
"23464","2135585588784","1846357126455","1846357267042","14.2685","14.0587","0.20980000000000001","14.2743","2.9137","False","12.1257","14.3628","18.175","8.1655","22.2242","8","1","1","False","0"
"23464","2135585588784","1846357269140","1846357422675","15.496","15.3535","0.14250000000000002","15.3449","3.0637000000000003","False","24.273","15.5633","12.1257","4.7279","20.081400000000002","8","1","1","False","0"
"23464","2135585588784","1846357424100","1846357628314","20.5944","20.421400000000002","0.17300000000000001","21.118000000000002","3.2581","False","12.1201","20.5639","24.273","8.437000000000001","28.8584","8","1","1","False","0"
"23464","2135585588784","1846357630044","1846357756871","12.8754","12.6827","0.1927","11.866900000000001","2.2532","False","18.140800000000002","12.8557","12.1201","7.7014000000000005","20.3841","8","1","1","False","0"
"23464","2135585588784","1846357758798","1846357929598","17.264100000000003","17.080000000000002","0.1841","17.9603","2.9530000000000003","False","12.1356","17.2727","18.140800000000002","8.5695","25.6495","8","1","1","False","0"
"23464","2135585588784","1846357931439","1846358098318","16.866899999999998","16.6879","0.17900000000000002","17.1518","3.2350000000000003","False","18.2225","16.872","12.1356","3.8331000000000004","20.521","8","1","1","False","0"
"23464","2135585588784","1846358100108","1846358264512","16.621100000000002","16.4404","0.1807","16.575200000000002","3.1911","False","18.1995","16.619400000000002","18.2225","5.4362","21.8766","8","1","1","False","0"
"23464","2135585588784","1846358266319","1846358434850","17.049100000000003","16.8531","0.196","17.047900000000002","3.1857","False","18.1174","17.0338","18.1995","6.6019000000000005","23.455000000000002","8","1","1","False","0"
"23464","2135585588784","1846358436810","1846358597269","16.2495","16.0459","0.2036","16.304000000000002","3.2623","False","18.2221","16.2419","18.1174","8.477400000000001","24.523300000000003","8","1","1","False","0"
"23464","2135585588784","1846358599305","1846358789985","19.2786","19.068","0.2106","19.4096","3.3981000000000003","False","12.0862","19.2716","18.2221","7.4279","26.495900000000002","8","1","1","False","0"
"23464","2135585588784","1846358792091","1846358923556","13.330900000000002","13.146500000000001","0.1844","12.6356","2.6833","False","18.2213","13.3571","12.0862","6.157","19.3035","8","1","1","False","0"
"23464","2135585588784","1846358925400","1846359097197","17.345","17.1797","0.1653","18.1309","3.8004000000000002","False","18.2057","17.3641","18.2213","7.014200000000001","24.193900000000003","8","1","1","False","0"
"23464","2135585588784","1846359098850","1846359254183","15.7293","15.5333","0.196","15.594100000000001","3.3317","False","12.051400000000001","15.6986","18.2057","9.5213","25.0546","8","1","1","False","0"
"23464","2135585588784","1846359256143","1846359433057","17.8683","17.6914","0.1769","17.8425","3.2882000000000002","False","18.1968","17.8874","12.051400000000001","3.6853000000000002","21.3767","8","1","1","False","0"
"23464","2135585588784","1846359434826","1846359597693","16.4968","16.2867","0.2101","16.375700000000002","3.1919","False","18.1737","16.4636","18.1968","5.4185","21.7052","8","1","1","False","0"
"23464","2135585588784","1846359599794","1846359764574","16.658800000000003","16.478","0.18080000000000002","17.0367","3.5644","False","18.1767","16.688100000000002","18.1737","6.904100000000001","23.3821","8","1","1","False","0"
"23464","2135585588784","1846359766382","1846359967169","20.268","20.0787","0.1893","19.5954","2.8989000000000003","False","12.1159","20.259500000000003","18.1767","4.8213","24.900000000000002","8","1","1","False","0"
"23464","2135585588784","1846359969062","1846360088008","12.154200000000001","11.8946","0.2596","12.2482","3.0396","False","18.1907","12.0839","12.1159","4.8533","16.7479","8","1","1","False","0"
"23464","2135585588784","1846360090604","1846360282948","19.4223","19.2344","0.1879","19.523400000000002","3.0792","False","18.186500000000002","19.494","18.1907","3.5500000000000003","22.7844","8","1","1","False","0"
"23464","2135585588784","1846360284827","1846360434316","15.1435","14.9489","0.19460000000000002","15.2354","3.1792000000000002","False","18.180400000000002","15.136800000000001","18.186500000000002","6.5997","21.5486","8","1","1","False","0"
"23464","2135585588784","1846360436262","1846360599124","16.5071","16.2862","0.2209","16.3472","3.0126","False","12.1174","16.480800000000002","18.180400000000002","8.2993","24.5855","8","1","1","False","0"
"23464","2135585588784","1846360601333","1846360766903","16.741500000000002","16.557000000000002","0.1845","17.0822","3.3596000000000004","False","18.1817","16.777900000000002","12.1174","3.6388000000000003","20.195800000000002","8","1","1","False","0"
"23464","2135585588784","1846360768748","1846360925402","15.8246","15.6654","0.1592","15.8589","3.8351","False","18.1846","15.8499","18.1817","5.9706","21.636000000000003","8","1","1","False","0"
"23464","2135585588784","1846360926994","1846361103091","17.7895","17.6097","0.17980000000000002","17.5755","3.1775","False","18.182000000000002","17.768900000000002","18.1846","6.3863","23.996000000000002","8","1","1","False","0"
"23464","2135585588784","1846361104889","1846361268406","16.552200000000003","16.3517","0.2005","16.538","3.1792000000000002","False","12.1225","16.5315","18.182000000000002","8.0368","24.3885","8","1","1","False","0"
"23464","2135585588784","1846361270411","1846361421170","15.255500000000001","15.0759","0.1796","15.135200000000001","3.0441000000000003","False","18.2266","15.2764","12.1225","4.8829","19.9588","8","1","1","False","0"
"23464","2135585588784","1846361422966","1846361605635","18.5108","18.2669","0.2439","18.387800000000002","2.9485","False","18.1372","18.4465","18.2266","4.663","22.9299","8","1","1","False","0"
"23464","2135585588784","1846361608074","1846361757947","15.178400000000002","14.987300000000001","0.19110000000000002","15.644300000000001","3.39","False","18.1702","15.231200000000001","18.1372","7.569","22.5563","8","1","1","False","0"
"23464","2135585588784","1846361759858","1846361927723","16.9654","16.7865","0.1789","16.568","2.9872","False","12.135100000000001","16.977600000000002","18.1702","8.7616","25.5481","8","1","1","False","0"
"23464","2135585588784","1846361929512","1846362092228","16.4665","16.2716","0.19490000000000002","16.4642","2.9832","False","18.232300000000002","16.4505","12.135100000000001","4.4462","20.7178","8","1","1","False","0"
"23464","2135585588784","1846362094177","1846362270915","17.8613","17.6738","0.1875","17.9634","3.0856000000000003","False","18.1208","17.8687","18.232300000000002","4.8098","22.483600000000003","8","1","1","False","0"
"23464","2135585588784","1846362272790","1846362435047","16.4071","16.2257","0.1814","16.465600000000002","3.1461","False","18.185200000000002","16.4132","18.1208","6.5174","22.743100000000002","8","1","1","False","0"
"23464","2135585588784","1846362436861","1846362637008","20.1921","20.0147","0.1774","20.0315","2.9901","False","18.194000000000003","20.1961","18.185200000000002","4.5065","24.5212","8","1","1","False","0"
"23464","2135585588784","1846362638782","1846362789061","15.1835","15.0279","0.15560000000000002","15.232700000000001","3.3555","False","12.1518","15.205300000000001","18.194000000000003","7.4952000000000005","22.5231","8","1","1","False","0"
"23464","2135585588784","1846362790617","1846362916484","12.768600000000001","12.5867","0.1819","12.8152","3.0837000000000003","False","18.1796","12.7423","12.1518","6.9047","19.491400000000002","8","1","1","False","0"
"23464","2135585588784","1846362918303","1846363089911","17.526500000000002","17.160800000000002","0.3657","18.3279","4.0382","False","12.0753","17.3427","18.1796","7.7416","24.9024","8","1","1","False","0"
"23464","2135585588784","1846363093568","1846363252414","16.0868","15.8846","0.20220000000000002","15.484300000000001","3.2892","False","18.2298","16.2503","12.0753","3.5666","19.4512","8","1","1","False","0"
"23464","2135585588784","1846363254436","1846363426726","17.4223","17.229","0.1933","17.2084","3.064","False","18.2151","17.4312","18.2298","4.365200000000001","21.5942","8","1","1","False","0"
"23464","2135585588784","1846363428659","1846363601009","17.4237","17.235","0.1887","17.4314","3.0857","False","18.1522","17.4283","18.2151","5.152","22.387","8","1","1","False","0"
"23464","2135585588784","1846363602896","1846363758052","15.707300000000002","15.515600000000001","0.1917","15.974300000000003","3.3547000000000002","False","18.1785","15.7043","18.1522","7.599900000000001","23.1155","8","1","1","False","0"
"23464","2135585588784","1846363759969","1846363920435","16.248700000000003","16.0466","0.2021","16.749200000000002","3.8606000000000003","False","12.0762","16.238300000000002","18.1785","9.5401","25.5867","8","1","1","False","0"
"23464","2135585588784","1846363922456","1846364087336","16.6885","16.488","0.2005","16.0441","3.1911","False","18.2407","16.6901","12.0762","4.926200000000001","21.4142","8","1","1","False","0"
"23464","2135585588784","1846364089341","1846364262723","17.5262","17.3382","0.188","17.5425","3.214","False","18.156000000000002","17.538700000000002","18.2407","5.6282000000000005","22.9664","8","1","1","False","0"
"23464","2135585588784","1846364264603","1846364424068","16.0912","15.9465","0.1447","15.8298","3.2727","False","18.1418","16.1345","18.156000000000002","7.6497","23.5962","8","1","1","False","0"
"23464","2135585588784","1846364425515","1846364598594","17.5045","17.3079","0.1966","17.8991","3.3455000000000004","False","12.128400000000001","17.4526","18.1418","8.3389","25.646800000000002","8","1","1","False","0"
"23464","2135585588784","1846364600560","1846364749005","15.0303","14.8445","0.18580000000000002","14.8376","3.1572","False","18.180500000000002","15.0411","12.128400000000001","5.426200000000001","20.2707","8","1","1","False","0"
"23464","2135585588784","1846364750863","1846364917646","16.8659","16.6783","0.18760000000000002","17.4558","3.7495000000000003","False","18.219","16.8641","18.180500000000002","6.7426","23.4209","8","1","1","False","0"
"23464","2135585588784","1846364919522","1846365090817","17.331","17.1295","0.2015","17.3271","3.7359","False","12.0859","17.3171","18.219","7.644500000000001","24.774","8","1","1","False","0"
"23464","2135585588784","1846365092832","1846365249762","15.899700000000001","15.693000000000001","0.20670000000000002","15.3983","3.2478000000000002","False","18.1825","15.8945","12.0859","3.8359","19.5289","8","1","1","False","0"
"23464","2135585588784","1846365251829","1846365419231","16.9192","16.7402","0.17900000000000002","16.7527","3.072","False","24.2836","16.9469","18.1825","5.0715","21.811700000000002","8","1","1","False","0"
"23464","2135585588784","1846365421021","1846365623843","20.4545","20.2822","0.1723","20.656100000000002","3.2686","False","6.022200000000001","20.4612","24.2836","8.8939","29.1761","8","1","1","False","0"
"23464","2135585588784","1846365625566","1846365749870","12.612400000000001","12.4304","0.182","11.223600000000001","1.8857000000000002","False","24.2376","12.6027","6.022200000000001","2.3134","14.7438","8","1","1","False","0"
"23464","2135585588784","1846365751690","1846365926196","17.6685","17.4506","0.2179","18.714000000000002","2.9327","False","12.1228","17.6326","24.2376","8.9184","26.369","8","1","1","False","0"
"23464","2135585588784","1846365928375","1846366088124","16.1865","15.9749","0.2116","16.2685","3.0105","False","18.181","16.192800000000002","12.1228","4.8484","20.8233","8","1","1","False","0"
"23464","2135585588784","1846366090240","1846366264466","17.566599999999998","17.4226","0.14400000000000002","17.3936","3.1487000000000003","False","18.2331","17.6342","18.181","5.3952","22.817800000000002","8","1","1","False","0"
"23464","2135585588784","1846366265906","1846366419139","15.5058","15.323300000000001","0.1825","15.938500000000001","3.2751","False","12.0731","15.467300000000002","18.2331","8.161","23.4843","8","1","1","False","0"
"23464","2135585588784","1846366420964","1846366584617","16.588","16.3653","0.2227","16.4064","3.0917000000000003","False","18.1807","16.547800000000002","12.0731","3.6863","20.0516","8","1","1","False","0"
"23464","2135585588784","1846366586844","1846366756555","17.162","16.9711","0.19090000000000001","17.0198","2.9456","False","18.173000000000002","17.1938","18.1807","4.6732000000000005","21.6443","8","1","1","False","0"
"23464","2135585588784","1846366758464","1846366927861","17.1127","16.939700000000002","0.17300000000000001","17.3273","3.1591","False","18.186400000000003","17.1306","18.173000000000002","5.7156","22.6553","8","1","1","False","0"
"23464","2135585588784","1846366929591","1846367093942","16.638900000000003","16.435100000000002","0.2038","16.8858","3.4127","False","18.1863","16.6081","18.186400000000003","7.293900000000001","23.729000000000003","8","1","1","False","0"
"23464","2135585588784","1846367095980","1846367261773","16.7741","16.5793","0.1948","16.279500000000002","2.9219","False","12.122100000000001","16.7831","18.1863","8.6971","25.276400000000002","8","1","1","False","0"
"23464","2135585588784","1846367263721","1846367419240","15.738300000000002","15.551900000000002","0.1864","15.936200000000001","3.1145","False","18.179100000000002","15.7467","12.122100000000001","5.072500000000001","20.6244","8","1","1","False","0"
"23464","2135585588784","1846367421104","1846367597487","17.82","17.6383","0.1817","17.7706","3.0661","False","18.216900000000003","17.8247","18.179100000000002","5.4269","23.0652","8","1","1","False","0"
"23464","2135585588784","1846367599304","1846367763707","16.6447","16.4403","0.2044","17.1022","3.5235000000000003","False","18.1405","16.622","18.216900000000003","7.021800000000001","23.4621","8","1","1","False","0"
"23464","2135585588784","1846367765751","1846367912437","14.867200000000002","14.668600000000001","0.1986","15.6332","4.3025","False","12.2142","14.873000000000001","18.1405","10.2893","24.957900000000002","8","1","1","False","0"
"23464","2135585588784","1846367914423","1846368087220","17.4722","17.279700000000002","0.1925","16.3007","3.1299","False","18.0886","17.4783","12.2142","5.0252","22.3049","8","1","1","False","0"
"23464","2135585588784","1846368089145","1846368256098","16.9753","16.6953","0.28","16.9726","3.5606","False","18.1838","16.887800000000002","18.0886","6.226","22.921300000000002","8","1","1","False","0"
"23464","2135585588784","1846368258898","1846368424241","16.741000000000003","16.5343","0.20670000000000002","16.945600000000002","3.3207","False","18.2483","16.8143","18.1838","7.5955","24.1298","8","1","1","False","0"
"23464","2135585588784","1846368426308","1846368602755","17.8246","17.6447","0.1799","17.4434","2.935","False","12.061300000000001","17.8514","18.2483","7.9924","25.6371","8","1","1","False","0"
"23464","2135585588784","1846368604554","1846368759969","15.7216","15.541500000000001","0.1801","15.755700000000001","2.9698","False","18.225","15.721400000000001","12.061300000000001","4.3323","19.8738","8","1","1","False","0"
"23464","2135585588784","1846368761770","1846368924157","16.526600000000002","16.2387","0.2879","16.9293","3.4763","False","18.137900000000002","16.4188","18.225","6.1385000000000005","22.377200000000002","8","1","1","False","0"
"23464","2135585588784","1846368927036","1846369098298","17.3317","17.1262","0.20550000000000002","19.085","5.1285","False","18.175900000000002","17.4141","18.137900000000002","6.8623","23.988500000000002","8","1","1","False","0"
"23464","2135585588784","1846369100353","1846369266217","16.8427","16.5864","0.25630000000000003","14.7177","3.0761000000000003","False","12.1338","16.791900000000002","18.175900000000002","8.2463","24.832700000000003","8","1","1","False","0"
"23464","2135585588784","1846369268780","1846369418960","15.202900000000001","15.018","0.1849","15.146500000000001","2.9489","False","18.1721","15.2743","12.1338","5.1058","20.1238","8","1","1","False","0"
"23464","2135585588784","1846369420809","1846369593100","17.472900000000003","17.229100000000003","0.24380000000000002","17.5216","3.0429","False","18.221600000000002","17.414","18.1721","5.8639","23.093","8","1","1","False","0"
"23464","2135585588784","1846369595538","1846369756994","16.3459","16.1456","0.2003","16.6031","3.2601","False","18.1429","16.389400000000002","18.221600000000002","7.6961","23.8417","8","1","1","False","0"
"23464","2135585588784","1846369758997","1846369929426","17.2406","17.0429","0.19770000000000001","16.9038","2.9299","False","12.137400000000001","17.2432","18.1429","8.5958","25.6387","8","1","1","False","0"
"23464","2135585588784","1846369931403","1846370103091","17.348300000000002","17.1688","0.17950000000000002","17.390700000000002","2.9541","False","18.164","17.366500000000002","12.137400000000001","3.3667000000000002","20.535500000000003","8","1","1","False","0"
"23464","2135585588784","1846370104886","1846370258292","15.5368","15.3406","0.1962","15.864","3.2796000000000003","False","18.212500000000002","15.520100000000001","18.164","6.0106","21.351200000000002","8","1","1","False","0"
"23464","2135585588784","1846370260254","1846370426139","16.7698","16.5885","0.18130000000000002","17.0359","3.5505","False","18.149","16.7847","18.212500000000002","7.438400000000001","24.0269","8","1","1","False","0"
"23464","2135585588784","1846370427952","1846370592659","16.7331","16.4707","0.2624","16.0261","2.9254000000000002","False","12.1615","16.652","18.149","8.9354","25.406100000000002","8","1","1","False","0"
"23464","2135585588784","1846370595283","1846370766412","17.2693","17.1129","0.1564","17.1022","3.0220000000000002","False","18.148400000000002","17.3753","12.1615","3.7216","20.834500000000002","8","1","1","False","0"
"23464","2135585588784","1846370767976","1846370928802","16.318099999999998","16.0826","0.23550000000000001","16.743000000000002","3.1136000000000004","False","18.1734","16.239","18.148400000000002","5.631","21.7136","8","1","1","False","0"
"23464","2135585588784","1846370931157","1846371083206","15.4164","15.2049","0.21150000000000002","15.255700000000001","2.971","False","12.1134","15.4404","18.1734","8.364","23.568900000000003","8","1","1","False","0"
"23464","2135585588784","1846371085321","1846371254120","17.075599999999998","16.8799","0.1957","17.3119","3.1790000000000003","False","18.1938","17.0914","12.1134","3.386","20.265900000000002","8","1","1","False","0"
"23464","2135585588784","1846371256077","1846371426150","17.1859","17.0073","0.1786","16.9681","2.9532000000000003","False","18.1856","17.203","18.1938","4.3768","21.3841","8","1","1","False","0"
"23464","2135585588784","1846371427936","1846371590643","16.470000000000002","16.2707","0.1993","16.6935","3.1805000000000003","False","18.2404","16.4493","18.1856","6.1131","22.3838","8","1","1","False","0"
"23464","2135585588784","1846371592636","1846371772055","18.1331","17.9419","0.1912","18.2214","3.2711","False","18.1557","18.1412","18.2404","6.2123","24.1542","8","1","1","False","0"
"23464","2135585588784","1846371773967","1846371938591","16.661800000000003","16.462400000000002","0.19940000000000002","16.5949","3.2208","False","12.089400000000001","16.6536","18.1557","7.7144","24.1768","8","1","1","False","0"
"23464","2135585588784","1846371940585","1846372099630","16.0991","15.9045","0.19460000000000002","15.950499999999998","3.0507","False","18.1776","16.1039","12.089400000000001","3.6999","19.604400000000002","8","1","1","False","0"
"23464","2135585588784","1846372101576","1846372255166","15.5465","15.359","0.1875","15.971200000000001","3.4847","False","18.1905","15.553600000000001","18.1776","6.3239","21.6829","8","1","1","False","0"
"23464","2135585588784","1846372257041","1846372435032","17.9846","17.7991","0.1855","17.7646","3.2626","False","18.1656","17.9866","18.1905","6.5278","24.326900000000002","8","1","1","False","0"
"23464","2135585588784","1846372436887","1846372593999","15.894900000000002","15.711200000000002","0.1837","15.5663","2.9337","False","12.129900000000001","15.896700000000001","18.1656","8.796700000000001","24.507900000000003","8","1","1","False","0"
"23464","2135585588784","1846372595836","1846372754058","16.018900000000002","15.8222","0.1967","16.0225","2.9337","False","18.181800000000003","16.0059","12.129900000000001","4.9207","20.742900000000002","8","1","1","False","0"
"23464","2135585588784","1846372756025","1846372932166","17.794","17.6141","0.1799","18.0382","3.1786000000000003","False","18.1801","17.8108","18.181800000000003","5.2917000000000005","22.905800000000003","8","1","1","False","0"
"23464","2135585588784","1846372933965","1846373107503","17.7316","17.3538","0.3778","17.2986","3.3109","False","18.186600000000002","17.5337","18.1801","5.9381","23.291900000000002","8","1","1","False","0"
"23464","2135585588784","1846373111281","1846373259846","15.0779","14.8565","0.2214","15.2299","2.9337","False","18.207","15.234300000000001","18.186600000000002","8.8904","23.7469","8","1","1","False","0"
"23464","2135585588784","1846373262060","1846373467904","20.785200000000003","20.584400000000002","0.2008","21.1283","3.2397","False","12.094700000000001","20.8058","18.207","6.2916","26.876","8","1","1","False","0"
"23464","2135585588784","1846373469912","1846373585760","11.791300000000001","11.584800000000001","0.20650000000000002","10.8565","2.3239","False","18.1993","11.7856","12.094700000000001","6.600700000000001","18.1855","8","1","1","False","0"
"23464","2135585588784","1846373587825","1846373751480","16.5811","16.3655","0.2156","17.5304","3.2789","False","18.2269","16.572","18.1993","8.228","24.593500000000002","8","1","1","False","0"
"23464","2135585588784","1846373753636","1846373958809","20.7069","20.517300000000002","0.18960000000000002","20.825300000000002","3.3839","False","18.1372","20.7329","18.2269","5.722","26.2393","8","1","1","False","0"
"23464","2135585588784","1846373960705","1846374103727","14.491100000000001","14.302200000000001","0.1889","14.4336","3.3203","False","12.106200000000001","14.491800000000001","18.1372","9.3674","23.669600000000003","8","1","1","False","0"
"23464","2135585588784","1846374105616","1846374266488","16.279899999999998","16.0872","0.1927","15.0051","2.0556","False","18.175900000000002","16.2761","12.106200000000001","5.197500000000001","21.2847","8","1","1","False","0"
"23464","2135585588784","1846374268415","1846374430505","16.4072","16.209","0.19820000000000002","17.5943","3.2375000000000003","False","18.1813","16.4017","18.175900000000002","6.9717","23.1807","8","1","1","False","0"
"23464","2135585588784","1846374432487","1846374624398","19.483600000000003","19.191100000000002","0.29250000000000004","19.3766","3.1843000000000004","False","18.1978","19.389300000000002","18.1813","5.7637","24.954800000000002","8","1","1","False","0"
"23464","2135585588784","1846374627323","1846374787697","16.1839","16.0374","0.14650000000000002","16.0608","3.3125","False","12.1127","16.329900000000002","18.1978","7.631600000000001","23.669","8","1","1","False","0"
"23464","2135585588784","1846374789162","1846374940888","15.3474","15.172600000000001","0.1748","14.2308","1.8808","False","18.1783","15.3191","12.1127","4.4252","19.5978","8","1","1","False","0"
"23464","2135585588784","1846374942636","1846375117014","17.618299999999998","17.4378","0.18050000000000002","18.8289","3.0892","False","18.183500000000002","17.6126","18.1783","4.9909","22.428700000000003","8","1","1","False","0"
"23464","2135585588784","1846375118819","1846375283367","16.6656","16.454800000000002","0.21080000000000002","16.9354","3.366","False","12.127","16.6353","18.183500000000002","6.5391","22.9939","8","1","1","False","0"
"23464","2135585588784","1846375285475","1846375442586","15.896700000000001","15.7111","0.18560000000000001","14.7619","2.2325","False","24.233900000000002","15.9219","12.127","2.7442","18.4553","8","1","1","False","0"
"23464","2135585588784","1846375444442","1846375628377","18.5873","18.3935","0.1938","19.3835","3.0318","False","18.196","18.5791","24.233900000000002","8.399000000000001","26.7925","8","1","1","False","0"
"23464","2135585588784","1846375630315","1846375808440","18.0026","17.8125","0.19010000000000002","18.2388","3.266","False","12.1028","18.0063","18.196","8.588700000000001","26.401200000000003","8","1","1","False","0"
"23464","2135585588784","1846375810341","1846375976264","16.8043","16.5923","0.21200000000000002","15.407100000000002","1.8772","False","18.19","16.7824","12.1028","3.9091","20.5014","8","1","1","False","0"
"23464","2135585588784","1846375978384","1846376150875","17.437500000000004","17.249100000000002","0.1884","18.5503","2.9803","False","18.2268","17.461100000000002","18.19","4.638","21.8871","8","1","1","False","0"
"23464","2135585588784","1846376152759","1846376332750","18.183200000000003","17.999100000000002","0.1841","18.1909","2.9844","False","18.1281","18.1875","18.2268","4.6773","22.6764","8","1","1","False","0"
"23464","2135585588784","1846376334591","1846376520450","18.870600000000003","18.585900000000002","0.2847","19.4531","4.0471","False","18.2183","18.77","18.1281","4.0354","22.6213","8","1","1","False","0"
"23464","2135585588784","1846376523297","1846376686508","16.523","16.3211","0.2019","16.2877","3.3305000000000002","False","18.1399","16.605800000000002","18.2183","5.6479","21.969","8","1","1","False","0"
"23464","2135585588784","1846376688527","1846376878048","19.137800000000002","18.9521","0.1857","18.9576","3.1484","False","18.194200000000002","19.154","18.1399","4.6338","23.585900000000002","8","1","1","False","0"
"23464","2135585588784","1846376879905","1846377046745","17.0822","16.684","0.3982","16.861","3.1471","False","18.1827","16.8697","18.194200000000002","5.9583","22.642300000000002","8","1","1","False","0"
"23464","2135585588784","1846377050727","1846377224221","17.5567","17.3494","0.2073","18.074","3.4467000000000003","False","18.2458","17.747600000000002","18.1827","6.393400000000001","23.742800000000003","8","1","1","False","0"
"23464","2135585588784","1846377226294","1846377403082","17.885","17.678800000000003","0.20620000000000002","17.6549","3.2366","False","18.1107","17.886100000000003","18.2458","6.7531","24.431900000000002","8","1","1","False","0"
"23464","2135585588784","1846377405144","1846377592411","18.9068","18.7267","0.1801","18.875700000000002","3.1856","False","18.197400000000002","18.9329","18.1107","5.9309","24.657600000000002","8","1","1","False","0"
"23464","2135585588784","1846377594212","1846377758759","16.666300000000003","16.454700000000003","0.2116","15.348500000000001","1.8767","False","18.1823","16.634800000000002","18.197400000000002","7.4935","23.9482","8","1","1","False","0"
"23464","2135585588784","1846377760875","1846377973712","21.4613","21.2837","0.1776","21.474","1.8801","False","18.1878","21.4953","18.1823","4.1805","25.4642","8","1","1","False","0"
"23464","2135585588784","1846377975488","1846378124533","15.0885","14.9045","0.184","15.195300000000001","1.991","False","18.168200000000002","15.0821","18.1878","7.2862","22.1907","8","1","1","False","0"
"23464","2135585588784","1846378126373","1846378299005","17.413600000000002","17.2632","0.1504","19.6446","4.5444","False","12.1149","17.447200000000002","18.168200000000002","8.007200000000001","25.270400000000002","8","1","1","False","0"
"23464","2135585588784","1846378300509","1846378461791","16.3298","16.1282","0.2016","14.0081","1.8956000000000002","False","18.1844","16.2786","12.1149","3.8435","19.971700000000002","8","1","1","False","0"
"23464","2135585588784","1846378463807","1846378621155","15.9254","15.7348","0.19060000000000002","17.256600000000002","3.2281","False","18.1892","15.9364","18.1844","6.0915","21.8263","8","1","1","False","0"
"23464","2135585588784","1846378623061","1846378797396","17.6444","17.433500000000002","0.2109","17.826700000000002","3.4304","False","12.0984","17.624100000000002","18.1892","6.6566","24.0901","8","1","1","False","0"
"23464","2135585588784","1846378799505","1846378962884","16.5363","16.3379","0.19840000000000002","15.0225","1.8937000000000002","False","18.2777","16.5488","12.0984","2.2062","18.5441","8","1","1","False","0"
"23464","2135585588784","1846378964868","1846379116749","15.3756","15.1881","0.1875","16.4468","2.9675000000000002","False","24.1884","15.386500000000002","18.2777","5.0974","20.285500000000003","8","1","1","False","0"
"23464","2135585588784","1846379118624","1846379300959","18.4168","18.2335","0.18330000000000002","20.486800000000002","5.0368","False","12.1213","18.421","24.1884","10.8648","29.098300000000002","8","1","1","False","0"
"23464","2135585588784","1846379302792","1846379464331","16.3299","16.1539","0.17600000000000002","13.5457","2.2519","False","12.0914","16.3372","12.1213","6.6489","22.8028","8","1","1","False","0"
"23464","2135585588784","1846379466091","1846379623361","15.9274","15.727","0.20040000000000002","15.8947","2.2199","False","18.1782","15.903","12.0914","2.8373","18.5643","8","1","1","False","0"
"23464","2135585588784","1846379625365","1846379780572","15.701800000000002","15.520700000000001","0.1811","16.6396","3.1589","False","18.1983","15.721100000000002","18.1782","5.2944","20.8151","8","1","1","False","0"
"23464","2135585588784","1846379782383","1846379945179","16.477000000000004","16.279600000000002","0.19740000000000002","16.5045","3.1944000000000004","False","12.106","16.4607","18.1983","7.032","23.311600000000002","8","1","1","False","0"
"23464","2135585588784","1846379947153","1846380109869","16.4678","16.2716","0.1962","15.209200000000001","1.9416","False","18.1812","16.469","12.106","2.669","18.9406","8","1","1","False","0"
"23464","2135585588784","1846380111831","1846380273315","16.314500000000002","16.148400000000002","0.1661","17.1096","3.0642","False","18.2344","16.3446","18.1812","4.5056","20.654","8","1","1","False","0"
"23464","2135585588784","1846380274976","1846380428826","15.577500000000002","15.385000000000002","0.1925","15.9501","3.1004","False","18.1481","15.5511","18.2344","7.1889","22.573900000000002","8","1","1","False","0"
"23464","2135585588784","1846380430751","1846380606540","17.767300000000002","17.5789","0.1884","18.145","3.4637000000000002","False","12.1106","17.7714","18.1481","7.565600000000001","25.1445","8","1","1","False","0"
"23464","2135585588784","1846380608424","1846380770094","16.344700000000003","16.167","0.1777","15.0989","2.2239","False","18.1766","16.3554","12.1106","3.3208","19.4878","8","1","1","False","0"
"23464","2135585588784","1846380771871","1846380948876","17.9052","17.7005","0.20470000000000002","18.9692","3.2897000000000003","False","18.1715","17.8782","18.1766","3.6192","21.3197","8","1","1","False","0"
"23464","2135585588784","1846380950923","1846381110373","16.1291","15.945","0.1841","15.905600000000002","3.0678","False","18.1994","16.1497","18.1715","5.641","21.586000000000002","8","1","1","False","0"
"23464","2135585588784","1846381112214","1846381280873","17.0597","16.8659","0.1938","17.356","3.3702","False","18.1985","17.05","18.1994","6.7904","23.6563","8","1","1","False","0"
"23464","2135585588784","1846381282811","1846381446890","16.6122","16.4079","0.2043","15.4817","2.2546","False","12.0965","16.6017","18.1985","8.3872","24.7951","8","1","1","False","0"
"23464","2135585588784","1846381448933","1846381592125","14.5235","14.3192","0.2043","14.4158","2.1209000000000002","False","18.174400000000002","14.5235","12.0965","5.9602","20.279400000000003","8","1","1","False","0"
"23464","2135585588784","1846381594168","1846381771792","18.0879","17.7624","0.3255","19.3228","3.3313","False","18.2085","17.9667","18.174400000000002","6.1679","23.930300000000003","8","1","1","False","0"
"23464","2135585588784","1846381775047","1846381950077","17.7073","17.503","0.2043","17.610400000000002","3.2713","False","12.093900000000001","17.828500000000002","18.2085","6.5479","24.050900000000002","8","1","1","False","0"
"23464","2135585588784","1846381952120","1846382114666","16.4259","16.2546","0.1713","14.7554","1.9514","False","24.2724","16.4589","12.093900000000001","2.1829","18.4375","8","1","1","False","0"
"23464","2135585588784","1846382116379","1846382288737","17.42","17.2358","0.1842","18.8066","2.9793000000000003","False","12.0858","17.4071","24.2724","9.0482","26.284000000000002","8","1","1","False","0"
"23464","2135585588784","1846382290579","1846382461788","17.3044","17.120900000000002","0.1835","16.2265","1.9036000000000002","False","30.337400000000002","17.3051","12.0858","3.8289","20.9498","8","1","1","False","0"
"23464","2135585588784","1846382463623","1846382714757","25.314400000000003","25.113400000000002","0.201","26.7516","3.3381000000000003","False","12.1082","25.2969","30.337400000000002","8.8694","33.982800000000005","8","1","1","False","0"
"23464","2135585588784","1846382716767","1846382871754","15.6895","15.498700000000001","0.1908","14.532300000000001","2.1944","False","18.1945","15.6997","12.1082","5.2779","20.776600000000002","8","1","1","False","0"
"23464","2135585588784","1846382873662","1846383042022","17.0593","16.836000000000002","0.2233","16.9964","2.1634","False","12.0996","17.0268","18.1945","6.445600000000001","23.2816","8","1","1","False","0"
"23464","2135585588784","1846383044255","1846383196729","15.4289","15.2474","0.18150000000000002","15.224200000000002","1.9144","False","18.188000000000002","15.4707","12.0996","3.0745","18.3219","8","1","1","False","0"
"23464","2135585588784","1846383198544","1846383355664","15.9097","15.712000000000002","0.19770000000000001","17.1802","3.1833","False","18.1845","15.893500000000001","18.188000000000002","5.369000000000001","21.081","8","1","1","False","0"
"23464","2135585588784","1846383357641","1846383529655","17.3752","17.2014","0.1738","16.346500000000002","2.152","False","18.195700000000002","17.3991","18.1845","6.1544","23.355800000000002","8","1","1","False","0"
"23464","2135585588784","1846383531393","1846383693908","16.4383","16.2515","0.18680000000000002","18.480800000000002","4.2043","False","12.098600000000001","16.4253","18.195700000000002","7.9248","24.1763","8","1","1","False","0"
"23464","2135585588784","1846383695776","1846383867868","17.4238","17.2092","0.2146","15.221900000000002","1.9976","False","18.1778","17.396","12.098600000000001","2.6274","19.8366","8","1","1","False","0"
"23464","2135585588784","1846383870014","1846384047791","17.9776","17.7777","0.19990000000000002","18.559900000000003","2.9547000000000003","False","24.244","17.9923","18.1778","2.8129","20.590600000000002","8","1","1","False","0"
"23464","2135585588784","1846384049790","1846384278690","23.082900000000002","22.89","0.19290000000000002","23.5115","3.0164","False","18.1777","23.0899","24.244","3.967","26.857000000000003","8","1","1","False","0"
"23464","2135585588784","1846384280619","1846384459913","18.1138","17.9294","0.1844","18.072400000000002","2.9676","False","18.1839","18.1223","18.1777","4.0224","21.951800000000002","8","1","1","False","0"
"23464","2135585588784","1846384461757","1846384646347","18.6529","18.459","0.19390000000000002","18.9934","3.3026","False","18.2011","18.6434","18.1839","3.5629","22.021900000000002","8","1","1","False","0"
"23464","2135585588784","1846384648286","1846384813743","16.7293","16.5457","0.1836","16.4968","3.0740000000000003","False","18.1909","16.7396","18.2011","5.0244","21.5701","8","1","1","False","0"
"23464","2135585588784","1846384815579","1846384968602","15.489500000000001","15.3023","0.1872","14.2766","1.8659000000000001","False","12.104000000000001","15.4859","18.1909","7.7294","23.0317","8","1","1","False","0"
"23464","2135585588784","1846384970474","1846385129266","16.050900000000002","15.8792","0.17170000000000002","16.0791","1.8844","False","18.186700000000002","16.0664","12.104000000000001","3.7670000000000003","19.6462","8","1","1","False","0"
"23464","2135585588784","1846385130983","1846385286443","15.749200000000002","15.546000000000001","0.20320000000000002","17.081","3.2218","False","18.1901","15.7177","18.186700000000002","6.236000000000001","21.782","8","1","1","False","0"
"23464","2135585588784","1846385288475","1846385465216","17.8466","17.6741","0.17250000000000001","16.8737","2.2439","False","12.100200000000001","17.8773","18.1901","6.5488","24.222900000000003","8","1","1","False","0"
"23464","2135585588784","1846385466941","1846385624230","15.917100000000001","15.728900000000001","0.1882","15.869900000000001","2.2103","False","24.276600000000002","15.9014","12.100200000000001","2.7476000000000003","18.4765","8","1","1","False","0"
"23464","2135585588784","1846385626112","1846385807005","18.2357","18.0893","0.1464","18.988200000000003","3.2633","False","12.084000000000001","18.2775","24.276600000000002","8.7467","26.836000000000002","8","1","1","False","0"
"23464","2135585588784","1846385808469","1846385957195","15.0708","14.8726","0.19820000000000002","14.192900000000002","2.0743","False","18.200400000000002","15.019","12.084000000000001","5.8117","20.6843","8","1","1","False","0"
"23464","2135585588784","1846385959177","1846386139610","18.2253","18.043300000000002","0.182","19.389","3.2382","False","18.180300000000003","18.241500000000002","18.200400000000002","5.7706","23.8139","8","1","1","False","0"
"23464","2135585588784","1846386141430","1846386308643","16.9906","16.7213","0.26930000000000004","16.971500000000002","3.3101000000000003","False","12.1088","16.9033","18.180300000000003","7.0476","23.768900000000002","8","1","1","False","0"
"23464","2135585588784","1846386311336","1846386473446","16.398200000000003","16.211000000000002","0.1872","15.087800000000001","1.9049","False","18.1822","16.4803","12.1088","2.6761","18.8871","8","1","1","False","0"
"23464","2135585588784","1846386475318","1846386644218","17.071","16.89","0.18100000000000002","18.223200000000002","3.0620000000000003","False","18.1686","17.0772","18.1822","3.7811000000000003","20.671100000000003","8","1","1","False","0"
"23464","2135585588784","1846386646028","1846386815070","17.082","16.9042","0.1778","17.0641","3.0418000000000003","False","18.2106","17.0852","18.1686","4.8645000000000005","21.768700000000003","8","1","1","False","0"
"23464","2135585588784","1846386816848","1846386987152","17.2344","17.0304","0.20400000000000001","17.388","3.2122","False","18.1839","17.2082","18.2106","5.8669","22.8973","8","1","1","False","0"
"23464","2135585588784","1846386989192","1846387158388","17.115099999999998","16.9196","0.1955","16.1001","2.1804","False","12.1334","17.1236","18.1839","6.9272","23.8468","8","1","1","False","0"
"23464","2135585588784","1846387160343","1846387311602","15.303900000000002","15.125900000000001","0.17800000000000002","15.8108","2.6898","False","18.154","15.3214","12.1334","3.7392000000000003","18.8651","8","1","1","False","0"
"23464","2135585588784","1846387313382","1846387499342","18.7323","18.596","0.1363","18.986700000000003","3.2402","False","24.271","18.774","18.154","3.1192","21.7152","8","1","1","False","0"
"23464","2135585588784","1846387500705","1846387696953","19.8526","19.6248","0.2278","20.0956","3.2032000000000003","False","12.122300000000001","19.761100000000003","24.271","7.6291","27.2539","8","1","1","False","0"
"23464","2135585588784","1846387699231","1846387813376","11.6136","11.4145","0.1991","10.6364","2.2096","False","12.079","11.6423","12.122300000000001","8.1091","19.523600000000002","8","1","1","False","0"
"23464","2135585588784","1846387815367","1846387983137","16.9505","16.777","0.17350000000000002","16.9819","2.2346","False","18.215700000000002","16.976100000000002","12.079","3.212","19.989","8","1","1","False","0"
"23464","2135585588784","1846387984872","1846388140070","15.6963","15.5198","0.17650000000000002","16.610400000000002","3.1553","False","18.169700000000002","15.6933","18.215700000000002","5.7344","21.2542","8","1","1","False","0"
"23464","2135585588784","1846388141835","1846388318426","17.8412","17.659100000000002","0.1821","16.8026","2.123","False","12.0981","17.8356","18.169700000000002","6.0685","23.727600000000002","8","1","1","False","0"
"23464","2135585588784","1846388320247","1846388478078","15.989300000000002","15.783100000000001","0.20620000000000002","15.8107","1.9402000000000001","False","24.2853","15.965200000000001","12.0981","2.2014","17.9845","8","1","1","False","0"
"23464","2135585588784","1846388480140","1846388652199","17.3848","17.2059","0.1789","18.5167","3.0683000000000002","False","18.1842","17.412100000000002","24.2853","9.0746","26.2805","8","1","1","False","0"
"23464","2135585588784","1846388653988","1846388841209","18.895","18.7221","0.1729","18.1572","2.3284000000000002","False","12.112300000000001","18.901","18.1842","8.357800000000001","27.079900000000002","8","1","1","False","0"
"23464","2135585588784","1846388842938","1846389006276","16.5178","16.3338","0.184","16.0749","1.8823","False","18.179000000000002","16.506700000000002","12.112300000000001","3.9634","20.2972","8","1","1","False","0"
"23464","2135585588784","1846389008116","1846389199807","19.299500000000002","19.1691","0.13040000000000002","19.064400000000003","1.9419000000000002","False","18.180300000000003","19.3531","18.179000000000002","2.7893000000000003","21.9584","8","1","1","False","0"
"23464","2135585588784","1846389201111","1846389347662","14.8327","14.655100000000001","0.1776","15.297800000000002","2.1169000000000002","False","18.1933","14.7855","18.180300000000003","6.1841","20.8392","8","1","1","False","0"
"23464","2135585588784","1846389349438","1846389520308","17.2543","17.087","0.1673","17.261100000000003","2.1185","False","12.0889","17.2646","18.1933","7.1128","24.1998","8","1","1","False","0"
"23464","2135585588784","1846389521981","1846389676751","15.7157","15.477","0.23870000000000002","15.440000000000001","1.9013","False","18.209400000000002","15.644300000000001","12.0889","3.5574000000000003","19.0344","8","1","1","False","0"
"23464","2135585588784","1846389679138","1846389854243","17.687","17.5105","0.17650000000000002","17.718600000000002","1.8768","False","24.227600000000002","17.749200000000002","18.209400000000002","4.0176","21.528100000000002","8","1","1","False","0"
"23464","2135585588784","1846389856008","1846390092921","23.901200000000003","23.691300000000002","0.2099","23.9048","1.9033","False","12.1547","23.867800000000003","24.227600000000002","4.377400000000001","28.0687","8","1","1","False","0"
"23464","2135585588784","1846390095020","1846390224448","13.1355","12.9428","0.1927","13.4916","2.2368","False","30.2911","13.152700000000001","12.1547","3.3794","16.322200000000002","8","1","1","False","0"
"23464","2135585588784","1846390226375","1846390471212","24.7447","24.483700000000002","0.261","25.3931","2.9373","False","6.023700000000001","24.6764","30.2911","8.994100000000001","33.4778","8","1","1","False","0"
"23464","2135585588784","1846390473822","1846390596407","12.4371","12.2585","0.1786","11.358500000000001","1.8104","False","30.2939","12.5195","6.023700000000001","2.4983","14.7568","8","1","1","False","0"
"23464","2135585588784","1846390598193","1846390879592","28.3217","28.1399","0.18180000000000002","28.404","1.8831","False","18.2331","28.3185","30.2939","4.4737","32.6136","8","1","1","False","0"
"23464","2135585588784","1846390881410","1846391048537","16.890500000000003","16.7127","0.1778","18.1463","3.1467","False","18.1705","16.8945","18.2331","5.8123000000000005","22.525000000000002","8","1","1","False","0"
"23464","2135585588784","1846391050315","1846391210002","16.1133","15.9687","0.1446","14.846400000000001","2.1904","False","12.107700000000001","16.1465","18.1705","7.8363000000000005","23.805","8","1","1","False","0"
"23464","2135585588784","1846391211448","1846391366769","15.729200000000002","15.532100000000002","0.1971","15.7256","1.8773000000000002","False","18.174300000000002","15.6767","12.107700000000001","4.2673000000000005","19.799400000000002","8","1","1","False","0"
"23464","2135585588784","1846391368740","1846391531703","16.480300000000003","16.296300000000002","0.184","16.7482","2.1371","False","18.1954","16.4934","18.174300000000002","5.9482","22.244500000000002","8","1","1","False","0"
"23464","2135585588784","1846391533543","1846391710329","17.863699999999998","17.6786","0.18510000000000001","18.377100000000002","2.6576","False","12.0984","17.8626","18.1954","6.281000000000001","23.959600000000002","8","1","1","False","0"
"23464","2135585588784","1846391712180","1846391865926","15.552000000000001","15.374600000000001","0.1774","14.907799999999998","2.0141","False","36.3917","15.559700000000001","12.0984","2.8197","18.194300000000002","8","1","1","False","0"
"23464","2135585588784","1846391867700","1846392165844","30.0376","29.814400000000003","0.2232","31.2844","3.2704","False","12.100200000000001","29.9918","36.3917","9.2196","39.034","8","1","1","False","0"
"23464","2135585588784","1846392168076","1846392329279","16.2929","16.1203","0.1726","15.019200000000001","1.983","False","18.1964","16.343500000000002","12.100200000000001","4.9763","21.096600000000002","8","1","1","False","0"
"23464","2135585588784","1846392331005","1846392486388","15.733500000000001","15.538300000000001","0.1952","15.777700000000001","2.0366","False","12.0852","15.7109","18.1964","7.4618","23.0001","8","1","1","False","0"
"23464","2135585588784","1846392488340","1846392644762","15.837900000000001","15.6422","0.1957","15.859","2.0634","False","24.2912","15.8374","12.0852","3.7096","19.3518","8","1","1","False","0"
"23464","2135585588784","1846392646719","1846392837969","19.3201","19.125","0.1951","20.537300000000002","3.2676000000000003","False","12.1029","19.320700000000002","24.2912","8.680100000000001","27.805100000000003","8","1","1","False","0"
"23464","2135585588784","1846392839920","1846392972145","13.3629","13.2225","0.1404","11.652700000000001","1.8679000000000001","False","18.188100000000002","13.4176","12.1029","7.3654","20.5879","8","1","1","False","0"
"23464","2135585588784","1846392973549","1846393148864","17.706400000000002","17.5315","0.1749","18.0305","1.8844","False","12.0942","17.6719","18.188100000000002","7.881600000000001","25.4131","8","1","1","False","0"
"23464","2135585588784","1846393150613","1846393307768","15.8924","15.7155","0.1769","15.899600000000001","1.8846","False","24.2585","15.890400000000001","12.0942","4.0854","19.800900000000002","8","1","1","False","0"
"23464","2135585588784","1846393309537","1846393529995","22.264499999999998","22.0458","0.2187","23.5899","3.2425","False","12.128200000000001","22.2227","24.2585","6.1212","28.167","8","1","1","False","0"
"23464","2135585588784","1846393532182","1846393655693","12.5167","12.3511","0.1656","11.666500000000001","2.3587000000000002","False","18.1825","12.5698","12.128200000000001","5.679600000000001","18.0307","8","1","1","False","0"
"23464","2135585588784","1846393657349","1846393826110","17.058","16.8761","0.1819","17.235200000000003","2.5458000000000003","False","12.1006","17.041700000000002","18.1825","6.8204","23.6965","8","1","1","False","0"
"23464","2135585588784","1846393827929","1846393980477","15.451200000000002","15.254800000000001","0.19640000000000002","14.780000000000001","1.8932","False","18.1822","15.4367","12.1006","3.4843","18.7391","8","1","1","False","0"
"23464","2135585588784","1846393982441","1846394137452","15.693800000000001","15.501100000000001","0.1927","17.041600000000003","3.2164","False","36.3909","15.697500000000002","18.1822","5.969","21.470100000000002","8","1","1","False","0"
"23464","2135585588784","1846394139379","1846394485536","34.833800000000004","34.615700000000004","0.21810000000000002","34.7333","3.1567000000000003","False","12.1494","34.8084","36.3909","7.551500000000001","42.1672","8","1","1","False","0"
"23464","2135585588784","1846394487717","1846394638774","15.271500000000001","15.1057","0.1658","14.033800000000001","1.8752000000000002","False","18.140700000000002","15.3238","12.1494","4.3771","19.4828","8","1","1","False","0"
"23464","2135585588784","1846394640432","1846394798815","15.9963","15.8383","0.158","17.084400000000002","3.2808","False","12.1027","16.0041","18.140700000000002","6.5137","22.352","8","1","1","False","0"
"23464","2135585588784","1846394800395","1846394959570","16.0915","15.9175","0.17400000000000002","15.334100000000001","2.2142","False","18.1983","16.0755","12.1027","2.5409","18.4584","8","1","1","False","0"
"23464","2135585588784","1846394961310","1846395107738","14.818700000000002","14.642800000000001","0.1759","15.874199999999998","3.2670000000000003","False","18.206500000000002","14.8168","18.1983","5.9224000000000006","20.5652","8","1","1","False","0"
"23464","2135585588784","1846395109497","1846395270800","16.320700000000002","16.130300000000002","0.1904","15.1441","2.1023","False","12.0882","16.3062","18.206500000000002","7.8227","23.953","8","1","1","False","0"
"23464","2135585588784","1846395272704","1846395417931","14.721400000000001","14.5227","0.19870000000000002","14.6501","2.0269","False","18.197300000000002","14.7131","12.0882","5.1978","19.7205","8","1","1","False","0"
"23464","2135585588784","1846395419918","1846395588319","17.0215","16.8401","0.1814","17.503800000000002","2.4846","False","12.1174","17.038800000000002","18.197300000000002","6.3563","23.1964","8","1","1","False","0"
"23464","2135585588784","1846395590133","1846395735870","14.741800000000001","14.5737","0.1681","14.376700000000001","2.1346000000000003","False","18.1748","14.7551","12.1174","3.7186000000000003","18.2923","8","1","1","False","0"
"23464","2135585588784","1846395737551","1846395883829","14.8015","14.6278","0.17370000000000002","17.5794","4.9122","False","12.1136","14.795900000000001","18.1748","7.0975","21.7253","8","1","1","False","0"
"23464","2135585588784","1846395885566","1846396034953","15.1286","14.9387","0.1899","12.0907","1.869","False","18.204","15.112400000000001","12.1136","4.0987","19.0374","8","1","1","False","0"
"23464","2135585588784","1846396036852","1846396194911","15.9921","15.805900000000001","0.1862","17.2869","3.1792000000000002","False","18.1899","15.995800000000001","18.204","6.306900000000001","22.1128","8","1","1","False","0"
"23464","2135585588784","1846396196773","1846396366205","17.171100000000003","16.9432","0.22790000000000002","16.2813","2.3312","False","12.106300000000001","17.1294","18.1899","7.3674","24.3106","8","1","1","False","0"
"23464","2135585588784","1846396368484","1846396525483","15.832900000000002","15.699900000000001","0.133","15.108600000000003","1.8776000000000002","False","12.1082","15.927800000000001","12.106300000000001","3.5459","19.245800000000003","8","1","1","False","0"
"23464","2135585588784","1846396526813","1846396659187","13.4428","13.237400000000001","0.2054","13.7354","1.8635000000000002","False","18.245900000000002","13.3704","12.1082","2.2837","15.5211","8","1","1","False","0"
"23464","2135585588784","1846396661241","1846396812003","15.2502","15.0762","0.17400000000000002","16.4738","3.0697","False","30.255000000000003","15.281600000000001","18.245900000000002","5.248","20.3242","8","1","1","False","0"
"23464","2135585588784","1846396813743","1846397120087","30.889300000000002","30.634400000000003","0.2549","30.686300000000003","2.9074","False","12.116800000000001","30.808400000000002","30.255000000000003","4.6946","35.329","8","1","1","False","0"
"23464","2135585588784","1846397122636","1846397239914","11.9251","11.7278","0.1973","10.953800000000001","1.8956000000000002","False","18.1843","11.982700000000001","12.116800000000001","4.8287","16.5565","8","1","1","False","0"
"23464","2135585588784","1846397241887","1846397412083","17.1984","17.0196","0.17880000000000001","17.2739","1.9776","False","12.094000000000001","17.216900000000003","18.1843","5.7961","22.8157","8","1","1","False","0"
"23464","2135585588784","1846397413871","1846397569099","15.6897","15.5228","0.16690000000000002","15.711300000000001","1.9939","False","18.196","15.701600000000001","12.094000000000001","2.1885","17.7113","8","1","1","False","0"
"23464","2135585588784","1846397570768","1846397736151","16.7528","16.5383","0.21450000000000002","16.6314","1.9155000000000002","False","18.1847","16.7052","18.196","3.6793","20.2176","8","1","1","False","0"
"23464","2135585588784","1846397738296","1846397882849","14.654700000000002","14.455300000000001","0.19940000000000002","17.6079","4.8288","False","12.1056","14.6698","18.1847","7.1942","21.6495","8","1","1","False","0"
"23464","2135585588784","1846397884843","1846398050704","16.7662","16.586100000000002","0.1801","13.8201","1.8849","False","24.2818","16.785500000000003","12.1056","2.5143","19.1004","8","1","1","False","0"
"23464","2135585588784","1846398052505","1846398248852","19.819000000000003","19.634700000000002","0.18430000000000002","21.3139","3.3810000000000002","False","12.108600000000001","19.8148","24.2818","6.9813","26.616","8","1","1","False","0"
"23464","2135585588784","1846398250695","1846398391169","14.225700000000002","14.047400000000001","0.17830000000000001","12.803","1.9540000000000002","False","18.207800000000002","14.2317","12.108600000000001","4.8582","18.9056","8","1","1","False","0"
"23464","2135585588784","1846398392952","1846398545861","15.472700000000001","15.2909","0.18180000000000002","15.392900000000001","1.8678000000000001","False","12.0706","15.4692","18.207800000000002","7.5968","22.887700000000002","8","1","1","False","0"
"23464","2135585588784","1846398547679","1846398695032","14.9313","14.7353","0.196","16.7998","3.7552000000000003","False","12.132100000000001","14.917100000000001","12.0706","4.7503","19.4856","8","1","1","False","0"
"23464","2135585588784","1846398696992","1846398833760","13.8566","13.6768","0.17980000000000002","12.4144","2.2882000000000002","False","18.1859","13.8728","12.132100000000001","3.0096000000000003","16.686400000000003","8","1","1","False","0"
"23464","2135585588784","1846398835558","1846398993110","15.921000000000001","15.7552","0.1658","16.813000000000002","3.1862000000000004","False","12.1202","15.935","18.1859","5.2605","21.015700000000002","8","1","1","False","0"
"23464","2135585588784","1846398994768","1846399139634","14.680000000000001","14.486600000000001","0.19340000000000002","13.698","2.2105","False","18.1797","14.6524","12.1202","2.7283","17.2149","8","1","1","False","0"
"23464","2135585588784","1846399141568","1846399293917","15.388000000000002","15.234900000000001","0.1531","17.7619","4.8927000000000005","False","12.110800000000001","15.4283","18.1797","5.4797","20.7146","8","1","1","False","0"
"23464","2135585588784","1846399295448","1846399438320","14.4708","14.2872","0.1836","12.0226","2.1376","False","18.198","14.4403","12.110800000000001","3.1502000000000003","17.4374","8","1","1","False","0"
"23464","2135585588784","1846399440156","1846399603064","16.520300000000002","16.2908","0.2295","17.3746","3.0039000000000002","False","18.1954","16.4744","18.198","4.8738","21.1646","8","1","1","False","0"
"23464","2135585588784","1846399605359","1846399750453","14.698800000000002","14.509400000000001","0.1894","14.0312","2.3215","False","12.099400000000001","14.738900000000001","18.1954","8.330300000000001","22.8397","8","1","1","False","0"
"23464","2135585588784","1846399752347","1846399903366","15.277800000000001","15.1019","0.1759","15.8643","2.9117","False","12.118400000000001","15.291300000000001","12.099400000000001","5.1384","20.2403","8","1","1","False","0"
"23464","2135585588784","1846399905125","1846400050260","14.687000000000001","14.5135","0.17350000000000002","13.6461","1.8687","False","18.1923","14.689400000000001","12.118400000000001","2.5674","17.0809","8","1","1","False","0"
"23464","2135585588784","1846400051995","1846400204633","15.451700000000002","15.263800000000002","0.1879","16.7571","3.1792000000000002","False","18.2112","15.4373","18.1923","5.3224","20.5862","8","1","1","False","0"
"23464","2135585588784","1846400206512","1846400359830","15.518500000000001","15.331800000000001","0.1867","14.5367","2.1986","False","12.0905","15.5197","18.2112","8.0139","23.3457","8","1","1","False","0"
"23464","2135585588784","1846400361697","1846400501552","14.1901","13.9855","0.2046","15.5937","3.6051","False","18.172700000000003","14.1722","12.0905","5.9322","19.9177","8","1","1","False","0"
"23464","2135585588784","1846400503598","1846400687095","18.524500000000003","18.349700000000002","0.1748","19.418","4.4905","False","12.123800000000001","18.5543","18.172700000000003","5.5506","23.9003","8","1","1","False","0"
"23464","2135585588784","1846400688843","1846400820712","13.3632","13.186900000000001","0.1763","10.7696","1.8898000000000001","False","18.2166","13.3617","12.123800000000001","4.3127","17.4996","8","1","1","False","0"
"23464","2135585588784","1846400822475","1846400972686","15.1982","15.0211","0.1771","15.729200000000002","2.4325","False","12.0783","15.1974","18.2166","7.3319","22.353","8","1","1","False","0"
"23464","2135585588784","1846400974457","1846401127340","15.467900000000002","15.288300000000001","0.1796","14.932199999999998","1.883","False","24.2541","15.4654","12.0783","3.9448000000000003","19.2331","8","1","1","False","0"
"23464","2135585588784","1846401129136","1846401362724","23.528100000000002","23.358800000000002","0.1693","24.6188","2.9745","False","18.1587","23.538400000000003","24.2541","4.6605","28.0193","8","1","1","False","0"
"23464","2135585588784","1846401364417","1846401512643","14.960500000000001","14.822600000000001","0.1379","14.860800000000001","3.2049000000000003","False","24.2685","14.991900000000001","18.1587","7.8273","22.649900000000002","8","1","1","False","0"
"23464","2135585588784","1846401514022","1846401794794","28.2617","28.0772","0.1845","28.325300000000002","2.9415","False","18.1873","28.2151","24.2685","3.8807","31.957900000000002","8","1","1","False","0"
"23464","2135585588784","1846401796639","1846401961970","16.710900000000002","16.5331","0.1778","15.842400000000001","2.0825","False","12.1082","16.7176","18.1873","5.3504000000000005","21.8835","8","1","1","False","0"
"23464","2135585588784","1846401963748","1846402107830","14.5776","14.4082","0.1694","14.7949","2.289","False","18.2036","14.586","12.1082","2.8726000000000003","17.2808","8","1","1","False","0"
"23464","2135585588784","1846402109524","1846402240337","13.2684","13.0813","0.18710000000000002","12.7687","1.7963","False","12.107000000000001","13.2507","18.2036","7.825500000000001","20.9068","8","1","1","False","0"
"23464","2135585588784","1846402242208","1846402393837","15.348500000000001","15.1629","0.18560000000000001","15.442200000000001","1.8848","False","18.1663","15.350000000000001","12.107000000000001","4.5825000000000005","19.7454","8","1","1","False","0"
"23464","2135585588784","1846402395693","1846402544619","15.0671","14.8926","0.17450000000000002","15.037600000000001","1.8589","False","30.3156","15.0782","18.1663","7.6706","22.563200000000002","8","1","1","False","0"
"23464","2135585588784","1846402546364","1846402871619","32.7055","32.5255","0.18000000000000002","34.1088","3.2581","False","18.2077","32.7","30.3156","5.2862","37.8117","8","1","1","False","0"
"23464","2135585588784","1846402873419","1846403027545","15.594100000000001","15.412600000000001","0.18150000000000002","14.5511","2.2127","False","12.0996","15.592600000000001","18.2077","7.9013","23.3139","8","1","1","False","0"
"23464","2135585588784","1846403029360","1846403173961","14.63","14.4601","0.1699","14.4555","2.0417","False","18.215500000000002","14.6416","12.0996","5.3593","19.8194","8","1","1","False","0"
"23464","2135585588784","1846403175660","1846403334104","16.0416","15.8444","0.19720000000000001","15.9122","1.9345","False","12.0999","16.014300000000002","18.215500000000002","7.5605","23.4049","8","1","1","False","0"
"23464","2135585588784","1846403336076","1846403466924","13.264300000000002","13.084800000000001","0.17950000000000002","13.6268","2.2809","False","30.3033","13.282","12.0999","6.3784","19.4632","8","1","1","False","0"
"23464","2135585588784","1846403468719","1846403763648","29.693400000000004","29.492900000000002","0.2005","29.912300000000002","2.4992","False","18.1909","29.6724","30.3033","7.0093000000000005","36.5022","8","1","1","False","0"
"23464","2135585588784","1846403765653","1846403933502","16.987000000000002","16.7849","0.2021","16.6173","2.1589","False","12.110000000000001","16.985400000000002","18.1909","8.2148","24.9997","8","1","1","False","0"
"23464","2135585588784","1846403935523","1846404067951","13.3886","13.2428","0.1458","13.1527","2.2350000000000003","False","12.104600000000001","13.4449","12.110000000000001","6.8799","20.122700000000002","8","1","1","False","0"
"23464","2135585588784","1846404069409","1846404222647","15.7217","15.3238","0.39790000000000003","15.814600000000002","2.1963","False","18.1946","15.469600000000002","12.104600000000001","3.5149000000000004","18.8387","8","1","1","False","0"
"23464","2135585588784","1846404226626","1846404372950","15.060400000000001","14.6324","0.42800000000000005","15.373700000000001","2.5238","False","12.0995","15.0303","18.1946","6.679200000000001","21.311600000000002","8","1","1","False","0"
"23464","2135585588784","1846404377230","1846404525627","15.062800000000001","14.8397","0.22310000000000002","14.5396","1.8186","False","30.293400000000002","15.267700000000001","12.0995","3.511","18.3507","8","1","1","False","0"
"23464","2135585588784","1846404527858","1846404826288","30.0696","29.843","0.22660000000000002","31.2449","3.0011","False","18.206500000000002","30.066100000000002","30.293400000000002","3.7383","33.5813","8","1","1","False","0"
"23464","2135585588784","1846404828554","1846404987255","16.0673","15.8701","0.19720000000000001","16.3308","3.2101","False","18.2014","16.096700000000002","18.206500000000002","5.8481000000000005","21.7182","8","1","1","False","0"
"23464","2135585588784","1846404989227","1846405149416","16.4067","16.018900000000002","0.38780000000000003","15.2003","2.2189","False","12.1144","16.2161","18.2014","7.8334","23.8523","8","1","1","False","0"
"23464","2135585588784","1846405153294","1846405291492","14.035300000000001","13.8198","0.2155","15.6125","3.6204","False","18.1857","14.207600000000001","12.1144","5.740200000000001","19.560000000000002","8","1","1","False","0"
"23464","2135585588784","1846405293647","1846405452011","16.0503","15.836400000000001","0.2139","14.3176","1.8920000000000001","False","12.107000000000001","16.0519","18.1857","7.8740000000000006","23.7104","8","1","1","False","0"
"23464","2135585588784","1846405454150","1846405604213","15.240000000000002","15.006300000000001","0.23370000000000002","15.277700000000001","1.9262000000000001","False","18.1998","15.2202","12.107000000000001","4.760800000000001","19.7671","8","1","1","False","0"
"23464","2135585588784","1846405606550","1846405753722","14.9343","14.7172","0.21710000000000002","15.101500000000001","2.0959000000000003","False","12.1033","14.9509","18.1998","8.0097","22.7269","8","1","1","False","0"
"23464","2135585588784","1846405755893","1846405912821","15.9213","15.6928","0.2285","15.731800000000002","1.9174","False","18.187","15.9099","12.1033","4.2031","19.8959","8","1","1","False","0"
"23464","2135585588784","1846405915106","1846406069141","15.712200000000001","15.403500000000001","0.30870000000000003","15.5811","2.2183","False","12.0965","15.632000000000001","18.187","6.758100000000001","22.1616","8","1","1","False","0"
"23464","2135585588784","1846406072228","1846406231540","16.3307","15.9312","0.3995","16.604100000000003","2.2181","False","18.2053","16.239900000000002","12.0965","2.6147","18.5459","8","1","1","False","0"
"23464","2135585588784","1846406235535","1846406383419","15.016100000000002","14.788400000000001","0.2277","16.1853","3.2148000000000003","False","12.0998","15.1879","18.2053","5.6321","20.4205","8","1","1","False","0"
"23464","2135585588784","1846406385696","1846406533223","14.9596","14.7527","0.2069","13.641900000000001","1.8957000000000002","False","24.2668","14.980400000000001","12.0998","2.7515","17.5042","8","1","1","False","0"
"23464","2135585588784","1846406535292","1846406680793","14.774000000000001","14.5501","0.22390000000000002","18.964000000000002","6.091","False","6.033","14.757000000000001","24.2668","12.2613","26.811400000000003","8","1","1","False","0"
"23464","2135585588784","1846406683032","1846406836886","15.565000000000001","15.3854","0.1796","11.7696","2.2493000000000003","False","18.2131","15.609300000000001","6.033","2.685","18.0704","8","1","1","False","0"
"23464","2135585588784","1846406838682","1846406992675","15.58","15.3993","0.1807","15.361","2.0409","False","18.1923","15.5789","18.2131","5.3192","20.718500000000002","8","1","1","False","0"
"23464","2135585588784","1846406994482","1846407148209","15.5505","15.3727","0.1778","15.386700000000001","1.8709","False","12.1071","15.5534","18.1923","7.9581","23.3308","8","1","1","False","0"
"23464","2135585588784","1846407149987","1846407283419","13.539100000000001","13.343200000000001","0.19590000000000002","13.767000000000001","2.1106000000000003","False","12.0877","13.521","12.1071","6.5442","19.8874","8","1","1","False","0"
"23464","2135585588784","1846407285378","1846407440083","15.670600000000002","15.470500000000001","0.2001","15.7888","2.2147","False","18.235400000000002","15.666400000000001","12.0877","2.9655","18.436","8","1","1","False","0"
"23464","2135585588784","1846407442084","1846407595068","15.4297","15.2984","0.1313","16.075300000000002","3.1946000000000003","False","24.2236","15.4985","18.235400000000002","5.7024","21.0008","8","1","1","False","0"
"23464","2135585588784","1846407596381","1846407820420","22.5982","22.4039","0.1943","23.117800000000003","3.3894","False","12.100100000000001","22.5352","24.2236","7.3908000000000005","29.794700000000002","8","1","1","False","0"
"23464","2135585588784","1846407822363","1846407972046","15.1431","14.968300000000001","0.1748","13.637","1.8759000000000001","False","18.2189","15.162600000000001","12.100100000000001","4.3283000000000005","19.2966","8","1","1","False","0"
"23464","2135585588784","1846407973794","1846408118661","14.671800000000001","14.4867","0.18510000000000001","14.8764","2.0792","False","12.0999","14.6615","18.2189","7.885700000000001","22.372400000000003","8","1","1","False","0"
"23464","2135585588784","1846408120512","1846408268693","14.988000000000001","14.818100000000001","0.1699","14.8809","1.9717","False","12.098600000000001","15.003200000000001","12.0999","4.9824","19.8005","8","1","1","False","0"
"23464","2135585588784","1846408270392","1846408416299","14.7672","14.5907","0.17650000000000002","14.8025","2.0100000000000002","False","24.2654","14.7606","12.098600000000001","2.3204000000000002","16.9111","8","1","1","False","0"
"23464","2135585588784","1846408418064","1846408609390","19.3244","19.1326","0.1918","20.6782","3.3791","False","12.110100000000001","19.3091","24.2654","7.2767","26.4093","8","1","1","False","0"
"23464","2135585588784","1846408611308","1846408758056","14.870500000000002","14.674800000000001","0.1957","13.3229","1.8175000000000001","False","18.1975","14.8666","12.110100000000001","4.5202","19.195","8","1","1","False","0"
"23464","2135585588784","1846408760013","1846408920792","16.2762","16.0779","0.1983","16.6022","2.1366","False","12.145100000000001","16.273600000000002","18.1975","6.444100000000001","22.522000000000002","8","1","1","False","0"
"23464","2135585588784","1846408922775","1846409072390","15.134","14.961500000000001","0.17250000000000001","14.929200000000002","1.9371","False","18.1523","15.1598","12.145100000000001","3.4294000000000002","18.390900000000002","8","1","1","False","0"
"23464","2135585588784","1846409074115","1846409228326","15.6071","15.421100000000001","0.186","16.918300000000002","3.2510000000000003","False","18.1613","15.5936","18.1523","5.9881","21.409200000000002","8","1","1","False","0"
"23464","2135585588784","1846409230186","1846409437029","21.279700000000002","20.6843","0.5954","19.7874","1.8516000000000001","False","12.1167","20.8703","18.1613","3.2791","23.9634","8","1","1","False","0"
"23464","2135585588784","1846409442983","1846409558559","11.731000000000002","11.5576","0.1734","12.3065","2.3268","False","18.2036","12.153","12.1167","3.2428000000000003","14.800400000000002","8","1","1","False","0"
"23464","2135585588784","1846409560293","1846409711533","15.3061","15.124","0.1821","16.451","3.4736000000000002","False","12.1075","15.297400000000001","18.2036","6.149","21.273","8","1","1","False","0"
"23464","2135585588784","1846409713354","1846409855879","14.4014","14.252500000000001","0.1489","12.5957","1.9999","False","18.203400000000002","14.434600000000001","12.1075","3.8219000000000003","18.0744","8","1","1","False","0"
"23464","2135585588784","1846409857368","1846410007452","15.1833","15.0084","0.1749","15.9694","2.4575","False","12.0884","15.157300000000001","18.203400000000002","6.868","21.8764","8","1","1","False","0"
"23464","2135585588784","1846410009201","1846410157434","15.006700000000002","14.823300000000001","0.1834","14.446800000000001","1.8897000000000002","False","18.2024","14.9982","12.0884","3.9582","18.7815","8","1","1","False","0"
"23464","2135585588784","1846410159268","1846410315204","15.7806","15.5936","0.187","17.1204","3.2444","False","12.1904","15.777000000000001","18.2024","6.3836","21.9772","8","1","1","False","0"
"23464","2135585588784","1846410317074","1846410467060","15.263500000000002","14.998600000000001","0.2649","13.8629","1.9000000000000001","False","18.1267","15.1856","12.1904","3.3884000000000003","18.387","8","1","1","False","0"
"23464","2135585588784","1846410469709","1846410611354","14.390600000000001","14.1645","0.22610000000000002","15.536000000000001","3.0099","False","12.1112","14.429400000000001","18.1267","7.0857","21.2502","8","1","1","False","0"
"23464","2135585588784","1846410613615","1846410759817","14.8681","14.6202","0.2479","13.7575","1.9007","False","18.1954","14.846300000000001","12.1112","4.3506","18.9708","8","1","1","False","0"
"23464","2135585588784","1846410762296","1846410902445","14.199900000000001","14.0149","0.185","15.4503","3.1300000000000003","False","12.1083","14.2628","18.1954","8.2832","22.2981","8","1","1","False","0"
"23464","2135585588784","1846410904295","1846411052205","14.9773","14.791","0.18630000000000002","14.0157","2.1702","False","18.195","14.976","12.1083","5.415500000000001","20.206500000000002","8","1","1","False","0"
"23464","2135585588784","1846411054068","1846411207025","15.4692","15.2957","0.17350000000000002","15.534300000000002","2.2237","False","12.0996","15.482000000000001","18.195","8.1285","23.424200000000003","8","1","1","False","0"
"23464","2135585588784","1846411208760","1846411354398","14.754100000000001","14.5638","0.1903","14.448500000000001","1.9187","False","18.2025","14.737300000000001","12.0996","5.4908","20.0546","8","1","1","False","0"
"23464","2135585588784","1846411356301","1846411502450","14.7948","14.6149","0.1799","15.8399","2.9669000000000003","False","12.103200000000001","14.805200000000001","18.2025","8.8881","23.503","8","1","1","False","0"
"23464","2135585588784","1846411504249","1846411654099","15.1461","14.985000000000001","0.16110000000000002","14.3749","2.1859","False","12.1076","15.164900000000001","12.103200000000001","5.8264000000000005","20.811400000000003","8","1","1","False","0"
"23464","2135585588784","1846411655710","1846411807969","15.3686","15.225900000000001","0.1427","15.134300000000001","2.2521","False","18.1937","15.387","12.1076","2.547","17.7729","8","1","1","False","0"
"23464","2135585588784","1846411809396","1846411961233","15.3713","15.1837","0.18760000000000002","16.5085","3.0935","False","12.1148","15.326400000000001","18.1937","5.4143","20.598000000000003","8","1","1","False","0"
"23464","2135585588784","1846411963109","1846412110774","14.939900000000002","14.7665","0.1734","13.795","1.9503000000000001","False","18.198600000000003","14.9541","12.1148","2.575","17.3415","8","1","1","False","0"
"23464","2135585588784","1846412112508","1846412262363","15.1725","14.9855","0.187","16.314500000000002","3.1049","False","12.099","15.158900000000001","18.198600000000003","5.6147","20.6002","8","1","1","False","0"
"23464","2135585588784","1846412264233","1846412411869","14.9503","14.7636","0.1867","14.0882","2.2288","False","18.209300000000002","14.950600000000001","12.099","2.7631","17.5267","8","1","1","False","0"
"23464","2135585588784","1846412413736","1846412562452","15.0594","14.8716","0.18780000000000002","15.9113","3.0787","False","18.1924","15.058300000000001","18.209300000000002","5.9141","20.785700000000002","8","1","1","False","0"
"23464","2135585588784","1846412564330","1846412721901","15.9944","15.757100000000001","0.2373","14.821800000000001","1.9532","False","12.1021","15.9449","18.1924","8.1616","23.9187","8","1","1","False","0"
"23464","2135585588784","1846412724274","1846412864689","14.208900000000002","14.041500000000001","0.16740000000000002","14.3671","2.0628","False","12.0998","14.2788","12.1021","5.9849000000000006","20.026400000000002","8","1","1","False","0"
"23464","2135585588784","1846412866363","1846413018098","15.3483","15.1735","0.1748","15.5007","2.2211000000000003","False","18.1983","15.340900000000001","12.0998","2.7438000000000002","17.9173","8","1","1","False","0"
"23464","2135585588784","1846413019846","1846413178490","16.0625","15.864400000000002","0.1981","16.933400000000002","3.0927000000000002","False","18.1936","16.0392","18.1983","4.9029","20.767300000000002","8","1","1","False","0"
"23464","2135585588784","1846413180471","1846413330994","15.2226","15.0523","0.1703","14.0054","1.8743","False","18.189700000000002","15.2504","18.1936","7.846100000000001","22.898400000000002","8","1","1","False","0"
"23464","2135585588784","1846413332697","1846413482127","15.1681","14.943000000000001","0.22510000000000002","18.075300000000002","4.8338","False","12.1181","15.1133","18.189700000000002","10.922500000000001","25.8655","8","1","1","False","0"
"23464","2135585588784","1846413484378","1846413640878","15.7847","15.65","0.13470000000000001","13.027700000000001","2.3417","False","12.1357","15.875100000000002","12.1181","7.165500000000001","22.8155","8","1","1","False","0"
"23464","2135585588784","1846413642225","1846413793043","15.264400000000002","15.081800000000001","0.1826","15.2048","1.9648","False","18.1857","15.2165","12.1357","4.0847","19.1665","8","1","1","False","0"
"23464","2135585588784","1846413794869","1846413960134","16.7192","16.526500000000002","0.1927","17.7379","2.9819","False","18.151600000000002","16.7091","18.1857","5.5613","22.0878","8","1","1","False","0"
"23464","2135585588784","1846413962061","1846414135161","17.495","17.310000000000002","0.185","17.6125","3.0987","False","18.1782","17.5027","18.151600000000002","6.2102","23.520200000000003","8","1","1","False","0"
"23464","2135585588784","1846414137011","1846414306656","17.1395","16.9645","0.17500000000000002","16.656000000000002","2.6042","False","12.1036","17.1495","18.1782","7.2389","24.203400000000002","8","1","1","False","0"
"23464","2135585588784","1846414308406","1846414470110","16.3456","16.1704","0.1752","15.6088","1.881","False","18.182000000000002","16.3454","12.1036","2.9971","19.1675","8","1","1","False","0"
"23464","2135585588784","1846414471862","1846414637839","16.7862","16.5977","0.1885","17.8582","2.9492000000000003","False","18.198600000000003","16.7729","18.182000000000002","4.4062","21.0039","8","1","1","False","0"
"23464","2135585588784","1846414639724","1846414794216","15.634800000000002","15.449200000000001","0.18560000000000001","16.265","3.5947","False","12.1051","15.6377","18.198600000000003","6.9671","22.4163","8","1","1","False","0"
"23464","2135585588784","1846414796072","1846414959083","16.4739","16.3011","0.1728","15.1118","2.2224","False","18.258100000000002","16.4867","12.1051","2.5855","18.8866","8","1","1","False","0"
"23464","2135585588784","1846414960811","1846415126261","16.724300000000003","16.545","0.17930000000000001","17.4597","2.9577","False","18.1434","16.7178","18.258100000000002","4.1258","20.6708","8","1","1","False","0"
"23464","2135585588784","1846415128054","1846415294068","16.7935","16.6014","0.19210000000000002","17.9445","4.1031","False","18.1505","16.7807","18.1434","5.4885","22.0899","8","1","1","False","0"
"23464","2135585588784","1846415295989","1846415468738","17.416200000000003","17.274900000000002","0.1413","16.189","3.1861","False","18.1878","17.467000000000002","18.1505","6.172000000000001","23.4469","8","1","1","False","0"
"23464","2135585588784","1846415470151","1846415672516","20.3986","20.2365","0.1621","19.490000000000002","1.9663000000000002","False","12.1076","20.3778","18.1878","3.982","24.218500000000002","8","1","1","False","0"
"23464","2135585588784","1846415674137","1846415803689","13.129000000000001","12.955200000000001","0.1738","13.3825","2.2237","False","18.1814","13.1173","12.1076","2.9723","15.9275","8","1","1","False","0"
"23464","2135585588784","1846415805427","1846415962498","15.9144","15.7071","0.2073","16.8532","3.1651000000000002","False","18.186600000000002","15.8809","18.1814","5.2728","20.9799","8","1","1","False","0"
"23464","2135585588784","1846415964571","1846416130607","16.7943","16.6036","0.1907","16.8597","3.2425","False","18.198800000000002","16.8109","18.186600000000002","6.6485","23.252100000000002","8","1","1","False","0"
"23464","2135585588784","1846416132514","1846416306786","17.6597","17.4272","0.2325","16.2717","1.8743","False","12.1019","17.617900000000002","18.198800000000002","7.2294","24.6566","8","1","1","False","0"
"23464","2135585588784","1846416309111","1846416472025","16.4815","16.2914","0.19010000000000002","16.6268","1.9862000000000002","False","18.216900000000003","16.5239","12.1019","2.8074000000000003","19.0988","8","1","1","False","0"
"23464","2135585588784","1846416473926","1846416626972","15.4928","15.3046","0.1882","16.5286","3.0210000000000004","False","18.1366","15.4947","18.216900000000003","5.5296","20.834200000000003","8","1","1","False","0"
"23464","2135585588784","1846416628854","1846416803191","17.604300000000002","17.4337","0.1706","17.7575","3.1701","False","18.1937","17.6219","18.1366","6.044300000000001","23.478","8","1","1","False","0"
"23464","2135585588784","1846416804897","1846416990035","18.6907","18.5138","0.1769","18.6345","3.1178000000000003","False","30.3195","18.6844","18.1937","5.5536","24.067400000000003","8","1","1","False","0"
"23464","2135585588784","1846416991804","1846417279517","28.9685","28.7713","0.19720000000000001","29.215899999999998","3.3681","False","12.100100000000001","28.9482","30.3195","6.9249","35.696200000000005","8","1","1","False","0"
"23464","2135585588784","1846417281489","1846417447217","16.7617","16.5728","0.1889","15.2871","1.8919000000000001","False","18.2021","16.77","12.100100000000001","2.255","18.8278","8","1","1","False","0"
"23464","2135585588784","1846417449106","1846417607407","16.0209","15.830100000000002","0.1908","17.116300000000003","2.9933","False","18.183500000000002","16.019000000000002","18.2021","4.4381","20.2682","8","1","1","False","0"
"23464","2135585588784","1846417609315","1846417770834","16.343300000000003","16.1519","0.19140000000000001","15.469899999999999","2.5034","False","12.0868","16.3427","18.183500000000002","6.2789","22.4308","8","1","1","False","0"
"23464","2135585588784","1846417772748","1846417929514","15.874400000000001","15.6766","0.1978","15.6477","1.8886","False","18.2009","15.868","12.0868","2.4977","18.174300000000002","8","1","1","False","0"
"23464","2135585588784","1846417931492","1846418089279","15.9509","15.7787","0.17220000000000002","17.0667","3.0004","False","18.207800000000002","15.976500000000001","18.2009","4.7221","20.5008","8","1","1","False","0"
"23464","2135585588784","1846418091001","1846418238595","14.963400000000002","14.759400000000001","0.20400000000000001","14.0866","2.1367000000000003","False","12.129800000000001","14.931600000000001","18.207800000000002","7.9983","22.7577","8","1","1","False","0"
"23464","2135585588784","1846418240635","1846418395847","15.696200000000001","15.5212","0.17500000000000002","15.4502","1.8793000000000002","False","18.148","15.725200000000001","12.129800000000001","4.4029","19.9241","8","1","1","False","0"
"23464","2135585588784","1846418397597","1846418569197","17.3486","17.16","0.18860000000000002","18.5894","3.1166","False","12.1057","17.335","18.148","5.2159","22.3759","8","1","1","False","0"
"23464","2135585588784","1846418571083","1846418720620","15.134300000000001","14.953700000000001","0.1806","13.9632","1.9533","False","24.2798","15.1423","12.1057","2.1793","17.133","8","1","1","False","0"
"23464","2135585588784","1846418722426","1846418879803","15.9217","15.7377","0.184","19.9497","5.9859","False","12.114600000000001","15.9183","24.2798","10.5408","26.2785","8","1","1","False","0"
"23464","2135585588784","1846418881643","1846419048987","16.901500000000002","16.7344","0.1671","12.9898","2.0635","False","18.205000000000002","16.918400000000002","12.114600000000001","5.737","22.471400000000003","8","1","1","False","0"
"23464","2135585588784","1846419050658","1846419205725","15.6972","15.5067","0.1905","15.812600000000003","2.1809000000000003","False","12.0914","15.6738","18.205000000000002","8.2682","23.774900000000002","8","1","1","False","0"
"23464","2135585588784","1846419207630","1846419358269","15.2346","15.0639","0.17070000000000002","15.0548","2.0046","False","18.2051","15.2544","12.0914","5.1052","20.1691","8","1","1","False","0"
"23464","2135585588784","1846419359976","1846419491835","13.3666","13.1859","0.1807","15.180900000000001","3.8164000000000002","False","12.1004","13.3566","18.2051","9.953700000000001","23.1396","8","1","1","False","0"
"23464","2135585588784","1846419493642","1846419657979","16.608900000000002","16.4337","0.1752","14.8886","2.0833","False","12.0997","16.6144","12.1004","5.4397","21.8734","8","1","1","False","0"
"23464","2135585588784","1846419659731","1846419807868","14.966600000000001","14.8137","0.1529","14.7574","2.2041","False","18.180500000000002","14.988900000000001","12.0997","2.5505","17.3642","8","1","1","False","0"
"23464","2135585588784","1846419809397","1846419978389","17.0938","16.8992","0.19460000000000002","18.4576","3.2612","False","18.209500000000002","17.0521","18.180500000000002","3.6789","20.578100000000003","8","1","1","False","0"
"23464","2135585588784","1846419980335","1846420145878","16.7482","16.5543","0.19390000000000002","16.5557","3.0764","False","18.1783","16.748900000000003","18.209500000000002","5.1395","21.6938","8","1","1","False","0"
"23464","2135585588784","1846420147817","1846420296668","15.055600000000002","14.885100000000001","0.1705","15.239400000000002","3.2392000000000003","False","12.100800000000001","15.079","18.1783","8.238800000000001","23.123900000000003","8","1","1","False","0"
"23464","2135585588784","1846420298373","1846420466671","17.018","16.829800000000002","0.1882","15.848400000000002","2.071","False","18.1824","17.0003","12.100800000000001","3.3393","20.1691","8","1","1","False","0"
"23464","2135585588784","1846420468553","1846420645602","17.8715","17.704900000000002","0.1666","18.898600000000002","3.0784000000000002","False","18.1922","17.8931","18.1824","3.6286","21.3335","8","1","1","False","0"
"23464","2135585588784","1846420647268","1846420814036","16.8463","16.6768","0.1695","16.8468","3.0975","False","18.1944","16.8434","18.1922","4.9774","21.6542","8","1","1","False","0"
"23464","2135585588784","1846420815731","1846420972175","15.8268","15.644400000000001","0.1824","15.253200000000001","2.5336000000000003","False","12.1399","15.8139","18.1944","7.357900000000001","23.0023","8","1","1","False","0"
"23464","2135585588784","1846420973999","1846421128723","15.665700000000001","15.4724","0.1933","15.0676","1.9291","False","18.2173","15.654800000000002","12.1399","3.843","19.3154","8","1","1","False","0"
"23464","2135585588784","1846421130656","1846421298459","16.9681","16.7803","0.18780000000000002","18.1341","3.1016000000000004","False","24.1595","16.9736","18.2173","5.0867","21.867","8","1","1","False","0"
"23464","2135585588784","1846421300337","1846421479296","18.078500000000002","17.8959","0.1826","20.9193","5.9453000000000005","False","24.2848","18.0837","24.1595","11.162500000000001","29.058400000000002","8","1","1","False","0"
"23464","2135585588784","1846421481122","1846421745805","26.636000000000003","26.468300000000003","0.16770000000000002","23.626900000000003","3.2699000000000003","False","6.024","26.6509","24.2848","8.7964","35.264700000000005","8","1","1","False","0"
"23464","2135585588784","1846421747482","1846421870639","12.484000000000002","12.315700000000001","0.1683","11.497300000000001","1.9381000000000002","False","18.2024","12.483400000000001","6.024","2.337","14.652700000000001","8","1","1","False","0"
"23464","2135585588784","1846421872322","1846422010862","14.0273","13.854000000000001","0.1733","15.3476","3.2422","False","12.104700000000001","14.022300000000001","18.2024","6.5171","20.371100000000002","8","1","1","False","0"
"23464","2135585588784","1846422012595","1846422160736","14.9918","14.8141","0.1777","13.9821","2.251","False","18.2023","14.987400000000001","12.104700000000001","3.6344000000000003","18.4485","8","1","1","False","0"
"23464","2135585588784","1846422162513","1846422297039","13.6462","13.4526","0.19360000000000002","14.2269","2.831","False","12.0937","13.6303","18.2023","8.2064","21.659000000000002","8","1","1","False","0"
"23464","2135585588784","1846422298975","1846422463039","16.6079","16.4064","0.2015","15.6522","1.8843","False","18.177300000000002","16.6","12.0937","3.7001000000000004","20.1065","8","1","1","False","0"
"23464","2135585588784","1846422465054","1846422621770","15.842800000000002","15.671600000000002","0.17120000000000002","17.186700000000002","3.2151","False","18.1841","15.8731","18.177300000000002","6.004300000000001","21.675900000000002","8","1","1","False","0"
"23464","2135585588784","1846422623482","1846422791193","16.9849","16.7711","0.21380000000000002","17.3929","3.6527000000000003","False","18.2137","16.9423","18.1841","7.2461","24.017200000000003","8","1","1","False","0"
"23464","2135585588784","1846422793331","1846422964109","17.282","17.0778","0.20420000000000002","16.947400000000002","3.2954000000000003","False","12.092600000000001","17.291600000000003","18.2137","8.1682","25.246000000000002","8","1","1","False","0"
"23464","2135585588784","1846422966151","1846423135540","17.1168","16.9389","0.1779","15.7864","1.9553","False","18.1739","17.1431","12.092600000000001","3.1177","20.0566","8","1","1","False","0"
"23464","2135585588784","1846423137319","1846423291353","15.585500000000001","15.403400000000001","0.1821","17.7318","4.1104","False","18.1846","15.5813","18.1739","5.7103","21.1137","8","1","1","False","0"
"23464","2135585588784","1846423293174","1846423454340","16.297400000000003","16.116600000000002","0.18080000000000002","15.2697","3.0693","False","18.2088","16.2987","18.1846","7.5962000000000005","23.7128","8","1","1","False","0"
"23464","2135585588784","1846423456148","1846423633371","17.8937","17.7223","0.1714","16.6611","2.1856","False","12.144300000000001","17.903100000000002","18.2088","7.9019","25.624200000000002","8","1","1","False","0"
"23464","2135585588784","1846423635085","1846423792274","15.892500000000002","15.718900000000001","0.1736","15.9176","1.875","False","18.1909","15.890300000000002","12.144300000000001","4.1559","19.8748","8","1","1","False","0"
"23464","2135585588784","1846423794010","1846423950749","15.858500000000001","15.673900000000001","0.18460000000000001","17.5598","3.5765000000000002","False","18.1357","15.8475","18.1909","6.499300000000001","22.1732","8","1","1","False","0"
"23464","2135585588784","1846423952595","1846424127411","17.692800000000002","17.4816","0.2112","18.6079","4.5055000000000005","False","18.1938","17.6662","18.1357","6.968800000000001","24.450400000000002","8","1","1","False","0"
"23464","2135585588784","1846424129523","1846424288375","16.0549","15.885200000000001","0.16970000000000002","15.2399","3.6694","False","12.126800000000001","16.0964","18.1938","9.0662","24.9514","8","1","1","False","0"
"23464","2135585588784","1846424290072","1846424452802","16.4595","16.273","0.1865","14.714400000000001","1.9416","False","18.2144","16.442700000000002","12.126800000000001","4.7503","21.023300000000003","8","1","1","False","0"
"23464","2135585588784","1846424454667","1846424626121","17.321900000000003","17.145400000000002","0.17650000000000002","18.535","3.1420000000000003","False","18.1327","17.3319","18.2144","5.6328000000000005","22.778200000000002","8","1","1","False","0"
"23464","2135585588784","1846424627886","1846424781149","15.536900000000001","15.326300000000002","0.2106","15.736400000000001","3.3271","False","12.1577","15.5028","18.1327","8.2627","23.589000000000002","8","1","1","False","0"
"23464","2135585588784","1846424783255","1846424947450","16.5859","16.4195","0.16640000000000002","15.2561","2.0059","False","18.1327","16.630100000000002","12.1577","3.7903000000000002","20.2098","8","1","1","False","0"
"23464","2135585588784","1846424949114","1846425114943","16.753800000000002","16.582900000000002","0.1709","17.8352","3.0907","False","18.1802","16.7493","18.1327","5.1737","21.756600000000002","8","1","1","False","0"
"23464","2135585588784","1846425116652","1846425272509","15.8147","15.585700000000001","0.229","18.634600000000002","5.9421","False","12.1502","15.7566","18.1802","7.597300000000001","23.183","8","1","1","False","0"
"23464","2135585588784","1846425274799","1846425429196","15.6195","15.4397","0.17980000000000002","12.2764","2.9254000000000002","False","18.2279","15.668700000000001","12.1502","4.0788","19.5185","8","1","1","False","0"
"23464","2135585588784","1846425430994","1846425593750","16.552300000000002","16.2756","0.2767","17.0681","3.1892","False","18.105700000000002","16.4554","18.2279","5.8513","22.126900000000003","8","1","1","False","0"
"23464","2135585588784","1846425596517","1846425763931","16.9369","16.741400000000002","0.1955","17.4541","3.6113","False","18.1878","17.0181","18.105700000000002","6.9389","23.680300000000003","8","1","1","False","0"
"23464","2135585588784","1846425765886","1846425930382","16.6325","16.4496","0.1829","15.967","2.942","False","12.170900000000001","16.6451","18.1878","8.4816","24.9312","8","1","1","False","0"
"23464","2135585588784","1846425932211","1846426077312","14.750300000000001","14.510100000000001","0.24020000000000002","14.032300000000003","2.2633","False","18.1275","14.693000000000001","12.170900000000001","5.9595","20.4696","8","1","1","False","0"
"23464","2135585588784","1846426079714","1846426249747","17.2069","17.0033","0.2036","18.172800000000002","3.2122","False","18.182000000000002","17.2435","18.1275","6.843500000000001","23.8468","8","1","1","False","0"
"23464","2135585588784","1846426251783","1846426427285","17.7336","17.5502","0.1834","17.6213","3.0766","False","12.1263","17.753800000000002","18.182000000000002","7.2717","24.821900000000003","8","1","1","False","0"
"23464","2135585588784","1846426429119","1846426579593","15.292200000000001","15.047400000000001","0.24480000000000002","15.201500000000001","3.0233000000000003","False","18.227700000000002","15.2308","12.1263","4.1672","19.2146","8","1","1","False","0"
"23464","2135585588784","1846426582041","1846426757764","17.8352","17.572300000000002","0.2629","17.7302","2.9384","False","18.133100000000002","17.8171","18.227700000000002","4.5778","22.150100000000002","8","1","1","False","0"
"23464","2135585588784","1846426760393","1846426926843","16.8556","16.645","0.2106","17.1487","3.1734","False","12.1202","16.9079","18.133100000000002","5.803","22.448","8","1","1","False","0"
"23464","2135585588784","1846426928949","1846427076467","14.897400000000001","14.751800000000001","0.1456","14.486600000000001","3.0746","False","18.1778","14.9624","12.1202","2.9608000000000003","17.712600000000002","8","1","1","False","0"
"23464","2135585588784","1846427077923","1846427246996","17.1099","16.9073","0.2026","17.3592","3.0063","False","18.1903","17.0529","18.1778","4.0857","20.993000000000002","8","1","1","False","0"
"23464","2135585588784","1846427249022","1846427416808","16.962400000000002","16.7786","0.18380000000000002","17.0775","3.1282","False","18.180400000000002","16.9812","18.1903","5.2948","22.0734","8","1","1","False","0"
"23464","2135585588784","1846427418646","1846427597637","18.0795","17.8991","0.1804","18.104400000000002","3.1461","False","18.1766","18.082900000000002","18.180400000000002","5.3923000000000005","23.2914","8","1","1","False","0"
"23464","2135585588784","1846427599441","1846427759844","16.226100000000002","16.040300000000002","0.18580000000000002","16.4666","3.3956","False","18.1833","16.2207","18.1766","7.3482","23.3885","8","1","1","False","0"
"23464","2135585588784","1846427761702","1846427926709","16.7114","16.500700000000002","0.2107","16.3886","3.0739","False","12.1233","16.686500000000002","18.1833","8.845","25.3457","8","1","1","False","0"
"23464","2135585588784","1846427928816","1846428100114","17.333099999999998","17.1298","0.2033","17.1898","2.9448000000000003","False","18.2314","17.340500000000002","12.1233","3.6278","20.7576","8","1","1","False","0"
"23464","2135585588784","1846428102147","1846428271283","17.114700000000003","16.913600000000002","0.2011","17.1555","2.9689","False","18.122700000000002","17.1169","18.2314","4.7423","21.655900000000003","8","1","1","False","0"
"23464","2135585588784","1846428273294","1846428414895","14.3463","14.1601","0.1862","14.315100000000001","2.9401","False","18.1868","14.3612","18.122700000000002","8.5038","22.6639","8","1","1","False","0"
"23464","2135585588784","1846428416757","1846428589626","17.4922","17.2869","0.2053","17.806900000000002","3.257","False","12.1277","17.473100000000002","18.1868","9.217500000000001","26.5044","8","1","1","False","0"
"23464","2135585588784","1846428591679","1846428759767","16.9891","16.8088","0.18030000000000002","16.6979","2.9607","False","18.2769","17.0141","12.1277","4.3311","21.1399","8","1","1","False","0"
"23464","2135585588784","1846428761570","1846428931266","17.1102","16.9696","0.1406","16.9857","3.145","False","18.1177","17.149900000000002","18.2769","5.4581","22.4277","8","1","1","False","0"
"23464","2135585588784","1846428932672","1846429115504","18.4775","18.2832","0.1943","18.6992","3.0543","False","18.2251","18.4238","18.1177","5.152","23.435200000000002","8","1","1","False","0"
"23464","2135585588784","1846429117447","1846429273008","15.7362","15.5561","0.1801","18.4652","5.7857","False","12.043800000000001","15.7504","18.2251","7.6267000000000005","23.1828","8","1","1","False","0"
"23464","2135585588784","1846429274809","1846429437691","16.4753","16.2882","0.18710000000000002","13.6066","2.9250000000000003","False","18.2204","16.4683","12.043800000000001","3.2022","19.4904","8","1","1","False","0"
"23464","2135585588784","1846429439562","1846429596627","15.899000000000001","15.7065","0.1925","16.1634","3.1863","False","18.1593","15.893600000000001","18.2204","5.529","21.235500000000002","8","1","1","False","0"
"23464","2135585588784","1846429598552","1846429776364","17.980400000000003","17.781200000000002","0.19920000000000002","18.1124","3.3049","False","18.1602","17.9737","18.1593","5.7146","23.495800000000003","8","1","1","False","0"
"23464","2135585588784","1846429778356","1846429940517","16.402900000000002","16.2161","0.18680000000000002","16.4818","3.3951000000000002","False","12.1292","16.415300000000002","18.1602","7.4595","23.675600000000003","8","1","1","False","0"
"23464","2135585588784","1846429942385","1846430095263","15.515600000000001","15.2878","0.2278","15.038300000000003","2.9538","False","24.2601","15.4746","12.1292","4.1141000000000005","19.4019","8","1","1","False","0"
"23464","2135585588784","1846430097541","1846430276944","18.1145","17.9403","0.17420000000000002","20.753700000000002","5.5499","False","12.1477","18.168100000000003","24.2601","10.206100000000001","28.1464","8","1","1","False","0"
"23464","2135585588784","1846430278686","1846430440971","16.4152","16.2285","0.1867","12.920300000000001","2.0514","False","18.1569","16.4027","12.1477","5.9511","22.1796","8","1","1","False","0"
"23464","2135585588784","1846430442838","1846430607799","16.638800000000003","16.496100000000002","0.1427","17.5435","3.2682","False","18.1778","16.6828","18.1569","7.4252","23.921300000000002","8","1","1","False","0"
"23464","2135585588784","1846430609226","1846430774557","16.7163","16.5331","0.1832","17.008100000000002","3.2619000000000002","False","12.198400000000001","16.675800000000002","18.1778","8.927200000000001","25.4603","8","1","1","False","0"
"23464","2135585588784","1846430776389","1846430939954","16.5245","16.3565","0.168","15.1531","1.8787","False","18.0856","16.5397","12.198400000000001","4.5859000000000005","20.9424","8","1","1","False","0"
"23464","2135585588784","1846430941634","1846431097783","15.8167","15.6149","0.2018","17.136","3.2061","False","30.3499","15.782900000000001","18.0856","6.8886","22.503500000000003","8","1","1","False","0"
"23464","2135585588784","1846431099801","1846431393715","29.5793","29.3914","0.1879","29.698700000000002","3.3277","False","12.113900000000001","29.593200000000003","30.3499","7.645300000000001","37.0367","8","1","1","False","0"
"23464","2135585588784","1846431395594","1846431529392","13.551100000000002","13.379800000000001","0.1713","12.4208","2.1888","False","12.109300000000001","13.5677","12.113900000000001","6.1915000000000004","19.5713","8","1","1","False","0"
"23464","2135585588784","1846431531105","1846431657948","12.8706","12.6843","0.18630000000000002","12.7332","2.047","False","12.090300000000001","12.8556","12.109300000000001","5.4452","18.1295","8","1","1","False","0"
"23464","2135585588784","1846431659811","1846431778513","12.0328","11.8702","0.1626","12.069500000000001","2.0821","False","18.1839","12.0565","12.090300000000001","5.479","17.3492","8","1","1","False","0"
"23464","2135585588784","1846431780139","1846431946044","16.774300000000004","16.590500000000002","0.18380000000000002","17.9664","3.2852","False","18.1906","16.7531","18.1839","6.909800000000001","23.500300000000003","8","1","1","False","0"
"23464","2135585588784","1846431947882","1846432111487","16.5637","16.360500000000002","0.20320000000000002","16.2433","2.9882","False","18.1999","16.5443","18.1906","8.5561","24.916600000000003","8","1","1","False","0"
"23464","2135585588784","1846432113519","1846432284017","17.201","17.0498","0.1512","17.9513","4.0269","False","12.136000000000001","17.253","18.1999","9.503","26.5528","8","1","1","False","0"
"23464","2135585588784","1846432285529","1846432453016","16.9222","16.7487","0.17350000000000002","15.2108","1.9786000000000001","False","18.1319","16.899900000000002","12.136000000000001","4.7391000000000005","21.4878","8","1","1","False","0"
"23464","2135585588784","1846432454751","1846432623495","17.0604","16.8744","0.186","18.177","3.1113","False","18.209400000000002","17.047900000000002","18.1319","5.8231","22.6975","8","1","1","False","0"
"23464","2135585588784","1846432625355","1846432780827","15.7242","15.5472","0.17700000000000002","15.563400000000001","2.9566000000000003","False","12.1014","15.7332","18.209400000000002","8.2993","23.846500000000002","8","1","1","False","0"
"23464","2135585588784","1846432782597","1846432950694","17.0072","16.8097","0.1975","16.2678","2.2177000000000002","False","24.279700000000002","16.986700000000003","12.1014","3.414","20.2237","8","1","1","False","0"
"23464","2135585588784","1846432952669","1846433145308","19.449099999999998","19.2639","0.1852","20.6029","3.373","False","12.084800000000001","19.4614","24.279700000000002","8.2323","27.4962","8","1","1","False","0"
"23464","2135585588784","1846433147160","1846433297826","15.231200000000001","15.066600000000001","0.1646","14.0456","2.1792000000000002","False","18.1736","15.251800000000001","12.084800000000001","5.065300000000001","20.1319","8","1","1","False","0"
"23464","2135585588784","1846433299472","1846433454659","15.7171","15.5187","0.19840000000000002","16.5345","3.0118","False","18.215400000000002","15.683300000000001","18.1736","7.5556","23.0743","8","1","1","False","0"
"23464","2135585588784","1846433456643","1846433632961","17.8503","17.631800000000002","0.2185","18.17","3.3259000000000003","False","12.095500000000001","17.8302","18.215400000000002","7.9408","25.5726","8","1","1","False","0"
"23464","2135585588784","1846433635146","1846433788935","15.552900000000001","15.378900000000002","0.17400000000000002","14.117500000000001","1.8865","False","18.210900000000002","15.5974","12.095500000000001","4.4389","19.817800000000002","8","1","1","False","0"
"23464","2135585588784","1846433790675","1846433947017","15.7753","15.6342","0.1411","17.1062","3.5264","False","18.1509","15.808200000000001","18.210900000000002","6.841600000000001","22.4758","8","1","1","False","0"
"23464","2135585588784","1846433948428","1846434124608","17.8167","17.618000000000002","0.19870000000000002","17.610500000000002","3.0124","False","18.2071","17.7591","18.1509","7.2334000000000005","24.8514","8","1","1","False","0"
"23464","2135585588784","1846434126595","1846434298787","17.3973","17.2192","0.1781","18.066000000000003","3.6808","False","12.1631","17.4179","18.2071","8.0226","25.2418","8","1","1","False","0"
"23464","2135585588784","1846434300568","1846434452939","15.4473","15.2371","0.2102","13.6636","1.9303000000000001","False","18.1548","15.4152","12.1631","4.7705","20.0076","8","1","1","False","0"
"23464","2135585588784","1846434455041","1846434628272","17.504","17.3231","0.1809","18.7485","3.1286","False","18.1579","17.5333","18.1548","5.392","22.7151","8","1","1","False","0"
"23464","2135585588784","1846434630081","1846434784537","15.648900000000001","15.4456","0.2033","15.8261","3.3213000000000004","False","18.195800000000002","15.6265","18.1579","7.9234","23.369","8","1","1","False","0"
"23464","2135585588784","1846434786570","1846434961102","17.637900000000002","17.453200000000002","0.1847","16.5309","2.2188000000000003","False","12.094000000000001","17.6565","18.195800000000002","8.4627","25.9159","8","1","1","False","0"
"23464","2135585588784","1846434962949","1846435125319","16.402600000000003","16.237000000000002","0.1656","16.076","1.9400000000000002","False","18.2253","16.4217","12.094000000000001","4.135","20.372","8","1","1","False","0"
"23464","2135585588784","1846435126975","1846435278384","15.3198","15.1409","0.1789","17.1765","3.7414","False","18.1446","15.306500000000002","18.2253","7.053800000000001","22.1947","8","1","1","False","0"
"23464","2135585588784","1846435280173","1846435458193","18.0182","17.802","0.2162","17.331400000000002","3.0509","False","12.1194","17.980900000000002","18.1446","7.2175","25.0195","8","1","1","False","0"
"23464","2135585588784","1846435460355","1846435628896","16.983400000000003","16.854100000000003","0.1293","15.6279","2.2378","False","18.1782","17.0703","12.1194","2.2666","19.1207","8","1","1","False","0"
"23464","2135585588784","1846435630189","1846435785661","15.725","15.5472","0.1778","17.0262","3.0020000000000002","False","18.2239","15.6765","18.1782","4.7683","20.3155","8","1","1","False","0"
"23464","2135585588784","1846435787439","1846435968504","18.3017","18.1065","0.1952","18.3261","3.0408","False","18.1553","18.2843","18.2239","4.7079","22.814400000000003","8","1","1","False","0"
"23464","2135585588784","1846435970456","1846436127203","15.876500000000002","15.674700000000001","0.2018","16.4069","3.5637000000000003","False","12.1041","15.869900000000001","18.1553","6.9933000000000005","22.668000000000003","8","1","1","False","0"
"23464","2135585588784","1846436129221","1846436285152","15.768900000000002","15.593100000000002","0.1758","14.327200000000001","2.1146000000000003","False","18.181800000000003","15.7949","12.1041","3.3025","18.8956","8","1","1","False","0"
"23464","2135585588784","1846436286910","1846436462103","17.684700000000003","17.5193","0.16540000000000002","18.6308","3.052","False","18.1756","17.6951","18.181800000000003","3.7892","21.308500000000002","8","1","1","False","0"
"23464","2135585588784","1846436463757","1846436631123","16.9395","16.7366","0.2029","16.9597","3.0814000000000004","False","18.212","16.902","18.1756","5.0628","21.799400000000002","8","1","1","False","0"
"23464","2135585588784","1846436633152","1846436779864","14.8498","14.6712","0.1786","14.710700000000001","2.9413","False","12.0995","14.8741","18.212","8.4007","23.0719","8","1","1","False","0"
"23464","2135585588784","1846436781650","1846436957107","17.7112","17.5457","0.1655","16.720100000000002","1.9436","False","18.177400000000002","17.7243","12.0995","2.7759","20.3216","8","1","1","False","0"
"23464","2135585588784","1846436958762","1846437117911","16.1276","15.914900000000001","0.2127","17.0633","2.8871","False","18.1802","16.0804","18.177400000000002","4.8729000000000005","20.7878","8","1","1","False","0"
"23464","2135585588784","1846437120038","1846437295827","17.7667","17.5789","0.18780000000000002","18.224700000000002","3.3405","False","18.2005","17.791600000000003","18.1802","5.2615","22.840400000000002","8","1","1","False","0"
"23464","2135585588784","1846437297705","1846437460981","16.5308","16.3276","0.20320000000000002","16.3872","3.2096","False","12.1288","16.5154","18.2005","6.9466","23.2742","8","1","1","False","0"
"23464","2135585588784","1846437463013","1846437623001","16.1266","15.998800000000001","0.1278","14.5978","2.2016","False","18.1586","16.202","12.1288","2.8734","18.8722","8","1","1","False","0"
"23464","2135585588784","1846437624279","1846437794681","17.2235","17.040200000000002","0.18330000000000002","18.5044","2.9483","False","18.253","17.168","18.1586","3.8640000000000003","20.9042","8","1","1","False","0"
"23464","2135585588784","1846437796514","1846437954955","16.038500000000003","15.844100000000001","0.19440000000000002","16.3289","3.2392000000000003","False","18.1218","16.0274","18.253","6.0896","21.9337","8","1","1","False","0"
"23464","2135585588784","1846437956899","1846438134422","17.9281","17.7523","0.1758","17.8596","3.1728","False","12.1113","17.9467","18.1218","6.2647","24.017","8","1","1","False","0"
"23464","2135585588784","1846438136180","1846438293367","15.890600000000001","15.7187","0.1719","14.7314","2.0108","False","18.2512","15.8945","12.1113","2.4815","18.200200000000002","8","1","1","False","0"
"23464","2135585588784","1846438295086","1846438452027","15.870800000000001","15.6941","0.1767","16.9422","3.0656000000000003","False","18.1152","15.866000000000001","18.2512","4.8667","20.5608","8","1","1","False","0"
"23464","2135585588784","1846438453794","1846438632677","18.0771","17.8883","0.1888","18.059900000000003","3.0669","False","18.1797","18.065","18.1152","4.9169","22.805200000000003","8","1","1","False","0"
"23464","2135585588784","1846438634565","1846438784126","15.1414","14.956100000000001","0.18530000000000002","14.2515","2.1901","False","18.2143","15.144900000000002","18.1797","7.951700000000001","22.9078","8","1","1","False","0"
"23464","2135585588784","1846438785979","1846438964377","18.0066","17.8398","0.1668","18.029400000000003","2.1968","False","12.084100000000001","18.025100000000002","18.2143","8.1409","25.980700000000002","8","1","1","False","0"
"23464","2135585588784","1846438966045","1846439122779","15.8748","15.6734","0.20140000000000002","15.525000000000002","1.8563","False","18.2234","15.840200000000001","12.084100000000001","4.3848","20.0582","8","1","1","False","0"
"23464","2135585588784","1846439124793","1846439289190","16.631","16.439700000000002","0.1913","18.7509","3.9839","False","18.1368","16.6411","18.2234","5.9671","22.4068","8","1","1","False","0"
"23464","2135585588784","1846439291103","1846439458505","16.878","16.7402","0.1378","15.946800000000001","3.3292","False","30.3871","16.9315","18.1368","7.1724000000000006","23.9126","8","1","1","False","0"
"23464","2135585588784","1846439459883","1846439791983","33.4034","33.21","0.19340000000000002","33.3021","2.9378","False","18.1344","33.3478","30.3871","4.2117","37.4217","8","1","1","False","0"
"23464","2135585588784","1846439793917","1846439957472","16.5327","16.3555","0.1772","16.6922","3.1003000000000003","False","18.187","16.5489","18.1344","5.7972","22.1527","8","1","1","False","0"
"23464","2135585588784","1846439959244","1846440126586","16.9139","16.7342","0.1797","17.0537","3.2453000000000003","False","18.169700000000002","16.9114","18.187","7.0728","23.807000000000002","8","1","1","False","0"
"23464","2135585588784","1846440128383","1846440284625","15.8029","15.6242","0.1787","16.0422","3.4845","False","12.0929","15.8039","18.169700000000002","9.438600000000001","25.062800000000003","8","1","1","False","0"
"23464","2135585588784","1846440286412","1846440474949","19.0368","18.8537","0.1831","17.5288","1.963","False","18.1861","19.032400000000003","12.0929","2.4991000000000003","21.352800000000002","8","1","1","False","0"
"23464","2135585588784","1846440476780","1846440621713","14.6621","14.493300000000001","0.1688","15.952300000000001","3.2551","False","18.2061","14.676400000000001","18.1861","6.0088","20.502100000000002","8","1","1","False","0"
"23464","2135585588784","1846440623401","1846440801271","17.9749","17.787000000000003","0.1879","17.9558","3.2464","False","18.1558","17.9558","18.2061","6.2591","24.046100000000003","8","1","1","False","0"
"23464","2135585588784","1846440803150","1846440973143","17.1828","16.9993","0.1835","16.5307","2.5865","False","24.2816","17.1872","18.1558","7.2277000000000005","24.227","8","1","1","False","0"
"23464","2135585588784","1846440974978","1846441195720","22.270300000000002","22.0742","0.1961","22.9483","3.2671","False","12.1203","22.2577","24.2816","9.2516","31.3258","8","1","1","False","0"
"23464","2135585588784","1846441197681","1846441354989","15.908100000000001","15.7308","0.1773","14.6704","2.0308","False","12.089","15.926900000000002","12.1203","5.445","21.175800000000002","8","1","1","False","0"
"23464","2135585588784","1846441356762","1846441483855","12.835","12.7093","0.1257","14.6948","4.1614","False","12.1049","12.886600000000001","12.089","4.6474","17.3567","8","1","1","False","0"
"23464","2135585588784","1846441485112","1846441628195","14.5469","14.308300000000001","0.2386","12.7255","2.1197","False","18.1825","14.434000000000001","12.1049","2.3183000000000002","16.6266","8","1","1","False","0"
"23464","2135585588784","1846441630581","1846441793505","16.4819","16.2924","0.1895","17.3504","2.9335","False","18.192800000000002","16.531000000000002","18.1825","3.9698","20.2622","8","1","1","False","0"
"23464","2135585588784","1846441795400","1846441971507","17.782600000000002","17.6107","0.1719","17.703","2.8534","False","18.179000000000002","17.8002","18.192800000000002","4.3624","21.973100000000002","8","1","1","False","0"
"23464","2135585588784","1846441973226","1846442134808","16.337400000000002","16.1582","0.1792","16.7443","3.2658","False","18.2223","16.3301","18.179000000000002","6.2113000000000005","22.369500000000002","8","1","1","False","0"
"23464","2135585588784","1846442136600","1846442296558","16.169800000000002","15.995800000000001","0.17400000000000002","15.3078","2.4017","False","12.082500000000001","16.175","18.2223","8.258600000000001","24.2544","8","1","1","False","0"
"23464","2135585588784","1846442298298","1846442452492","15.607500000000002","15.419400000000001","0.18810000000000002","15.189599999999999","1.9805000000000001","False","36.3789","15.5934","12.082500000000001","4.7477","20.1671","8","1","1","False","0"
"23464","2135585588784","1846442454373","1846442794975","34.254400000000004","34.0602","0.1942","35.868","3.5948","False","18.1952","34.2483","36.3789","6.8783","40.938500000000005","8","1","1","False","0"
"23464","2135585588784","1846442796917","1846442960258","16.5031","16.3341","0.169","15.2873","2.3567","False","12.092500000000001","16.5283","18.1952","8.545200000000001","24.8793","8","1","1","False","0"
"23464","2135585588784","1846442961948","1846443128417","16.858700000000002","16.646900000000002","0.21180000000000002","16.4124","1.9538000000000002","False","18.1825","16.8159","12.092500000000001","3.8218","20.468700000000002","8","1","1","False","0"
"23464","2135585588784","1846443130535","1846443286570","15.792300000000001","15.6035","0.1888","18.084400000000002","4.2318","False","18.19","15.8153","18.1825","6.189","21.7925","8","1","1","False","0"
"23464","2135585588784","1846443288458","1846443466545","17.982400000000002","17.8087","0.17370000000000002","17.101200000000002","3.3272000000000004","False","18.209600000000002","17.997500000000002","18.19","6.3815","24.1902","8","1","1","False","0"
"23464","2135585588784","1846443468282","1846443634506","16.760600000000004","16.622400000000003","0.13820000000000002","15.3595","2.2476000000000003","False","18.186","16.7961","18.209600000000002","7.795000000000001","24.4174","8","1","1","False","0"
"23464","2135585588784","1846443635888","1846443811456","17.7473","17.5568","0.1905","18.0489","2.246","False","12.0815","17.695","18.186","8.286","25.8428","8","1","1","False","0"
"23464","2135585588784","1846443813361","1846443964628","15.364","15.126700000000001","0.2373","15.094100000000001","2.0287","False","18.2039","15.317200000000001","12.0815","5.0503","20.177","8","1","1","False","0"
"23464","2135585588784","1846443967001","1846444140575","17.541300000000003","17.357400000000002","0.1839","18.7407","3.1811000000000003","False","18.1947","17.5947","18.2039","5.6595","23.0169","8","1","1","False","0"
"23464","2135585588784","1846444142414","1846444293212","15.245700000000001","15.0798","0.16590000000000002","14.6486","2.5726","False","12.1354","15.2637","18.1947","8.5905","23.6703","8","1","1","False","0"
"23464","2135585588784","1846444294871","1846444456843","16.3976","16.197200000000002","0.20040000000000002","16.0431","2.234","False","18.1688","16.3631","12.1354","4.3628","20.560000000000002","8","1","1","False","0"
"23464","2135585588784","1846444458847","1846444632604","17.552500000000002","17.375700000000002","0.1768","18.4073","3.0786000000000002","False","18.1521","17.5761","18.1688","4.9555","22.331200000000003","8","1","1","False","0"
"23464","2135585588784","1846444634372","1846444803493","17.0927","16.912100000000002","0.1806","17.2715","3.2616","False","18.1907","17.088900000000002","18.1521","6.0187","22.9308","8","1","1","False","0"
"23464","2135585588784","1846444805299","1846444975058","17.1826","16.9759","0.20670000000000002","16.4659","2.5729","False","12.103900000000001","17.1565","18.1907","7.0529","24.0288","8","1","1","False","0"
"23464","2135585588784","1846444977125","1846445138182","16.291300000000003","16.105700000000002","0.18560000000000001","15.725700000000002","1.9665000000000001","False","18.1732","16.3124","12.103900000000001","2.8444000000000003","18.950100000000003","8","1","1","False","0"
"23464","2135585588784","1846445140038","1846445313099","17.4453","17.3061","0.13920000000000002","18.181900000000002","3.0219","False","18.2041","17.4917","18.1732","3.5259","20.832","8","1","1","False","0"
"23464","2135585588784","1846445314491","1846445456824","14.4088","14.2333","0.17550000000000002","14.65","2.9537","False","18.200200000000002","14.3725","18.2041","7.3575","21.5908","8","1","1","False","0"
"23464","2135585588784","1846445458579","1846445644480","18.766099999999998","18.5901","0.17600000000000002","18.046400000000002","2.2321","False","12.153","18.7656","18.200200000000002","6.7921000000000005","25.3822","8","1","1","False","0"
"23464","2135585588784","1846445646240","1846445791996","14.777600000000001","14.575600000000001","0.202","14.4017","1.8645","False","18.152900000000002","14.7516","12.153","4.1935","18.7691","8","1","1","False","0"
"23464","2135585588784","1846445794016","1846445971833","17.9646","17.7817","0.1829","19.0592","2.9536000000000002","False","18.1643","17.983700000000002","18.152900000000002","4.3627","22.1444","8","1","1","False","0"
"23464","2135585588784","1846445973662","1846446143896","17.1975","17.023400000000002","0.1741","17.445800000000002","3.1978","False","18.1949","17.206300000000002","18.1643","5.3207","22.3441","8","1","1","False","0"
"23464","2135585588784","1846446145637","1846446294101","15.015300000000002","14.846400000000001","0.1689","14.289000000000001","2.4706","False","12.0967","15.0205","18.1949","8.4951","23.3415","8","1","1","False","0"
"23464","2135585588784","1846446295790","1846446463112","16.934300000000004","16.732200000000002","0.2021","16.433","1.9548","False","18.2031","16.9011","12.0967","3.6907","20.422900000000002","8","1","1","False","0"
"23464","2135585588784","1846446465133","1846446633454","17.0026","16.8321","0.1705","18.154600000000002","3.1052","False","18.148500000000002","17.034200000000002","18.2031","4.8596","21.6917","8","1","1","False","0"
"23464","2135585588784","1846446635159","1846446803176","16.9728","16.8017","0.1711","17.084600000000002","3.2337000000000002","False","18.2114","16.9722","18.148500000000002","6.035900000000001","22.837600000000002","8","1","1","False","0"
"23464","2135585588784","1846446804887","1846446988116","18.464000000000002","18.3229","0.1411","18.1252","3.2454","False","12.096400000000001","18.494","18.2114","5.7533","24.0762","8","1","1","False","0"
"23464","2135585588784","1846446989527","1846447134624","14.714500000000001","14.5097","0.2048","13.8892","2.0848","False","18.223300000000002","14.6508","12.096400000000001","3.1989","17.7086","8","1","1","False","0"
"23464","2135585588784","1846447136672","1846447297510","16.2555","16.0838","0.17170000000000002","17.314600000000002","3.1298000000000004","False","18.1487","16.288600000000002","18.223300000000002","5.1336","21.2174","8","1","1","False","0"
"23464","2135585588784","1846447299227","1846447464421","16.7006","16.5194","0.1812","16.858","3.2915","False","18.1994","16.691100000000002","18.1487","6.591200000000001","23.1106","8","1","1","False","0"
"23464","2135585588784","1846447466233","1846447639666","17.505499999999998","17.3433","0.1622","16.234","2.0096000000000003","False","18.1976","17.5245","18.1994","7.266100000000001","24.6094","8","1","1","False","0"
"23464","2135585588784","1846447641288","1846447811788","17.2497","17.05","0.19970000000000002","17.4984","2.2644","False","12.080300000000001","17.2122","18.1976","8.2515","25.3015","8","1","1","False","0"
"23464","2135585588784","1846447813785","1846447964002","15.192400000000001","15.021700000000001","0.17070000000000002","14.977400000000001","2.0502000000000002","False","18.194100000000002","15.221400000000001","12.080300000000001","5.1104","20.1321","8","1","1","False","0"
"23464","2135585588784","1846447965709","1846448126559","16.2637","16.085","0.1787","17.8729","3.6619","False","18.1933","16.2557","18.194100000000002","7.0488","23.1338","8","1","1","False","0"
"23464","2135585588784","1846448128346","1846448304238","17.7712","17.5892","0.182","16.0716","1.9678","False","12.100000000000001","17.7679","18.1933","7.474200000000001","25.0634","8","1","1","False","0"
"23464","2135585588784","1846448306058","1846448466619","16.265","16.0561","0.2089","16.2635","1.9700000000000002","False","18.1662","16.2381","12.100000000000001","3.3361","19.392200000000003","8","1","1","False","0"
"23464","2135585588784","1846448468708","1846448628931","16.1582","16.0223","0.1359","17.089100000000002","3.2379000000000002","False","18.2115","16.2312","18.1662","5.271100000000001","21.293400000000002","8","1","1","False","0"
"23464","2135585588784","1846448630290","1846448793750","16.522","16.346","0.17600000000000002","17.2792","3.6451000000000002","False","18.191000000000003","16.4819","18.2115","7.0007","23.346700000000002","8","1","1","False","0"
"23464","2135585588784","1846448795510","1846448963958","17.0562","16.8448","0.2114","15.468300000000001","2.0771","False","12.1821","17.0208","18.191000000000003","8.1709","25.015700000000002","8","1","1","False","0"
"23464","2135585588784","1846448966072","1846449127222","16.293300000000002","16.115000000000002","0.17830000000000001","16.2021","1.9548","False","18.091900000000003","16.3264","12.1821","4.0266","20.1416","8","1","1","False","0"
"23464","2135585588784","1846449129005","1846449313141","18.608900000000002","18.413600000000002","0.1953","19.899","3.2778","False","30.3428","18.591900000000003","18.091900000000003","3.5266","21.9402","8","1","1","False","0"
"23464","2135585588784","1846449315094","1846449584385","27.1231","26.929100000000002","0.194","27.4735","3.6064000000000003","False","12.114600000000001","27.1244","30.3428","6.745","33.6741","8","1","1","False","0"
"23464","2135585588784","1846449586325","1846449729790","14.5187","14.3465","0.17220000000000002","12.856200000000001","1.9476","False","18.171300000000002","14.540500000000002","12.114600000000001","4.319100000000001","18.6656","8","1","1","False","0"
"23464","2135585588784","1846449731512","1846449873337","14.3673","14.182500000000001","0.18480000000000002","17.095100000000002","4.683","False","12.122","14.354700000000001","18.171300000000002","8.1357","22.3182","8","1","1","False","0"
"23464","2135585588784","1846449875185","1846450006376","13.312600000000002","13.119100000000001","0.1935","11.1978","2.5546","False","12.1127","13.3039","12.122","6.9538","20.0729","8","1","1","False","0"
"23464","2135585588784","1846450008311","1846450127325","12.07","11.9014","0.1686","11.789200000000001","2.2754000000000003","False","12.1027","12.0949","12.1127","6.9716000000000005","18.873","8","1","1","False","0"
"23464","2135585588784","1846450129011","1846450298036","17.0647","16.9025","0.1622","16.6116","2.1486","False","36.461400000000005","17.0711","12.1027","2.0032","18.9057","8","1","1","False","0"
"23464","2135585588784","1846450299658","1846450632275","33.435300000000005","33.261700000000005","0.1736","34.7031","3.0933","False","18.1055","33.4239","36.461400000000005","5.0407","38.3024","8","1","1","False","0"
"23464","2135585588784","1846450634011","1846450790620","15.835500000000001","15.660900000000002","0.1746","16.2742","3.5309000000000004","False","18.1898","15.8345","18.1055","7.3117","22.9726","8","1","1","False","0"
"23464","2135585588784","1846450792366","1846450967870","17.7408","17.5504","0.1904","16.0824","1.8711","False","12.0996","17.725","18.1898","7.7765","25.326900000000002","8","1","1","False","0"
"23464","2135585588784","1846450969774","1846451141570","17.3491","17.1796","0.1695","17.7146","2.236","False","24.267","17.37","12.0996","2.5061","19.6857","8","1","1","False","0"
"23464","2135585588784","1846451143265","1846451353333","21.231800000000003","21.006800000000002","0.225","22.1966","3.2361","False","12.099","21.1763","24.267","5.5968","26.6036","8","1","1","False","0"
"23464","2135585588784","1846451355583","1846451484197","13.046100000000001","12.861400000000001","0.1847","13.000900000000001","3.1504000000000003","False","24.2788","13.086400000000001","12.099","4.6094","17.4708","8","1","1","False","0"
"23464","2135585588784","1846451486044","1846451676988","19.2663","19.0944","0.1719","19.9147","3.802","False","12.1293","19.2791","24.2788","9.6091","28.703500000000002","8","1","1","False","0"
"23464","2135585588784","1846451678707","1846451817651","14.0714","13.894400000000001","0.17700000000000002","12.642800000000001","2.3822","False","12.0725","14.0663","12.1293","7.6721","21.5665","8","1","1","False","0"
"23464","2135585588784","1846451819421","1846451984693","16.6994","16.5272","0.17220000000000002","16.403000000000002","2.0759000000000003","False","18.1952","16.7042","12.0725","3.0404","19.567600000000002","8","1","1","False","0"
"23464","2135585588784","1846451986415","1846452140833","15.597700000000001","15.4418","0.1559","16.456400000000002","3.2449000000000003","False","18.1891","15.614","18.1952","5.6216","21.0634","8","1","1","False","0"
"23464","2135585588784","1846452142392","1846452295090","15.4365","15.2698","0.16670000000000001","14.735100000000001","2.2357","False","12.1014","15.4257","18.1891","8.385","23.6548","8","1","1","False","0"
"23464","2135585588784","1846452296757","1846452462043","16.7055","16.5286","0.1769","16.3739","1.9065","False","18.1781","16.6953","12.1014","3.7911","20.3197","8","1","1","False","0"
"23464","2135585588784","1846452463812","1846452622829","16.0939","15.9017","0.1922","17.507","3.3068","False","18.1961","16.0786","18.1781","5.8906","21.7923","8","1","1","False","0"
"23464","2135585588784","1846452624751","1846452804629","18.1894","17.9878","0.2016","18.0852","3.2192000000000003","False","12.0997","18.18","18.1961","5.9067","23.8945","8","1","1","False","0"
"23464","2135585588784","1846452806645","1846452960189","15.5335","15.3544","0.1791","14.5427","2.2217000000000002","False","24.2882","15.556000000000001","12.0997","2.4504","17.8048","8","1","1","False","0"
"23464","2135585588784","1846452961980","1846453135391","17.5136","17.3411","0.17250000000000001","18.4681","3.1751","False","12.114600000000001","17.5202","24.2882","9.2184","26.5595","8","1","1","False","0"
"23464","2135585588784","1846453137116","1846453300117","16.4719","16.3001","0.1718","15.2452","1.9516","False","36.3553","16.4726","12.114600000000001","4.8604","21.160500000000003","8","1","1","False","0"
"23464","2135585588784","1846453301835","1846453638276","33.8401","33.6441","0.196","35.3918","3.503","False","12.0988","33.8159","36.3553","7.3998","41.0439","8","1","1","False","0"
"23464","2135585588784","1846453640236","1846453792706","15.4338","15.247","0.18680000000000002","13.8842","1.9553","False","18.1802","15.443000000000001","12.0988","4.0556","19.3026","8","1","1","False","0"
"23464","2135585588784","1846453794574","1846453958377","16.5389","16.380300000000002","0.15860000000000002","17.604400000000002","3.3573","False","18.1995","16.5671","18.1802","5.6687","22.049","8","1","1","False","0"
"23464","2135585588784","1846453959963","1846454126238","16.8368","16.6275","0.2093","17.1176","3.3158000000000003","False","18.183400000000002","16.7861","18.1995","7.0821000000000005","23.709600000000002","8","1","1","False","0"
"23464","2135585588784","1846454128331","1846454287996","16.1481","15.9665","0.1816","16.7061","3.8566000000000003","False","12.1056","16.175800000000002","18.183400000000002","9.0897","25.0562","8","1","1","False","0"
"23464","2135585588784","1846454289812","1846454468359","18.026300000000003","17.8547","0.1716","16.0763","1.9064","False","18.1736","18.0363","12.1056","3.1590000000000003","21.0137","8","1","1","False","0"
"23464","2135585588784","1846454470075","1846454619104","15.0854","14.9029","0.1825","16.4769","3.3046","False","18.1887","15.0745","18.1736","6.258100000000001","21.161","8","1","1","False","0"
"23464","2135585588784","1846454620929","1846454778370","15.941200000000002","15.744100000000001","0.1971","15.910400000000001","3.2723","False","18.197300000000002","15.9266","18.1887","8.5202","24.264300000000002","8","1","1","False","0"
"23464","2135585588784","1846454780341","1846454963007","18.4432","18.2666","0.1766","18.483800000000002","3.2963","False","12.1056","18.4637","18.197300000000002","8.2538","26.520400000000002","8","1","1","False","0"
"23464","2135585588784","1846454964773","1846455121810","15.874400000000001","15.703700000000001","0.17070000000000002","14.4511","1.8839000000000001","False","18.215400000000002","15.8803","12.1056","4.4791","20.1828","8","1","1","False","0"
"23464","2135585588784","1846455123517","1846455289260","16.7526","16.5743","0.17830000000000001","18.4521","3.5865","False","18.1598","16.745","18.215400000000002","5.9495000000000005","22.5238","8","1","1","False","0"
"23464","2135585588784","1846455291043","1846455452248","16.3652","16.1205","0.2447","15.805300000000003","3.0591","False","12.1478","16.2988","18.1598","7.8105","23.931","8","1","1","False","0"
"23464","2135585588784","1846455454695","1846455617703","16.436600000000002","16.300800000000002","0.1358","15.392800000000001","2.2819000000000003","False","24.2405","16.5455","12.1478","3.4128000000000003","19.7136","8","1","1","False","0"
"23464","2135585588784","1846455619061","1846455803112","18.640800000000002","18.4051","0.23570000000000002","19.8668","3.2652","False","12.1418","18.5409","24.2405","9.112400000000001","27.517500000000002","8","1","1","False","0"
"23464","2135585588784","1846455805469","1846455966359","16.251800000000003","16.089000000000002","0.1628","15.0561","2.0068","False","18.1387","16.3247","12.1418","4.9295","21.0185","8","1","1","False","0"
"23464","2135585588784","1846455967987","1846456139443","17.3442","17.1456","0.1986","18.5028","3.1726","False","18.195800000000002","17.308400000000002","18.1387","5.7598","22.9054","8","1","1","False","0"
"23464","2135585588784","1846456141429","1846456288237","14.878300000000001","14.680800000000001","0.1975","14.510900000000001","2.8095000000000003","False","12.1582","14.8794","18.195800000000002","9.0762","23.757","8","1","1","False","0"
"23464","2135585588784","1846456290212","1846456463474","17.4888","17.3262","0.1626","16.6586","1.9685000000000001","False","18.1183","17.5237","12.1582","3.7107","21.0369","8","1","1","False","0"
"23464","2135585588784","1846456465100","1846456636831","17.358600000000003","17.1731","0.1855","18.5009","3.1184000000000003","False","18.1904","17.3357","18.1183","4.4933000000000005","21.6664","8","1","1","False","0"
"23464","2135585588784","1846456638686","1846456813110","17.645599999999998","17.4424","0.20320000000000002","17.5778","3.0593000000000004","False","18.180600000000002","17.6279","18.1904","5.0558000000000005","22.4982","8","1","1","False","0"
"23464","2135585588784","1846456815142","1846456973263","15.9838","15.812100000000001","0.17170000000000002","15.078","2.1421","False","18.210800000000003","16.0153","18.180600000000002","7.221100000000001","23.0332","8","1","1","False","0"
"23464","2135585588784","1846456974980","1846457146169","17.2986","17.1189","0.1797","17.2634","2.1074","False","12.1418","17.2906","18.210800000000003","8.141300000000001","25.2602","8","1","1","False","0"
"23464","2135585588784","1846457147966","1846457302128","15.5864","15.4162","0.17020000000000002","15.376700000000001","1.8947","False","18.1235","15.5959","12.1418","4.6872","20.1034","8","1","1","False","0"
"23464","2135585588784","1846457303830","1846457470359","16.815800000000003","16.652900000000002","0.16290000000000002","20.346700000000002","5.8762","False","18.217200000000002","16.8231","18.1235","5.9876000000000005","22.6405","8","1","1","False","0"
"23464","2135585588784","1846457471988","1846457646424","17.6214","17.4436","0.1778","14.482000000000001","2.2837","False","12.0862","17.6065","18.217200000000002","6.5983","24.041900000000002","8","1","1","False","0"
"23464","2135585588784","1846457648202","1846457804987","15.857400000000002","15.678500000000001","0.1789","15.7772","2.2113","False","30.3308","15.856300000000001","12.0862","2.8282000000000003","18.506700000000002","8","1","1","False","0"
"23464","2135585588784","1846457806776","1846458086921","28.2146","28.0145","0.2001","29.1169","3.1068000000000002","False","12.109900000000001","28.1934","30.3308","4.9656","32.9801","8","1","1","False","0"
"23464","2135585588784","1846458088922","1846458216196","12.914200000000001","12.727400000000001","0.18680000000000002","11.629900000000001","1.8435000000000001","False","12.106","12.9275","12.109900000000001","4.148000000000001","16.8754","8","1","1","False","0"
"23464","2135585588784","1846458218064","1846458345294","12.896600000000001","12.723","0.1736","13.3042","2.2331000000000003","False","18.198600000000003","12.9098","12.106","3.3442000000000003","16.0672","8","1","1","False","0"
"23464","2135585588784","1846458347030","1846458480743","13.539700000000002","13.371300000000002","0.16840000000000002","15.680800000000001","4.3702000000000005","False","12.1761","13.5449","18.198600000000003","7.9979000000000005","21.3692","8","1","1","False","0"
"23464","2135585588784","1846458482427","1846458630183","14.9449","14.7756","0.1693","12.639700000000001","2.0706","False","18.1297","14.944","12.1761","5.23","20.0056","8","1","1","False","0"
"23464","2135585588784","1846458631876","1846458800676","17.079200000000004","16.880000000000003","0.19920000000000002","18.3263","3.3068","False","18.1797","17.049300000000002","18.1297","6.3104000000000005","23.1904","8","1","1","False","0"
"23464","2135585588784","1846458802668","1846458975001","17.4062","17.2333","0.1729","16.2259","2.1385","False","12.098500000000001","17.4325","18.1797","7.057600000000001","24.2909","8","1","1","False","0"
"23464","2135585588784","1846458976730","1846459141072","16.5809","16.4342","0.1467","16.271","2.2096","False","18.1832","16.6071","12.098500000000001","2.549","18.9832","8","1","1","False","0"
"23464","2135585588784","1846459142539","1846459311220","17.039600000000004","16.868100000000002","0.1715","18.230800000000002","3.0171","False","18.1843","17.0148","18.1832","3.7174","20.5855","8","1","1","False","0"
"23464","2135585588784","1846459312935","1846459478308","16.7434","16.537300000000002","0.2061","18.3504","4.6341","False","18.2193","16.7088","18.1843","5.1929","21.7302","8","1","1","False","0"
"23464","2135585588784","1846459480369","1846459628944","15.0293","14.8575","0.1718","12.628499999999999","2.2229","False","12.0851","15.063600000000001","18.2193","8.348600000000001","23.206100000000003","8","1","1","False","0"
"23464","2135585588784","1846459630662","1846459803371","17.4387","17.2709","0.1678","17.4192","2.2018","False","18.1752","17.442700000000002","12.0851","2.991","20.2619","8","1","1","False","0"
"23464","2135585588784","1846459805049","1846459969166","16.5828","16.4117","0.1711","17.3094","2.9321","False","18.1978","16.5795","18.1752","4.5867","20.9984","8","1","1","False","0"
"23464","2135585588784","1846459970877","1846460146816","17.8058","17.5939","0.2119","17.948900000000002","3.0725000000000002","False","12.110100000000001","17.765","18.1978","5.0195","22.613400000000002","8","1","1","False","0"
"23464","2135585588784","1846460148935","1846460295206","14.8035","14.6271","0.1764","13.7072","1.9792","False","24.279600000000002","14.839","12.110100000000001","2.2906","16.9177","8","1","1","False","0"
"23464","2135585588784","1846460296970","1846460469072","17.4067","17.2102","0.1965","18.4429","3.0210000000000004","False","12.0797","17.3866","24.279600000000002","9.1836","26.393800000000002","8","1","1","False","0"
"23464","2135585588784","1846460471037","1846460631387","16.2059","16.035","0.1709","15.1911","2.0001","False","18.197400000000002","16.2315","12.0797","5.0318000000000005","21.0668","8","1","1","False","0"
"23464","2135585588784","1846460633096","1846460806710","17.5906","17.3614","0.22920000000000001","18.7028","3.1292","False","12.1059","17.5323","18.197400000000002","5.6969","23.058300000000003","8","1","1","False","0"
"23464","2135585588784","1846460809002","1846460963221","15.5624","15.4219","0.1405","14.3497","2.2239","False","18.180300000000003","15.651100000000001","12.1059","2.1517","17.573600000000003","8","1","1","False","0"
"23464","2135585588784","1846460964626","1846461129352","16.6521","16.4726","0.17950000000000002","17.8991","3.1543","False","18.182000000000002","16.6131","18.180300000000003","3.7189","20.1915","8","1","1","False","0"
"23464","2135585588784","1846461131147","1846461296195","16.6775","16.5048","0.17270000000000002","16.6659","3.1310000000000002","False","18.1886","16.6843","18.182000000000002","5.216600000000001","21.721400000000003","8","1","1","False","0"
"23464","2135585588784","1846461297922","1846461471497","17.563100000000002","17.3575","0.2056","19.590300000000003","5.1647","False","18.2137","17.5302","18.1886","5.875","23.2325","8","1","1","False","0"
"23464","2135585588784","1846461473553","1846461641421","16.9775","16.7868","0.1907","14.3443","2.5339","False","12.0858","16.9924","18.2137","7.0963","23.883100000000002","8","1","1","False","0"
"23464","2135585588784","1846461643328","1846461791342","14.9784","14.801400000000001","0.17700000000000002","14.329500000000001","1.8825","False","18.1793","14.9921","12.0858","4.19","18.991400000000002","8","1","1","False","0"
"23464","2135585588784","1846461793112","1846461961274","17.0012","16.816200000000002","0.185","18.218500000000002","3.1034","False","18.1995","16.9932","18.1793","5.3761","22.1923","8","1","1","False","0"
"23464","2135585588784","1846461963124","1846462126765","16.5732","16.3641","0.2091","17.2038","3.7308000000000003","False","18.1764","16.5491","18.1995","7.0265","23.390600000000003","8","1","1","False","0"
"23464","2135585588784","1846462128856","1846462301706","17.4641","17.285","0.1791","15.671600000000002","1.9375","False","18.2044","17.4941","18.1764","7.7088","24.9938","8","1","1","False","0"
"23464","2135585588784","1846462303497","1846462480461","17.898","17.6964","0.2016","20.1328","4.1675","False","12.0891","17.875500000000002","18.2044","8.037700000000001","25.7341","8","1","1","False","0"
"23464","2135585588784","1846462482477","1846462633381","15.259","15.0904","0.1686","13.336400000000001","2.2451000000000003","False","18.1917","15.292000000000002","12.0891","4.8348","19.9252","8","1","1","False","0"
"23464","2135585588784","1846462635067","1846462801761","16.8376","16.6694","0.16820000000000002","17.8037","3.573","False","18.192700000000002","16.838","18.1917","6.1885","22.8579","8","1","1","False","0"
"23464","2135585588784","1846462803443","1846462971106","16.9383","16.7663","0.17200000000000001","15.7485","2.0236","False","12.0989","16.9345","18.192700000000002","7.446700000000001","24.213","8","1","1","False","0"
"23464","2135585588784","1846462972826","1846463134704","16.3715","16.1878","0.1837","16.648600000000002","2.2981000000000003","False","18.1811","16.3598","12.0989","3.1858","19.3736","8","1","1","False","0"
"23464","2135585588784","1846463136541","1846463299051","16.4277","16.251","0.1767","17.1853","3.0585","False","18.2045","16.4347","18.1811","4.9322","21.1832","8","1","1","False","0"
"23464","2135585588784","1846463300818","1846463461303","16.2565","16.0485","0.20800000000000002","16.4226","3.2384","False","18.194000000000003","16.2252","18.2045","6.9115","22.96","8","1","1","False","0"
"23464","2135585588784","1846463463383","1846463644538","18.3963","18.1155","0.2808","17.5522","2.4409","False","12.149000000000001","18.3235","18.194000000000003","6.782","24.8975","8","1","1","False","0"
"23464","2135585588784","1846463647346","1846463793234","14.765300000000002","14.5888","0.17650000000000002","14.266100000000002","1.8819000000000001","False","18.1207","14.8696","12.149000000000001","4.0614","18.6502","8","1","1","False","0"
"23464","2135585588784","1846463794999","1846463957546","16.4521","16.2547","0.19740000000000002","17.6466","3.0774000000000004","False","18.186600000000002","16.4312","18.1207","5.750900000000001","22.0056","8","1","1","False","0"
"23464","2135585588784","1846463959520","1846464143945","18.6197","18.442500000000003","0.1772","18.6922","3.1517","False","18.2007","18.6399","18.186600000000002","5.2976","23.7401","8","1","1","False","0"
"23464","2135585588784","1846464145717","1846464318731","17.4691","17.3014","0.16770000000000002","16.5003","2.1739","False","18.1977","17.4786","18.2007","6.0197","23.3211","8","1","1","False","0"
"23464","2135585588784","1846464320408","1846464473689","15.488600000000002","15.328100000000001","0.1605","18.3051","4.9892","False","12.0797","15.495800000000001","18.1977","8.7216","24.0497","8","1","1","False","0"
"23464","2135585588784","1846464475294","1846464643824","17.0574","16.853","0.2044","13.6369","1.9348","False","30.3062","17.0135","12.0797","3.7878000000000003","20.640800000000002","8","1","1","False","0"
"23464","2135585588784","1846464645868","1846464944372","30.0822","29.8504","0.2318","31.3857","2.9347000000000003","False","18.2092","30.0548","30.3062","4.0392","33.8896","8","1","1","False","0"
"23464","2135585588784","1846464946690","1846465109138","16.484900000000003","16.2448","0.2401","16.7819","3.2219","False","12.1113","16.4766","18.2092","5.771800000000001","22.0166","8","1","1","False","0"
"23464","2135585588784","1846465111539","1846465250694","14.146300000000002","13.915500000000002","0.2308","12.9106","1.9799","False","18.2016","14.155600000000002","12.1113","3.7275","17.643","8","1","1","False","0"
"23464","2135585588784","1846465253002","1846465391662","14.090300000000001","13.866000000000001","0.2243","14.189200000000001","2.0794","False","12.1247","14.0968","18.2016","7.8323","21.6983","8","1","1","False","0"
"23464","2135585588784","1846465393905","1846465526111","13.4182","13.220600000000001","0.1976","13.546800000000001","2.1971000000000003","False","18.1701","13.4449","12.1247","6.5121","19.7327","8","1","1","False","0"
"23464","2135585588784","1846465528087","1846465665246","13.9334","13.715900000000001","0.2175","16.4493","4.7251","False","6.0308","13.9135","18.1701","10.7687","24.4846","8","1","1","False","0"
"23464","2135585588784","1846465667421","1846465805082","14.1598","13.7661","0.3937","11.462800000000001","2.2106","False","18.2456","13.983600000000001","6.0308","2.8159","16.582","8","1","1","False","0"
"23464","2135585588784","1846465809019","1846465977300","17.063299999999998","16.8281","0.23520000000000002","17.0003","1.9649","False","18.113200000000003","17.2218","18.2456","3.8397","20.6678","8","1","1","False","0"
"23464","2135585588784","1846465979652","1846466136592","15.9221","15.694","0.2281","17.1551","3.2122","False","18.219","15.929200000000002","18.113200000000003","6.023700000000001","21.7177","8","1","1","False","0"
"23464","2135585588784","1846466138873","1846466310648","17.4048","17.177500000000002","0.2273","17.436400000000003","3.2352000000000003","False","12.0881","17.4056","18.219","6.8371","24.0146","8","1","1","False","0"
"23464","2135585588784","1846466312921","1846466455889","14.4861","14.296800000000001","0.1893","13.0885","2.1950000000000003","False","18.1797","14.5241","12.0881","4.4011000000000005","18.6979","8","1","1","False","0"
"23464","2135585588784","1846466457782","1846466643212","18.7711","18.543","0.2281","19.9802","3.0463","False","18.192800000000002","18.732300000000002","18.1797","3.8485","22.3915","8","1","1","False","0"
"23464","2135585588784","1846466645493","1846466798823","15.7173","15.333","0.38430000000000003","16.128700000000002","3.5954","False","18.1976","15.561100000000001","18.192800000000002","6.4802","21.813200000000002","8","1","1","False","0"
"23464","2135585588784","1846466802666","1846466969527","16.9149","16.6861","0.2288","15.600800000000001","2.1453","False","18.2145","17.0704","18.1976","7.6074","24.2935","8","1","1","False","0"
"23464","2135585588784","1846466971815","1846467142784","17.566000000000003","17.0969","0.4691","17.5507","2.327","False","12.1302","17.3257","18.2145","8.4962","25.5931","8","1","1","False","0"
"23464","2135585588784","1846467147475","1846467293538","14.849","14.606300000000001","0.2427","14.802800000000001","2.0957","False","18.1192","15.0754","12.1302","5.551","20.1573","8","1","1","False","0"
"23464","2135585588784","1846467295965","1846467479893","18.628","18.3928","0.23520000000000002","21.0512","4.501","False","18.1923","18.6355","18.1192","5.0347","23.427500000000002","8","1","1","False","0"
"23464","2135585588784","1846467482245","1846467660187","17.9617","17.7942","0.1675","16.6876","3.1790000000000003","False","12.1464","18.029400000000003","18.1923","5.1976","22.9918","8","1","1","False","0"
"23464","2135585588784","1846467661862","1846467799560","14.1754","13.7698","0.4056","13.032200000000003","2.2557","False","24.2425","13.9373","12.1464","3.4067000000000003","17.1765","8","1","1","False","0"
"23464","2135585588784","1846467803616","1846467988837","18.933400000000002","18.522100000000002","0.4113","19.8445","3.1830000000000003","False","12.084800000000001","18.9277","24.2425","8.7215","27.2436","8","1","1","False","0"
"23464","2135585588784","1846467992950","1846468148614","15.776200000000001","15.566400000000002","0.20980000000000001","14.7935","1.9994","False","24.2471","15.9777","12.084800000000001","4.828600000000001","20.395","8","1","1","False","0"
"23464","2135585588784","1846468150712","1846468405871","25.713700000000003","25.515900000000002","0.1978","26.5319","3.1676","False","18.2056","25.7257","24.2471","3.35","28.8659","8","1","1","False","0"
"23464","2135585588784","1846468407849","1846468549189","14.5428","14.134","0.4088","14.154100000000001","2.6228000000000002","False","12.1212","14.331800000000001","18.2056","7.223800000000001","21.3578","8","1","1","False","0"
"23464","2135585588784","1846468553277","1846468689430","13.821600000000002","13.615300000000001","0.2063","13.526","2.1335","False","12.084100000000001","14.0241","12.1212","5.3209","18.9362","8","1","1","False","0"
"23464","2135585588784","1846468691493","1846468826788","13.7676","13.5295","0.2381","13.5709","1.9512","False","18.2159","13.735800000000001","12.084100000000001","3.6692","17.198700000000002","8","1","1","False","0"
"23464","2135585588784","1846468829169","1846468986954","16.0162","15.778500000000001","0.23770000000000002","17.2618","3.1886","False","18.154500000000002","16.0166","18.2159","5.8685","21.647000000000002","8","1","1","False","0"
"23464","2135585588784","1846468989331","1846469147714","16.0698","15.8383","0.2315","14.8777","2.0060000000000002","False","18.2131","16.076","18.154500000000002","7.947","23.7853","8","1","1","False","0"
"23464","2135585588784","1846469150029","1846469342955","19.6916","19.2926","0.399","19.9282","2.4219","False","12.0896","19.5241","18.2131","6.636","25.928600000000003","8","1","1","False","0"
"23464","2135585588784","1846469346945","1846469500338","15.745200000000002","15.339300000000001","0.40590000000000004","15.590100000000001","2.2691","False","18.200200000000002","15.7383","12.0896","2.9873000000000003","18.3266","8","1","1","False","0"
"23464","2135585588784","1846469504397","1846469635956","13.4","13.1559","0.2441","13.3399","2.0288","False","18.1979","13.5618","18.200200000000002","7.6257","20.7816","8","1","1","False","0"
"23464","2135585588784","1846469638397","1846469811070","17.438200000000002","17.267300000000002","0.1709","17.743100000000002","2.2864","False","12.0799","17.511400000000002","18.1979","8.3122","25.5795","8","1","1","False","0"
"23464","2135585588784","1846469812779","1846469973869","16.2816","16.109","0.1726","15.791300000000001","1.7963","False","18.2009","16.2799","12.0799","4.1122000000000005","20.2212","8","1","1","False","0"
"23464","2135585588784","1846469975595","1846470126879","15.3268","15.128400000000001","0.19840000000000002","16.7728","3.6088","False","18.1991","15.301","18.2009","7.0121","22.1405","8","1","1","False","0"
"23464","2135585588784","1846470128863","1846470300908","17.621","17.2045","0.41650000000000004","16.3935","2.2396000000000003","False","12.155800000000001","17.402900000000002","18.1991","7.8083","25.012800000000002","8","1","1","False","0"
"23464","2135585588784","1846470305073","1846470466382","16.3492","16.1309","0.21830000000000002","16.220200000000002","1.9303000000000001","False","18.2006","16.5474","12.155800000000001","3.4167","19.5476","8","1","1","False","0"
"23464","2135585588784","1846470468565","1846470633483","16.7119","16.4918","0.22010000000000002","17.95","3.1669","False","18.1096","16.7101","18.2006","4.9072000000000005","21.399","8","1","1","False","0"
"23464","2135585588784","1846470635684","1846470798342","16.6975","16.265800000000002","0.43170000000000003","16.823700000000002","3.5021","False","18.206200000000003","16.4859","18.1096","6.5309","22.7967","8","1","1","False","0"
"23464","2135585588784","1846470802659","1846470971883","17.1667","16.9224","0.24430000000000002","15.9161","2.0489","False","18.189700000000002","17.354100000000003","18.206200000000003","7.383","24.305400000000002","8","1","1","False","0"
"23464","2135585588784","1846470974326","1846471145693","17.5439","17.1367","0.4072","17.537200000000002","2.2062","False","12.0771","17.381","18.189700000000002","8.1917","25.328400000000002","8","1","1","False","0"
"23464","2135585588784","1846471149765","1846471300217","15.328600000000002","15.045200000000001","0.28340000000000004","15.169400000000003","1.9447","False","18.1794","15.4524","12.0771","4.8164","19.8616","8","1","1","False","0"
"23464","2135585588784","1846471303051","1846471478121","17.765600000000003","17.507","0.2586","19.0758","3.1815","False","18.2218","17.7904","18.1794","5.2054","22.712400000000002","8","1","1","False","0"
"23464","2135585588784","1846471480707","1846471647648","16.931300000000004","16.694100000000002","0.23720000000000002","15.923300000000001","2.1902","False","12.080200000000001","16.9527","18.2218","6.4745","23.1686","8","1","1","False","0"
"23464","2135585588784","1846471650020","1846471799766","15.1479","14.9746","0.1733","15.0348","2.3602000000000003","False","18.1894","15.2118","12.080200000000001","3.3429","18.317500000000003","8","1","1","False","0"
"23464","2135585588784","1846471801499","1846471964182","16.4876","16.2683","0.21930000000000002","17.5397","3.1171","False","18.1722","16.4416","18.1894","5.0907","21.359","8","1","1","False","0"
"23464","2135585588784","1846471966375","1846472143422","17.952500000000004","17.704700000000003","0.24780000000000002","18.0476","3.2148000000000003","False","36.3868","17.924","18.1722","5.338900000000001","23.0436","8","1","1","False","0"
"23464","2135585588784","1846472145900","1846472498866","35.508700000000005","35.296600000000005","0.2121","35.9054","3.6056000000000004","False","12.120700000000001","35.5444","36.3868","6.1813","41.477900000000005","8","1","1","False","0"
"23464","2135585588784","1846472500987","1846472635380","13.600700000000002","13.439300000000001","0.16140000000000002","12.174900000000001","2.1353","False","12.1135","13.6514","12.120700000000001","4.6506","18.0899","8","1","1","False","0"
"23464","2135585588784","1846472636994","1846472758817","12.370400000000002","12.182300000000001","0.18810000000000002","12.105700000000002","1.8731","False","18.1616","12.3437","12.1135","4.4204","16.602700000000002","8","1","1","False","0"
"23464","2135585588784","1846472760698","1846472914469","15.5853","15.3771","0.2082","15.876600000000002","2.1806","False","24.271900000000002","15.5652","18.1616","7.0168","22.393900000000002","8","1","1","False","0"
"23464","2135585588784","1846472916551","1846473167299","25.3215","25.0748","0.2467","26.3367","3.2301","False","12.1197","25.283","24.271900000000002","6.0057","31.0805","8","1","1","False","0"
"23464","2135585588784","1846473169766","1846473307063","13.9587","13.729700000000001","0.229","12.6538","1.9153","False","12.1049","13.9764","12.1197","4.149","17.878700000000002","8","1","1","False","0"
"23464","2135585588784","1846473309353","1846473434551","12.6992","12.5198","0.1794","12.7621","1.9358000000000002","False","18.2024","12.748800000000001","12.1049","3.5051","16.024900000000002","8","1","1","False","0"
"23464","2135585588784","1846473436345","1846473582746","14.84","14.6401","0.19990000000000002","16.5164","3.6152","False","12.1376","14.819500000000001","18.2024","6.888","21.528100000000002","8","1","1","False","0"
"23464","2135585588784","1846473584745","1846473716710","13.4032","13.1965","0.20670000000000002","11.870600000000001","2.0856","False","12.0935","13.3964","12.1376","5.6292","18.8257","8","1","1","False","0"
"23464","2135585588784","1846473718777","1846473843251","12.582","12.4474","0.1346","12.372400000000003","2.1870000000000003","False","18.1977","12.654100000000001","12.0935","5.0686","17.516000000000002","8","1","1","False","0"
"23464","2135585588784","1846473844597","1846474010317","16.7548","16.572","0.18280000000000002","17.1203","2.2347","False","12.1106","16.7066","18.1977","6.5597","23.131700000000002","8","1","1","False","0"
"23464","2135585588784","1846474012145","1846474144704","13.428","13.2559","0.1721","13.2772","2.0818000000000003","False","18.2091","13.4387","12.1106","5.2316","18.4875","8","1","1","False","0"
"23464","2135585588784","1846474146425","1846474304224","15.974800000000002","15.779900000000001","0.19490000000000002","16.1428","2.2714000000000003","False","18.1686","15.952","18.2091","7.488700000000001","23.268600000000003","8","1","1","False","0"
"23464","2135585588784","1846474306173","1846474484894","18.0593","17.8721","0.1872","19.3273","3.5326","False","12.0844","18.067","18.1686","7.5903","25.462400000000002","8","1","1","False","0"
"23464","2135585588784","1846474486766","1846474636858","15.1946","15.0092","0.1854","13.6698","1.9974","False","18.1951","15.1964","12.0844","4.4783","19.4875","8","1","1","False","0"
"23464","2135585588784","1846474638712","1846474809593","17.27","17.0881","0.1819","18.4576","3.1786000000000003","False","12.111500000000001","17.273500000000002","18.1951","5.399900000000001","22.488","8","1","1","False","0"
"23464","2135585588784","1846474811412","1846474959637","14.999200000000002","14.822500000000002","0.1767","13.682500000000001","1.8732000000000002","False","18.1692","15.0044","12.111500000000001","2.507","17.3295","8","1","1","False","0"
"23464","2135585588784","1846474961404","1846475133684","17.407400000000003","17.228","0.1794","18.553900000000002","3.0245","False","18.1938","17.404700000000002","18.1692","3.2715","20.4995","8","1","1","False","0"
"23464","2135585588784","1846475135478","1846475302845","16.928200000000004","16.736700000000003","0.1915","16.875","2.9633000000000003","False","18.1883","16.9161","18.1938","4.5492","21.2859","8","1","1","False","0"
"23464","2135585588784","1846475304760","1846475478082","17.525","17.3322","0.1928","18.759700000000002","4.2152","False","12.1074","17.5237","18.1883","5.2138","22.546","8","1","1","False","0"
"23464","2135585588784","1846475480010","1846475627919","14.9487","14.7909","0.1578","12.320800000000002","2.1794000000000002","False","24.2955","14.9837","12.1074","2.3375","17.1284","8","1","1","False","0"
"23464","2135585588784","1846475629497","1846475798913","17.119600000000002","16.9416","0.17800000000000002","18.8136","3.2671","False","12.088700000000001","17.0994","24.2955","9.5336","26.4752","8","1","1","False","0"
"23464","2135585588784","1846475800693","1846475961714","16.296","16.1021","0.19390000000000002","15.1353","2.1523000000000003","False","18.1701","16.2801","12.088700000000001","5.3422","21.444300000000002","8","1","1","False","0"
"23464","2135585588784","1846475963653","1846476136507","17.4758","17.2854","0.1904","18.5637","3.208","False","18.1985","17.479300000000002","18.1701","6.033","23.3184","8","1","1","False","0"
"23464","2135585588784","1846476138411","1846476300939","16.419900000000002","16.2528","0.1671","15.429300000000001","2.2005","False","18.2077","16.4432","18.1985","7.7883000000000004","24.0411","8","1","1","False","0"
"23464","2135585588784","1846476302610","1846476473499","17.274700000000003","17.088900000000002","0.18580000000000002","19.501900000000003","4.4273","False","12.1476","17.256","18.2077","8.74","25.8289","8","1","1","False","0"
"23464","2135585588784","1846476475357","1846476630770","15.706900000000001","15.541300000000001","0.1656","13.4107","2.1311","False","18.1213","15.7271","12.1476","5.1605","20.701800000000002","8","1","1","False","0"
"23464","2135585588784","1846476632426","1846476794598","16.4037","16.217200000000002","0.1865","17.8156","3.5583","False","12.1256","16.3828","18.1213","6.899","23.116200000000003","8","1","1","False","0"
"23464","2135585588784","1846476796463","1846476960402","16.5618","16.393900000000002","0.16790000000000002","14.972000000000001","1.9536","False","25.0314","16.5804","12.1256","2.4442","18.8381","8","1","1","False","0"
"23464","2135585588784","1846476962081","1846477137187","17.7084","17.5106","0.1978","18.9185","3.1691000000000003","False","11.32","17.6785","25.0314","9.7971","27.3077","8","1","1","False","0"
"23464","2135585588784","1846477139165","1846477301385","16.386300000000002","16.222","0.1643","15.141300000000001","1.9165","False","18.1877","16.419800000000002","11.32","4.6973","20.9193","8","1","1","False","0"
"23464","2135585588784","1846477303028","1846477478381","17.6722","17.5353","0.1369","19.8777","4.4247000000000005","False","18.1878","17.6996","18.1877","5.1854000000000005","22.7207","8","1","1","False","0"
"23464","2135585588784","1846477479750","1846477631674","15.3694","15.192400000000001","0.17700000000000002","13.422899999999998","2.1818","False","18.1993","15.3293","18.1878","8.0439","23.2363","8","1","1","False","0"
"23464","2135585588784","1846477633444","1846477809524","17.806","17.608","0.198","17.893900000000002","2.2672000000000003","False","18.192","17.785","18.1993","8.4582","26.066200000000002","8","1","1","False","0"
"23464","2135585588784","1846477811504","1846477994545","18.4688","18.304100000000002","0.1647","18.177500000000002","1.9713","False","12.091700000000001","18.502100000000002","18.192","8.148100000000001","26.4522","8","1","1","False","0"
"23464","2135585588784","1846477996192","1846478148969","15.463600000000001","15.277700000000001","0.1859","15.39","1.9152","False","18.1889","15.442400000000001","12.091700000000001","4.7974000000000006","20.075100000000003","8","1","1","False","0"
"23464","2135585588784","1846478150828","1846478303564","15.458","15.2736","0.1844","15.7651","2.2125","False","18.192","15.4595","18.1889","7.526800000000001","22.8004","8","1","1","False","0"
"23464","2135585588784","1846478305408","1846478472084","16.8558","16.6676","0.1882","19.2305","4.5757","False","12.1844","16.852","18.192","8.8668","25.5344","8","1","1","False","0"
"23464","2135585588784","1846478473966","1846478648077","17.5762","17.4111","0.1651","14.8825","1.8872","False","18.1063","17.5993","12.1844","3.4519","20.863","8","1","1","False","0"
"23464","2135585588784","1846478649728","1846478809366","16.143900000000002","15.9638","0.1801","17.3552","3.0989","False","12.1071","16.1289","18.1063","5.4293000000000005","21.3931","8","1","1","False","0"
"23464","2135585588784","1846478811167","1846478961740","15.251100000000001","15.057300000000001","0.1938","14.107700000000001","1.9624000000000001","False","18.168200000000002","15.237400000000001","12.1071","2.299","17.3563","8","1","1","False","0"
"23464","2135585588784","1846478963678","1846479132158","17.037200000000002","16.848000000000003","0.1892","18.3119","3.2424","False","18.193","17.041800000000002","18.168200000000002","3.4254000000000002","20.273400000000002","8","1","1","False","0"
"23464","2135585588784","1846479134050","1846479302757","17.003899999999998","16.8707","0.1332","16.5041","3.0256000000000003","False","18.255300000000002","17.059900000000003","18.193","4.5585","21.4292","8","1","1","False","0"
"23464","2135585588784","1846479304089","1846479473380","17.124000000000002","16.929100000000002","0.19490000000000002","18.716","4.3363000000000005","False","18.119400000000002","17.0623","18.255300000000002","5.7515","22.680600000000002","8","1","1","False","0"
"23464","2135585588784","1846479475329","1846479659210","18.584200000000003","18.3881","0.1961","17.399","3.1381","False","12.116900000000001","18.583000000000002","18.119400000000002","5.2879000000000005","23.676000000000002","8","1","1","False","0"
"23464","2135585588784","1846479661171","1846479804703","14.524400000000002","14.353200000000001","0.17120000000000002","13.691500000000001","2.3012","False","18.1719","14.5493","12.116900000000001","2.8555","17.2087","8","1","1","False","0"
"23464","2135585588784","1846479806415","1846479971779","16.7164","16.5364","0.18000000000000002","17.2334","2.8257000000000003","False","18.2024","16.7076","18.1719","4.3198","20.8562","8","1","1","False","0"
"23464","2135585588784","1846479973579","1846480127110","15.5195","15.353100000000001","0.16640000000000002","14.9321","2.2352000000000003","False","18.189500000000002","15.533100000000001","18.2024","6.9891000000000005","22.342200000000002","8","1","1","False","0"
"23464","2135585588784","1846480128774","1846480303141","17.6324","17.436700000000002","0.1957","17.305600000000002","1.9184","False","18.1932","17.6031","18.189500000000002","7.575500000000001","25.0122","8","1","1","False","0"
"23464","2135585588784","1846480305098","1846480471673","16.844400000000004","16.657500000000002","0.1869","19.311500000000002","4.3775","False","12.0792","16.8532","18.1932","8.9155","25.573","8","1","1","False","0"
"23464","2135585588784","1846480473542","1846480633796","16.1922","16.0254","0.1668","13.8887","2.0714","False","18.186700000000002","16.2123","12.0792","4.7824","20.8078","8","1","1","False","0"
"23464","2135585588784","1846480635464","1846480798111","16.454900000000002","16.2647","0.1902","17.8936","3.5276","False","18.2128","16.4315","18.186700000000002","6.5376","22.802300000000002","8","1","1","False","0"
"23464","2135585588784","1846480800013","1846480964572","16.6506","16.4559","0.1947","15.249","2.1122","False","12.1312","16.6461","18.2128","8.1043","24.560200000000002","8","1","1","False","0"
"23464","2135585588784","1846480966519","1846481137516","17.2356","17.099700000000002","0.1359","17.0269","2.2079","False","18.137600000000003","17.2944","12.1312","2.9411","20.0408","8","1","1","False","0"
"23464","2135585588784","1846481138875","1846481302463","16.5361","16.358800000000002","0.1773","17.6161","2.9845","False","18.189","16.4947","18.137600000000003","4.5840000000000005","20.942800000000002","8","1","1","False","0"
"23464","2135585588784","1846481304236","1846481462828","16.0607","15.859200000000001","0.2015","18.601200000000002","5.5206","False","12.1057","16.0365","18.189","6.7365","22.5957","8","1","1","False","0"
"23464","2135585588784","1846481464843","1846481627473","16.436200000000003","16.263","0.17320000000000002","12.781500000000001","1.8693000000000002","False","18.2045","16.4645","12.1057","2.3777","18.640700000000002","8","1","1","False","0"
"23464","2135585588784","1846481629205","1846481794818","16.7324","16.5613","0.1711","17.8137","2.9452000000000003","False","18.1646","16.7345","18.2045","3.8477","20.409000000000002","8","1","1","False","0"
"23464","2135585588784","1846481796529","1846481964315","16.9536","16.7786","0.17500000000000002","17.0832","3.0697","False","18.1756","16.9497","18.1646","5.062600000000001","21.8412","8","1","1","False","0"
"23464","2135585588784","1846481966065","1846482135691","17.1703","16.962600000000002","0.20770000000000002","17.2798","3.2034000000000002","False","18.2128","17.1376","18.1756","6.1006","23.063200000000002","8","1","1","False","0"
"23464","2135585588784","1846482137768","1846482300634","16.4679","16.2866","0.18130000000000002","16.5684","3.2896","False","12.146500000000001","16.4943","18.2128","7.819100000000001","24.105700000000002","8","1","1","False","0"
"23464","2135585588784","1846482302447","1846482462034","16.1345","15.9587","0.1758","14.8199","1.9747000000000001","False","18.137","16.14","12.146500000000001","3.8256","19.7843","8","1","1","False","0"
"23464","2135585588784","1846482463792","1846482621609","15.9535","15.7817","0.1718","17.1771","3.1944000000000004","False","18.189500000000002","15.957500000000001","18.137","6.0051000000000005","21.7868","8","1","1","False","0"
"23464","2135585588784","1846482623327","1846482800592","17.934900000000003","17.7265","0.2084","17.9678","3.2348000000000003","False","18.206300000000002","17.898300000000003","18.189500000000002","6.2963000000000005","24.0228","8","1","1","False","0"
"23464","2135585588784","1846482802676","1846482965001","16.3638","16.2325","0.1313","15.104800000000001","2.2125","False","12.127","16.4409","18.206300000000002","8.0617","24.2942","8","1","1","False","0"
"23464","2135585588784","1846482966314","1846483127311","16.2708","16.099700000000002","0.1711","16.1845","1.8838000000000001","False","18.145500000000002","16.231","12.127","3.9577","20.0574","8","1","1","False","0"
"23464","2135585588784","1846483129022","1846483291694","16.445200000000003","16.267200000000003","0.17800000000000002","17.7625","3.1958","False","18.1796","16.4383","18.145500000000002","5.6649","21.932100000000002","8","1","1","False","0"
"23464","2135585588784","1846483293474","1846483450121","15.892800000000001","15.664700000000002","0.2281","15.7041","3.0287","False","24.257","15.8427","18.1796","8.001800000000001","23.666500000000003","8","1","1","False","0"
"23464","2135585588784","1846483452402","1846483712394","26.187600000000003","25.999200000000002","0.1884","26.4415","3.2619000000000002","False","18.187900000000003","26.2273","24.257","6.0315","32.0307","8","1","1","False","0"
"23464","2135585588784","1846483714278","1846483859513","14.7098","14.5235","0.18630000000000002","16.5974","5.1672","False","12.1384","14.7119","18.187900000000003","9.5075","24.031000000000002","8","1","1","False","0"
"23464","2135585588784","1846483861376","1846483997012","13.743500000000001","13.563600000000001","0.1799","10.797","2.2056","False","12.0715","13.7499","12.1384","7.896000000000001","21.459600000000002","8","1","1","False","0"
"23464","2135585588784","1846483998811","1846484139214","14.2388","14.0403","0.1985","14.061599999999999","2.0445","False","18.221700000000002","14.2202","12.0715","5.7473","19.7876","8","1","1","False","0"
"23464","2135585588784","1846484141199","1846484295983","15.6514","15.4784","0.17300000000000001","16.4615","2.8422","False","12.0944","15.676900000000002","18.221700000000002","8.2921","23.770500000000002","8","1","1","False","0"
"23464","2135585588784","1846484297713","1846484450666","15.462000000000002","15.295300000000001","0.16670000000000001","14.692699999999999","2.0674","False","18.186500000000002","15.468300000000001","12.0944","4.918200000000001","20.2135","8","1","1","False","0"
"23464","2135585588784","1846484452333","1846484629422","17.9161","17.7089","0.20720000000000002","18.613200000000003","3.1392","False","18.168400000000002","17.875600000000002","18.186500000000002","5.2291","22.938000000000002","8","1","1","False","0"
"23464","2135585588784","1846484631494","1846484782890","15.560900000000002","15.139600000000002","0.4213","15.8855","3.3359","False","18.2175","15.3468","18.168400000000002","8.0507","23.1903","8","1","1","False","0"
"23464","2135585588784","1846484787103","1846484965537","18.0682","17.843400000000003","0.2248","17.9708","3.0255","False","12.101600000000001","18.2647","18.2175","8.0035","25.8469","8","1","1","False","0"
"23464","2135585588784","1846484967785","1846485122007","15.6363","15.4222","0.2141","14.493500000000001","1.8940000000000001","False","18.2132","15.647","12.101600000000001","4.4581","19.880300000000002","8","1","1","False","0"
"23464","2135585588784","1846485124148","1846485296740","17.5225","17.2592","0.26330000000000003","18.7813","3.1729000000000003","False","18.1513","17.473300000000002","18.2132","5.198","22.4572","8","1","1","False","0"
"23464","2135585588784","1846485299373","1846485458907","16.211100000000002","15.9534","0.2577","19.0955","6.0807","False","12.1114","16.2167","18.1513","7.1326","23.086000000000002","8","1","1","False","0"
"23464","2135585588784","1846485461484","1846485618405","16.0879","15.6921","0.39580000000000004","12.076600000000001","2.2014","False","18.2325","15.949800000000002","12.1114","3.2942","18.9863","8","1","1","False","0"
"23464","2135585588784","1846485622363","1846485786751","16.659200000000002","16.4388","0.2204","17.6329","2.9997000000000003","False","18.133","16.834600000000002","18.2325","4.6921","21.1309","8","1","1","False","0"
"23464","2135585588784","1846485788955","1846485961603","17.5245","17.2648","0.2597","17.759","3.2456","False","18.188000000000002","17.485200000000003","18.133","5.3399","22.6047","8","1","1","False","0"
"23464","2135585588784","1846485964200","1846486126277","16.417299999999997","16.2077","0.2096","16.8537","3.6486","False","12.1088","16.4674","18.188000000000002","7.0605","23.2682","8","1","1","False","0"
"23464","2135585588784","1846486128373","1846486296097","16.913","16.7724","0.1406","14.936900000000001","1.9465000000000001","False","18.236900000000002","16.982","12.1088","2.1873","18.9597","8","1","1","False","0"
"23464","2135585588784","1846486297503","1846486449826","15.4616","15.2323","0.2293","16.9388","3.1784000000000003","False","18.124200000000002","15.372900000000001","18.236900000000002","5.0513","20.2836","8","1","1","False","0"
"23464","2135585588784","1846486452119","1846486618188","16.8425","16.6069","0.2356","17.1437","3.4747000000000003","False","18.1845","16.8362","18.124200000000002","6.339300000000001","22.9462","8","1","1","False","0"
"23464","2135585588784","1846486620544","1846486784415","16.6301","16.3871","0.24300000000000002","16.3594","3.2232000000000003","False","18.223200000000002","16.622700000000002","18.1845","7.9011000000000005","24.2882","8","1","1","False","0"
"23464","2135585588784","1846486786845","1846486966873","18.2099","18.0028","0.2071","16.883300000000002","1.8726","False","12.088000000000001","18.2458","18.223200000000002","7.878500000000001","25.8813","8","1","1","False","0"
"23464","2135585588784","1846486968944","1846487121765","15.495800000000001","15.282100000000002","0.2137","15.5168","1.8959000000000001","False","18.1768","15.4892","12.088000000000001","4.4773000000000005","19.7594","8","1","1","False","0"
"23464","2135585588784","1846487123902","1846487295822","17.424","17.192","0.232","18.7179","3.1876","False","24.276600000000002","17.4057","18.1768","5.2484","22.4404","8","1","1","False","0"
"23464","2135585588784","1846487298142","1846487519068","22.5839","22.0926","0.4913","22.825000000000003","3.7066000000000003","False","12.091000000000001","22.3246","24.276600000000002","7.2004","29.293000000000003","8","1","1","False","0"
"23464","2135585588784","1846487523981","1846487663550","14.216500000000002","13.956900000000001","0.2596","14.7283","3.9834","False","18.1825","14.4482","12.091000000000001","4.8432","18.8001","8","1","1","False","0"
"23464","2135585588784","1846487666146","1846487846969","18.305","18.0823","0.2227","17.456200000000003","3.0965000000000003","False","18.2182","18.341900000000003","18.1825","4.683800000000001","22.7661","8","1","1","False","0"
"23464","2135585588784","1846487849196","1846487992855","14.7993","14.3659","0.4334","13.7306","2.2276000000000002","False","12.075700000000001","14.588600000000001","18.2182","8.3134","22.6793","8","1","1","False","0"
"23464","2135585588784","1846487997189","1846488140909","14.545","14.372","0.17300000000000001","14.3644","2.1568","False","18.2176","14.8054","12.075700000000001","5.5837","19.9557","8","1","1","False","0"
"23464","2135585588784","1846488142639","1846488299840","15.899700000000001","15.7201","0.1796","17.0252","2.9326000000000003","False","12.094100000000001","15.8931","18.2176","7.908200000000001","23.6283","8","1","1","False","0"
"23464","2135585588784","1846488301636","1846488456505","15.72","15.4869","0.2331","14.6377","1.8917000000000002","False","30.303","15.666500000000001","12.094100000000001","4.3358","19.8227","8","1","1","False","0"
"23464","2135585588784","1846488458836","1846488765192","30.8734","30.6356","0.2378","32.0298","3.0476","False","18.2117","30.8687","30.303","3.7701000000000002","34.4057","8","1","1","False","0"
"23464","2135585588784","1846488767570","1846488906784","14.339500000000001","13.9214","0.4181","14.377600000000001","3.2790000000000004","False","12.0898","14.1592","18.2117","7.8226","21.744","8","1","1","False","0"
"23464","2135585588784","1846488910965","1846489046599","13.7672","13.563400000000001","0.2038","12.857800000000001","2.1665","False","18.1796","13.9815","12.0898","5.9309","19.494300000000003","8","1","1","False","0"
"23464","2135585588784","1846489048637","1846489224703","17.8286","17.6066","0.222","18.9264","3.2743","False","18.215600000000002","17.8104","18.1796","6.3001000000000005","23.9067","8","1","1","False","0"
"23464","2135585588784","1846489226923","1846489385612","16.2954","15.8689","0.42650000000000005","16.0141","3.1754000000000002","False","12.0913","16.0909","18.215600000000002","8.424800000000001","24.2937","8","1","1","False","0"
"23464","2135585588784","1846489389877","1846489560229","17.4424","17.0352","0.4072","16.4947","2.226","False","18.191100000000002","17.4617","12.0913","3.0544000000000002","20.0896","8","1","1","False","0"
"23464","2135585588784","1846489564301","1846489710277","14.8136","14.5976","0.216","16.046400000000002","3.2738","False","18.193","15.004800000000001","18.191100000000002","6.2407","20.8383","8","1","1","False","0"
"23464","2135585588784","1846489712437","1846489867781","15.766900000000001","15.534400000000002","0.2325","16.9496","4.4747","False","12.1369","15.7504","18.193","8.683300000000001","24.2177","8","1","1","False","0"
"23464","2135585588784","1846489870106","1846490037199","16.945300000000003","16.709300000000002","0.23600000000000002","14.510900000000001","2.0241000000000002","False","24.215","16.9418","12.1369","3.8784","20.5877","8","1","1","False","0"
"23464","2135585588784","1846490039559","1846490234575","19.7043","19.5016","0.20270000000000002","20.3626","3.0373","False","18.1716","19.7376","24.215","8.3558","27.857400000000002","8","1","1","False","0"
"23464","2135585588784","1846490236602","1846490426293","19.1534","18.9691","0.18430000000000002","18.5866","2.081","False","18.2462","19.1718","18.1716","7.3556","26.3247","8","1","1","False","0"
"23464","2135585588784","1846490428136","1846490628545","20.241","20.0409","0.2001","21.3643","3.2041","False","24.2038","20.2252","18.2462","5.3766","25.4175","8","1","1","False","0"
"23464","2135585588784","1846490630546","1846490835791","20.7181","20.5245","0.19360000000000002","20.4479","2.9423000000000004","False","12.0961","20.724600000000002","24.2038","8.8558","29.380300000000002","8","1","1","False","0"
"23464","2135585588784","1846490837727","1846491018163","18.218300000000003","18.0436","0.17470000000000002","17.1757","1.8876000000000002","False","24.247300000000003","18.2372","12.0961","2.7147","20.758300000000002","8","1","1","False","0"
"23464","2135585588784","1846491019910","1846491224427","20.650800000000004","20.451700000000002","0.1991","22.0349","3.2715","False","18.1702","20.6264","24.247300000000003","6.3356","26.787300000000002","8","1","1","False","0"
"23464","2135585588784","1846491226418","1846491413840","18.9263","18.7422","0.1841","17.7321","2.0829","False","18.1785","18.941300000000002","18.1702","5.564500000000001","24.306700000000003","8","1","1","False","0"
"23464","2135585588784","1846491415681","1846491605108","19.1184","18.942700000000002","0.1757","20.0169","2.9754","False","24.2863","19.1268","18.1785","4.6162","23.5589","8","1","1","False","0"
"23464","2135585588784","1846491606865","1846491802447","19.7654","19.5582","0.20720000000000002","20.047","3.2711","False","12.0961","19.733900000000002","24.2863","9.1686","28.7268","8","1","1","False","0"
"23464","2135585588784","1846491804519","1846491974227","17.1431","16.9708","0.1723","15.7833","1.8958000000000002","False","18.166","17.178","12.0961","4.0867","21.0575","8","1","1","False","0"
"23464","2135585588784","1846491975950","1846492143825","16.9246","16.7875","0.1371","16.8065","2.0820000000000003","False","18.1884","16.9598","18.166","5.2929","22.0804","8","1","1","False","0"
"23464","2135585588784","1846492145196","1846492335981","19.253","19.078500000000002","0.17450000000000002","20.431900000000002","2.9579","False","18.1783","19.215600000000002","18.1884","4.2657","23.3442","8","1","1","False","0"
"23464","2135585588784","1846492337726","1846492501509","16.5732","16.3783","0.19490000000000002","15.704600000000001","2.0894","False","18.1945","16.5528","18.1783","5.8912","22.2695","8","1","1","False","0"
"23464","2135585588784","1846492503458","1846492688067","18.631000000000004","18.460900000000002","0.1701","18.633200000000002","2.0888","False","18.1676","18.6558","18.1945","5.4299","23.890800000000002","8","1","1","False","0"
"23464","2135585588784","1846492689768","1846492853716","16.5745","16.3948","0.1797","19.2302","4.7507","False","18.1874","16.5649","18.1676","7.0326","23.427400000000002","8","1","1","False","0"
"23464","2135585588784","1846492855513","1846493065264","21.1812","20.9751","0.2061","19.3958","2.9631000000000003","False","24.2327","21.1548","18.1874","4.0652","25.040300000000002","8","1","1","False","0"
"23464","2135585588784","1846493067325","1846493256216","19.074500000000004","18.889100000000003","0.1854","21.032","4.9284","False","30.3294","19.095200000000002","24.2327","9.2027","28.091800000000003","8","1","1","False","0"
"23464","2135585588784","1846493258070","1846493560949","30.4697","30.2879","0.18180000000000002","28.5276","2.9737","False","18.1893","30.473300000000002","30.3294","9.0588","39.3467","8","1","1","False","0"
"23464","2135585588784","1846493562767","1846493754934","19.413999999999998","19.2167","0.1973","18.7372","2.3013","False","18.1688","19.398500000000002","18.1893","7.849600000000001","27.066300000000002","8","1","1","False","0"
"23464","2135585588784","1846493756907","1846493940840","18.5663","18.3933","0.17300000000000001","18.6737","2.4065000000000003","False","18.189","18.590600000000002","18.1688","7.4278","25.8211","8","1","1","False","0"
"23464","2135585588784","1846493942570","1846494132276","19.1127","18.9706","0.1421","18.899500000000003","2.5069","False","18.1921","19.1436","18.189","6.4732","25.4438","8","1","1","False","0"
"23464","2135585588784","1846494133697","1846494299234","16.7545","16.5537","0.2008","16.4374","1.8827","False","18.1723","16.695800000000002","18.1921","7.9695","24.523200000000003","8","1","1","False","0"
"23464","2135585588784","1846494301242","1846494486065","18.656900000000004","18.482300000000002","0.1746","19.4887","2.7084","False","18.1944","18.6831","18.1723","7.4587","25.941000000000003","8","1","1","False","0"
"23464","2135585588784","1846494487811","1846494662626","17.6578","17.4815","0.1763","19.0389","4.0901000000000005","False","12.0858","17.656100000000002","18.1944","7.997000000000001","25.4785","8","1","1","False","0"
"23464","2135585588784","1846494664389","1846494841976","17.9561","17.7587","0.19740000000000002","15.743300000000001","1.8878000000000001","False","24.257","17.935000000000002","12.0858","2.1478","19.9065","8","1","1","False","0"
"23464","2135585588784","1846494843950","1846495034874","19.2922","19.0924","0.1998","20.7791","3.3608000000000002","False","18.2037","19.2898","24.257","7.115","26.2074","8","1","1","False","0"
"23464","2135585588784","1846495036872","1846495209655","17.448900000000002","17.2783","0.1706","16.0252","1.9445000000000001","False","12.0845","17.4781","18.2037","7.8406","25.1189","8","1","1","False","0"
"23464","2135585588784","1846495211361","1846495373494","16.384","16.2133","0.17070000000000002","16.6814","2.2345","False","18.1929","16.3839","12.0845","3.5412000000000003","19.7545","8","1","1","False","0"
"23464","2135585588784","1846495375201","1846495535327","16.2169","16.0126","0.2043","16.0773","2.1005000000000003","False","18.1952","16.1833","18.1929","5.550800000000001","21.5634","8","1","1","False","0"
"23464","2135585588784","1846495537370","1846495701779","16.6347","16.4409","0.1938","16.5107","1.9876","False","18.1574","16.6452","18.1952","7.1008000000000004","23.541700000000002","8","1","1","False","0"
"23464","2135585588784","1846495703717","1846495878252","17.631100000000004","17.453500000000002","0.1776","18.7188","3.0562","False","24.2683","17.6473","18.1574","7.6109","25.064400000000003","8","1","1","False","0"
"23464","2135585588784","1846495880028","1846496104523","22.6274","22.4495","0.1779","22.887500000000003","3.3232000000000004","False","12.0968","22.627100000000002","24.2683","9.2521","31.701600000000003","8","1","1","False","0"
"23464","2135585588784","1846496106302","1846496290986","18.675800000000002","18.468400000000003","0.2074","17.5679","2.2239","False","18.200400000000002","18.6463","12.0968","2.7026000000000003","21.171","8","1","1","False","0"
"23464","2135585588784","1846496293060","1846496452675","16.1389","15.961500000000001","0.1774","15.8628","1.9384000000000001","False","18.2077","16.1689","18.200400000000002","4.734100000000001","20.695600000000002","8","1","1","False","0"
"23464","2135585588784","1846496454449","1846496618754","16.573300000000003","16.430500000000002","0.1428","16.5827","2.4854000000000003","False","18.218700000000002","16.6079","18.2077","6.3339","22.764400000000002","8","1","1","False","0"
"23464","2135585588784","1846496620182","1846496788309","17.0119","16.8127","0.19920000000000002","17.434","2.3721","False","30.252000000000002","16.9555","18.218700000000002","7.5971","24.4098","8","1","1","False","0"
"23464","2135585588784","1846496790301","1846497078307","28.971500000000002","28.800600000000003","0.1709","29.8855","3.2807","False","12.100900000000001","28.9998","30.252000000000002","8.849300000000001","37.6499","8","1","1","False","0"
"23464","2135585588784","1846497080016","1846497243877","16.558200000000003","16.386100000000003","0.1721","15.2103","1.9335","False","18.1848","16.557000000000002","12.100900000000001","4.3932","20.779300000000003","8","1","1","False","0"
"23464","2135585588784","1846497245598","1846497414768","17.0973","16.917","0.18030000000000002","17.303","2.1357","False","18.1859","17.089100000000002","18.1848","5.4889","22.405900000000003","8","1","1","False","0"
"23464","2135585588784","1846497416571","1846497592569","17.7726","17.599800000000002","0.1728","17.793200000000002","2.1603","False","18.1979","17.7801","18.1859","5.8947","23.494500000000002","8","1","1","False","0"
"23464","2135585588784","1846497594297","1846497759749","16.7264","16.5452","0.1812","16.836000000000002","2.2804","False","12.0937","16.718","18.1979","7.3746","23.919800000000002","8","1","1","False","0"
"23464","2135585588784","1846497761561","1846497912568","15.281600000000001","15.100700000000002","0.1809","14.9464","1.943","False","18.1798","15.2819","12.0937","4.1864","19.287100000000002","8","1","1","False","0"
"23464","2135585588784","1846497914377","1846498099554","18.709500000000002","18.5177","0.1918","18.6801","1.9046","False","18.191100000000002","18.698600000000003","18.1798","3.6676","22.1853","8","1","1","False","0"
"23464","2135585588784","1846498101472","1846498257996","15.9115","15.6524","0.2591","16.1457","2.1750000000000003","False","18.186400000000003","15.8442","18.191100000000002","6.0145","21.666900000000002","8","1","1","False","0"
"23464","2135585588784","1846498260587","1846498432926","17.372300000000003","17.233900000000002","0.1384","17.133300000000002","2.2016","False","18.1883","17.493000000000002","18.186400000000003","6.7079","23.9418","8","1","1","False","0"
"23464","2135585588784","1846498434310","1846498603437","17.0911","16.9127","0.1784","17.253500000000003","2.0608","False","12.102400000000001","17.0511","18.1883","7.8451","24.7578","8","1","1","False","0"
"23464","2135585588784","1846498605221","1846498775903","17.2617","17.0682","0.1935","17.4053","2.2088","False","18.1711","17.2466","12.102400000000001","2.7009000000000003","19.7691","8","1","1","False","0"
"23464","2135585588784","1846498777838","1846498950741","17.468700000000002","17.290300000000002","0.1784","18.3072","3.0463","False","36.386700000000005","17.483800000000002","18.1711","3.3882000000000003","20.6785","8","1","1","False","0"
"23464","2135585588784","1846498952525","1846499263732","31.306700000000003","31.120700000000003","0.186","33.3933","5.1439","False","12.1091","31.299100000000003","36.386700000000005","8.4758","39.5965","8","1","1","False","0"
"23464","2135585588784","1846499265592","1846499431800","16.8107","16.6208","0.1899","13.607200000000002","1.9249","False","18.1841","16.8068","12.1091","3.7781000000000002","20.3989","8","1","1","False","0"
"23464","2135585588784","1846499433699","1846499601460","16.9423","16.7761","0.16620000000000001","17.044900000000002","2.029","False","18.188000000000002","16.966","18.1841","4.9962","21.7723","8","1","1","False","0"
"23464","2135585588784","1846499603122","1846499775986","17.4691","17.2864","0.1827","17.5321","2.0996","False","18.174500000000002","17.4526","18.188000000000002","5.7316","23.018","8","1","1","False","0"
"23464","2135585588784","1846499777813","1846499954887","17.8787","17.7074","0.1713","17.9038","2.12","False","18.197300000000002","17.8901","18.174500000000002","6.016","23.7234","8","1","1","False","0"
"23464","2135585588784","1846499956600","1846500132665","17.7952","17.6065","0.1887","18.2059","2.5297","False","18.183500000000002","17.7778","18.197300000000002","6.4355","24.042","8","1","1","False","0"
"23464","2135585588784","1846500134552","1846500303029","16.9823","16.8477","0.1346","16.352","2.2013000000000003","False","18.1899","17.0364","18.183500000000002","7.5826","24.430300000000003","8","1","1","False","0"
"23464","2135585588784","1846500304375","1846500477580","17.4991","17.3205","0.1786","18.687900000000003","3.0895","False","12.0944","17.4551","18.1899","8.317400000000001","25.637900000000002","8","1","1","False","0"
"23464","2135585588784","1846500479366","1846500637423","15.987000000000002","15.805700000000002","0.18130000000000002","14.801300000000001","1.9111","False","18.1949","15.984300000000001","12.0944","4.4275","20.2332","8","1","1","False","0"
"23464","2135585588784","1846500639236","1846500808261","17.0971","16.9025","0.19460000000000002","17.3063","2.1082","False","18.186","17.0838","18.1949","5.538600000000001","22.441100000000002","8","1","1","False","0"
"23464","2135585588784","1846500810207","1846500979216","17.0843","16.9009","0.1834","17.494","2.5301","False","18.184900000000003","17.0955","18.186","6.6291","23.53","8","1","1","False","0"
"23464","2135585588784","1846500981050","1846501147779","16.8438","16.672900000000002","0.1709","16.2619","1.9391","False","12.0976","16.8563","18.184900000000003","7.9577","24.6306","8","1","1","False","0"
"23464","2135585588784","1846501149488","1846501317246","16.9742","16.7758","0.19840000000000002","17.265800000000002","2.229","False","18.2122","16.9467","12.0976","3.1086","19.8844","8","1","1","False","0"
"23464","2135585588784","1846501319230","1846501483546","16.6146","16.4316","0.183","16.2808","1.9080000000000001","False","30.267200000000003","16.630000000000003","18.2122","4.6908","21.122400000000003","8","1","1","False","0"
"23464","2135585588784","1846501485376","1846501782537","29.8992","29.7161","0.1831","31.1326","3.1342000000000003","False","24.239900000000002","29.8991","30.267200000000003","5.0589","34.775","8","1","1","False","0"
"23464","2135585588784","1846501784368","1846502026962","24.4617","24.2594","0.2023","24.4829","3.157","False","18.2122","24.442500000000003","24.239900000000002","4.8563","29.1157","8","1","1","False","0"
"23464","2135585588784","1846502028985","1846502184596","15.701800000000002","15.561100000000001","0.14070000000000002","14.5839","2.3387000000000002","False","18.172","15.7634","18.2122","7.3051","22.866200000000003","8","1","1","False","0"
"23464","2135585588784","1846502186003","1846502368518","18.4267","18.2515","0.1752","18.939600000000002","2.5466","False","12.0937","18.392200000000003","18.172","7.0849","25.3364","8","1","1","False","0"
"23464","2135585588784","1846502370270","1846502506211","13.7619","13.594100000000001","0.1678","13.309700000000003","2.0925000000000002","False","24.2845","13.769300000000001","12.0937","5.4093","19.0034","8","1","1","False","0"
"23464","2135585588784","1846502507889","1846502711717","20.5843","20.3828","0.2015","21.5377","3.0497","False","12.0998","20.5506","24.2845","9.1432","29.526","8","1","1","False","0"
"23464","2135585588784","1846502713732","1846502864852","15.291500000000001","15.112","0.17950000000000002","15.686800000000002","3.4521","False","18.2089","15.313500000000001","12.0998","5.9295","21.041500000000003","8","1","1","False","0"
"23464","2135585588784","1846502866647","1846503034544","16.9601","16.7897","0.1704","15.603200000000001","2.0876","False","12.085600000000001","16.9692","18.2089","7.1692","23.9589","8","1","1","False","0"
"23464","2135585588784","1846503036248","1846503193940","15.947400000000002","15.769200000000001","0.1782","16.1609","2.3032","False","18.2056","15.9396","12.085600000000001","3.3152000000000004","19.084400000000002","8","1","1","False","0"
"23464","2135585588784","1846503195722","1846503356053","16.2228","16.0331","0.1897","16.0686","2.1435","False","18.174400000000002","16.2113","18.2056","5.3095","21.3426","8","1","1","False","0"
"23464","2135585588784","1846503357950","1846503539959","18.4329","18.2009","0.232","18.3026","2.0447","False","12.1079","18.3906","18.174400000000002","5.0933","23.2942","8","1","1","False","0"
"23464","2135585588784","1846503542279","1846503676907","13.651000000000002","13.462800000000001","0.1882","14.042800000000002","2.4141","False","18.198900000000002","13.6948","12.1079","3.5064","16.9692","8","1","1","False","0"
"23464","2135585588784","1846503678789","1846503831567","15.4502","15.277800000000001","0.1724","15.3841","2.3421000000000003","False","18.198700000000002","15.466000000000001","18.198900000000002","6.2393","21.517100000000003","8","1","1","False","0"
"23464","2135585588784","1846503833291","1846503998561","16.6889","16.527","0.16190000000000002","16.201900000000002","2.2004","False","12.070500000000001","16.6994","18.198700000000002","7.738600000000001","24.265600000000003","8","1","1","False","0"
"23464","2135585588784","1846504000180","1846504171601","17.3045","17.1421","0.16240000000000002","17.396900000000002","1.9425000000000001","False","30.349300000000003","17.304000000000002","12.070500000000001","2.5051","19.6472","8","1","1","False","0"
"23464","2135585588784","1846504173225","1846504420366","24.8821","24.714100000000002","0.168","25.933200000000003","2.9975","False","12.0846","24.8765","30.349300000000003","7.9779","32.692","8","1","1","False","0"
"23464","2135585588784","1846504422046","1846504595239","17.511000000000003","17.319300000000002","0.1917","16.4663","1.9502000000000002","False","18.198","17.4873","12.0846","2.5752","19.8945","8","1","1","False","0"
"23464","2135585588784","1846504597156","1846504755382","15.994600000000002","15.822600000000001","0.17200000000000001","15.993200000000002","1.9527","False","18.2668","16.014300000000002","18.198","4.758900000000001","20.581500000000002","8","1","1","False","0"
"23464","2135585588784","1846504757102","1846504916047","16.0803","15.8945","0.18580000000000002","16.630300000000002","2.5167","False","24.1478","16.0665","18.2668","6.9592","22.8537","8","1","1","False","0"
"23464","2135585588784","1846504917905","1846505188727","27.252","27.0822","0.1698","27.7194","2.9654000000000003","False","18.2189","27.268","24.1478","3.839","30.921200000000002","8","1","1","False","0"
"23464","2135585588784","1846505190425","1846505348443","16.0008","15.8018","0.199","15.1639","2.1387","False","12.0728","15.9716","18.2189","6.0863000000000005","21.8881","8","1","1","False","0"
"23464","2135585588784","1846505350433","1846505506884","15.8596","15.645100000000001","0.21450000000000002","15.677000000000001","1.9709","False","18.181","15.844100000000001","12.0728","2.315","17.9601","8","1","1","False","0"
"23464","2135585588784","1846505509029","1846505637756","13.048","12.8727","0.1753","13.2269","2.1298","False","24.265800000000002","13.087200000000001","18.181","7.4088","20.2815","8","1","1","False","0"
"23464","2135585588784","1846505639509","1846505856482","21.846500000000002","21.697300000000002","0.1492","24.312000000000005","4.912100000000001","False","12.1273","21.872600000000002","24.265800000000002","9.802","31.4993","8","1","1","False","0"
"23464","2135585588784","1846505857974","1846506022765","16.649400000000004","16.479100000000003","0.1703","14.161700000000002","2.1031","False","18.1963","16.6283","12.1273","5.301","21.7801","8","1","1","False","0"
"23464","2135585588784","1846506024468","1846506178612","15.580400000000001","15.4144","0.166","15.4236","1.9462000000000002","False","12.1295","15.584700000000002","18.1963","7.9126","23.327","8","1","1","False","0"
"23464","2135585588784","1846506180272","1846506342155","16.374200000000002","16.1883","0.1859","16.7515","2.3411","False","30.277600000000003","16.354300000000002","12.1295","3.6878","19.8761","8","1","1","False","0"
"23464","2135585588784","1846506344014","1846506617722","27.698500000000003","27.370800000000003","0.3277","28.5213","3.2744","False","12.109","27.556700000000003","30.277600000000003","6.4087000000000005","33.7795","8","1","1","False","0"
"23464","2135585588784","1846506620999","1846506760221","14.1219","13.9222","0.19970000000000002","12.8175","1.8765","False","18.2273","14.2499","12.109","4.2678","18.19","8","1","1","False","0"
"23464","2135585588784","1846506762218","1846506911761","15.1225","14.9543","0.16820000000000002","15.2889","2.0075000000000003","False","12.0746","15.154","18.2273","7.3411","22.2954","8","1","1","False","0"
"23464","2135585588784","1846506913443","1846507066029","15.494500000000002","15.258600000000001","0.2359","15.3689","1.9009","False","12.1173","15.4268","12.0746","3.9889","19.247500000000002","8","1","1","False","0"
"23464","2135585588784","1846507068388","1846507197713","13.1394","12.932500000000001","0.2069","13.450400000000002","2.2207","False","18.2066","13.1684","12.1173","2.9378","15.8703","8","1","1","False","0"
"23464","2135585588784","1846507199782","1846507334701","13.689100000000002","13.491900000000001","0.19720000000000001","13.9722","2.4803","False","12.101","13.6988","18.2066","7.445600000000001","20.9375","8","1","1","False","0"
"23464","2135585588784","1846507336673","1846507489839","15.446000000000002","15.316600000000001","0.12940000000000002","14.5637","1.8962","False","18.207900000000002","15.513800000000002","12.101","4.0328","19.3494","8","1","1","False","0"
"23464","2135585588784","1846507491133","1846507634021","14.4735","14.2888","0.1847","14.745700000000001","1.8829","False","12.1021","14.4182","18.207900000000002","7.822500000000001","22.1113","8","1","1","False","0"
"23464","2135585588784","1846507635868","1846507787806","15.360000000000001","15.193800000000001","0.16620000000000001","15.3977","1.9031","False","18.198900000000002","15.3785","12.1021","4.5461","19.739900000000002","8","1","1","False","0"
"23464","2135585588784","1846507789468","1846507931856","14.4319","14.238800000000001","0.19310000000000002","14.7984","2.2718000000000003","False","12.0937","14.405000000000001","18.198900000000002","8.34","22.5788","8","1","1","False","0"
"23464","2135585588784","1846507933787","1846508084776","15.265600000000001","15.0989","0.16670000000000001","15.031600000000001","2.0343","False","24.2327","15.292000000000002","12.0937","5.1417","20.2406","8","1","1","False","0"
"23464","2135585588784","1846508086443","1846508340605","25.5901","25.4162","0.1739","26.4902","2.9395000000000002","False","18.2143","25.582900000000002","24.2327","3.7915","29.207700000000003","8","1","1","False","0"
"23464","2135585588784","1846508342344","1846508486706","14.621300000000002","14.436200000000001","0.18510000000000001","13.688500000000001","2.0037000000000003","False","12.104800000000001","14.610100000000001","18.2143","7.395700000000001","21.8319","8","1","1","False","0"
"23464","2135585588784","1846508488557","1846508639629","15.3347","15.1072","0.2275","15.2497","1.9422000000000001","False","12.134300000000001","15.292300000000001","12.104800000000001","4.208200000000001","19.3154","8","1","1","False","0"
"23464","2135585588784","1846508641904","1846508759132","11.9021","11.722800000000001","0.17930000000000001","11.8748","1.8979000000000001","False","18.1839","11.9503","12.134300000000001","4.3922","16.115000000000002","8","1","1","False","0"
"23464","2135585588784","1846508760925","1846508907758","14.8681","14.683300000000001","0.18480000000000002","14.8589","1.8978000000000002","False","12.1209","14.8626","18.1839","7.713500000000001","22.396800000000002","8","1","1","False","0"
"23464","2135585588784","1846508909606","1846509048211","14.0293","13.8605","0.1688","14.679200000000002","2.535","False","18.1944","14.045300000000001","12.1209","5.7891","19.6496","8","1","1","False","0"
"23464","2135585588784","1846509049899","1846509213640","16.522100000000002","16.374100000000002","0.14800000000000002","15.609900000000001","1.9720000000000002","False","12.105","16.5429","18.1944","7.440600000000001","23.814700000000002","8","1","1","False","0"
"23464","2135585588784","1846509215120","1846509357474","14.3986","14.2354","0.1632","14.865","2.0856","False","18.192700000000002","14.3834","12.105","5.1622","19.3976","8","1","1","False","0"
"23464","2135585588784","1846509359106","1846509509554","15.2415","15.0448","0.1967","15.1121","1.9663000000000002","False","12.092600000000001","15.208","18.192700000000002","8.1469","23.1917","8","1","1","False","0"
"23464","2135585588784","1846509511521","1846509652493","14.2757","14.0972","0.17850000000000002","16.5698","4.2549","False","12.1112","14.2939","12.092600000000001","5.945600000000001","20.0428","8","1","1","False","0"
"23464","2135585588784","1846509654278","1846509805029","15.268400000000002","15.0751","0.1933","13.262999999999998","2.2458","False","18.206300000000002","15.2536","12.1112","2.8032","17.8783","8","1","1","False","0"
"23464","2135585588784","1846509806962","1846509952125","14.7032","14.516300000000001","0.1869","14.491800000000001","2.0439000000000003","False","12.0988","14.7096","18.206300000000002","6.2999","20.816200000000002","8","1","1","False","0"
"23464","2135585588784","1846509953994","1846510101448","14.925","14.7454","0.1796","15.1067","2.23","False","18.2144","14.932300000000001","12.0988","3.4664","18.2118","8","1","1","False","0"
"23464","2135585588784","1846510103244","1846510242384","14.112600000000002","13.914000000000001","0.1986","13.794","1.9291","False","12.108","14.0936","18.2144","7.5872","21.5012","8","1","1","False","0"
"23464","2135585588784","1846510244370","1846510394433","15.279100000000001","15.006300000000001","0.2728","15.2241","1.9028","False","12.1007","15.2049","12.108","4.4903","19.4966","8","1","1","False","0"
"23464","2135585588784","1846510397161","1846510532866","13.747200000000001","13.570500000000001","0.1767","14.109200000000001","2.2132","False","24.2631","13.843300000000001","12.1007","2.7477","16.3182","8","1","1","False","0"
"23464","2135585588784","1846510534633","1846510745537","21.265500000000003","21.090400000000002","0.1751","22.2774","3.2214","False","12.099","21.267100000000003","24.2631","5.7437000000000005","26.834100000000003","8","1","1","False","0"
"23464","2135585588784","1846510747288","1846510890677","14.519400000000001","14.3389","0.18050000000000002","13.5731","2.2738","False","18.1996","14.514000000000001","12.099","3.3287","17.6676","8","1","1","False","0"
"23464","2135585588784","1846510892482","1846511054419","16.3551","16.1937","0.16140000000000002","17.0015","3.2424","False","12.1029","16.374200000000002","18.1996","5.154100000000001","21.3478","8","1","1","False","0"
"23464","2135585588784","1846511056033","1846511199807","14.606800000000002","14.377400000000002","0.22940000000000002","13.537700000000001","1.9007","False","18.215","14.5388","12.1029","2.7182","17.0956","8","1","1","False","0"
"23464","2135585588784","1846511202101","1846511325558","12.5296","12.3457","0.1839","12.963600000000001","2.2985","False","12.1151","12.5751","18.215","8.3581","20.7038","8","1","1","False","0"
"23464","2135585588784","1846511327397","1846511476504","15.084900000000001","14.9107","0.17420000000000002","15.084800000000001","2.2875","False","12.0945","15.094600000000002","12.1151","5.3786000000000005","20.2893","8","1","1","False","0"
"23464","2135585588784","1846511478246","1846511623434","14.706900000000001","14.5188","0.18810000000000002","14.5119","2.0864000000000003","False","18.2142","14.693000000000001","12.0945","2.7801","17.2989","8","1","1","False","0"
"23464","2135585588784","1846511625315","1846511768638","14.5183","14.3323","0.186","14.9298","2.5051","False","12.1075","14.5204","18.2142","6.4739","20.8062","8","1","1","False","0"
"23464","2135585588784","1846511770498","1846511912187","14.348400000000002","14.1689","0.17950000000000002","13.753","1.9060000000000001","False","18.1937","14.3549","12.1075","4.226500000000001","18.395400000000002","8","1","1","False","0"
"23464","2135585588784","1846511913982","1846512059205","14.7536","14.522300000000001","0.2313","15.134300000000001","2.3214","False","12.0923","14.7018","18.1937","7.7184","22.2407","8","1","1","False","0"
"23464","2135585588784","1846512061518","1846512181042","12.128400000000001","11.9524","0.17600000000000002","12.2148","2.3767","False","24.259500000000003","12.1837","12.0923","7.627000000000001","19.5794","8","1","1","False","0"
"23464","2135585588784","1846512182802","1846512439072","25.854200000000002","25.627000000000002","0.2272","26.688000000000002","3.2362","False","12.1202","25.803","24.259500000000003","6.0835","31.710500000000003","8","1","1","False","0"
"23464","2135585588784","1846512441344","1846512581609","14.1698","14.0265","0.1433","12.5207","1.8688","False","18.2023","14.2537","12.1202","3.95","17.9765","8","1","1","False","0"
"23464","2135585588784","1846512583042","1846512727656","14.627600000000001","14.461400000000001","0.16620000000000001","15.472800000000001","2.4002000000000003","False","12.1476","14.604700000000001","18.2023","7.5476","22.009","8","1","1","False","0"
"23464","2135585588784","1846512729318","1846512858678","13.1067","12.936","0.17070000000000002","14.5214","3.8121","False","24.1812","13.1022","12.1476","6.593","19.529","8","1","1","False","0"
"23464","2135585588784","1846512860385","1846513124952","26.6535","26.4567","0.1968","25.8173","2.9814000000000003","False","18.2134","26.6274","24.1812","4.1468","30.6035","8","1","1","False","0"
"23464","2135585588784","1846513126920","1846513266317","14.1377","13.9397","0.198","14.634","3.5001","False","12.1325","14.1365","18.2134","8.223700000000001","22.1634","8","1","1","False","0"
"23464","2135585588784","1846513268297","1846513397675","13.1111","12.937800000000001","0.1733","11.7134","2.0768","False","12.184600000000001","13.135800000000001","12.1325","7.220400000000001","20.1582","8","1","1","False","0"
"23464","2135585588784","1846513399408","1846513533407","13.5669","13.3999","0.167","13.6188","2.129","False","24.171400000000002","13.5732","12.184600000000001","5.8318","19.2317","8","1","1","False","0"
"23464","2135585588784","1846513535077","1846513746332","21.3152","21.125500000000002","0.1897","22.4612","3.2762000000000002","False","12.100200000000001","21.2925","24.171400000000002","8.710700000000001","29.8362","8","1","1","False","0"
"23464","2135585588784","1846513748229","1846513898992","15.272700000000002","15.076300000000002","0.19640000000000002","14.050400000000002","2.0642","False","12.0989","15.266","12.100200000000001","5.5449","20.6212","8","1","1","False","0"
"23464","2135585588784","1846513900956","1846514048951","14.977","14.7995","0.17750000000000002","15.070200000000002","2.1518","False","18.2274","14.9959","12.0989","2.6479","17.447400000000002","8","1","1","False","0"
"23464","2135585588784","1846514050726","1846514190330","14.0928","13.9604","0.13240000000000002","13.923","2.5238","False","18.1832","14.1379","18.2274","6.7374","20.6978","8","1","1","False","0"
"23464","2135585588784","1846514191654","1846514361230","17.1982","16.9576","0.2406","17.4744","2.2765","False","12.116800000000001","17.09","18.1832","7.8306000000000004","24.7882","8","1","1","False","0"
"23464","2135585588784","1846514363636","1846514480821","11.902800000000001","11.7185","0.18430000000000002","13.398000000000001","3.7508000000000004","False","12.0928","11.959100000000001","12.116800000000001","7.988300000000001","19.7068","8","1","1","False","0"
"23464","2135585588784","1846514482664","1846514627151","14.640500000000001","14.4487","0.1918","13.0447","2.1590000000000003","False","12.1193","14.633000000000001","12.0928","5.4481","19.896800000000002","8","1","1","False","0"
"23464","2135585588784","1846514629069","1846514774169","14.681600000000001","14.510000000000002","0.1716","14.756200000000002","2.2269","False","18.206200000000003","14.7018","12.1193","2.8656","17.375600000000002","8","1","1","False","0"
"23464","2135585588784","1846514775885","1846514918303","14.450600000000001","14.241800000000001","0.2088","14.7493","2.5378000000000003","False","12.1607","14.413400000000001","18.206200000000003","6.6584","20.9002","8","1","1","False","0"
"23464","2135585588784","1846514920391","1846515070642","15.3093","15.0251","0.2842","14.8223","2.1462","False","18.1158","15.2339","12.1607","3.5852000000000004","18.610300000000002","8","1","1","False","0"
"23464","2135585588784","1846515073484","1846515241252","16.951500000000003","16.7768","0.17470000000000002","17.8982","2.9883","False","18.187","17.061","18.1158","4.640000000000001","21.416800000000002","8","1","1","False","0"
"23464","2135585588784","1846515242999","1846515408120","16.6967","16.5121","0.18460000000000001","15.8415","2.1389","False","18.1869","16.6868","18.187","6.1402","22.6523","8","1","1","False","0"
"23464","2135585588784","1846515409966","1846515586127","17.8184","17.6161","0.2023","18.1548","2.4802","False","18.1996","17.8007","18.1869","6.526400000000001","24.142500000000002","8","1","1","False","0"
"23464","2135585588784","1846515588150","1846515756913","17.0517","16.8763","0.1754","16.4433","1.8629","False","12.0843","17.0786","18.1996","7.6474","24.5237","8","1","1","False","0"
"23464","2135585588784","1846515758667","1846515924495","16.758000000000003","16.582800000000002","0.1752","17.1152","2.2190000000000003","False","36.3829","16.758200000000002","12.0843","2.9735","19.5563","8","1","1","False","0"
"23464","2135585588784","1846515926247","1846516232521","30.8705","30.6274","0.2431","31.2554","3.012","False","18.1934","30.8026","36.3829","8.5538","39.181200000000004","8","1","1","False","0"
"23464","2135585588784","1846516234952","1846516429171","19.5916","19.4219","0.16970000000000002","19.0841","2.0921000000000003","False","12.091600000000001","19.665000000000003","18.1934","7.0822","26.5041","8","1","1","False","0"
"23464","2135585588784","1846516430868","1846516590338","16.131800000000002","15.947000000000001","0.18480000000000002","16.2181","2.196","False","24.2668","16.1167","12.091600000000001","3.0571","19.0041","8","1","1","False","0"
"23464","2135585588784","1846516592186","1846516772178","18.2021","17.999200000000002","0.2029","19.0549","3.0452000000000004","False","12.1015","18.184","24.2668","9.1399","27.139100000000003","8","1","1","False","0"
"23464","2135585588784","1846516774207","1846516952053","17.9627","17.7846","0.1781","17.1452","2.2197","False","24.278100000000002","17.9875","12.1015","3.2539000000000002","21.038500000000003","8","1","1","False","0"
"23464","2135585588784","1846516953834","1846517142494","19.0384","18.866","0.1724","19.808300000000003","2.9867000000000004","False","12.104800000000001","19.0441","24.278100000000002","8.4879","27.353900000000003","8","1","1","False","0"
"23464","2135585588784","1846517144218","1846517298171","15.5829","15.3953","0.18760000000000002","14.5446","1.9511","False","18.1748","15.5677","12.104800000000001","5.025","20.4203","8","1","1","False","0"
"23464","2135585588784","1846517300047","1846517470545","17.246100000000002","17.0498","0.1963","18.061700000000002","2.7688","False","18.172800000000002","17.2374","18.1748","5.962400000000001","23.0122","8","1","1","False","0"
"23464","2135585588784","1846517472508","1846517651951","18.1152","17.944300000000002","0.1709","19.477800000000002","4.1225000000000005","False","18.2023","18.1406","18.172800000000002","5.9946","23.9389","8","1","1","False","0"
"23464","2135585588784","1846517653660","1846517812750","16.099700000000002","15.909","0.1907","13.896","1.9447","False","12.0966","16.079900000000002","18.2023","8.117","24.026","8","1","1","False","0"
"23464","2135585588784","1846517814657","1846517981984","16.915200000000002","16.7327","0.1825","17.1326","2.1497","False","18.1937","16.9234","12.0966","3.2902","20.0229","8","1","1","False","0"
"23464","2135585588784","1846517983809","1846518131000","14.938300000000002","14.719100000000001","0.2192","15.368","2.5806","False","18.1769","14.9016","18.1937","6.5823","21.3014","8","1","1","False","0"
"23464","2135585588784","1846518133192","1846518313994","18.261300000000002","18.0802","0.1811","18.0802","2.3953","False","18.1841","18.299400000000002","18.1769","6.4598","24.540000000000003","8","1","1","False","0"
"23464","2135585588784","1846518315805","1846518503818","18.953000000000003","18.8013","0.1517","18.3291","2.0961000000000003","False","36.3801","18.982400000000002","18.1841","5.6615","24.4628","8","1","1","False","0"
"23464","2135585588784","1846518505335","1846518866182","36.27420000000001","36.084700000000005","0.1895","37.4212","2.898","False","18.171300000000002","36.2364","36.3801","5.8052","41.889900000000004","8","1","1","False","0"
"23464","2135585588784","1846518868077","1846519035944","16.9887","16.7867","0.202","16.2809","2.2091000000000003","False","24.266000000000002","16.976200000000002","18.171300000000002","7.0003","23.787000000000003","8","1","1","False","0"
"23464","2135585588784","1846519037964","1846519258683","22.2472","22.0719","0.1753","24.0244","3.9812000000000003","False","12.091700000000001","22.2739","24.266000000000002","8.9924","31.064300000000003","8","1","1","False","0"
"23464","2135585588784","1846519260436","1846519435305","17.6824","17.486900000000002","0.1955","15.7361","2.036","False","18.1612","17.662200000000002","12.091700000000001","3.4219000000000004","20.9088","8","1","1","False","0"
"23464","2135585588784","1846519437260","1846519629093","19.364500000000003","19.183300000000003","0.1812","19.3087","1.9885000000000002","False","24.259600000000002","19.378800000000002","18.1612","2.2043","21.387600000000003","8","1","1","False","0"
"23464","2135585588784","1846519630905","1846519809218","18.000700000000002","17.831300000000002","0.1694","18.3324","2.3087","False","24.2508","18.0125","24.259600000000002","8.4514","26.282700000000002","8","1","1","False","0"
"23464","2135585588784","1846519810912","1846520077706","26.8932","26.6794","0.21380000000000002","27.711800000000004","3.1394","False","18.192800000000002","26.8488","24.2508","5.853400000000001","32.5328","8","1","1","False","0"
"23464","2135585588784","1846520079844","1846520251219","17.302699999999998","17.1375","0.1652","16.820700000000002","2.6456","False","12.088000000000001","17.351300000000002","18.192800000000002","6.6949000000000005","23.8324","8","1","1","False","0"
"23464","2135585588784","1846520252871","1846520407840","15.6795","15.4969","0.1826","15.2468","2.2275","False","18.2083","15.6621","12.088000000000001","3.1208","18.6177","8","1","1","False","0"
"23464","2135585588784","1846520409666","1846520569303","16.0992","15.963700000000001","0.1355","15.702900000000001","2.1472","False","18.1997","16.1463","18.2083","5.1828","21.1465","8","1","1","False","0"
"23464","2135585588784","1846520570658","1846520724307","15.559800000000001","15.3649","0.19490000000000002","15.689200000000001","1.949","False","12.086","15.5004","18.1997","7.8821","23.247","8","1","1","False","0"
"23464","2135585588784","1846520726256","1846520893498","16.8982","16.7242","0.17400000000000002","17.1234","2.1618","False","18.1871","16.9191","12.086","3.049","19.7732","8","1","1","False","0"
"23464","2135585588784","1846520895238","1846521056442","16.308","16.1204","0.18760000000000002","16.1014","1.9797","False","18.1703","16.2944","18.1871","4.9417","21.0621","8","1","1","False","0"
"23464","2135585588784","1846521058318","1846521231680","17.5073","17.3362","0.1711","17.8752","2.3349","False","30.344800000000003","17.5238","18.1703","5.5882000000000005","22.924400000000002","8","1","1","False","0"
"23464","2135585588784","1846521233391","1846521509098","27.7634","27.570700000000002","0.1927","28.8213","3.3897000000000004","False","12.0798","27.7418","30.344800000000003","8.1912","35.761900000000004","8","1","1","False","0"
"23464","2135585588784","1846521511025","1846521688660","17.9339","17.7635","0.1704","16.505000000000003","1.9643000000000002","False","18.2059","17.956200000000003","12.0798","2.3148","20.078300000000002","8","1","1","False","0"
"23464","2135585588784","1846521690364","1846521840654","15.2168","15.029","0.18780000000000002","15.3139","2.0754","False","18.2006","15.1994","18.2059","5.3213","20.3503","8","1","1","False","0"
"23464","2135585588784","1846521842532","1846522002430","16.165100000000002","15.9898","0.1753","16.5659","2.4634","False","12.0747","16.1776","18.2006","7.3443000000000005","23.3341","8","1","1","False","0"
"23464","2135585588784","1846522004183","1846522172485","17.029500000000002","16.8302","0.1993","16.512800000000002","1.9539000000000002","False","24.2698","17.0055","12.0747","2.4135","19.2437","8","1","1","False","0"
"23464","2135585588784","1846522174478","1846522377983","20.5352","20.3505","0.1847","21.6708","3.088","False","18.1872","20.5498","24.2698","6.133500000000001","26.484","8","1","1","False","0"
"23464","2135585588784","1846522379830","1846522552251","17.387800000000002","17.2421","0.1457","16.5011","2.4987","False","18.1618","17.4268","18.1872","6.8939","24.136000000000003","8","1","1","False","0"
"23464","2135585588784","1846522553708","1846522731642","17.988500000000002","17.793400000000002","0.1951","17.996100000000002","2.1973000000000003","False","18.1934","17.9391","18.1618","7.1166","24.91","8","1","1","False","0"
"23464","2135585588784","1846522733593","1846522933980","20.209300000000002","20.038700000000002","0.1706","20.0149","2.0100000000000002","False","18.174500000000002","20.233800000000002","18.1934","5.0762","25.114900000000002","8","1","1","False","0"
"23464","2135585588784","1846522935686","1846523106976","17.2906","17.129","0.16160000000000002","17.3974","2.1085000000000003","False","18.1921","17.2996","18.174500000000002","5.9511","23.0801","8","1","1","False","0"
"23464","2135585588784","1846523108592","1846523276088","16.9387","16.7496","0.18910000000000002","16.859","2.0352","False","18.1846","16.9112","18.1921","7.232","23.9816","8","1","1","False","0"
"23464","2135585588784","1846523277979","1846523456969","18.088900000000002","17.899","0.1899","18.4466","2.3930000000000002","False","12.098","18.0881","18.1846","7.3285","25.227500000000003","8","1","1","False","0"
"23464","2135585588784","1846523458868","1846523625433","16.8278","16.6565","0.1713","16.4064","1.9694","False","24.3028","16.8464","12.098","2.5801000000000003","19.2366","8","1","1","False","0"
"23464","2135585588784","1846523627146","1846523810857","18.5498","18.371100000000002","0.1787","19.5079","2.9296","False","12.0591","18.5424","24.3028","8.3405","26.7116","8","1","1","False","0"
"23464","2135585588784","1846523812644","1846523976768","16.605","16.4124","0.19260000000000002","15.6148","1.9441000000000002","False","18.1772","16.5911","12.0591","3.8085","20.2209","8","1","1","False","0"
"23464","2135585588784","1846523978694","1846524155154","17.829700000000003","17.646","0.1837","18.9052","3.0096000000000003","False","18.1784","17.8386","18.1772","4.1471","21.793100000000003","8","1","1","False","0"
"23464","2135585588784","1846524156991","1846524344696","18.916600000000003","18.770500000000002","0.1461","18.5835","3.0072","False","18.2271","18.9542","18.1784","3.3713","22.1418","8","1","1","False","0"
"23464","2135585588784","1846524346157","1846524505589","16.1297","15.943200000000001","0.1865","17.8514","4.4132","False","24.249100000000002","16.0893","18.2271","5.5091","21.4523","8","1","1","False","0"
"23464","2135585588784","1846524507454","1846524711673","20.611900000000002","20.4219","0.19","19.4069","3.1923000000000004","False","12.086400000000001","20.6084","24.249100000000002","9.1498","29.5717","8","1","1","False","0"
"23464","2135585588784","1846524713573","1846524882111","17.0385","16.8538","0.1847","15.7123","1.8742","False","18.1924","17.0438","12.086400000000001","4.1924","21.046200000000002","8","1","1","False","0"
"23464","2135585588784","1846524883958","1846525052753","17.0491","16.8795","0.1696","17.2663","2.0873","False","18.1617","17.0642","18.1924","5.320600000000001","22.200100000000003","8","1","1","False","0"
"23464","2135585588784","1846525054449","1846525220181","16.7587","16.5732","0.1855","17.0104","2.3371","False","18.1786","16.742800000000003","18.1617","6.7395000000000005","23.3127","8","1","1","False","0"
"23464","2135585588784","1846525222036","1846525430207","21.0176","20.8171","0.2005","21.723000000000003","3.0674","False","18.1964","21.0026","18.1786","3.9155","24.7326","8","1","1","False","0"
"23464","2135585588784","1846525432212","1846525603760","17.324","17.1548","0.16920000000000002","16.198700000000002","1.9189","False","18.2144","17.3553","18.1964","4.756600000000001","21.9114","8","1","1","False","0"
"23464","2135585588784","1846525605452","1846525782152","17.922300000000003","17.67","0.2523","17.9814","2.0371","False","12.1682","17.8392","18.2144","5.1318","22.8018","8","1","1","False","0"
"23464","2135585588784","1846525784675","1846525919745","13.700700000000001","13.507000000000001","0.1937","14.0084","2.285","False","36.3061","13.759300000000001","12.1682","3.5407","17.047700000000003","8","1","1","False","0"
"23464","2135585588784","1846525921682","1846526227177","30.7312","30.549500000000002","0.1817","31.477","3.0380000000000003","False","12.1212","30.7432","36.3061","9.1036","39.6531","8","1","1","False","0"
"23464","2135585588784","1846526228994","1846526387736","16.0256","15.8742","0.1514","14.738400000000002","2.0742000000000003","False","12.0846","16.0559","12.1212","5.1689","21.043100000000003","8","1","1","False","0"
"23464","2135585588784","1846526389250","1846526525356","13.8226","13.6106","0.21200000000000002","14.2142","2.154","False","18.2211","13.762","12.0846","3.4915000000000003","17.1021","8","1","1","False","0"
"23464","2135585588784","1846526527476","1846526655049","12.922600000000001","12.7573","0.1653","14.904200000000003","4.117","False","12.097700000000001","12.9693","18.2211","8.7433","21.500600000000002","8","1","1","False","0"
"23464","2135585588784","1846526656702","1846526818528","16.415300000000002","16.1826","0.23270000000000002","14.2756","2.0188","False","12.123700000000001","16.3479","12.097700000000001","4.4931","20.675700000000003","8","1","1","False","0"
"23464","2135585588784","1846526820855","1846526947077","12.794400000000001","12.622200000000001","0.17220000000000002","12.792300000000001","1.9765000000000001","False","24.256700000000002","12.8549","12.123700000000001","3.7619000000000002","16.3841","8","1","1","False","0"
"23464","2135585588784","1846526948799","1846527145429","19.8615","19.663","0.1985","20.002500000000005","2.1242","False","12.1292","19.8352","24.256700000000002","8.1834","27.846400000000003","8","1","1","False","0"
"23464","2135585588784","1846527147414","1846527286494","14.085300000000002","13.908000000000001","0.1773","14.0654","2.095","False","12.081900000000001","14.1065","12.1292","6.2061","20.1141","8","1","1","False","0"
"23464","2135585588784","1846527288267","1846527440705","15.4238","15.2438","0.18000000000000002","15.434900000000003","2.1155","False","18.2179","15.421100000000001","12.081900000000001","2.8669000000000002","18.1107","8","1","1","False","0"
"23464","2135585588784","1846527442505","1846527590180","15.0101","14.7675","0.2426","15.011700000000001","2.1539","False","12.1014","14.947500000000002","18.2179","6.137300000000001","20.9048","8","1","1","False","0"
"23464","2135585588784","1846527592606","1846527734891","14.442400000000001","14.2285","0.2139","14.273100000000001","1.9620000000000002","False","18.1751","14.4711","12.1014","3.7676000000000003","17.996100000000002","8","1","1","False","0"
"23464","2135585588784","1846527737030","1846527879549","14.4266","14.251900000000001","0.17470000000000002","14.358","1.8732000000000002","False","24.246100000000002","14.465800000000002","18.1751","7.4769000000000005","21.7288","8","1","1","False","0"
"23464","2135585588784","1846527881296","1846528155084","27.529000000000003","27.378800000000002","0.1502","28.3034","2.9653","False","18.178","27.5535","24.246100000000002","4.1695","31.5483","8","1","1","False","0"
"23464","2135585588784","1846528156586","1846528344725","19.0573","18.8139","0.2434","18.657500000000002","2.2655000000000003","False","18.2161","18.964100000000002","18.178","3.3834","22.197300000000002","8","1","1","False","0"
"23464","2135585588784","1846528347159","1846528495296","15.043000000000001","14.8137","0.2293","14.9997","2.2373000000000003","False","18.1765","15.0571","18.2161","6.542400000000001","21.3561","8","1","1","False","0"
"23464","2135585588784","1846528497589","1846528673001","17.8309","17.5412","0.2897","17.7891","2.2503","False","12.117600000000001","17.770500000000002","18.1765","6.9484","24.489600000000003","8","1","1","False","0"
"23464","2135585588784","1846528675898","1846528813755","14.0204","13.7857","0.23470000000000002","14.0439","2.21","False","12.099","14.0754","12.117600000000001","4.990600000000001","18.776300000000003","8","1","1","False","0"
"23464","2135585588784","1846528816102","1846528950812","13.6923","13.471","0.22130000000000002","13.435500000000001","1.9639000000000002","False","18.2166","13.7057","12.099","3.3839","16.8549","8","1","1","False","0"
"23464","2135585588784","1846528953025","1846529091339","14.0183","13.8314","0.1869","14.4901","2.41","False","18.1679","14.052700000000002","18.2166","7.5478000000000005","21.3792","8","1","1","False","0"
"23464","2135585588784","1846529093208","1846529269329","17.8382","17.6121","0.22610000000000002","17.441000000000003","2.0209","False","18.148500000000002","17.799","18.1679","7.9167000000000005","25.5288","8","1","1","False","0"
"23464","2135585588784","1846529271590","1846529444849","17.5103","17.3259","0.1844","20.457","4.961","False","24.273","17.552","18.148500000000002","8.513200000000001","25.839100000000002","8","1","1","False","0"
"23464","2135585588784","1846529446693","1846529708543","26.393","26.185000000000002","0.20800000000000002","24.8626","3.4385000000000003","False","18.183400000000002","26.369400000000002","24.273","6.4168","32.601800000000004","8","1","1","False","0"
"23464","2135585588784","1846529710623","1846529858750","14.979000000000001","14.812700000000001","0.1663","15.094700000000001","3.5326","False","12.1274","15.020700000000001","18.183400000000002","9.579500000000001","24.392200000000003","8","1","1","False","0"
"23464","2135585588784","1846529860413","1846530006258","14.7569","14.5845","0.1724","13.718600000000002","2.4949000000000003","False","12.0998","14.7508","12.1274","6.9561","21.5406","8","1","1","False","0"
"23464","2135585588784","1846530007982","1846530161206","15.451600000000001","15.3224","0.1292","14.5767","1.9184","False","18.1999","15.494800000000001","12.0998","3.5611","18.8835","8","1","1","False","0"
"23464","2135585588784","1846530162498","1846530306400","14.624","14.3902","0.2338","15.5175","2.5549","False","12.1098","14.519400000000001","18.1999","7.2416","21.631800000000002","8","1","1","False","0"
"23464","2135585588784","1846530308738","1846530451088","14.4045","14.235000000000001","0.1695","13.9235","2.0309","False","18.1573","14.4688","12.1098","4.8826","19.1176","8","1","1","False","0"
"23464","2135585588784","1846530452783","1846530629106","17.8119","17.6323","0.1796","17.9339","2.1627","False","24.264200000000002","17.8018","18.1573","5.2381","22.8704","8","1","1","False","0"
"23464","2135585588784","1846530630902","1846530843687","21.4901","21.2785","0.2116","25.140600000000003","5.82","False","12.131300000000001","21.4581","24.264200000000002","8.0442","29.3227","8","1","1","False","0"
"23464","2135585588784","1846530845803","1846530990104","14.6072","14.430100000000001","0.1771","10.9479","2.1521","False","18.1876","14.6417","12.131300000000001","5.5338","19.963900000000002","8","1","1","False","0"
"23464","2135585588784","1846530991875","1846531158708","17.247999999999998","16.6833","0.5647","17.2711","2.5476","False","12.1117","16.860400000000002","18.1876","6.861000000000001","23.5443","8","1","1","False","0"
"23464","2135585588784","1846531164355","1846531295930","13.322700000000001","13.1575","0.1652","13.217000000000002","2.0606","False","18.1873","13.7222","12.1117","5.250500000000001","18.408","8","1","1","False","0"
"23464","2135585588784","1846531297582","1846531464886","16.928","16.7304","0.1976","18.0757","3.2166","False","12.111600000000001","16.8956","18.1873","6.5422","23.2726","8","1","1","False","0"
"23464","2135585588784","1846531466862","1846531606149","14.122000000000002","13.928700000000001","0.1933","12.7744","1.8819000000000001","False","12.1143","14.1263","12.111600000000001","4.5275","18.456200000000003","8","1","1","False","0"
"23464","2135585588784","1846531608082","1846531735401","12.931600000000001","12.731900000000001","0.19970000000000002","13.0717","2.0243","False","18.1905","12.9252","12.1143","3.7166","16.4485","8","1","1","False","0"
"23464","2135585588784","1846531737398","1846531867989","13.2271","13.0591","0.168","13.9656","3.1127000000000002","False","12.119800000000001","13.2588","18.1905","8.6483","21.7074","8","1","1","False","0"
"23464","2135585588784","1846531869669","1846532024523","15.7052","15.4854","0.21980000000000002","15.0089","2.0740000000000003","False","12.1091","15.653400000000001","12.119800000000001","5.1147","20.6001","8","1","1","False","0"
"23464","2135585588784","1846532026721","1846532156222","13.1394","12.9501","0.1893","12.9998","1.9041000000000001","False","18.192500000000003","13.1699","12.1091","4.0539000000000005","17.004","8","1","1","False","0"
"23464","2135585588784","1846532158115","1846532335656","17.9341","17.7541","0.18000000000000002","17.9223","1.8987","False","18.1878","17.9434","18.192500000000003","4.303","22.057100000000002","8","1","1","False","0"
"23464","2135585588784","1846532337456","1846532465851","13.029200000000001","12.839500000000001","0.1897","14.541500000000001","3.4174","False","12.1256","13.0195","18.1878","9.471300000000001","22.3108","8","1","1","False","0"
"23464","2135585588784","1846532467748","1846532616147","15.0392","14.8399","0.1993","13.836300000000001","2.2333000000000003","False","12.0876","15.0296","12.1256","6.5673","21.4072","8","1","1","False","0"
"23464","2135585588784","1846532618140","1846532778080","16.1933","15.994000000000002","0.1993","16.259","2.279","False","18.1837","16.1933","12.0876","2.4616000000000002","18.4556","8","1","1","False","0"
"23464","2135585588784","1846532780073","1846532949301","17.087600000000002","16.922800000000002","0.1648","17.0576","2.2368","False","18.2128","17.1221","18.1837","3.5232","20.446","8","1","1","False","0"
"23464","2135585588784","1846532950949","1846533091148","14.1961","14.0199","0.1762","13.900300000000001","1.9497","False","18.1872","14.184700000000001","18.2128","7.5513","21.5712","8","1","1","False","0"
"23464","2135585588784","1846533092910","1846533273703","18.3476","18.0793","0.26830000000000004","18.2112","1.8878000000000001","False","12.1202","18.2555","18.1872","7.4830000000000005","25.5623","8","1","1","False","0"
"23464","2135585588784","1846533276386","1846533408394","13.3848","13.200800000000001","0.184","13.6445","2.0648","False","12.0843","13.469100000000001","12.1202","6.1341","19.3349","8","1","1","False","0"
"23464","2135585588784","1846533410234","1846533563927","15.552200000000001","15.3693","0.1829","15.2809","2.2163","False","18.2114","15.5533","12.0843","2.6651000000000002","18.0344","8","1","1","False","0"
"23464","2135585588784","1846533565756","1846533709264","14.569600000000001","14.350800000000001","0.21880000000000002","14.9349","2.1865","False","12.080400000000001","14.533700000000001","18.2114","6.3428","20.6936","8","1","1","False","0"
"23464","2135585588784","1846533711452","1846533837655","12.7979","12.6203","0.1776","12.7566","2.1151","False","30.329","12.8391","12.080400000000001","5.5841","18.2044","8","1","1","False","0"
"23464","2135585588784","1846533839431","1846534150273","31.2982","31.084200000000003","0.21400000000000002","32.1824","3.0109000000000004","False","12.120700000000001","31.2618","30.329","4.6513","35.7355","8","1","1","False","0"
"23464","2135585588784","1846534152413","1846534280438","13.0174","12.8025","0.2149","11.9647","1.9717","False","12.114600000000001","13.0165","12.120700000000001","3.7555","16.558","8","1","1","False","0"
"23464","2135585588784","1846534282587","1846534413313","13.245600000000001","13.072600000000001","0.17300000000000001","13.2089","1.9155000000000002","False","18.1817","13.287500000000001","12.114600000000001","2.5826000000000002","15.6552","8","1","1","False","0"
"23464","2135585588784","1846534415043","1846534582932","16.9721","16.7889","0.1832","16.9307","1.8862","False","18.2182","16.9619","18.1817","3.8024","20.5913","8","1","1","False","0"
"23464","2135585588784","1846534584764","1846534720875","13.773200000000001","13.6111","0.1621","14.1159","2.2102","False","12.1079","13.7943","18.2182","8.2263","21.837400000000002","8","1","1","False","0"
"23464","2135585588784","1846534722496","1846534874166","15.364300000000002","15.167000000000002","0.1973","15.1532","2.0071","False","18.1792","15.3291","12.1079","5.0051000000000005","20.1721","8","1","1","False","0"
"23464","2135585588784","1846534876139","1846535031283","15.7208","15.5144","0.2064","15.716700000000001","2.0274","False","12.130700000000001","15.7117","18.1792","7.472600000000001","22.987000000000002","8","1","1","False","0"
"23464","2135585588784","1846535033347","1846535171249","13.992700000000001","13.7902","0.2025","14.0827","2.1244","False","12.0906","13.9966","12.130700000000001","5.6067","19.396900000000002","8","1","1","False","0"
"23464","2135585588784","1846535173274","1846535321081","14.948900000000002","14.780700000000001","0.16820000000000002","14.480400000000001","2.2310000000000003","False","24.26","14.9832","12.0906","2.7141","17.4948","8","1","1","False","0"
"23464","2135585588784","1846535322763","1846535512321","19.2764","18.9558","0.3206","19.5499","1.9864000000000002","False","12.134500000000001","19.124000000000002","24.26","7.8501","26.8059","8","1","1","False","0"
"23464","2135585588784","1846535515527","1846535637560","12.4178","12.2033","0.21450000000000002","12.407","1.9175","False","12.1227","12.523900000000001","12.134500000000001","7.4607","19.664","8","1","1","False","0"
"23464","2135585588784","1846535639705","1846535779680","14.2829","13.9975","0.2854","14.4282","2.128","False","12.119900000000001","14.212000000000002","12.1227","5.3714","19.3689","8","1","1","False","0"
"23464","2135585588784","1846535782534","1846535901320","12.095500000000001","11.8786","0.2169","12.159300000000002","2.1383","False","12.0791","12.164","12.119900000000001","5.3273","17.2059","8","1","1","False","0"
"23464","2135585588784","1846535903489","1846536044918","14.3734","14.142900000000001","0.2305","14.131","1.8932","False","36.3962","14.3598","12.0791","3.0466","17.189500000000002","8","1","1","False","0"
"23464","2135585588784","1846536047223","1846536382290","33.7304","33.5067","0.2237","35.0662","3.2297000000000002","False","12.1005","33.7372","36.3962","5.7056000000000004","39.2123","8","1","1","False","0"
"23464","2135585588784","1846536384527","1846536521779","13.931600000000001","13.725200000000001","0.2064","12.591600000000001","1.8861","False","36.3714","13.9489","12.1005","3.8572","17.5824","8","1","1","False","0"
"23464","2135585588784","1846536523843","1846536853710","33.2785","32.9867","0.2918","36.1747","4.820600000000001","False","12.1523","33.1931","36.3714","7.035500000000001","40.022200000000005","8","1","1","False","0"
"23464","2135585588784","1846536856628","1846536970503","11.5944","11.387500000000001","0.2069","8.7512","1.9377000000000002","False","18.1702","11.679300000000001","12.1523","7.508500000000001","18.896","8","1","1","False","0"
"23464","2135585588784","1846536972572","1846537177222","20.712","20.465","0.24700000000000003","20.3775","2.0594","False","12.0846","20.6719","18.1702","5.0068","25.4718","8","1","1","False","0"
"23464","2135585588784","1846537179692","1846537321678","14.6742","14.1986","0.4756","15.0844","2.2441","False","18.1991","14.4456","12.0846","2.6458","16.8444","8","1","1","False","0"
"23464","2135585588784","1846537326434","1846537485816","16.1657","15.9382","0.2275","16.0618","1.9103","False","12.1102","16.413800000000002","18.1991","4.4311","20.369300000000003","8","1","1","False","0"
"23464","2135585588784","1846537488091","1846537625856","14.003","13.7765","0.2265","14.022400000000001","1.9452","False","18.1951","14.004000000000001","12.1102","2.5373","16.3138","8","1","1","False","0"
"23464","2135585588784","1846537628121","1846537794336","16.892500000000002","16.6215","0.271","16.8397","1.9163000000000001","False","12.1353","16.848000000000003","18.1951","3.8844000000000003","20.5059","8","1","1","False","0"
"23464","2135585588784","1846537797046","1846537906507","11.158600000000002","10.946100000000001","0.21250000000000002","11.2649","1.9856","False","18.1781","11.2171","12.1353","4.8026","15.748700000000001","8","1","1","False","0"
"23464","2135585588784","1846537908632","1846538059717","15.398000000000001","15.108500000000001","0.28950000000000004","15.273100000000001","1.8968","False","6.0153","15.321000000000002","18.1781","7.6597","22.7682","8","1","1","False","0"
"23464","2135585588784","1846538062612","1846538174936","11.4342","11.2324","0.2018","11.5561","1.9758","False","24.2846","11.5219","6.0153","2.1531000000000002","13.3855","8","1","1","False","0"
"23464","2135585588784","1846538176954","1846538361451","18.905","18.4497","0.45530000000000004","20.0473","3.3239","False","6.0374","18.651500000000002","24.2846","7.7862","26.2359","8","1","1","False","0"
"23464","2135585588784","1846538366004","1846538477129","11.328800000000001","11.1125","0.21630000000000002","10.119200000000001","1.9209","False","18.2031","11.5678","6.0374","2.2558000000000002","13.368300000000001","8","1","1","False","0"
"23464","2135585588784","1846538479292","1846538627820","15.0317","14.8528","0.1789","14.9959","2.1791","False","12.1028","15.0691","18.2031","5.3898","20.2426","8","1","1","False","0"
"23464","2135585588784","1846538629609","1846538775912","14.8515","14.6303","0.2212","14.9435","1.9680000000000002","False","18.204900000000002","14.8092","12.1028","2.6834000000000002","17.3137","8","1","1","False","0"
"23464","2135585588784","1846538778124","1846538934754","15.8839","15.663","0.2209","15.920100000000001","2.0129","False","12.119800000000001","15.8842","18.204900000000002","5.0041","20.6671","8","1","1","False","0"
"23464","2135585588784","1846538936963","1846539060547","12.576500000000001","12.358400000000001","0.21810000000000002","13.163300000000001","2.5905","False","18.196","12.5793","12.119800000000001","4.5446","16.903000000000002","8","1","1","False","0"
"23464","2135585588784","1846539062728","1846539208160","14.7066","14.5432","0.16340000000000002","14.0678","1.9123","False","12.1217","14.7613","18.196","7.9793","22.5225","8","1","1","False","0"
"23464","2135585588784","1846539209794","1846539347509","14.030500000000002","13.771500000000001","0.259","14.129000000000001","2.067","False","12.0776","13.9349","12.1217","6.1661","19.9376","8","1","1","False","0"
"23464","2135585588784","1846539350099","1846539504840","15.9114","15.4741","0.4373","15.914900000000001","2.2461","False","18.2043","15.7331","12.0776","2.5106","17.9847","8","1","1","False","0"
"23464","2135585588784","1846539509213","1846539645406","13.8696","13.6193","0.2503","15.799100000000001","4.0168","False","12.141200000000001","14.056600000000001","18.2043","6.6583000000000006","20.2776","8","1","1","False","0"
"23464","2135585588784","1846539647909","1846539782509","13.677000000000001","13.46","0.217","11.733600000000003","2.0376000000000003","False","12.1151","13.7103","12.141200000000001","5.0892","18.549200000000003","8","1","1","False","0"
"23464","2135585588784","1846539784679","1846539909015","12.6801","12.4336","0.24650000000000002","12.539000000000001","1.9088","False","18.172900000000002","12.6506","12.1151","4.5537","16.9873","8","1","1","False","0"
"23464","2135585588784","1846539911480","1846540061514","15.4518","15.003400000000001","0.4484","15.8326","2.4882","False","12.1297","15.2499","18.172900000000002","7.4767","22.4801","8","1","1","False","0"
"23464","2135585588784","1846540065998","1846540197652","13.3641","13.1654","0.19870000000000002","13.2469","2.1424000000000003","False","12.1068","13.613800000000001","12.1297","5.9926","19.158","8","1","1","False","0"
"23464","2135585588784","1846540199639","1846540343660","14.590300000000001","14.4021","0.1882","13.9274","1.9205","False","12.1029","14.600800000000001","12.1068","3.4986","17.9007","8","1","1","False","0"
"23464","2135585588784","1846540345542","1846540461427","11.762","11.5885","0.17350000000000002","13.8375","3.5412000000000003","False","18.1777","11.7767","12.1029","3.8248","15.413300000000001","8","1","1","False","0"
"23464","2135585588784","1846540463162","1846540619760","15.846","15.6598","0.1862","14.494400000000002","2.1856","False","30.3425","15.833300000000001","18.1777","6.1692","21.829","8","1","1","False","0"
"23464","2135585588784","1846540621622","1846540918721","29.980500000000003","29.7099","0.2706","31.399099999999997","3.6547","False","12.1174","29.8961","30.3425","6.615600000000001","36.325500000000005","8","1","1","False","0"
"23464","2135585588784","1846540921427","1846541035621","11.603600000000002","11.419400000000001","0.1842","10.867","2.8673","False","12.1041","11.690000000000001","12.1174","7.043","18.462400000000002","8","1","1","False","0"
"23464","2135585588784","1846541037463","1846541190247","15.467200000000002","15.278400000000001","0.1888","14.909500000000001","2.3108","False","12.1097","15.4626","12.1041","3.6845000000000003","18.9629","8","1","1","False","0"
"23464","2135585588784","1846541192135","1846541317307","12.686","12.5172","0.1688","12.6396","2.2643","False","18.2091","12.706000000000001","12.1097","3.0882","15.605400000000001","8","1","1","False","0"
"23464","2135585588784","1846541318995","1846541467867","15.0622","14.8872","0.17500000000000002","15.449000000000002","2.6544000000000003","False","12.0904","15.056000000000001","18.2091","6.241300000000001","21.128500000000003","8","1","1","False","0"
"23464","2135585588784","1846541469617","1846541590076","12.221100000000002","12.045900000000001","0.1752","11.697000000000001","2.1327000000000003","False","30.323900000000002","12.2209","12.0904","6.1108","18.1567","8","1","1","False","0"
"23464","2135585588784","1846541591828","1846541850141","26.029400000000003","25.831300000000002","0.1981","28.8667","4.9694","False","6.0358","26.006500000000003","30.323900000000002","10.4282","36.2595","8","1","1","False","0"
"23464","2135585588784","1846541852122","1846541994220","14.366200000000001","14.209800000000001","0.1564","11.295","2.2323","False","18.210900000000002","14.407900000000001","6.0358","2.0561000000000003","16.265900000000002","8","1","1","False","0"
"23464","2135585588784","1846541995784","1846542118205","12.495000000000001","12.2421","0.2529","12.4643","1.9185","False","12.1189","12.3985","18.210900000000002","7.8685","20.1106","8","1","1","False","0"
"23464","2135585588784","1846542120734","1846542239957","12.1652","11.9223","0.2429","15.010000000000002","4.7428","False","12.1226","12.1752","12.1189","7.812200000000001","19.7345","8","1","1","False","0"
"23464","2135585588784","1846542242386","1846542360698","12.018600000000001","11.8312","0.1874","9.5168","2.2152000000000003","False","12.131","12.074100000000001","12.1226","7.8607000000000005","19.6919","8","1","1","False","0"
"23464","2135585588784","1846542362572","1846542481058","12.034300000000002","11.848600000000001","0.1857","11.687000000000001","1.8589","False","18.1688","12.036000000000001","12.131","7.9557","19.8043","8","1","1","False","0"
"23464","2135585588784","1846542482915","1846542646740","16.6302","16.3825","0.2477","18.4665","3.7467","False","6.0374","16.5682","18.1688","9.5563","25.9388","8","1","1","False","0"
"23464","2135585588784","1846542649217","1846542774226","12.672","12.500900000000001","0.1711","11.212100000000003","2.2359","False","24.3","12.748600000000001","6.0374","2.8451","15.346","8","1","1","False","0"
"23464","2135585588784","1846542775937","1846542982788","20.860300000000002","20.685100000000002","0.1752","20.794800000000002","2.1714","False","12.0961","20.8562","24.3","6.2889","26.974","8","1","1","False","0"
"23464","2135585588784","1846542984540","1846543122781","14.012100000000002","13.824100000000001","0.188","13.724799999999998","1.8845","False","18.178800000000003","13.9993","12.0961","4.3857","18.2098","8","1","1","False","0"
"23464","2135585588784","1846543124661","1846543274160","15.2368","14.949900000000001","0.2869","15.798900000000001","2.5196","False","12.1264","15.1379","18.178800000000003","7.4266000000000005","22.3765","8","1","1","False","0"
"23464","2135585588784","1846543277029","1846543412165","13.6876","13.5136","0.17400000000000002","12.974700000000002","2.1277","False","12.088000000000001","13.800500000000001","12.1264","5.7525","19.2661","8","1","1","False","0"
"23464","2135585588784","1846543413905","1846543565477","15.454200000000002","15.157200000000001","0.29700000000000004","15.935","2.2698","False","18.2044","15.3312","12.088000000000001","2.5093","17.6665","8","1","1","False","0"
"23464","2135585588784","1846543568447","1846543705080","13.916800000000002","13.663300000000001","0.2535","13.9243","2.2463","False","12.1286","13.9603","18.2044","6.7534","20.416700000000002","8","1","1","False","0"
"23464","2135585588784","1846543707615","1846543824659","11.891","11.7044","0.18660000000000002","11.9298","2.2625","False","12.1204","11.9579","12.1286","6.9241","18.628500000000003","8","1","1","False","0"
"23464","2135585588784","1846543826525","1846543959182","13.4527","13.2657","0.187","13.3107","2.1282","False","12.124500000000001","13.452300000000001","12.1204","5.5922","18.8579","8","1","1","False","0"
"23464","2135585588784","1846543961052","1846544081330","12.216500000000002","12.027800000000001","0.1887","12.2262","2.1316","False","18.166","12.2148","12.124500000000001","5.5019","17.529700000000002","8","1","1","False","0"
"23464","2135585588784","1846544083217","1846544239823","15.8815","15.6606","0.2209","18.3643","4.6337","False","12.1279","15.849300000000001","18.166","7.8186","23.479200000000002","8","1","1","False","0"
"23464","2135585588784","1846544242032","1846544366882","12.724900000000002","12.485000000000001","0.2399","10.6707","2.5811","False","12.141","12.7059","12.1279","7.240600000000001","19.7256","8","1","1","False","0"
"23464","2135585588784","1846544369281","1846544489375","12.1811","12.009400000000001","0.17170000000000002","12.1918","2.5638","False","18.1639","12.2493","12.141","7.132300000000001","19.1417","8","1","1","False","0"
"23464","2135585588784","1846544491092","1846544664452","17.503100000000003","17.336000000000002","0.1671","16.9313","1.992","False","12.1357","17.5077","18.1639","7.7885","25.1245","8","1","1","False","0"
"23464","2135585588784","1846544666123","1846544792388","12.7693","12.6265","0.1428","12.9068","2.4431000000000003","False","12.0844","12.793600000000001","12.1357","7.1306","19.7571","8","1","1","False","0"
"23464","2135585588784","1846544793816","1846544953193","16.2166","15.937700000000001","0.27890000000000004","16.3112","2.2636000000000003","False","18.2153","16.0805","12.0844","3.1345","19.072200000000002","8","1","1","False","0"
"23464","2135585588784","1846544955982","1846545107813","15.407800000000002","15.183100000000001","0.2247","15.1898","2.047","False","18.1677","15.462000000000002","18.2153","5.8878","21.0709","8","1","1","False","0"
"23464","2135585588784","1846545110060","1846545245182","13.7676","13.5122","0.2554","16.0044","4.2864","False","6.041","13.7369","18.1677","10.3186","23.8308","8","1","1","False","0"
"23464","2135585588784","1846545247736","1846545380607","13.521600000000001","13.2871","0.23450000000000001","11.1562","1.9162000000000001","False","18.2044","13.5425","6.041","2.8171","16.104200000000002","8","1","1","False","0"
"23464","2135585588784","1846545382952","1846545517180","13.6823","13.4228","0.2595","14.2451","2.4879000000000002","False","12.106200000000001","13.657300000000001","18.2044","7.3642","20.787000000000003","8","1","1","False","0"
"23464","2135585588784","1846545519775","1846545634390","11.6484","11.461500000000001","0.1869","10.984","1.7834","False","24.2554","11.721","12.106200000000001","7.7494000000000005","19.210900000000002","8","1","1","False","0"
"23464","2135585588784","1846545636259","1846545861051","22.664","22.479200000000002","0.18480000000000002","24.9482","4.0671","False","12.125","22.6661","24.2554","9.338700000000001","31.8179","8","1","1","False","0"
"23464","2135585588784","1846545862899","1846546000309","13.926100000000002","13.741000000000001","0.18510000000000001","12.1004","2.2449","False","12.1311","13.9258","12.125","7.5379000000000005","21.2789","8","1","1","False","0"
"23464","2135585588784","1846546002160","1846546127940","12.863100000000001","12.578000000000001","0.2851","13.1177","2.5536000000000003","False","12.108400000000001","12.763100000000001","12.1311","6.9059","19.483900000000002","8","1","1","False","0"
"23464","2135585588784","1846546130791","1846546269355","14.0507","13.8564","0.1943","13.539100000000001","1.9839","False","12.1271","14.1415","12.108400000000001","4.8728","18.729200000000002","8","1","1","False","0"
"23464","2135585588784","1846546271298","1846546392477","12.2946","12.1179","0.1767","12.2376","1.9269","False","18.1709","12.3122","12.1271","4.6877","16.805600000000002","8","1","1","False","0"
"23464","2135585588784","1846546394244","1846546550684","15.8797","15.644","0.23570000000000002","16.538600000000002","2.6125000000000003","False","12.130600000000001","15.8207","18.1709","7.0379000000000005","22.681900000000002","8","1","1","False","0"
"23464","2135585588784","1846546553041","1846546671519","12.0432","11.847800000000001","0.19540000000000002","11.721300000000001","2.2834000000000003","False","12.1202","12.0835","12.130600000000001","7.085","18.9328","8","1","1","False","0"
"23464","2135585588784","1846546673473","1846546818077","14.6832","14.4604","0.2228","14.0305","2.1067","False","12.119200000000001","14.655800000000001","12.1202","4.5494","19.009800000000002","8","1","1","False","0"
"23464","2135585588784","1846546820305","1846546940329","12.177999999999999","12.0024","0.1756","12.4833","1.9158000000000002","False","12.125200000000001","12.225200000000001","12.119200000000001","4.4434000000000005","16.445800000000002","8","1","1","False","0"
"23464","2135585588784","1846546942085","1846547064300","12.3947","12.2215","0.17320000000000002","12.4079","1.9246","False","18.1766","12.3971","12.125200000000001","4.1715","16.393","8","1","1","False","0"
"23464","2135585588784","1846547066032","1846547209215","14.5067","14.3183","0.1884","14.4921","1.9237000000000002","False","12.138300000000001","14.4915","18.1766","7.8566","22.1749","8","1","1","False","0"
"23464","2135585588784","1846547211099","1846547326739","11.7423","11.564","0.17830000000000001","12.053700000000001","2.2257000000000002","False","12.0981","11.7524","12.138300000000001","8.2425","19.8065","8","1","1","False","0"
"23464","2135585588784","1846547328522","1846547475930","14.9675","14.7408","0.2267","14.8369","2.1131","False","12.1438","14.9191","12.0981","5.4215","20.162300000000002","8","1","1","False","0"
"23464","2135585588784","1846547478197","1846547599864","12.3335","12.1667","0.1668","12.300500000000001","2.0546","False","12.078000000000001","12.3934","12.1438","5.1719","17.3386","8","1","1","False","0"
"23464","2135585588784","1846547601532","1846547748694","14.8999","14.7162","0.1837","14.8018","1.9745000000000001","False","18.2119","14.883000000000001","12.078000000000001","2.3669000000000002","17.0831","8","1","1","False","0"
"23464","2135585588784","1846547750531","1846547886879","13.878","13.6348","0.2432","14.1165","2.2355","False","12.1013","13.8185","18.2119","6.7603","20.3951","8","1","1","False","0"
"23464","2135585588784","1846547889311","1846548037155","15.033400000000002","14.784400000000002","0.249","14.989","2.2121","False","12.1064","15.027600000000001","12.1013","3.834","18.6184","8","1","1","False","0"
"23464","2135585588784","1846548039645","1846548164060","12.6102","12.441500000000001","0.16870000000000002","12.670900000000001","2.2126","False","18.2085","12.6905","12.1064","3.2499000000000002","15.691400000000002","8","1","1","False","0"
"23464","2135585588784","1846548165747","1846548325666","16.1291","15.991900000000001","0.13720000000000002","16.7691","3.1603000000000003","False","18.201","16.160600000000002","18.2085","5.2978000000000005","21.2897","8","1","1","False","0"
"23464","2135585588784","1846548327038","1846548480432","15.524600000000001","15.339400000000001","0.1852","14.875100000000002","2.2111","False","18.1726","15.476600000000001","18.201","8.0222","23.361600000000003","8","1","1","False","0"
"23464","2135585588784","1846548482284","1846548676389","19.593600000000002","19.410500000000003","0.1831","19.640700000000002","2.2499000000000002","False","12.0997","19.5957","18.1726","6.5991","26.009600000000002","8","1","1","False","0"
"23464","2135585588784","1846548678220","1846548801274","12.4867","12.3054","0.18130000000000002","12.483600000000001","2.2607","False","18.1966","12.4885","12.0997","6.2103","18.515700000000002","8","1","1","False","0"
"23464","2135585588784","1846548803087","1846548987138","18.6143","18.4051","0.2092","18.378500000000003","2.0555","False","18.1847","18.5864","18.1966","5.8205","24.2256","8","1","1","False","0"
"23464","2135585588784","1846548989230","1846549165883","17.860500000000002","17.665300000000002","0.1952","17.9981","2.1762","False","12.0893","17.8745","18.1847","6.1307","23.796","8","1","1","False","0"
"23464","2135585588784","1846549167835","1846549314916","14.8936","14.7081","0.1855","14.9656","2.2219","False","18.2243","14.903300000000002","12.0893","3.3167","18.024800000000003","8","1","1","False","0"
"23464","2135585588784","1846549316771","1846549472640","15.7747","15.5869","0.18780000000000002","16.7502","3.2029","False","30.2577","15.772400000000001","18.2243","5.7686","21.3555","8","1","1","False","0"
"23464","2135585588784","1846549474518","1846549798103","32.5306","32.3585","0.1721","32.6509","3.3178","False","12.1302","32.5463","30.2577","3.48","35.8385","8","1","1","False","0"
"23464","2135585588784","1846549799824","1846549924621","12.663","12.479700000000001","0.18330000000000002","11.588900000000002","2.2419000000000002","False","12.1121","12.651800000000001","12.1302","2.9584","15.4381","8","1","1","False","0"
"23464","2135585588784","1846549926454","1846550057303","13.2156","13.084900000000001","0.1307","12.555","1.8752000000000002","False","18.2142","13.2682","12.1121","1.8023","14.8872","8","1","1","False","0"
"23464","2135585588784","1846550058610","1846550192720","13.589500000000001","13.411000000000001","0.17850000000000002","15.5082","3.5093","False","12.1058","13.5417","18.2142","6.4748","19.8858","8","1","1","False","0"
"23464","2135585588784","1846550194505","1846550339331","14.678500000000001","14.482600000000001","0.19590000000000002","13.042800000000002","1.8901000000000001","False","12.108500000000001","14.661100000000001","12.1058","3.9195","18.4021","8","1","1","False","0"
"23464","2135585588784","1846550341290","1846550464797","12.5209","12.3507","0.17020000000000002","13.3263","2.6724","False","18.1776","12.5466","12.108500000000001","3.4814000000000003","15.8321","8","1","1","False","0"
"23464","2135585588784","1846550466499","1846550633523","16.8813","16.7024","0.1789","17.2838","3.0704000000000002","False","18.1904","16.872600000000002","18.1776","4.7864","21.4888","8","1","1","False","0"
"23464","2135585588784","1846550635312","1846550821408","18.770500000000002","18.6096","0.16090000000000002","18.7693","3.0681000000000003","False","24.2302","18.788500000000003","18.1904","4.1883","22.797900000000002","8","1","1","False","0"
"23464","2135585588784","1846550823017","1846550967315","14.5802","14.4298","0.1504","21.6842","10.1753","False","12.138100000000001","14.5907","24.2302","13.8278","28.2576","8","1","1","False","0"
"23464","2135585588784","1846550968819","1846551176342","20.895500000000002","20.7523","0.1432","11.3138","0.5759000000000001","False","12.103100000000001","20.9027","12.138100000000001","5.0632","25.8155","8","1","1","False","0"
"23464","2135585588784","1846551177774","1846551307035","13.0578","12.9261","0.1317","12.7718","0.2934","False","18.2166","13.0693","12.103100000000001","4.097","17.0231","8","1","1","False","0"
"23464","2135585588784","1846551308352","1846551501416","19.4605","19.3064","0.15410000000000001","19.554000000000002","0.3927","False","18.1932","19.438100000000002","18.2166","2.8755","22.181900000000002","8","1","1","False","0"
"23464","2135585588784","1846551502957","1846551652911","15.1582","14.9954","0.1628","15.0501","0.2995","False","12.0759","15.149500000000002","18.1932","5.9192","20.9146","8","1","1","False","0"
"23464","2135585588784","1846551654539","1846551808848","15.560500000000001","15.430900000000001","0.1296","15.4646","0.32170000000000004","False","18.1868","15.5937","12.0759","2.4014","17.8323","8","1","1","False","0"
"23464","2135585588784","1846551810144","1846551988787","18.0311","17.8643","0.1668","18.2188","0.3801","False","12.1089","17.9939","18.1868","2.5943","20.4586","8","1","1","False","0"
"23464","2135585588784","1846551990455","1846552125719","13.679","13.5264","0.1526","13.714500000000001","0.41340000000000005","False","18.188100000000002","13.693200000000001","12.1089","1.01","14.5364","8","1","1","False","0"
"23464","2135585588784","1846552127245","1846552297843","17.214299999999998","17.0598","0.1545","17.1996","0.39990000000000003","False","18.180400000000002","17.212400000000002","18.188100000000002","1.9857","19.0455","8","1","1","False","0"
"23464","2135585588784","1846552299388","1846552466237","16.844600000000003","16.684900000000003","0.1597","16.8471","0.39440000000000003","False","18.179000000000002","16.8394","18.180400000000002","3.3267","20.0116","8","1","1","False","0"
"23464","2135585588784","1846552467834","1846552649333","18.307100000000002","18.149900000000002","0.1572","18.2852","0.3798","False","18.1792","18.3096","18.179000000000002","3.1961","21.346","8","1","1","False","0"
"23464","2135585588784","1846552650905","1846552810024","16.084300000000002","15.911900000000001","0.1724","16.0658","0.373","False","12.114700000000001","16.069100000000002","18.1792","5.3062000000000005","21.2181","8","1","1","False","0"
"23464","2135585588784","1846552811748","1846552957228","14.6927","14.548","0.1447","14.603800000000001","0.27590000000000003","False","18.178800000000003","14.720400000000001","12.114700000000001","2.7005000000000003","17.2485","8","1","1","False","0"
"23464","2135585588784","1846552958675","1846553126059","16.924200000000003","16.738400000000002","0.18580000000000002","17.006800000000002","0.3599","False","18.1809","16.883100000000002","18.178800000000003","3.9962","20.7346","8","1","1","False","0"
"23464","2135585588784","1846553127917","1846553299122","17.2589","17.1205","0.1384","17.270500000000002","0.3603","False","18.1907","17.3063","18.1809","4.8708","21.991300000000003","8","1","1","False","0"
"23464","2135585588784","1846553300506","1846553468173","16.9009","16.7667","0.1342","16.6962","0.3976","False","18.183","16.9051","18.1907","6.1564000000000005","22.9231","8","1","1","False","0"
"23464","2135585588784","1846553469515","1846553651744","18.4016","18.2229","0.1787","18.5133","0.2737","False","12.1372","18.357100000000003","18.183","5.9823","24.2052","8","1","1","False","0"
"23464","2135585588784","1846553653531","1846553785372","13.321700000000002","13.1841","0.1376","13.3345","0.278","False","12.122300000000001","13.3628","12.1372","4.7567","17.9408","8","1","1","False","0"
"23464","2135585588784","1846553786748","1846553944846","15.9738","15.809800000000001","0.164","16.0863","0.4057","False","18.174500000000002","15.9474","12.122300000000001","0.9316000000000001","16.741400000000002","8","1","1","False","0"
"23464","2135585588784","1846553946486","1846554102061","15.7032","15.557500000000001","0.1457","15.703800000000001","0.3947","False","18.1802","15.7215","18.174500000000002","3.3846000000000003","18.9421","8","1","1","False","0"
"23464","2135585588784","1846554103518","1846554263833","16.2166","16.0315","0.18510000000000001","16.1935","0.3927","False","18.183500000000002","16.1772","18.1802","5.3876","21.4191","8","1","1","False","0"
"23464","2135585588784","1846554265684","1846554443906","18.012700000000002","17.822200000000002","0.1905","18.0307","0.4058","False","12.121","18.0073","18.183500000000002","5.5638000000000005","23.386000000000003","8","1","1","False","0"
"23464","2135585588784","1846554445811","1846554594935","15.1564","14.9124","0.24400000000000002","15.0721","0.39380000000000004","False","18.1807","15.1029","12.121","2.5819","17.4943","8","1","1","False","0"
"23464","2135585588784","1846554597375","1846554769023","17.3106","17.1648","0.1458","17.4067","0.4016","False","18.2161","17.4088","18.1807","3.3538","20.5186","8","1","1","False","0"
"23464","2135585588784","1846554770481","1846554936091","16.7427","16.561","0.1817","16.6795","0.3698","False","12.0942","16.7068","18.2161","4.8631","21.4241","8","1","1","False","0"
"23464","2135585588784","1846554937908","1846555096700","16.032","15.8792","0.15280000000000002","15.875200000000001","0.44670000000000004","False","18.166800000000002","16.0609","12.0942","0.8964000000000001","16.7756","8","1","1","False","0"
"23464","2135585588784","1846555098228","1846555278148","18.1814","17.992","0.1894","18.3901","0.4203","False","18.1874","18.1448","18.166800000000002","0.9184","18.9104","8","1","1","False","0"
"23464","2135585588784","1846555280042","1846555429091","15.167200000000001","14.904900000000001","0.26230000000000003","15.0432","0.3834","False","18.1998","15.0943","18.1874","4.0115","18.9164","8","1","1","False","0"
"23464","2135585588784","1846555431714","1846555603584","17.3529","17.187","0.16590000000000002","17.578400000000002","0.5082","False","12.097700000000001","17.4493","18.1998","4.7620000000000005","21.949","8","1","1","False","0"
"23464","2135585588784","1846555605243","1846555754731","15.1409","14.9488","0.19210000000000002","15.044400000000001","0.4096","False","18.191300000000002","15.114700000000001","12.097700000000001","1.745","16.6938","8","1","1","False","0"
"23464","2135585588784","1846555756652","1846555920250","16.5129","16.3598","0.1531","16.4986","0.38870000000000005","False","18.2564","16.5519","18.191300000000002","3.3844000000000003","19.7442","8","1","1","False","0"
"23464","2135585588784","1846555921781","1846556086415","16.6289","16.4634","0.1655","16.8165","0.5793","False","18.0927","16.616500000000002","18.2564","5.0243","21.4877","8","1","1","False","0"
"23464","2135585588784","1846556088070","1846556260641","17.4253","17.2571","0.16820000000000002","17.2601","0.4147","False","18.1998","17.4226","18.0927","5.6944","22.9515","8","1","1","False","0"
"23464","2135585588784","1846556262323","1846556434179","17.3891","17.1856","0.20350000000000001","17.4433","0.47790000000000005","False","12.1066","17.3538","18.1998","6.5404","23.726000000000003","8","1","1","False","0"
"23464","2135585588784","1846556436214","1846556607306","17.294","17.1092","0.18480000000000002","17.247400000000003","0.43660000000000004","False","18.2331","17.3127","12.1066","1.3343","18.4435","8","1","1","False","0"
"23464","2135585588784","1846556609154","1846556757317","14.9658","14.8163","0.1495","14.763900000000001","0.5591","False","18.1839","15.001100000000001","18.2331","4.5663","19.3826","8","1","1","False","0"
"23464","2135585588784","1846556758812","1846556920100","16.3331","16.128800000000002","0.2043","16.4785","0.3942","False","18.1405","16.2783","18.1839","6.471900000000001","22.6007","8","1","1","False","0"
"23464","2135585588784","1846556922143","1846557100992","18.076300000000003","17.884900000000002","0.19140000000000001","18.1726","0.4646","False","12.1172","18.0892","18.1405","6.5232","24.4081","8","1","1","False","0"
"23464","2135585588784","1846557102906","1846557265904","16.460900000000002","16.2998","0.16110000000000002","16.402","0.3995","False","18.1801","16.4912","12.1172","2.1492","18.449","8","1","1","False","0"
"23464","2135585588784","1846557267515","1846557434226","16.817","16.6711","0.1459","16.8167","0.39230000000000004","False","18.180400000000002","16.8322","18.1801","3.4971","20.168200000000002","8","1","1","False","0"
"23464","2135585588784","1846557435685","1846557597648","16.368100000000002","16.1963","0.1718","16.3615","0.39990000000000003","False","12.1251","16.342200000000002","18.180400000000002","5.3353","21.5316","8","1","1","False","0"
"23464","2135585588784","1846557599366","1846557754195","15.6714","15.4829","0.1885","15.6765","0.40180000000000005","False","18.1877","15.6547","12.1251","1.8057","17.288600000000002","8","1","1","False","0"
"23464","2135585588784","1846557756080","1846557915981","16.1446","15.9901","0.1545","16.1268","0.38","False","18.1812","16.1786","18.1877","3.8148","19.8049","8","1","1","False","0"
"23464","2135585588784","1846557917526","1846558084138","16.936400000000003","16.6612","0.2752","16.8631","0.38180000000000003","False","18.251","16.8157","18.1812","5.1803","21.8415","8","1","1","False","0"
"23464","2135585588784","1846558086890","1846558254331","16.9269","16.7441","0.18280000000000002","16.9856","0.38520000000000004","False","12.038","17.0193","18.251","6.412","23.156100000000002","8","1","1","False","0"
"23464","2135585588784","1846558256159","1846558421444","16.7167","16.5285","0.1882","16.538800000000002","0.4514","False","18.195700000000002","16.7113","12.038","1.7387000000000001","18.267200000000003","8","1","1","False","0"
"23464","2135585588784","1846558423326","1846558577315","15.5524","15.398900000000001","0.1535","15.7574","0.3902","False","18.181900000000002","15.587100000000001","18.195700000000002","4.347300000000001","19.7462","8","1","1","False","0"
"23464","2135585588784","1846558578850","1846558751830","17.4815","17.298000000000002","0.1835","17.4025","0.3385","False","12.1143","17.4515","18.181900000000002","5.0777","22.375700000000002","8","1","1","False","0"
"23464","2135585588784","1846558753665","1846558915492","16.3663","16.1827","0.1836","16.454900000000002","0.41340000000000005","False","18.1831","16.3662","12.1143","0.8258000000000001","17.0085","8","1","1","False","0"
"23464","2135585588784","1846558917328","1846559087576","17.206699999999998","17.0248","0.1819","17.212500000000002","0.40900000000000003","False","18.175900000000002","17.2084","18.1831","1.8005","18.825300000000002","8","1","1","False","0"
"23464","2135585588784","1846559089395","1846559251465","16.357400000000002","16.207","0.1504","16.337400000000002","0.3834","False","18.186500000000002","16.3889","18.175900000000002","3.5875000000000004","19.7945","8","1","1","False","0"
"23464","2135585588784","1846559252969","1846559424139","17.2573","17.117","0.1403","17.264","0.3866","False","18.223300000000002","17.267400000000002","18.186500000000002","4.506600000000001","21.6236","8","1","1","False","0"
"23464","2135585588784","1846559425542","1846559604082","18.067899999999998","17.854","0.2139","18.022100000000002","0.3824","False","18.1327","17.994300000000003","18.223300000000002","4.7356","22.5896","8","1","1","False","0"
"23464","2135585588784","1846559606221","1846559767598","16.358200000000004","16.137700000000002","0.2205","16.4239","0.46880000000000005","False","12.129800000000001","16.3516","18.1327","6.5167","22.654400000000003","8","1","1","False","0"
"23464","2135585588784","1846559769803","1846559931119","16.285400000000003","16.131600000000002","0.15380000000000002","16.3057","0.43170000000000003","False","18.192","16.3521","12.129800000000001","2.2944","18.426000000000002","8","1","1","False","0"
"23464","2135585588784","1846559932657","1846560083580","15.316100000000002","15.092300000000002","0.2238","15.3207","0.4995","False","18.252100000000002","15.2461","18.192","5.2403","20.3326","8","1","1","False","0"
"23464","2135585588784","1846560085818","1846560259239","17.501700000000003","17.342100000000002","0.15960000000000002","17.253700000000002","0.4434","False","12.0332","17.5659","18.252100000000002","5.9265","23.268600000000003","8","1","1","False","0"
"23464","2135585588784","1846560260835","1846560423431","16.4341","16.259600000000002","0.17450000000000002","16.6434","0.40940000000000004","False","18.2427","16.4192","12.0332","1.5405","17.8001","8","1","1","False","0"
"23464","2135585588784","1846560425176","1846560591340","16.791400000000003","16.616400000000002","0.17500000000000002","16.7821","0.3962","False","18.1295","16.7909","18.2427","2.9923","19.608700000000002","8","1","1","False","0"
"23464","2135585588784","1846560593090","1846560759121","16.800900000000002","16.6031","0.1978","16.7404","0.3724","False","18.218","16.778100000000002","18.1295","4.3437","20.9468","8","1","1","False","0"
"23464","2135585588784","1846560761099","1846560921227","16.218300000000003","16.012800000000002","0.20550000000000002","16.2527","0.3861","False","12.1532","16.2106","18.218","6.351100000000001","22.3639","8","1","1","False","0"
"23464","2135585588784","1846560923282","1846561086288","16.4711","16.3006","0.1705","16.509900000000002","0.41150000000000003","False","18.160800000000002","16.5061","12.1532","1.9982000000000002","18.2988","8","1","1","False","0"
"23464","2135585588784","1846561087993","1846561261794","17.545600000000004","17.380100000000002","0.1655","17.4819","0.34400000000000003","False","18.1264","17.5506","18.160800000000002","2.6084","19.988500000000002","8","1","1","False","0"
"23464","2135585588784","1846561263449","1846561424691","16.2926","16.124200000000002","0.16840000000000002","16.2824","0.3361","False","18.1797","16.2897","18.1264","4.4451","20.569300000000002","8","1","1","False","0"
"23464","2135585588784","1846561426375","1846561594340","17.042800000000003","16.7965","0.24630000000000002","16.9972","0.3239","False","12.1167","16.9649","18.1797","5.6599","22.456400000000002","8","1","1","False","0"
"23464","2135585588784","1846561596803","1846561764291","16.9305","16.7488","0.1817","16.9766","0.3452","False","18.1938","16.9951","12.1167","0.7815000000000001","17.5303","8","1","1","False","0"
"23464","2135585588784","1846561766108","1846561914858","15.0664","14.875","0.19140000000000001","15.040000000000001","0.3355","False","18.233900000000002","15.056700000000001","18.1938","3.9186","18.7936","8","1","1","False","0"
"23464","2135585588784","1846561916772","1846562096742","18.4652","17.997","0.4682","18.1894","0.46740000000000004","False","18.178","18.1884","18.233900000000002","3.9641","21.961100000000002","8","1","1","False","0"
"23464","2135585588784","1846562101424","1846562257903","15.8756","15.6479","0.2277","16.099800000000002","0.3125","False","18.1187","16.1161","18.178","6.026000000000001","21.6739","8","1","1","False","0"
"23464","2135585588784","1846562260180","1846562438207","17.997300000000003","17.8027","0.19460000000000002","18.0139","0.2879","False","12.128","18.0304","18.1187","6.1143","23.917","8","1","1","False","0"
"23464","2135585588784","1846562440153","1846562592530","15.4161","15.2377","0.1784","15.474200000000002","0.33790000000000003","False","18.1894","15.432300000000001","12.128","2.81","18.047700000000003","8","1","1","False","0"
"23464","2135585588784","1846562594314","1846562758217","16.6358","16.3903","0.24550000000000002","16.6031","0.3577","False","12.1134","16.5687","18.1894","4.4307","20.821","8","1","1","False","0"
"23464","2135585588784","1846562760672","1846562916197","15.7126","15.5525","0.16010000000000002","15.8327","0.41400000000000003","False","18.1959","15.798","12.1134","0.7461","16.2986","8","1","1","False","0"
"23464","2135585588784","1846562917798","1846563079477","16.3227","16.1679","0.15480000000000002","16.3068","0.3981","False","18.1763","16.328","18.1959","2.6140000000000003","18.7819","8","1","1","False","0"
"23464","2135585588784","1846563081025","1846563262148","18.2541","18.1123","0.1418","18.247600000000002","0.3819","False","18.1856","18.2671","18.1763","2.5232","20.6355","8","1","1","False","0"
"23464","2135585588784","1846563263566","1846563414346","15.274000000000001","15.078000000000001","0.196","15.2728","0.40130000000000005","False","18.2121","15.219800000000001","18.1856","5.489","20.567","8","1","1","False","0"
"23464","2135585588784","1846563416306","1846563597682","18.331500000000002","18.137600000000003","0.19390000000000002","18.3226","0.4071","False","12.081800000000001","18.3336","18.2121","5.367500000000001","23.505100000000002","8","1","1","False","0"
"23464","2135585588784","1846563599621","1846563753574","15.754900000000001","15.3953","0.35960000000000003","15.597000000000001","0.4143","False","18.174400000000002","15.5892","12.081800000000001","1.8601","17.2554","8","1","1","False","0"
"23464","2135585588784","1846563757170","1846563945770","19.048099999999998","18.86","0.18810000000000002","19.2182","0.40950000000000003","False","18.177","19.2196","18.174400000000002","0.8149000000000001","19.6749","8","1","1","False","0"
"23464","2135585588784","1846563947651","1846564079823","13.3745","13.2172","0.1573","13.1436","0.40280000000000005","False","12.126900000000001","13.4053","18.177","5.586600000000001","18.803800000000003","8","1","1","False","0"
"23464","2135585588784","1846564081396","1846564251431","17.247300000000003","17.003500000000003","0.24380000000000002","17.3682","0.3493","False","18.175800000000002","17.160800000000002","12.126900000000001","0.5527000000000001","17.5562","8","1","1","False","0"
"23464","2135585588784","1846564253869","1846564423814","17.163000000000004","16.994500000000002","0.1685","17.2462","0.37520000000000003","False","18.180600000000002","17.238300000000002","18.175800000000002","1.4902","18.4847","8","1","1","False","0"
"23464","2135585588784","1846564425499","1846564588123","16.4341","16.2624","0.17170000000000002","16.4373","0.3654","False","18.183","16.4309","18.180600000000002","3.2399","19.5023","8","1","1","False","0"
"23464","2135585588784","1846564589840","1846564760412","17.279600000000002","17.0572","0.22240000000000001","17.209500000000002","0.3592","False","18.186400000000003","17.2289","18.183","4.194","21.2512","8","1","1","False","0"
"23464","2135585588784","1846564762636","1846564932424","17.1934","16.9788","0.2146","17.2237","0.3652","False","18.230900000000002","17.2012","18.186400000000003","5.179200000000001","22.158","8","1","1","False","0"
"23464","2135585588784","1846564934570","1846565134114","20.1129","19.9544","0.1585","20.1939","0.4083","False","12.0776","20.169","18.230900000000002","3.2411000000000003","23.195500000000003","8","1","1","False","0"
"23464","2135585588784","1846565135699","1846565270607","13.6878","13.4908","0.197","13.687700000000001","0.41650000000000004","False","18.1823","13.6493","12.0776","1.6694","15.160200000000001","8","1","1","False","0"
"23464","2135585588784","1846565272577","1846565454585","18.4543","18.2008","0.2535","18.349700000000002","0.40790000000000004","False","18.1769","18.3978","18.1823","1.4539","19.654700000000002","8","1","1","False","0"
"23464","2135585588784","1846565457120","1846565644573","18.9027","18.7453","0.1574","18.991","0.401","False","18.2066","18.9988","18.1769","0.632","19.3773","8","1","1","False","0"
"23464","2135585588784","1846565646147","1846565766816","12.259400000000001","12.0669","0.1925","12.297600000000001","0.46440000000000003","False","18.1687","12.224300000000001","18.2066","6.6143","18.6812","8","1","1","False","0"
"23464","2135585588784","1846565768741","1846565973552","20.6419","20.4811","0.1608","20.564600000000002","0.36060000000000003","False","12.122900000000001","20.6736","18.1687","4.1094","24.590500000000002","8","1","1","False","0"
"23464","2135585588784","1846565975160","1846566104554","13.066400000000002","12.939400000000001","0.127","12.904200000000001","0.4405","False","18.1766","13.100200000000001","12.122900000000001","3.1321000000000003","16.0715","8","1","1","False","0"
"23464","2135585588784","1846566105824","1846566267698","16.3485","16.1874","0.16110000000000002","16.579800000000002","0.434","False","12.1158","16.3144","18.1766","4.9943","21.1817","8","1","1","False","0"
"23464","2135585588784","1846566269309","1846566430723","16.322400000000002","16.1414","0.18100000000000002","16.299","0.4106","False","18.2484","16.302500000000002","12.1158","0.8076","16.949","8","1","1","False","0"
"23464","2135585588784","1846566432533","1846566602346","17.143900000000002","16.9813","0.1626","17.151400000000002","0.4052","False","18.1292","17.162300000000002","18.2484","1.8937000000000002","18.875","8","1","1","False","0"
"23464","2135585588784","1846566603972","1846566765681","16.304199999999998","16.1709","0.1333","16.2838","0.37870000000000004","False","18.2279","16.3335","18.1292","3.6894","19.860300000000002","8","1","1","False","0"
"23464","2135585588784","1846566767014","1846566921929","15.6964","15.4915","0.2049","15.6812","0.4041","False","12.0793","15.6248","18.2279","6.2925","21.784000000000002","8","1","1","False","0"
"23464","2135585588784","1846566923978","1846567086427","16.4948","16.2449","0.2499","16.4706","0.41000000000000003","False","18.1739","16.4498","12.0793","1.9220000000000002","18.166900000000002","8","1","1","False","0"
"23464","2135585588784","1846567088926","1846567261565","17.4004","17.2639","0.1365","17.4662","0.4055","False","18.1797","17.5138","18.1739","2.5821","19.846","8","1","1","False","0"
"23464","2135585588784","1846567262930","1846567420402","16.001900000000003","15.747200000000001","0.25470000000000004","16.162100000000002","0.6521","False","18.2213","15.883700000000001","18.1797","4.8781","20.6253","8","1","1","False","0"
"23464","2135585588784","1846567422949","1846567597456","17.640700000000002","17.4507","0.19","17.4401","0.3971","False","18.134","17.7054","18.2213","5.394","22.8447","8","1","1","False","0"
"23464","2135585588784","1846567599356","1846567766969","16.950300000000002","16.761300000000002","0.189","17.037300000000002","0.4711","False","12.1142","16.9513","18.134","6.576700000000001","23.338","8","1","1","False","0"
"23464","2135585588784","1846567768859","1846567920210","15.302400000000002","15.135100000000001","0.1673","15.210600000000001","0.3808","False","18.1924","15.324100000000001","12.1142","3.3668","18.5019","8","1","1","False","0"
"23464","2135585588784","1846567921883","1846568098669","17.8274","17.6786","0.14880000000000002","17.837300000000003","0.3789","False","18.2011","17.8459","18.1924","3.7133000000000003","21.3919","8","1","1","False","0"
"23464","2135585588784","1846568100157","1846568252104","15.3719","15.194700000000001","0.1772","15.4586","0.47300000000000003","False","12.1011","15.3435","18.2011","6.5709","21.765600000000003","8","1","1","False","0"
"23464","2135585588784","1846568253876","1846568427537","17.5488","17.3661","0.1827","17.4873","0.41300000000000003","False","18.178800000000003","17.543300000000002","12.1011","1.1287","18.4948","8","1","1","False","0"
"23464","2135585588784","1846568429364","1846568578299","15.0119","14.893500000000001","0.1184","14.812000000000001","0.43860000000000005","False","18.1861","15.0762","18.178800000000003","4.2313","19.1248","8","1","1","False","0"
"23464","2135585588784","1846568579483","1846568751322","17.329900000000002","17.1839","0.14600000000000002","17.514","0.38570000000000004","False","18.1781","17.302300000000002","18.1861","5.1151","22.299","8","1","1","False","0"
"23464","2135585588784","1846568752782","1846568922452","17.1613","16.967000000000002","0.1943","17.136","0.39080000000000004","False","18.232100000000003","17.113","18.1781","6.1802","23.1472","8","1","1","False","0"
"23464","2135585588784","1846568924395","1846569106338","18.3942","18.194300000000002","0.19990000000000002","18.421400000000002","0.406","False","12.131400000000001","18.3886","18.232100000000003","6.023700000000001","24.218","8","1","1","False","0"
"23464","2135585588784","1846569108337","1846569257142","15.046800000000001","14.880500000000001","0.1663","15.0584","0.4127","False","18.1245","15.080400000000001","12.131400000000001","3.0747","17.9552","8","1","1","False","0"
"23464","2135585588784","1846569258805","1846569433276","17.591","17.447100000000002","0.1439","17.5902","0.39730000000000004","False","18.1786","17.613400000000002","18.1245","3.5858000000000003","21.0329","8","1","1","False","0"
"23464","2135585588784","1846569434715","1846569584276","15.234900000000001","14.956100000000001","0.2788","15.234900000000001","0.4696","False","12.1289","15.100000000000001","18.1786","6.6644000000000005","21.6205","8","1","1","False","0"
"23464","2135585588784","1846569587064","1846569756482","17.1082","16.9418","0.16640000000000002","17.116600000000002","0.4161","False","18.1676","17.2206","12.1289","1.5727","18.5145","8","1","1","False","0"
"23464","2135585588784","1846569758146","1846569934770","17.840400000000002","17.6624","0.17800000000000002","17.8468","0.4217","False","18.2651","17.8288","18.1676","1.9115000000000002","19.573900000000002","8","1","1","False","0"
"23464","2135585588784","1846569936550","1846570085819","15.0737","14.9269","0.1468","15.0518","0.38780000000000003","False","18.1128","15.1049","18.2651","5.0717","19.9986","8","1","1","False","0"
"23464","2135585588784","1846570087287","1846570259004","17.5377","17.1717","0.366","17.1566","0.45690000000000003","False","12.1079","17.3185","18.1128","5.8660000000000005","23.0377","8","1","1","False","0"
"23464","2135585588784","1846570262664","1846570433057","17.2159","17.0393","0.1766","17.6167","0.4645","False","18.1905","17.4053","12.1079","0.5686","17.6079","8","1","1","False","0"
"23464","2135585588784","1846570434823","1846570582305","14.885","14.7482","0.1368","14.8747","0.39640000000000003","False","18.1856","14.924800000000001","18.1905","3.8343000000000003","18.5825","8","1","1","False","0"
"23464","2135585588784","1846570583673","1846570753480","17.140400000000003","16.980700000000002","0.1597","17.1078","0.3839","False","18.220200000000002","17.1175","18.1856","4.9024","21.883100000000002","8","1","1","False","0"
"23464","2135585588784","1846570755077","1846570925317","17.226000000000003","17.024","0.202","17.2586","0.41390000000000005","False","18.182100000000002","17.1837","18.220200000000002","5.9389","22.9629","8","1","1","False","0"
"23464","2135585588784","1846570927337","1846571104674","17.9125","17.733700000000002","0.17880000000000001","17.887","0.39540000000000003","False","12.0835","17.9357","18.182100000000002","6.185300000000001","23.919","8","1","1","False","0"
"23464","2135585588784","1846571106462","1846571257187","15.223900000000002","15.072500000000002","0.1514","15.2591","0.4151","False","18.1755","15.2513","12.0835","3.0175","18.09","8","1","1","False","0"
"23464","2135585588784","1846571258701","1846571417205","16.012900000000002","15.8504","0.1625","15.9984","0.403","False","18.1768","16.0018","18.1755","5.1912","21.041600000000003","8","1","1","False","0"
"23464","2135585588784","1846571418830","1846571610259","19.3189","19.1429","0.17600000000000002","19.2974","0.3865","False","12.1212","19.305400000000002","18.1768","4.0626","23.2055","8","1","1","False","0"
"23464","2135585588784","1846571612019","1846571766216","15.5982","15.4197","0.17850000000000002","15.6155","0.4077","False","18.2268","15.5957","12.1212","0.5881000000000001","16.0078","8","1","1","False","0"
"23464","2135585588784","1846571768001","1846571934255","16.7961","16.6254","0.17070000000000002","16.768","0.3769","False","18.1502","16.803900000000002","18.2268","2.011","18.636400000000002","8","1","1","False","0"
"23464","2135585588784","1846571935962","1846572088018","15.3469","15.2056","0.1413","15.343300000000001","0.36060000000000003","False","18.249100000000002","15.3763","18.1502","4.7849","19.9905","8","1","1","False","0"
"23464","2135585588784","1846572089431","1846572252040","16.4709","16.2609","0.21000000000000002","16.537300000000002","0.4454","False","12.0426","16.4022","18.249100000000002","6.6318","22.8927","8","1","1","False","0"
"23464","2135585588784","1846572254140","1846572426902","17.4423","17.2762","0.1661","17.3918","0.38730000000000003","False","18.1869","17.4862","12.0426","1.1882000000000001","18.4644","8","1","1","False","0"
"23464","2135585588784","1846572428563","1846572597145","17.0576","16.8582","0.19940000000000002","17.413800000000002","0.7719","False","18.2478","17.0243","18.1869","2.3508","19.209","8","1","1","False","0"
"23464","2135585588784","1846572599139","1846572762510","16.494799999999998","16.3371","0.1577","16.5084","0.7621","False","18.115000000000002","16.5365","18.2478","4.0621","20.3992","8","1","1","False","0"
"23464","2135585588784","1846572764087","1846572925006","16.305000000000003","16.091900000000003","0.2131","16.3095","0.781","False","12.1303","16.2496","18.115000000000002","5.9275","22.0194","8","1","1","False","0"
"23464","2135585588784","1846572927137","1846573090531","16.4947","16.3394","0.1553","16.5806","0.8373","False","18.1792","16.552500000000002","12.1303","1.5053","17.8447","8","1","1","False","0"
"23464","2135585588784","1846573092084","1846573264320","17.3462","17.2236","0.1226","17.0101","0.8073","False","18.1734","17.3789","18.1792","2.3056","19.5292","8","1","1","False","0"
"23464","2135585588784","1846573265546","1846573427195","16.2913","16.1649","0.1264","16.609","0.8056000000000001","False","18.235500000000002","16.2875","18.1734","4.1915000000000004","20.3564","8","1","1","False","0"
"23464","2135585588784","1846573428459","1846573586510","16.004","15.805100000000001","0.19890000000000002","15.9793","0.8105","False","18.127000000000002","15.931500000000002","18.235500000000002","6.495500000000001","22.3006","8","1","1","False","0"
"23464","2135585588784","1846573588499","1846573765104","17.8457","17.660500000000003","0.1852","17.8322","0.8028000000000001","False","12.129100000000001","17.8594","18.127000000000002","6.7631000000000006","24.4236","8","1","1","False","0"
"23464","2135585588784","1846573766956","1846573917636","15.206600000000002","15.068000000000001","0.1386","15.235800000000001","0.8054","False","18.1794","15.253200000000001","12.129100000000001","3.6390000000000002","18.707","8","1","1","False","0"
"23464","2135585588784","1846573919022","1846574084706","16.7632","16.5684","0.1948","16.857","0.9440000000000001","False","18.253800000000002","16.707","18.1794","5.111400000000001","21.6798","8","1","1","False","0"
"23464","2135585588784","1846574086654","1846574249665","16.5801","16.3011","0.279","16.3822","0.8069000000000001","False","12.0419","16.495900000000002","18.253800000000002","6.8693","23.1704","8","1","1","False","0"
"23464","2135585588784","1846574252455","1846574422100","17.2394","16.9645","0.27490000000000003","17.2501","0.8336","False","18.185000000000002","17.2435","12.0419","1.6677000000000002","18.6322","8","1","1","False","0"
"23464","2135585588784","1846574424849","1846574593314","17.064200000000003","16.846500000000002","0.2177","17.136400000000002","0.8520000000000001","False","18.180400000000002","17.1214","18.185000000000002","2.7313","19.5778","8","1","1","False","0"
"23464","2135585588784","1846574595491","1846574789324","19.5636","19.383300000000002","0.18030000000000002","19.6389","0.8665","False","18.1802","19.601000000000003","18.180400000000002","1.3107","20.694000000000003","8","1","1","False","0"
"23464","2135585588784","1846574791127","1846574928826","13.9077","13.7699","0.1378","13.5494","0.8331000000000001","False","12.130700000000001","13.9502","18.1802","5.5407","19.3106","8","1","1","False","0"
"23464","2135585588784","1846574930204","1846575078935","15.050600000000001","14.8731","0.17750000000000002","15.392800000000001","0.8547","False","18.1771","15.010900000000001","12.130700000000001","2.6605000000000003","17.5336","8","1","1","False","0"
"23464","2135585588784","1846575080710","1846575259474","18.0607","17.8764","0.18430000000000002","18.0288","0.8427","False","18.2213","18.053900000000002","18.1771","2.7837","20.6601","8","1","1","False","0"
"23464","2135585588784","1846575261317","1846575419343","16.0772","15.8026","0.2746","15.9641","0.8103","False","18.1569","15.9869","18.2213","5.0181000000000004","20.820700000000002","8","1","1","False","0"
"23464","2135585588784","1846575422089","1846575584792","16.5117","16.270300000000002","0.2414","16.5397","0.8077000000000001","False","12.099400000000001","16.544900000000002","18.1569","6.6301000000000005","22.9004","8","1","1","False","0"
"23464","2135585588784","1846575587206","1846575751432","16.767599999999998","16.4226","0.34500000000000003","16.674","0.8183","False","18.1906","16.664","12.099400000000001","2.0655","18.4881","8","1","1","False","0"
"23464","2135585588784","1846575754882","1846575927324","17.4071","17.2442","0.16290000000000002","17.5957","0.8426","False","18.18","17.5892","18.1906","2.6669","19.9111","8","1","1","False","0"
"23464","2135585588784","1846575928953","1846576090639","16.378400000000003","16.1686","0.20980000000000001","16.3018","0.7867000000000001","False","18.2313","16.331500000000002","18.18","4.5154000000000005","20.684","8","1","1","False","0"
"23464","2135585588784","1846576092737","1846576256526","16.5864","16.3789","0.20750000000000002","16.640900000000002","0.8438","False","12.0685","16.5887","18.2313","6.158","22.536900000000003","8","1","1","False","0"
"23464","2135585588784","1846576258601","1846576427046","17.0112","16.8445","0.16670000000000001","17.0683","0.8685","False","18.1878","17.052","12.0685","1.1745","18.019000000000002","8","1","1","False","0"
"23464","2135585588784","1846576428713","1846576607351","18.009700000000002","17.8638","0.1459","18.036","0.886","False","18.179100000000002","18.0305","18.1878","1.3318","19.195600000000002","8","1","1","False","0"
"23464","2135585588784","1846576608810","1846576765332","15.894","15.6522","0.24180000000000001","15.799300000000002","0.867","False","18.1776","15.798100000000002","18.179100000000002","3.7128","19.365000000000002","8","1","1","False","0"
"23464","2135585588784","1846576767750","1846576919585","15.4337","15.1835","0.25020000000000003","15.4212","0.8715","False","18.183600000000002","15.4253","18.1776","6.4651000000000005","21.648600000000002","8","1","1","False","0"
"23464","2135585588784","1846576922087","1846577110523","18.995500000000003","18.843600000000002","0.1519","18.7442","0.8657","False","12.1155","19.0938","18.183600000000002","5.5549","24.398500000000002","8","1","1","False","0"
"23464","2135585588784","1846577112042","1846577264453","15.436100000000001","15.241100000000001","0.195","15.7908","0.8897","False","18.2222","15.393","12.1155","2.2774","17.5185","8","1","1","False","0"
"23464","2135585588784","1846577266403","1846577417342","15.249800000000002","15.093900000000001","0.1559","15.2294","0.8635","False","18.1861","15.2889","18.2222","5.2107","20.3046","8","1","1","False","0"
"23464","2135585588784","1846577418901","1846577587066","16.991500000000002","16.8165","0.17500000000000002","17.262","1.1445","False","12.088700000000001","16.9724","18.1861","6.4244","23.2409","8","1","1","False","0"
"23464","2135585588784","1846577588816","1846577757220","17.009800000000002","16.840400000000002","0.1694","16.7584","0.8928","False","18.1655","17.0154","12.088700000000001","1.4977","18.3381","8","1","1","False","0"
"23464","2135585588784","1846577758914","1846577921871","16.4583","16.2957","0.1626","16.4682","0.8917","False","18.229","16.4651","18.1655","3.1981","19.4938","8","1","1","False","0"
"23464","2135585588784","1846577923497","1846578100467","17.8342","17.697","0.13720000000000002","17.8275","0.8795000000000001","False","18.141000000000002","17.8596","18.229","3.5675000000000003","21.2645","8","1","1","False","0"
"23464","2135585588784","1846578101839","1846578262139","16.2577","16.03","0.2277","16.182000000000002","0.8798","False","12.126700000000001","16.1672","18.141000000000002","5.541300000000001","21.5713","8","1","1","False","0"
"23464","2135585588784","1846578264416","1846578420701","15.794500000000001","15.6285","0.166","15.8853","0.906","False","18.178","15.856200000000001","12.126700000000001","1.8118","17.4403","8","1","1","False","0"
"23464","2135585588784","1846578422361","1846578586556","16.584799999999998","16.4195","0.1653","16.6095","0.9238000000000001","False","18.2692","16.5855","18.178","3.4043","19.823800000000002","8","1","1","False","0"
"23464","2135585588784","1846578588209","1846578764740","17.761400000000002","17.653100000000002","0.10830000000000001","17.470200000000002","0.9134","False","18.096600000000002","17.8184","18.2692","3.8551","21.508200000000002","8","1","1","False","0"
"23464","2135585588784","1846578765823","1846578929660","16.563100000000002","16.3837","0.1794","16.8273","0.9191","False","12.1211","16.492","18.096600000000002","5.459700000000001","21.843400000000003","8","1","1","False","0"
"23464","2135585588784","1846578931454","1846579079135","14.9281","14.7681","0.16","14.9547","0.9312","False","18.2411","14.947500000000002","12.1211","2.6333","17.401400000000002","8","1","1","False","0"
"23464","2135585588784","1846579080735","1846579250153","17.1077","16.9418","0.16590000000000002","17.119","0.9354","False","18.1214","17.1018","18.2411","3.7726","20.7144","8","1","1","False","0"
"23464","2135585588784","1846579251812","1846579414932","16.485200000000003","16.312","0.17320000000000002","16.5321","0.9952000000000001","False","18.2228","16.4779","18.1214","5.4161","21.7281","8","1","1","False","0"
"23464","2135585588784","1846579416664","1846579592577","17.8049","17.5913","0.2136","17.707","0.9299000000000001","False","12.071800000000001","17.7645","18.2228","5.8744000000000005","23.465700000000002","8","1","1","False","0"
"23464","2135585588784","1846579594713","1846579759992","16.7249","16.527900000000002","0.197","16.7716","0.9433","False","18.1915","16.741500000000002","12.071800000000001","1.2047","17.7326","8","1","1","False","0"
"23464","2135585588784","1846579761962","1846579938533","17.8154","17.6571","0.1583","17.8347","0.9522","False","18.1797","17.854100000000003","18.1915","1.5421","19.1992","8","1","1","False","0"
"23464","2135585588784","1846579940116","1846580092085","15.344400000000002","15.196900000000001","0.14750000000000002","15.3215","0.925","False","18.1796","15.3552","18.1797","4.3666","19.5635","8","1","1","False","0"
"23464","2135585588784","1846580093560","1846580265255","17.3832","17.1695","0.2137","17.3364","0.9067000000000001","False","12.114500000000001","17.317","18.1796","5.2292000000000005","22.3987","8","1","1","False","0"
"23464","2135585588784","1846580267392","1846580427106","16.1245","15.971400000000001","0.1531","15.8246","0.9201","False","18.2495","16.185100000000002","12.114500000000001","1.1586","17.130000000000003","8","1","1","False","0"
"23464","2135585588784","1846580428637","1846580585279","15.8068","15.664200000000001","0.1426","16.2312","1.0027000000000001","False","18.1263","15.817300000000001","18.2495","3.5908","19.255000000000003","8","1","1","False","0"
"23464","2135585588784","1846580586705","1846580765928","18.0569","17.9223","0.1346","18.0313","0.9743","False","18.1787","18.0649","18.1263","3.6522","21.5745","8","1","1","False","0"
"23464","2135585588784","1846580767274","1846580916861","15.1697","14.9587","0.21100000000000002","15.135900000000001","0.9822000000000001","False","12.1257","15.093300000000001","18.1787","6.7376000000000005","21.6963","8","1","1","False","0"
"23464","2135585588784","1846580918971","1846581087607","17.043000000000003","16.8636","0.1794","17.0923","1.0018","False","18.1842","17.0746","12.1257","1.7887000000000002","18.6523","8","1","1","False","0"
"23464","2135585588784","1846581089401","1846581256754","16.8928","16.735300000000002","0.1575","16.883100000000002","0.9904000000000001","False","18.1762","16.9147","18.1842","3.0582000000000003","19.7935","8","1","1","False","0"
"23464","2135585588784","1846581258329","1846581429274","17.2313","17.0945","0.1368","17.2254","0.9711000000000001","False","18.25","17.252000000000002","18.1762","3.9824","21.076900000000002","8","1","1","False","0"
"23464","2135585588784","1846581430642","1846581610333","18.109","17.9691","0.1399","18.1106","0.9741000000000001","False","18.1643","18.105900000000002","18.25","4.1265","22.0956","8","1","1","False","0"
"23464","2135585588784","1846581611732","1846581769274","15.957","15.7542","0.2028","15.9417","0.9883000000000001","False","12.0667","15.8941","18.1643","6.3967","22.1509","8","1","1","False","0"
"23464","2135585588784","1846581771302","1846581934238","16.4506","16.2936","0.157","16.4786","0.9972000000000001","False","18.192800000000002","16.4964","12.0667","1.967","18.2606","8","1","1","False","0"
"23464","2135585588784","1846581935808","1846582103955","16.9297","16.814700000000002","0.115","16.5933","0.9756","False","18.1778","16.971700000000002","18.192800000000002","3.1881","20.0028","8","1","1","False","0"
"23464","2135585588784","1846582105105","1846582275438","17.235300000000002","17.0333","0.202","17.524299999999997","0.9794","False","18.1811","17.148300000000003","18.1778","4.2176","21.2509","8","1","1","False","0"
"23464","2135585588784","1846582277458","1846582437910","16.2297","16.0452","0.1845","16.250700000000002","0.9877","False","18.1894","16.2472","18.1811","6.1515","22.1967","8","1","1","False","0"
"23464","2135585588784","1846582439755","1846582614429","17.655","17.4674","0.18760000000000002","17.6917","1.0232","False","12.1195","17.6519","18.1894","6.689","24.1564","8","1","1","False","0"
"23464","2135585588784","1846582616305","1846582775720","16.1017","15.941500000000001","0.1602","15.7749","0.6884","False","18.1685","16.1291","12.1195","2.6794000000000002","18.620900000000002","8","1","1","False","0"
"23464","2135585588784","1846582777322","1846582961524","18.6081","18.4202","0.1879","18.9475","1.0302","False","18.186500000000002","18.5804","18.1685","2.2675","20.6877","8","1","1","False","0"
"23464","2135585588784","1846582963403","1846583136747","17.490000000000002","17.334400000000002","0.15560000000000002","17.598300000000002","1.1280000000000001","False","18.191200000000002","17.5223","18.186500000000002","2.9317","20.2661","8","1","1","False","0"
"23464","2135585588784","1846583138303","1846583287467","15.100900000000001","14.916400000000001","0.1845","14.9777","1.0223","False","18.1709","15.072000000000001","18.191200000000002","6.0509","20.9673","8","1","1","False","0"
"23464","2135585588784","1846583289312","1846583464803","17.7375","17.5491","0.1884","17.740000000000002","1.0226","False","18.1929","17.7336","18.1709","6.4882","24.037300000000002","8","1","1","False","0"
"23464","2135585588784","1846583466687","1846583640881","17.6286","17.4194","0.2092","17.614900000000002","1.0179","False","12.1142","17.6078","18.1929","7.073300000000001","24.492700000000003","8","1","1","False","0"
"23464","2135585588784","1846583642973","1846583805480","16.390600000000003","16.250700000000002","0.1399","15.8499","0.7135","False","18.178","16.4599","12.1142","2.7276000000000002","18.9783","8","1","1","False","0"
"23464","2135585588784","1846583806879","1846583982061","17.6764","17.5182","0.1582","18.2556","1.0334","False","18.1841","17.6581","18.178","3.2475","20.765700000000002","8","1","1","False","0"
"23464","2135585588784","1846583983643","1846584145769","16.390400000000003","16.212600000000002","0.1778","16.366400000000002","1.0339","False","18.1809","16.3708","18.1841","5.0608","21.273400000000002","8","1","1","False","0"
"23464","2135585588784","1846584147547","1846584322411","17.7281","17.4864","0.2417","17.7161","1.0332000000000001","False","18.1885","17.6642","18.1809","5.577500000000001","23.0639","8","1","1","False","0"
"23464","2135585588784","1846584324828","1846584506884","18.3873","18.2056","0.1817","18.4606","1.0854000000000001","False","12.1087","18.447300000000002","18.1885","5.318700000000001","23.5243","8","1","1","False","0"
"23464","2135585588784","1846584508701","1846584656078","14.8829","14.7377","0.1452","14.5357","0.7177","False","18.1797","14.919400000000001","12.1087","2.508","17.2457","8","1","1","False","0"
"23464","2135585588784","1846584657530","1846584836817","18.09","17.9287","0.1613","18.459400000000002","1.0941","False","18.2542","18.073900000000002","18.1797","2.6138000000000003","20.5425","8","1","1","False","0"
"23464","2135585588784","1846584838430","1846584998254","16.1696","15.9824","0.1872","16.1449","1.0799","False","18.1277","16.1437","18.2542","4.7243","20.7067","8","1","1","False","0"
"23464","2135585588784","1846585000126","1846585164272","16.6186","16.4146","0.20400000000000001","16.631","1.0941","False","12.1152","16.6018","18.1277","6.2502","22.6648","8","1","1","False","0"
"23464","2135585588784","1846585166312","1846585319158","15.490200000000002","15.284600000000001","0.2056","15.0861","0.7179","False","18.1808","15.4886","12.1152","2.8768000000000002","18.1614","8","1","1","False","0"
"23464","2135585588784","1846585321214","1846585485298","16.527","16.4084","0.11860000000000001","16.6145","1.0778","False","18.180400000000002","16.614","18.1808","4.4436","20.852","8","1","1","False","0"
"23464","2135585588784","1846585486484","1846585644587","16.024800000000003","15.810300000000002","0.21450000000000002","16.339000000000002","1.0882","False","18.175900000000002","15.9289","18.180400000000002","6.6951","22.5054","8","1","1","False","0"
"23464","2135585588784","1846585646732","1846585826964","18.203699999999998","18.0232","0.18050000000000002","18.2021","1.0859","False","12.116200000000001","18.2377","18.175900000000002","6.6333","24.6565","8","1","1","False","0"
"23464","2135585588784","1846585828769","1846585985519","15.882700000000002","15.675","0.20770000000000002","15.511600000000001","0.7165","False","18.1874","15.855500000000001","12.116200000000001","2.894","18.569000000000003","8","1","1","False","0"
"23464","2135585588784","1846585987596","1846586144349","15.8844","15.6753","0.2091","16.2562","1.0801","False","18.1869","15.883000000000001","18.1874","5.1984","20.8737","8","1","1","False","0"
"23464","2135585588784","1846586146440","1846586310345","16.5826","16.3905","0.19210000000000002","16.560100000000002","1.0796000000000001","False","12.1094","16.599600000000002","18.1869","6.7857","23.1762","8","1","1","False","0"
"23464","2135585588784","1846586312266","1846586479748","16.9101","16.7482","0.16190000000000002","16.9525","1.1015000000000001","False","18.1954","16.9403","12.1094","1.9548","18.703","8","1","1","False","0"
"23464","2135585588784","1846586481367","1846586643394","16.3421","16.2027","0.1394","16.901400000000002","1.6483","False","18.1842","16.3646","18.1954","3.7856","19.988300000000002","8","1","1","False","0"
"23464","2135585588784","1846586644788","1846586785691","14.2863","14.090300000000001","0.196","14.193700000000002","1.5752000000000002","False","12.1158","14.229700000000001","18.1842","7.7401","21.8304","8","1","1","False","0"
"23464","2135585588784","1846586787651","1846586965376","17.9266","17.7725","0.15410000000000001","17.5105","1.1483","False","18.1875","17.968500000000002","12.1158","1.8874000000000002","19.6599","8","1","1","False","0"
"23464","2135585588784","1846586966917","1846587140472","17.5121","17.3555","0.15660000000000002","17.9531","1.5933000000000002","False","18.2815","17.509600000000002","18.1875","2.5653","19.9208","8","1","1","False","0"
"23464","2135585588784","1846587142038","1846587294079","15.335700000000001","15.2041","0.1316","15.502400000000002","2.0606","False","18.0962","15.360700000000001","18.2815","5.4861","20.6902","8","1","1","False","0"
"23464","2135585588784","1846587295395","1846587460298","16.6839","16.4903","0.19360000000000002","17.197100000000002","2.2782","False","18.186","16.6219","18.0962","6.9604","23.4507","8","1","1","False","0"
"23464","2135585588784","1846587462234","1846587650275","18.980800000000002","18.804100000000002","0.1767","19.090600000000002","2.3979","False","12.176300000000001","18.997700000000002","18.186","6.148700000000001","24.9528","8","1","1","False","0"
"23464","2135585588784","1846587652042","1846587805015","15.4513","15.2973","0.154","14.2378","1.1607","False","18.1092","15.474","12.176300000000001","2.851","18.148300000000003","8","1","1","False","0"
"23464","2135585588784","1846587806555","1846587972518","16.7292","16.5963","0.13290000000000002","17.194300000000002","1.6185","False","18.1766","16.7503","18.1092","4.2099","20.8062","8","1","1","False","0"
"23464","2135585588784","1846587973847","1846588141545","16.9545","16.7698","0.1847","17.4172","2.0925000000000002","False","18.2146","16.9027","18.1766","5.4838000000000005","22.253600000000002","8","1","1","False","0"
"23464","2135585588784","1846588143392","1846588318742","17.7139","17.535","0.1789","17.7913","2.1738","False","12.095","17.7197","18.2146","5.9787","23.5137","8","1","1","False","0"
"23464","2135585588784","1846588320531","1846588481439","16.2436","16.0908","0.15280000000000002","15.233600000000001","1.159","False","18.1749","16.2697","12.095","1.804","17.8948","8","1","1","False","0"
"23464","2135585588784","1846588482967","1846588625097","14.400300000000001","14.213000000000001","0.18730000000000002","15.349200000000003","2.1261","False","18.2015","14.3658","18.1749","5.6131","19.8261","8","1","1","False","0"
"23464","2135585588784","1846588626970","1846588797974","17.2931","17.1004","0.1927","17.4984","2.3248","False","12.1019","17.2877","18.2015","6.5269","23.6273","8","1","1","False","0"
"23464","2135585588784","1846588799901","1846588966731","16.8197","16.683","0.13670000000000002","15.357700000000001","1.1673","False","18.183600000000002","16.875700000000002","12.1019","1.7531","18.4361","8","1","1","False","0"
"23464","2135585588784","1846588968098","1846589138786","17.2702","17.0688","0.20140000000000002","17.985200000000003","1.6216000000000002","False","18.185200000000002","17.2055","18.183600000000002","2.7312000000000003","19.8","8","1","1","False","0"
"23464","2135585588784","1846589140800","1846589307070","16.779500000000002","16.627000000000002","0.1525","16.854","1.6289","False","18.191100000000002","16.828400000000002","18.185200000000002","4.088","20.715","8","1","1","False","0"
"23464","2135585588784","1846589308595","1846589466966","16.0136","15.837100000000001","0.17650000000000002","17.535600000000002","3.1676","False","18.1915","15.989600000000001","18.191100000000002","6.2895","22.1266","8","1","1","False","0"
"23464","2135585588784","1846589468731","1846589678135","21.076","20.9404","0.1356","19.0609","1.1382","False","18.168","21.1169","18.1915","3.3641","24.3045","8","1","1","False","0"
"23464","2135585588784","1846589679491","1846589829726","15.1759","15.0235","0.1524","16.416","2.3839","False","12.1172","15.1591","18.168","6.373","21.3965","8","1","1","False","0"
"23464","2135585588784","1846589831250","1846589978095","14.8471","14.6845","0.1626","13.5206","1.054","False","18.177500000000002","14.8369","12.1172","3.6533","18.3378","8","1","1","False","0"
"23464","2135585588784","1846589979721","1846590156319","17.804000000000002","17.6598","0.1442","18.2374","1.4886000000000001","False","18.210800000000003","17.822400000000002","18.177500000000002","4.0084","21.668200000000002","8","1","1","False","0"
"23464","2135585588784","1846590157761","1846590330402","17.415599999999998","17.2641","0.1515","16.1715","0.252","False","12.0813","17.4083","18.210800000000003","4.8109","22.075","8","1","1","False","0"
"23464","2135585588784","1846590331917","1846590474407","14.3987","14.249","0.1497","14.461300000000001","0.3106","False","18.1812","14.400500000000001","12.0813","2.4917000000000002","16.7407","8","1","1","False","0"
"23464","2135585588784","1846590475904","1846590670931","19.6813","19.5027","0.1786","19.793100000000003","0.41750000000000004","False","36.368900000000004","19.6524","18.1812","1.0205","20.5232","8","1","1","False","0"
"23464","2135585588784","1846590672717","1846591028829","35.7394","35.611200000000004","0.1282","35.9106","0.8889","False","18.1702","35.7898","36.368900000000004","1.5996000000000001","37.2108","8","1","1","False","0"
"23464","2135585588784","1846591030111","1846591203159","17.4642","17.3048","0.15940000000000001","17.2778","0.401","False","18.209300000000002","17.433","18.1702","2.3368","19.6416","8","1","1","False","0"
"23464","2135585588784","1846591204753","1846591356229","15.3034","15.1476","0.1558","15.3948","0.5008","False","12.0981","15.307","18.209300000000002","5.2391000000000005","20.3867","8","1","1","False","0"
"23464","2135585588784","1846591357787","1846591522005","16.5909","16.4218","0.1691","16.4058","0.32270000000000004","False","18.2068","16.5776","12.0981","0.7596","17.1814","8","1","1","False","0"
"23464","2135585588784","1846591523696","1846591688342","16.622700000000002","16.4646","0.15810000000000002","16.707900000000002","0.3982","False","18.2014","16.6337","18.2068","2.3327","18.7973","8","1","1","False","0"
"23464","2135585588784","1846591689923","1846591858314","17.035400000000003","16.839100000000002","0.1963","16.9064","0.30010000000000003","False","18.1574","16.9972","18.2014","3.5369","20.376","8","1","1","False","0"
"23464","2135585588784","1846591860277","1846592051565","19.392300000000002","19.128800000000002","0.2635","19.4037","0.3478","False","18.1815","19.325100000000003","18.1574","2.3692","21.498","8","1","1","False","0"
"23464","2135585588784","1846592054200","1846592195767","14.310500000000001","14.1567","0.15380000000000002","14.326900000000002","0.2984","False","12.1057","14.420200000000001","18.1815","6.1305000000000005","20.287200000000002","8","1","1","False","0"
"23464","2135585588784","1846592197305","1846592347365","15.1629","15.006","0.1569","15.1736","0.30860000000000004","False","18.1909","15.1598","12.1057","3.0764","18.0824","8","1","1","False","0"
"23464","2135585588784","1846592348934","1846592522476","17.515600000000003","17.354200000000002","0.16140000000000002","17.5913","0.3831","False","12.113000000000001","17.511100000000003","18.1909","3.7562","21.110400000000002","8","1","1","False","0"
"23464","2135585588784","1846592524090","1846592666844","14.435","14.275400000000001","0.15960000000000002","14.353200000000001","0.30910000000000004","False","18.1967","14.4368","12.113000000000001","1.4324000000000001","15.7078","8","1","1","False","0"
"23464","2135585588784","1846592668440","1846592835675","16.8644","16.7235","0.1409","16.7503","0.4335","False","18.178800000000003","16.883100000000002","18.1967","2.746","19.4695","8","1","1","False","0"
"23464","2135585588784","1846592837084","1846592991682","15.759800000000002","15.459800000000001","0.3","15.923300000000001","0.48760000000000003","False","18.198700000000002","15.600700000000002","18.178800000000003","5.3241000000000005","20.783900000000003","8","1","1","False","0"
"23464","2135585588784","1846592994682","1846593167457","17.5478","17.2775","0.27030000000000004","17.563000000000002","0.40040000000000003","False","12.0951","17.5775","18.198700000000002","5.9453000000000005","23.2228","8","1","1","False","0"
"23464","2135585588784","1846593170160","1846593328587","16.1702","15.8427","0.3275","16.0344","0.335","False","18.194100000000002","16.113","12.0951","1.9274","17.7701","8","1","1","False","0"
"23464","2135585588784","1846593331862","1846593493033","16.292","16.1171","0.1749","16.5155","0.46430000000000005","False","18.1872","16.4446","18.194100000000002","3.6769000000000003","19.794","8","1","1","False","0"
"23464","2135585588784","1846593494782","1846593660699","16.759","16.5917","0.1673","16.7084","0.40390000000000004","False","12.093900000000001","16.7666","18.1872","5.0975","21.6892","8","1","1","False","0"
"23464","2135585588784","1846593662372","1846593819474","15.9356","15.7102","0.22540000000000002","15.8533","0.391","False","18.1861","15.877500000000001","12.093900000000001","1.3139","17.0241","8","1","1","False","0"
"23464","2135585588784","1846593821728","1846593990836","17.156200000000002","16.910800000000002","0.2454","17.231","0.468","False","18.2027","17.136200000000002","18.1861","2.3638","19.2746","8","1","1","False","0"
"23464","2135585588784","1846593993290","1846594183991","19.2205","19.0701","0.1504","19.2163","0.3957","False","18.1771","19.3155","18.2027","1.2510000000000001","20.3211","8","1","1","False","0"
"23464","2135585588784","1846594185495","1846594328947","14.501900000000001","14.3452","0.1567","14.395000000000001","0.28200000000000003","False","18.191300000000002","14.495600000000001","18.1771","4.9325","19.2777","8","1","1","False","0"
"23464","2135585588784","1846594330514","1846594495123","16.629600000000003","16.460900000000002","0.16870000000000002","16.672","0.3408","False","18.1856","16.6176","18.191300000000002","6.506200000000001","22.967100000000002","8","1","1","False","0"
"23464","2135585588784","1846594496810","1846594703982","20.845200000000002","20.717200000000002","0.128","20.706500000000002","0.3451","False","18.1868","20.8859","18.1856","3.8059000000000003","24.5231","8","1","1","False","0"
"23464","2135585588784","1846594705262","1846594902001","19.849","19.6739","0.1751","19.9757","0.32030000000000003","False","18.1597","19.8019","18.1868","2.1908000000000003","21.864700000000003","8","1","1","False","0"
"23464","2135585588784","1846594903752","1846595080580","17.9115","17.6828","0.22870000000000001","17.877200000000002","0.31170000000000003","False","18.192500000000003","17.8579","18.1597","2.4926","20.1754","8","1","1","False","0"
"23464","2135585588784","1846595082867","1846595248359","16.6836","16.5492","0.13440000000000002","16.7163","0.3068","False","18.1688","16.777900000000002","18.192500000000003","3.9072","20.456400000000002","8","1","1","False","0"
"23464","2135585588784","1846595249703","1846595448804","20.11","19.9101","0.19990000000000002","20.0633","0.3149","False","18.206300000000002","20.0445","18.1688","2.0315000000000003","21.9416","8","1","1","False","0"
"23464","2135585588784","1846595450803","1846595588432","13.9843","13.7629","0.2214","14.031500000000001","0.3618","False","18.1536","13.962800000000001","18.206300000000002","6.275","20.0379","8","1","1","False","0"
"23464","2135585588784","1846595590646","1846595816551","22.7432","22.590500000000002","0.1527","22.747400000000003","0.32230000000000003","False","18.191200000000002","22.8119","18.1536","1.6167","24.2072","8","1","1","False","0"
"23464","2135585588784","1846595818078","1846595993908","17.780900000000003","17.583000000000002","0.19790000000000002","17.7527","0.3252","False","12.0975","17.7357","18.191200000000002","2.0722","19.6552","8","1","1","False","0"
"23464","2135585588784","1846595995887","1846596129825","13.547500000000001","13.3938","0.1537","13.5729","0.32170000000000004","False","18.1822","13.591700000000001","12.0975","0.5780000000000001","13.9718","8","1","1","False","0"
"23464","2135585588784","1846596131362","1846596304715","17.5294","17.3353","0.19410000000000002","17.604","0.41540000000000005","False","18.197100000000002","17.489","18.1822","1.2712","18.6065","8","1","1","False","0"
"23464","2135585588784","1846596306656","1846596457858","15.2329","15.1202","0.11270000000000001","15.0447","0.44210000000000005","False","18.1952","15.314300000000001","18.197100000000002","4.154","19.2742","8","1","1","False","0"
"23464","2135585588784","1846596458985","1846596624519","16.7239","16.5534","0.1705","16.915300000000002","0.40130000000000005","False","12.146700000000001","16.6661","18.1952","5.6831000000000005","22.2365","8","1","1","False","0"
"23464","2135585588784","1846596626224","1846596768696","14.3962","14.247200000000001","0.149","14.329500000000001","0.3284","False","18.168400000000002","14.4177","12.146700000000001","3.4121","17.6593","8","1","1","False","0"
"23464","2135585588784","1846596770186","1846596944916","17.6837","17.473000000000003","0.2107","17.7685","0.4121","False","18.1707","17.622","18.168400000000002","3.9585000000000004","21.4315","8","1","1","False","0"
"23464","2135585588784","1846596947023","1846597103665","15.9237","15.664200000000001","0.2595","15.7126","0.30960000000000004","False","12.0908","15.8749","18.1707","6.254300000000001","21.9185","8","1","1","False","0"
"23464","2135585588784","1846597106260","1846597258203","15.461500000000001","15.1943","0.2672","15.480999999999998","0.3266","False","18.1902","15.453800000000001","12.0908","2.8913","18.0856","8","1","1","False","0"
"23464","2135585588784","1846597260875","1846597431951","17.2693","17.1076","0.1617","17.4437","0.39580000000000004","False","12.1128","17.3748","18.1902","3.7067","20.8143","8","1","1","False","0"
"23464","2135585588784","1846597433568","1846597583617","15.199200000000001","15.004900000000001","0.1943","15.1913","0.3957","False","18.220200000000002","15.1666","12.1128","0.6529","15.6578","8","1","1","False","0"
"23464","2135585588784","1846597585560","1846597742134","15.824000000000002","15.6574","0.1666","15.8275","0.4052","False","24.238500000000002","15.851700000000001","18.220200000000002","3.0214000000000003","18.678800000000003","8","1","1","False","0"
"23464","2135585588784","1846597743800","1846597973902","23.1443","23.0102","0.1341","23.1405","0.379","False","12.0882","23.1768","24.238500000000002","4.0831","27.093300000000003","8","1","1","False","0"
"23464","2135585588784","1846597975243","1846598130450","15.646400000000002","15.520700000000001","0.1257","15.4505","0.3276","False","18.1914","15.654800000000002","12.0882","0.5165000000000001","16.037200000000002","8","1","1","False","0"
"23464","2135585588784","1846598131707","1846598295463","16.5454","16.375600000000002","0.1698","16.8945","0.5431","False","18.194000000000003","16.5013","18.1914","2.2066","18.5822","8","1","1","False","0"
"23464","2135585588784","1846598297161","1846598451112","15.5309","15.395100000000001","0.1358","15.3388","0.3397","False","18.1844","15.564900000000002","18.194000000000003","4.8357","20.230800000000002","8","1","1","False","0"
"23464","2135585588784","1846598452470","1846598634045","18.294300000000003","18.157500000000002","0.1368","18.2282","0.2844","False","18.1969","18.293300000000002","18.1844","4.7268","22.8843","8","1","1","False","0"
"23464","2135585588784","1846598635413","1846598811983","17.840700000000002","17.657","0.1837","17.832900000000002","0.2817","False","18.165200000000002","17.7938","18.1969","5.1299","22.786900000000003","8","1","1","False","0"
"23464","2135585588784","1846598813820","1846598992880","18.126400000000004","17.906000000000002","0.2204","18.1353","0.3007","False","18.1875","18.0897","18.165200000000002","5.2054","23.1114","8","1","1","False","0"
"23464","2135585588784","1846598995084","1846599163751","17.0714","16.8667","0.20470000000000002","17.0887","0.3356","False","12.109300000000001","17.0871","18.1875","6.3058000000000005","23.1725","8","1","1","False","0"
"23464","2135585588784","1846599165798","1846599318729","15.496400000000001","15.2931","0.2033","15.508700000000001","0.35150000000000003","False","18.1933","15.497800000000002","12.109300000000001","2.9173","18.2104","8","1","1","False","0"
"23464","2135585588784","1846599320762","1846599482959","16.412499999999998","16.2197","0.1928","16.466900000000003","0.37210000000000004","False","18.189500000000002","16.423000000000002","18.1933","4.687600000000001","20.9073","8","1","1","False","0"
"23464","2135585588784","1846599484887","1846599657784","17.4221","17.2897","0.13240000000000002","17.3639","0.30060000000000003","False","12.090300000000001","17.4825","18.189500000000002","5.3946000000000005","22.6843","8","1","1","False","0"
"23464","2135585588784","1846599659108","1846599811322","15.413300000000001","15.221400000000001","0.19190000000000002","15.3893","0.3272","False","18.197300000000002","15.353800000000001","12.090300000000001","2.1311","17.3525","8","1","1","False","0"
"23464","2135585588784","1846599813241","1846599982417","17.0711","16.9176","0.1535","17.169900000000002","0.39180000000000004","False","12.1128","17.1095","18.197300000000002","3.2189","20.1365","8","1","1","False","0"
"23464","2135585588784","1846599983952","1846600124594","14.2329","14.064200000000001","0.16870000000000002","14.100900000000001","0.41050000000000003","False","18.177400000000002","14.2177","12.1128","1.114","15.1782","8","1","1","False","0"
"23464","2135585588784","1846600126281","1846600275962","15.114400000000002","14.968100000000002","0.1463","15.2696","0.4042","False","18.219","15.136800000000001","18.177400000000002","4.1546","19.122700000000002","8","1","1","False","0"
"23464","2135585588784","1846600277425","1846600441312","16.662","16.3887","0.2733","16.5968","0.406","False","12.0763","16.535","18.219","5.8386000000000005","22.2273","8","1","1","False","0"
"23464","2135585588784","1846600444045","1846600614567","17.2957","17.0522","0.24350000000000002","17.2471","0.334","False","18.1838","17.3255","12.0763","0.5894","17.6416","8","1","1","False","0"
"23464","2135585588784","1846600617002","1846600769388","15.4173","15.2386","0.1787","15.5191","0.4022","False","18.1965","15.4821","18.1838","3.2911","18.529700000000002","8","1","1","False","0"
"23464","2135585588784","1846600771175","1846600956187","18.715600000000002","18.5012","0.2144","18.735400000000002","0.4289","False","18.1898","18.6799","18.1965","2.8077","21.3089","8","1","1","False","0"
"23464","2135585588784","1846600958331","1846601102152","14.5348","14.382100000000001","0.1527","14.4413","0.3267","False","18.1765","14.5965","18.1898","6.401000000000001","20.7831","8","1","1","False","0"
"23464","2135585588784","1846601103679","1846601296221","19.4234","19.2542","0.16920000000000002","19.3996","0.299","False","12.0991","19.4069","18.1765","5.1706","24.4248","8","1","1","False","0"
"23464","2135585588784","1846601297913","1846601461047","16.463700000000003","16.3134","0.15030000000000002","16.4784","0.3144","False","18.1829","16.4826","12.0991","0.7871","17.1005","8","1","1","False","0"
"23464","2135585588784","1846601462550","1846601634781","17.376700000000003","17.223100000000002","0.15360000000000001","17.466","0.4021","False","18.1792","17.3734","18.1829","1.5966","18.8197","8","1","1","False","0"
"23464","2135585588784","1846601636317","1846601828570","19.3629","19.2253","0.1376","19.165300000000002","0.44480000000000003","False","24.274900000000002","19.3789","18.1792","0.39690000000000003","19.6222","8","1","1","False","0"
"23464","2135585588784","1846601829946","1846602033176","20.5062","20.323","0.1832","20.741600000000002","0.4434","False","12.090300000000001","20.4606","24.274900000000002","4.2112","24.534200000000002","8","1","1","False","0"
"23464","2135585588784","1846602035008","1846602190047","15.690100000000001","15.503900000000002","0.1862","15.576400000000001","0.3272","False","18.272000000000002","15.687100000000001","12.090300000000001","0.6144000000000001","16.1183","8","1","1","False","0"
"23464","2135585588784","1846602191909","1846602348990","15.8678","15.7081","0.1597","15.927200000000001","0.3919","False","18.119300000000003","15.894300000000001","18.272000000000002","2.9921","18.700200000000002","8","1","1","False","0"
"23464","2135585588784","1846602350587","1846602522611","17.3537","17.2024","0.15130000000000002","17.360500000000002","0.39330000000000004","False","12.0889","17.3621","18.119300000000003","3.7493000000000003","20.951700000000002","8","1","1","False","0"
"23464","2135585588784","1846602524124","1846602675896","15.3733","15.177200000000001","0.1961","15.268500000000001","0.3099","False","18.1871","15.3285","12.0889","0.5097","15.686900000000001","8","1","1","False","0"
"23464","2135585588784","1846602677857","1846602835327","15.9137","15.747","0.16670000000000001","16.021800000000002","0.4022","False","24.2685","15.943100000000001","18.1871","2.7537000000000003","18.500700000000002","8","1","1","False","0"
"23464","2135585588784","1846602836994","1846603045459","21.026200000000003","20.846500000000002","0.1797","20.998","0.3759","False","12.0946","21.0132","24.2685","6.009","26.855500000000003","8","1","1","False","0"
"23464","2135585588784","1846603047256","1846603216743","17.12","16.948700000000002","0.1713","17.0633","0.3135","False","24.2743","17.1284","12.0946","0.9752000000000001","17.9239","8","1","1","False","0"
"23464","2135585588784","1846603218456","1846603403509","18.7234","18.505300000000002","0.21810000000000002","18.8416","0.41590000000000005","False","12.104800000000001","18.6766","24.2743","6.572900000000001","25.078200000000002","8","1","1","False","0"
"23464","2135585588784","1846603405690","1846603547770","14.3413","14.208","0.1333","14.2253","0.30560000000000004","False","18.1892","14.4261","12.104800000000001","4.2516","18.459600000000002","8","1","1","False","0"
"23464","2135585588784","1846603549103","1846603722101","17.4312","17.2998","0.13140000000000002","17.438000000000002","0.3104","False","12.106100000000001","17.4331","18.1892","5.0077","22.3075","8","1","1","False","0"
"23464","2135585588784","1846603723415","1846603872177","15.020700000000001","14.8762","0.14450000000000002","14.9013","0.3738","False","18.180500000000002","15.0076","12.106100000000001","2.1062000000000003","16.982400000000002","8","1","1","False","0"
"23464","2135585588784","1846603873622","1846604044625","17.2672","17.1003","0.16690000000000002","17.4478","0.39430000000000004","False","18.2136","17.2448","18.180500000000002","3.0419","20.142200000000003","8","1","1","False","0"
"23464","2135585588784","1846604046294","1846604214778","17.0333","16.8484","0.1849","17.0395","0.3981","False","18.2102","17.0153","18.2136","4.240200000000001","21.0886","8","1","1","False","0"
"23464","2135585588784","1846604216627","1846604419802","20.5118","20.317500000000003","0.1943","20.421200000000002","0.33430000000000004","False","12.0532","20.5024","18.2102","1.9480000000000002","22.2655","8","1","1","False","0"
"23464","2135585588784","1846604421745","1846604554963","13.472600000000002","13.321800000000001","0.15080000000000002","13.4673","0.29410000000000003","False","18.2037","13.5161","12.0532","0.48510000000000003","13.8069","8","1","1","False","0"
"23464","2135585588784","1846604556471","1846604698903","14.3941","14.2432","0.1509","14.5007","0.40290000000000004","False","24.306","14.394","18.2037","4.2948","18.538","8","1","1","False","0"
"23464","2135585588784","1846604700412","1846604921149","22.227000000000004","22.073700000000002","0.15330000000000002","22.1609","0.333","False","18.1403","22.224600000000002","24.306","6.3762","28.449900000000003","8","1","1","False","0"
"23464","2135585588784","1846604922682","1846605122916","20.1929","20.023400000000002","0.1695","20.2843","0.4222","False","18.188000000000002","20.1767","18.1403","4.3398","24.363200000000003","8","1","1","False","0"
"23464","2135585588784","1846605124611","1846605294297","17.1855","16.968600000000002","0.2169","16.979400000000002","0.2943","False","18.1612","17.1381","18.188000000000002","5.3897","22.3583","8","1","1","False","0"
"23464","2135585588784","1846605296466","1846605492162","19.7317","19.5696","0.1621","19.8194","0.3156","False","12.1088","19.7865","18.1612","3.7644","23.334","8","1","1","False","0"
"23464","2135585588784","1846605493783","1846605628929","13.685300000000002","13.514600000000002","0.17070000000000002","13.664100000000001","0.2862","False","18.2076","13.6767","12.1088","2.1965","15.7111","8","1","1","False","0"
"23464","2135585588784","1846605630636","1846605794795","16.584600000000002","16.4159","0.16870000000000002","16.6935","0.397","False","18.1689","16.5866","18.2076","3.8175000000000003","20.2334","8","1","1","False","0"
"23464","2135585588784","1846605796482","1846605973303","17.8276","17.682100000000002","0.14550000000000002","17.724600000000002","0.2886","False","18.179100000000002","17.8508","18.1689","4.1356","21.817700000000002","8","1","1","False","0"
"23464","2135585588784","1846605974758","1846606157420","18.4315","18.2662","0.1653","18.4271","0.28600000000000003","False","18.1938","18.4117","18.179100000000002","3.903","22.1692","8","1","1","False","0"
"23464","2135585588784","1846606159073","1846606316346","15.991700000000002","15.727300000000001","0.2644","16.0063","0.3004","False","12.0911","15.892600000000002","18.1938","6.2042","21.9315","8","1","1","False","0"
"23464","2135585588784","1846606318990","1846606465790","14.823100000000002","14.680000000000001","0.1431","14.7398","0.3643","False","18.1862","14.9444","12.0911","3.3509","18.030900000000003","8","1","1","False","0"
"23464","2135585588784","1846606467221","1846606647345","18.1467","18.0124","0.1343","18.323700000000002","0.38630000000000003","False","24.2592","18.1555","18.1862","3.3816","21.394000000000002","8","1","1","False","0"
"23464","2135585588784","1846606648688","1846606886120","23.903200000000002","23.7432","0.16","23.883100000000002","0.38720000000000004","False","18.1924","23.8775","24.2592","3.7633","27.506500000000003","8","1","1","False","0"
"23464","2135585588784","1846606887720","1846607046897","16.0943","15.9177","0.1766","16.0314","0.3128","False","12.0858","16.0777","18.1924","5.878","21.7957","8","1","1","False","0"
"23464","2135585588784","1846607048663","1846607217180","17.0003","16.8517","0.1486","16.9964","0.30760000000000004","False","24.2638","17.0283","12.0858","0.9355","17.787200000000002","8","1","1","False","0"
"23464","2135585588784","1846607218666","1846607445737","22.965600000000002","22.7071","0.2585","23.0359","0.4242","False","18.1844","22.855700000000002","24.2638","2.3436","25.050700000000003","8","1","1","False","0"
"23464","2135585588784","1846607448322","1846607613371","16.7001","16.5049","0.1952","16.6322","0.3108","False","12.1005","16.7634","18.1844","3.7646","20.2695","8","1","1","False","0"
"23464","2135585588784","1846607615323","1846607742360","12.8434","12.703700000000001","0.13970000000000002","12.8421","0.3013","False","18.202","12.898900000000001","12.1005","2.9662","15.6699","8","1","1","False","0"
"23464","2135585588784","1846607743757","1846607899106","15.7009","15.5349","0.166","15.841600000000001","0.448","False","12.0959","15.6746","18.202","5.493600000000001","21.0285","8","1","1","False","0"
"23464","2135585588784","1846607900766","1846608060751","16.1626","15.9985","0.1641","16.0226","0.3139","False","18.2042","16.1645","12.0959","1.425","17.4235","8","1","1","False","0"
"23464","2135585588784","1846608062392","1846608220111","15.9167","15.7719","0.1448","15.7878","0.43110000000000004","False","18.1883","15.936","18.2042","3.6932","19.4651","8","1","1","False","0"
"23464","2135585588784","1846608221559","1846608409652","19.0834","18.8093","0.2741","19.182000000000002","0.34040000000000004","False","12.103900000000001","18.9541","18.1883","2.9274","21.736700000000003","8","1","1","False","0"
"23464","2135585588784","1846608412393","1846608527441","11.686700000000002","11.504800000000001","0.1819","11.6773","0.2919","False","24.2468","11.7789","12.103900000000001","3.2524","14.757200000000001","8","1","1","False","0"
"23464","2135585588784","1846608529260","1846608774536","24.6984","24.5276","0.1708","24.796200000000002","0.3758","False","24.267500000000002","24.709500000000002","24.2468","2.7897000000000003","27.317300000000003","8","1","1","False","0"
"23464","2135585588784","1846608776244","1846609002930","22.823800000000002","22.6686","0.1552","22.843300000000003","0.3781","False","12.085","22.8394","24.267500000000002","4.2178","26.886400000000002","8","1","1","False","0"
"23464","2135585588784","1846609004482","1846609146404","14.347800000000001","14.192200000000001","0.15560000000000002","14.238000000000001","0.2765","False","18.1808","14.3474","12.085","1.9554","16.1476","8","1","1","False","0"
"23464","2135585588784","1846609147960","1846609292725","14.633300000000002","14.476500000000001","0.1568","14.763300000000001","0.4088","False","18.207900000000002","14.632100000000001","18.1808","5.5041","19.980600000000003","8","1","1","False","0"
"23464","2135585588784","1846609294293","1846609484209","19.1294","18.991600000000002","0.1378","19.767300000000002","1.0353","False","12.116000000000001","19.148400000000002","18.207900000000002","4.5636","23.555200000000003","8","1","1","False","0"
"23464","2135585588784","1846609485587","1846609609702","12.5936","12.4115","0.1821","11.7981","0.27190000000000003","False","18.1808","12.5493","12.116000000000001","4.1303","16.541800000000002","8","1","1","False","0"
"23464","2135585588784","1846609611523","1846609783314","17.319300000000002","17.179100000000002","0.14020000000000002","17.3484","0.272","False","12.091700000000001","17.3612","18.1808","4.9499","22.129","8","1","1","False","0"
"23464","2135585588784","1846609784716","1846609919092","13.5969","13.4376","0.1593","13.621300000000002","0.3004","False","18.1883","13.5778","12.091700000000001","3.4638","16.901400000000002","8","1","1","False","0"
"23464","2135585588784","1846609920685","1846610129068","21.0059","20.8383","0.1676","21.104300000000002","0.4062","False","24.2533","20.997600000000002","18.1883","0.6545000000000001","21.492800000000003","8","1","1","False","0"
"23464","2135585588784","1846610130744","1846610367192","23.8387","23.6448","0.19390000000000002","23.800700000000003","0.35750000000000004","False","18.232100000000003","23.8124","24.2533","1.0954000000000002","24.7402","8","1","1","False","0"
"23464","2135585588784","1846610369131","1846610523790","15.6132","15.465900000000001","0.14730000000000001","15.6475","0.3905","False","18.1213","15.6598","18.232100000000003","3.6677","19.1336","8","1","1","False","0"
"23464","2135585588784","1846610525263","1846610731792","20.8137","20.652900000000002","0.1608","20.779","0.36250000000000004","False","24.270300000000002","20.8002","18.1213","0.9888","21.6417","8","1","1","False","0"
"23464","2135585588784","1846610733400","1846610920284","18.825200000000002","18.6884","0.1368","18.7336","0.5264","False","18.1558","18.8492","24.270300000000002","6.4099","25.098300000000002","8","1","1","False","0"
"23464","2135585588784","1846610921652","1846611109081","18.944100000000002","18.742900000000002","0.20120000000000002","18.9377","0.29000000000000004","False","18.1999","18.8797","18.1558","5.686","24.428900000000002","8","1","1","False","0"
"23464","2135585588784","1846611111093","1846611290436","18.0729","17.9343","0.1386","18.110400000000002","0.2953","False","12.0988","18.1355","18.1999","5.7504","23.6847","8","1","1","False","0"
"23464","2135585588784","1846611291822","1846611441741","15.1605","14.991900000000001","0.1686","15.1395","0.29150000000000004","False","18.372500000000002","15.130500000000001","12.0988","2.7187","17.7106","8","1","1","False","0"
"23464","2135585588784","1846611443427","1846611595059","15.325500000000002","15.163200000000002","0.1623","15.34","0.3012","False","11.9253","15.331800000000001","18.372500000000002","5.7594","20.922600000000003","8","1","1","False","0"
"23464","2135585588784","1846611596682","1846611754853","16.0002","15.8171","0.1831","15.9991","0.29860000000000003","False","18.189700000000002","15.9794","11.9253","1.7053","17.5224","8","1","1","False","0"
"23464","2135585588784","1846611756684","1846611926013","17.7828","16.9329","0.8499","17.4257","0.4032","False","18.2023","17.116","18.189700000000002","2.779","19.7119","8","1","1","False","0"
"23464","2135585588784","1846611934512","1846612077115","14.473400000000002","14.2603","0.2131","14.8335","0.3249","False","12.1037","15.1102","18.2023","5.8711","20.1314","8","1","1","False","0"
"23464","2135585588784","1846612079246","1846612247974","17.0772","16.8728","0.2044","17.1064","0.342","False","18.1741","17.085900000000002","12.1037","0.8889","17.7617","8","1","1","False","0"
"23464","2135585588784","1846612250018","1846612402388","15.4482","15.237","0.2112","15.398100000000001","0.31920000000000004","False","18.1755","15.441400000000002","18.1741","3.6216000000000004","18.8586","8","1","1","False","0"
"23464","2135585588784","1846612404500","1846612566504","16.3653","16.200400000000002","0.16490000000000002","16.4645","0.3819","False","18.2066","16.4116","18.1755","5.3855","21.585900000000002","8","1","1","False","0"
"23464","2135585588784","1846612568153","1846612747939","18.256","17.9786","0.27740000000000004","17.9781","0.45640000000000003","False","18.1633","18.1435","18.2066","5.4486","23.427200000000003","8","1","1","False","0"
"23464","2135585588784","1846612750713","1846612963616","21.469800000000003","21.290300000000002","0.17950000000000002","21.740000000000002","0.369","False","18.186500000000002","21.567700000000002","18.1633","2.0442","23.334500000000002","8","1","1","False","0"
"23464","2135585588784","1846612965411","1846613116778","15.284400000000002","15.136700000000001","0.1477","15.5988","0.6725","False","12.1295","15.3162","18.186500000000002","4.9145","20.0512","8","1","1","False","0"
"23464","2135585588784","1846613118255","1846613255030","13.8806","13.6775","0.2031","13.4891","0.32880000000000004","False","18.175900000000002","13.8252","12.1295","3.2188000000000003","16.8963","8","1","1","False","0"
"23464","2135585588784","1846613257061","1846613415591","16.0164","15.853000000000002","0.16340000000000002","16.2723","0.5471","False","12.1127","16.0561","18.175900000000002","5.3386000000000005","21.1916","8","1","1","False","0"
"23464","2135585588784","1846613417225","1846613572893","15.8045","15.5668","0.23770000000000002","15.670800000000002","0.43370000000000003","False","18.1871","15.7302","12.1127","1.7211","17.2879","8","1","1","False","0"
"23464","2135585588784","1846613575270","1846613734500","16.149","15.923","0.226","16.0827","0.40190000000000003","False","18.1854","16.160700000000002","18.1871","3.7475","19.6705","8","1","1","False","0"
"23464","2135585588784","1846613736760","1846613895965","16.144000000000002","15.9205","0.2235","16.1681","0.41290000000000004","False","12.1317","16.1465","18.1854","5.7864","21.7069","8","1","1","False","0"
"23464","2135585588784","1846613898200","1846614059785","16.3402","16.1585","0.1817","16.417","0.46380000000000005","False","18.167","16.382","12.1317","1.5361","17.6946","8","1","1","False","0"
"23464","2135585588784","1846614061602","1846614212396","15.273500000000002","15.079400000000001","0.19410000000000002","15.189400000000001","0.37670000000000003","False","18.2744","15.2611","18.167","4.442","19.5214","8","1","1","False","0"
"23464","2135585588784","1846614214337","1846614373767","16.1443","15.943000000000001","0.2013","16.2044","0.44670000000000004","False","12.0379","16.1371","18.2744","6.5793","22.5223","8","1","1","False","0"
"23464","2135585588784","1846614375780","1846614541269","16.7405","16.5489","0.19160000000000002","16.7118","0.4164","False","18.1872","16.7502","12.0379","1.867","18.4159","8","1","1","False","0"
"23464","2135585588784","1846614543185","1846614702609","16.1093","15.942400000000001","0.16690000000000002","15.8717","0.4166","False","18.1917","16.134","18.1872","3.9202000000000004","19.8626","8","1","1","False","0"
"23464","2135585588784","1846614704278","1846614857310","15.5165","15.3032","0.21330000000000002","15.811800000000002","0.466","False","12.0973","15.4701","18.1917","6.6418","21.945","8","1","1","False","0"
"23464","2135585588784","1846614859443","1846615018767","16.1019","15.932400000000001","0.1695","15.930200000000001","0.2997","False","18.188200000000002","16.1457","12.0973","2.5934","18.5258","8","1","1","False","0"
"23464","2135585588784","1846615020462","1846615203773","18.5139","18.3311","0.18280000000000002","18.6488","0.4298","False","24.2667","18.500600000000002","18.188200000000002","2.281","20.6121","8","1","1","False","0"
"23464","2135585588784","1846615205601","1846615429262","22.575","22.3661","0.2089","22.5439","0.40390000000000004","False","12.105","22.5489","24.2667","3.9988","26.364900000000002","8","1","1","False","0"
"23464","2135585588784","1846615431351","1846615526091","9.6753","9.474","0.2013","9.6355","0.3748","False","12.115300000000001","9.6829","12.105","6.4209000000000005","15.894900000000002","8","1","1","False","0"
"23464","2135585588784","1846615528104","1846615690090","16.3972","16.198600000000003","0.1986","16.4529","0.41440000000000005","False","18.184","16.399900000000002","12.115300000000001","2.1363000000000003","18.3349","8","1","1","False","0"
"23464","2135585588784","1846615692076","1846615854253","16.389400000000002","16.2177","0.17170000000000002","16.3947","0.40800000000000003","False","18.1961","16.4163","18.184","3.9040000000000004","20.1217","8","1","1","False","0"
"23464","2135585588784","1846615855970","1846616046706","19.232000000000003","19.073600000000003","0.1584","19.2054","0.3728","False","12.1059","19.2453","18.1961","2.8548","21.9284","8","1","1","False","0"
"23464","2135585588784","1846616048290","1846616177640","13.0982","12.935","0.1632","13.0077","0.2924","False","18.1601","13.0934","12.1059","1.8673000000000002","14.8023","8","1","1","False","0"
"23464","2135585588784","1846616179272","1846616351227","17.3658","17.1955","0.1703","17.3303","0.5275000000000001","False","18.1952","17.358700000000002","18.1601","2.6687000000000003","19.8642","8","1","1","False","0"
"23464","2135585588784","1846616352930","1846616506585","15.581900000000001","15.3655","0.2164","15.679300000000001","0.4112","False","12.1158","15.5358","18.1952","5.3281","20.6936","8","1","1","False","0"
"23464","2135585588784","1846616508749","1846616664121","15.7963","15.5372","0.2591","15.826300000000002","0.4243","False","18.1833","15.7536","12.1158","1.6903000000000001","17.2275","8","1","1","False","0"
"23464","2135585588784","1846616666712","1846616856599","19.1614","18.9887","0.17270000000000002","19.199","0.4278","False","18.2031","19.2478","18.1833","0.6258","19.6145","8","1","1","False","0"
"23464","2135585588784","1846616858326","1846617007627","15.0767","14.930100000000001","0.1466","15.0472","0.38680000000000003","False","18.1886","15.1028","18.2031","3.7261","18.656200000000002","8","1","1","False","0"
"23464","2135585588784","1846617009093","1846617162758","15.562000000000001","15.3665","0.1955","15.4701","0.32930000000000004","False","12.0853","15.513100000000001","18.1886","6.4016","21.7681","8","1","1","False","0"
"23464","2135585588784","1846617164713","1846617315826","15.2845","15.1113","0.17320000000000002","15.285","0.3012","False","18.1977","15.3068","12.0853","3.1801000000000004","18.2914","8","1","1","False","0"
"23464","2135585588784","1846617317558","1846617475216","15.922600000000001","15.7658","0.1568","15.988100000000001","0.3649","False","18.2153","15.939","18.1977","5.4388000000000005","21.204600000000003","8","1","1","False","0"
"23464","2135585588784","1846617476784","1846617687717","21.3845","21.0933","0.2912","21.2419","0.3257","False","18.142400000000002","21.2501","18.2153","2.404","23.497300000000003","8","1","1","False","0"
"23464","2135585588784","1846617690629","1846617878600","18.9851","18.7971","0.188","19.087300000000003","0.3299","False","18.1935","19.0883","18.142400000000002","1.4581000000000002","20.255200000000002","8","1","1","False","0"
"23464","2135585588784","1846617880480","1846618044316","16.5657","16.3836","0.1821","16.5659","0.3382","False","12.1104","16.5716","18.1935","3.08","19.4636","8","1","1","False","0"
"23464","2135585588784","1846618046137","1846618157413","11.265600000000001","11.127600000000001","0.138","11.1278","0.3382","False","18.2074","11.309700000000001","12.1104","3.8807","15.0083","8","1","1","False","0"
"23464","2135585588784","1846618158793","1846618353444","19.6331","19.4651","0.168","19.8627","0.4158","False","18.188000000000002","19.6031","18.2074","2.4850000000000003","21.950100000000003","8","1","1","False","0"
"23464","2135585588784","1846618355124","1846618534844","18.237000000000002","17.972","0.265","18.1527","0.3687","False","18.1472","18.14","18.188000000000002","2.533","20.505000000000003","8","1","1","False","0"
"23464","2135585588784","1846618537494","1846618728831","19.3004","19.1337","0.16670000000000001","19.306900000000002","0.3442","False","18.2224","19.3987","18.1472","1.2815","20.415200000000002","8","1","1","False","0"
"23464","2135585588784","1846618730498","1846618869566","14.0721","13.9068","0.1653","14.0157","0.2871","False","18.1769","14.073500000000001","18.2224","5.430400000000001","19.3372","8","1","1","False","0"
"23464","2135585588784","1846618871219","1846619043725","17.443700000000003","17.250600000000002","0.19310000000000002","17.419700000000002","0.2876","False","12.1132","17.4159","18.1769","6.191400000000001","23.442","8","1","1","False","0"
"23464","2135585588784","1846619045656","1846619175875","13.197000000000001","13.0219","0.1751","13.2249","0.2876","False","12.0851","13.215","12.1132","5.0896","18.1115","8","1","1","False","0"
"23464","2135585588784","1846619177626","1846619314650","13.856200000000001","13.7024","0.15380000000000002","13.8886","0.3163","False","18.2174","13.877500000000001","12.0851","3.2972","16.9996","8","1","1","False","0"
"23464","2135585588784","1846619316188","1846619491517","17.6967","17.5329","0.1638","17.7843","0.4088","False","12.1098","17.686700000000002","18.2174","3.8279","21.3608","8","1","1","False","0"
"23464","2135585588784","1846619493155","1846619610857","11.921600000000002","11.7702","0.1514","11.826","0.3088","False","18.1741","11.934000000000001","12.1098","4.0037","15.773900000000001","8","1","1","False","0"
"23464","2135585588784","1846619612371","1846619783654","17.301199999999998","17.1283","0.1729","17.307299999999998","0.3163","False","18.1751","17.279700000000002","18.1741","4.8981","22.026400000000002","8","1","1","False","0"
"23464","2135585588784","1846619785383","1846620000343","21.672","21.496000000000002","0.17600000000000002","21.8264","0.47950000000000004","False","18.2082","21.6689","18.1751","1.4043","22.9003","8","1","1","False","0"
"23464","2135585588784","1846620002103","1846620148664","14.8108","14.6561","0.1547","14.7322","0.39","False","18.1887","14.8321","18.2082","4.7804","19.436500000000002","8","1","1","False","0"
"23464","2135585588784","1846620150211","1846620324398","17.563000000000002","17.4187","0.1443","17.369400000000002","0.3463","False","12.1148","17.5734","18.1887","5.395700000000001","22.814400000000003","8","1","1","False","0"
"23464","2135585588784","1846620325841","1846620451042","12.6803","12.520100000000001","0.1602","12.8061","0.3174","False","12.0958","12.6644","12.1148","4.8461","17.3662","8","1","1","False","0"
"23464","2135585588784","1846620452644","1846620604038","15.295","15.1394","0.15560000000000002","15.2934","0.32280000000000003","False","18.2041","15.2996","12.0958","1.6423","16.7817","8","1","1","False","0"
"23464","2135585588784","1846620605594","1846620758426","15.434600000000001","15.2832","0.1514","15.518","0.40230000000000005","False","18.194200000000002","15.4388","18.2041","4.4076","19.6908","8","1","1","False","0"
"23464","2135585588784","1846620759940","1846620923496","16.5522","16.3556","0.1966","16.4388","0.31620000000000004","False","12.1028","16.507","18.194200000000002","6.0948","22.450400000000002","8","1","1","False","0"
"23464","2135585588784","1846620925462","1846621056297","13.2453","13.0835","0.1618","13.267700000000001","0.3069","False","12.103100000000001","13.280100000000001","12.1028","4.9175","18.001","8","1","1","False","0"
"23464","2135585588784","1846621057915","1846621218754","16.2382","16.0839","0.15430000000000002","16.3073","0.3824","False","18.215500000000002","16.2457","12.103100000000001","0.7749","16.858800000000002","8","1","1","False","0"
"23464","2135585588784","1846621220297","1846621343627","12.508000000000001","12.333","0.17500000000000002","12.536000000000001","0.4203","False","12.087200000000001","12.487300000000001","18.215500000000002","6.5031","18.836100000000002","8","1","1","False","0"
"23464","2135585588784","1846621345377","1846621513942","17.029700000000002","16.8565","0.17320000000000002","16.8992","0.29960000000000003","False","18.2091","17.0315","12.087200000000001","1.5588000000000002","18.415300000000002","8","1","1","False","0"
"23464","2135585588784","1846621515674","1846621662588","14.855800000000002","14.691400000000002","0.16440000000000002","14.950000000000001","0.3699","False","12.0969","14.864600000000001","18.2091","4.903300000000001","19.5947","8","1","1","False","0"
"23464","2135585588784","1846621664232","1846621822851","16.0245","15.8619","0.1626","15.936100000000001","0.2954","False","18.1949","16.0263","12.0969","0.9739000000000001","16.835800000000003","8","1","1","False","0"
"23464","2135585588784","1846621824477","1846621985416","16.2588","16.0939","0.16490000000000002","16.3718","0.40190000000000003","False","18.2045","16.2565","18.1949","2.9123","19.0062","8","1","1","False","0"
"23464","2135585588784","1846621987065","1846622133525","14.8033","14.646","0.1573","14.7231","0.3201","False","12.108","14.8109","18.2045","6.3059","20.951900000000002","8","1","1","False","0"
"23464","2135585588784","1846622135098","1846622297948","16.5061","16.285","0.22110000000000002","16.380200000000002","0.38530000000000003","False","18.2023","16.4423","12.108","1.9716","18.256600000000002","8","1","1","False","0"
"23464","2135585588784","1846622300159","1846622443329","14.4751","14.317","0.15810000000000002","14.6003","0.32580000000000003","False","12.085600000000001","14.5381","18.2023","5.635800000000001","19.9528","8","1","1","False","0"
"23464","2135585588784","1846622444910","1846622612222","16.9022","16.7312","0.171","16.9272","0.3509","False","18.2057","16.889300000000002","12.085600000000001","0.8321000000000001","17.5633","8","1","1","False","0"
"23464","2135585588784","1846622613932","1846622752515","14.0337","13.8583","0.1754","13.9802","0.3063","False","12.0972","14.029300000000001","18.2057","5.008500000000001","18.8668","8","1","1","False","0"
"23464","2135585588784","1846622754269","1846622906579","15.449","15.231","0.218","15.497200000000001","0.36150000000000004","False","12.1179","15.406400000000001","12.0972","1.6993","16.930300000000003","8","1","1","False","0"
"23464","2135585588784","1846622908759","1846623019526","11.2263","11.0767","0.1496","11.2063","0.3156","False","18.2132","11.2947","12.1179","2.5225","13.599200000000002","8","1","1","False","0"
"23464","2135585588784","1846623021022","1846623184935","16.538500000000003","16.3913","0.1472","16.628600000000002","0.4041","False","18.1842","16.5409","18.2132","4.1948","20.586100000000002","8","1","1","False","0"
"23464","2135585588784","1846623186407","1846623348507","16.3931","16.21","0.1831","16.2923","0.3178","False","12.0845","16.357200000000002","18.1842","6.021800000000001","22.2318","8","1","1","False","0"
"23464","2135585588784","1846623350338","1846623523397","17.5635","17.3059","0.2576","17.5446","0.34090000000000004","False","12.1151","17.489","12.0845","0.6173000000000001","17.9232","8","1","1","False","0"
"23464","2135585588784","1846623525973","1846623636970","11.2695","11.0997","0.1698","11.304","0.32580000000000003","False","18.2113","11.3573","12.1151","1.3751","12.4748","8","1","1","False","0"
"23464","2135585588784","1846623638668","1846623789786","15.2544","15.1118","0.1426","15.324100000000001","0.3841","False","12.093300000000001","15.281600000000001","18.2113","4.3048","19.416600000000003","8","1","1","False","0"
"23464","2135585588784","1846623791212","1846623946515","15.711500000000001","15.5303","0.1812","15.5866","0.28750000000000003","False","18.2234","15.6729","12.093300000000001","0.7252000000000001","16.2555","8","1","1","False","0"
"23464","2135585588784","1846623948327","1846624088019","14.0783","13.9692","0.1091","14.0023","0.42550000000000004","False","12.0761","14.150400000000001","18.2234","4.7982000000000005","18.767400000000002","8","1","1","False","0"
"23464","2135585588784","1846624089110","1846624226058","13.8587","13.6948","0.16390000000000002","14.0145","0.3432","False","18.2164","13.8039","12.0761","3.0704000000000002","16.7652","8","1","1","False","0"
"23464","2135585588784","1846624227697","1846624381710","15.5751","15.4013","0.1738","15.6452","0.42800000000000005","False","12.095","15.5652","18.2164","5.7216000000000005","21.1229","8","1","1","False","0"
"23464","2135585588784","1846624383448","1846624537097","15.5128","15.3649","0.1479","15.421800000000001","0.3304","False","18.2133","15.5387","12.095","2.2779000000000003","17.6428","8","1","1","False","0"
"23464","2135585588784","1846624538576","1846624679926","14.302700000000002","14.135000000000002","0.16770000000000002","14.3573","0.3876","False","12.0919","14.282900000000001","18.2133","6.2083","20.3433","8","1","1","False","0"
"23464","2135585588784","1846624681603","1846624836937","15.7063","15.5334","0.1729","15.6355","0.3069","False","18.2089","15.7011","12.0919","2.5991","18.1325","8","1","1","False","0"
"23464","2135585588784","1846624838666","1846624988083","15.1073","14.9417","0.1656","15.200000000000001","0.4066","False","12.143600000000001","15.114600000000001","18.2089","5.6934000000000005","20.6351","8","1","1","False","0"
"23464","2135585588784","1846624989739","1846625139912","15.1803","15.0173","0.163","15.0577","0.2887","False","18.1616","15.1829","12.143600000000001","2.6541","17.671400000000002","8","1","1","False","0"
"23464","2135585588784","1846625141542","1846625298712","15.8773","15.717","0.1603","15.9587","0.3735","False","12.105500000000001","15.88","18.1616","4.935700000000001","20.6527","8","1","1","False","0"
"23464","2135585588784","1846625300315","1846625427838","12.9143","12.7523","0.162","12.843","0.28250000000000003","False","12.1068","12.912600000000001","12.105500000000001","4.1286000000000005","16.8809","8","1","1","False","0"
"23464","2135585588784","1846625429458","1846625565783","13.787600000000001","13.6325","0.15510000000000002","13.812100000000001","0.3135","False","18.194300000000002","13.794500000000001","12.1068","2.4409","16.0734","8","1","1","False","0"
"23464","2135585588784","1846625567334","1846625717640","15.169200000000002","15.030600000000002","0.1386","15.0343","0.49310000000000004","False","12.1926","15.1857","18.194300000000002","5.4495000000000005","20.4801","8","1","1","False","0"
"23464","2135585588784","1846625719026","1846625862326","14.4758","14.33","0.1458","14.601600000000001","0.3049","False","18.122","14.4686","12.1926","3.1735","17.503500000000003","8","1","1","False","0"
"23464","2135585588784","1846625863784","1846626023481","16.1457","15.969700000000001","0.17600000000000002","16.2119","0.36210000000000003","False","12.097800000000001","16.1155","18.122","5.180000000000001","21.1497","8","1","1","False","0"
"23464","2135585588784","1846626025241","1846626168094","14.427500000000002","14.285300000000001","0.1422","14.374","0.31120000000000003","False","12.109200000000001","14.461300000000001","12.097800000000001","2.8165","17.1018","8","1","1","False","0"
"23464","2135585588784","1846626169516","1846626310311","14.2612","14.079500000000001","0.1817","14.318000000000001","0.39630000000000004","False","18.1959","14.2217","12.109200000000001","0.7040000000000001","14.7835","8","1","1","False","0"
"23464","2135585588784","1846626312128","1846626467409","15.6708","15.5281","0.1427","15.6966","0.39580000000000004","False","18.1822","15.709800000000001","18.1959","3.1901","18.7182","8","1","1","False","0"
"23464","2135585588784","1846626468836","1846626633675","16.634500000000003","16.483900000000002","0.1506","16.625700000000002","0.3844","False","12.1129","16.6266","18.1822","4.7457","21.2296","8","1","1","False","0"
"23464","2135585588784","1846626635181","1846626783212","14.9654","14.8031","0.1623","14.897","0.32680000000000003","False","18.246100000000002","14.953700000000001","12.1129","1.9049","16.708000000000002","8","1","1","False","0"
"23464","2135585588784","1846626784835","1846626947829","16.4418","16.299400000000002","0.1424","16.5104","0.3879","False","18.124100000000002","16.4617","18.246100000000002","3.6893000000000002","19.9887","8","1","1","False","0"
"23464","2135585588784","1846626949253","1846627132793","18.5067","18.354","0.1527","18.4925","0.3738","False","18.1811","18.4964","18.124100000000002","3.317","21.671","8","1","1","False","0"
"23464","2135585588784","1846627134320","1846627288744","15.6452","15.442400000000001","0.2028","15.428700000000001","0.51","False","12.1212","15.5951","18.1811","5.9030000000000005","21.3454","8","1","1","False","0"
"23464","2135585588784","1846627290772","1846627450719","16.165","15.9947","0.1703","16.401500000000002","0.40390000000000004","False","24.2426","16.1975","12.1212","1.8267","17.8214","8","1","1","False","0"
"23464","2135585588784","1846627452422","1846627696798","24.6115","24.4376","0.1739","24.605700000000002","0.40800000000000003","False","12.1235","24.6079","24.2426","1.4614","25.899","8","1","1","False","0"
"23464","2135585588784","1846627698537","1846627801042","10.3968","10.2505","0.1463","10.3147","0.304","False","18.171","10.4244","12.1235","3.1605000000000003","13.411000000000001","8","1","1","False","0"
"23464","2135585588784","1846627802505","1846627957330","15.6645","15.4825","0.182","15.754900000000001","0.4077","False","12.1194","15.6288","18.171","5.7027","21.185200000000002","8","1","1","False","0"
"23464","2135585588784","1846627959150","1846628111399","15.3999","15.2249","0.17500000000000002","15.3998","0.4107","False","18.186400000000003","15.4069","12.1194","2.4152","17.6401","8","1","1","False","0"
"23464","2135585588784","1846628113149","1846628294741","18.326500000000003","18.159200000000002","0.1673","18.325100000000003","0.40290000000000004","False","18.1915","18.3342","18.186400000000003","2.2674000000000003","20.4266","8","1","1","False","0"
"23464","2135585588784","1846628296414","1846628465474","17.062700000000003","16.906000000000002","0.1567","17.0659","0.4047","False","18.203400000000002","17.0733","18.1915","3.3856","20.291600000000003","8","1","1","False","0"
"23464","2135585588784","1846628467041","1846628622828","15.774500000000002","15.578700000000001","0.1958","15.769200000000001","0.4116","False","18.1625","15.7354","18.203400000000002","5.8536","21.4323","8","1","1","False","0"
"23464","2135585588784","1846628624786","1846628798522","17.5523","17.3736","0.1787","17.5847","0.4505","False","12.1095","17.5694","18.1625","6.4467","23.8203","8","1","1","False","0"
"23464","2135585588784","1846628800309","1846628950882","15.189400000000001","15.057300000000001","0.1321","14.946200000000001","0.333","False","18.229","15.236","12.1095","3.3202000000000003","18.3775","8","1","1","False","0"
"23464","2135585588784","1846628952203","1846629111649","16.094800000000003","15.944600000000001","0.1502","16.3066","0.3911","False","18.1319","16.076700000000002","18.229","5.4725","21.4171","8","1","1","False","0"
"23464","2135585588784","1846629113151","1846629295514","18.404","18.2363","0.16770000000000002","18.4028","0.39330000000000004","False","12.123700000000001","18.3865","18.1319","5.2179","23.4542","8","1","1","False","0"
"23464","2135585588784","1846629297191","1846629453160","15.765900000000002","15.596900000000002","0.169","15.7766","0.41590000000000005","False","24.2501","15.764600000000002","12.123700000000001","1.5770000000000002","17.1739","8","1","1","False","0"
"23464","2135585588784","1846629454850","1846629686058","23.376","23.120800000000003","0.25520000000000004","23.3491","0.44260000000000005","False","12.186300000000001","23.2898","24.2501","2.5373","25.6581","8","1","1","False","0"
"23464","2135585588784","1846629688610","1846629791901","10.4819","10.3291","0.15280000000000002","10.3368","0.23470000000000002","False","24.1976","10.5843","12.186300000000001","4.1393","14.4684","8","1","1","False","0"
"23464","2135585588784","1846629793429","1846630023907","23.257900000000003","23.047800000000002","0.2101","23.4223","0.4127","False","6.027900000000001","23.2006","24.1976","5.1363","28.1841","8","1","1","False","0"
"23464","2135585588784","1846630026008","1846630124481","10.011600000000001","9.8473","0.1643","9.9435","0.33480000000000004","False","18.2554","10.057400000000001","6.027900000000001","1.1068","10.9541","8","1","1","False","0"
"23464","2135585588784","1846630126124","1846630294297","16.996199999999998","16.8173","0.1789","17.0443","0.3995","False","18.1565","16.9816","18.2554","2.3806000000000003","19.1979","8","1","1","False","0"
"23464","2135585588784","1846630296086","1846630470296","17.5876","17.421","0.1666","17.6122","0.4143","False","18.202","17.5999","18.1565","2.9372000000000003","20.3582","8","1","1","False","0"
"23464","2135585588784","1846630471962","1846630630453","15.9909","15.8491","0.1418","15.778400000000001","0.4218","False","18.133200000000002","16.015700000000002","18.202","5.1235","20.9726","8","1","1","False","0"
"23464","2135585588784","1846630631871","1846630798096","16.7891","16.622500000000002","0.1666","17.0136","0.4234","False","12.165700000000001","16.764300000000002","18.133200000000002","6.4924","23.114900000000002","8","1","1","False","0"
"23464","2135585588784","1846630799762","1846630956205","15.799400000000002","15.644300000000001","0.15510000000000002","15.696000000000002","0.3144","False","18.1189","15.8109","12.165700000000001","2.8472","18.491500000000002","8","1","1","False","0"
"23464","2135585588784","1846630957756","1846631139349","18.3902","18.1593","0.23090000000000002","18.4105","0.4032","False","18.1831","18.3144","18.1189","2.6517","20.811","8","1","1","False","0"
"23464","2135585588784","1846631141658","1846631295358","15.550500000000001","15.370000000000001","0.18050000000000002","15.6049","0.3922","False","12.1231","15.600900000000001","18.1831","5.2339","20.6039","8","1","1","False","0"
"23464","2135585588784","1846631297163","1846631458158","16.246499999999997","16.0995","0.14700000000000002","16.2631","0.40240000000000004","False","18.174400000000002","16.28","12.1231","1.077","17.1765","8","1","1","False","0"
"23464","2135585588784","1846631459628","1846631637695","17.9807","17.8067","0.17400000000000002","17.9468","0.38580000000000003","False","18.1901","17.9537","18.174400000000002","1.2977","19.104400000000002","8","1","1","False","0"
"23464","2135585588784","1846631639435","1846631799606","16.148699999999998","16.0171","0.1316","16.1671","0.379","False","18.1802","16.191100000000002","18.1901","3.2967","19.3138","8","1","1","False","0"
"23464","2135585588784","1846631800922","1846631978847","17.9539","17.7925","0.16140000000000002","17.9544","0.3839","False","18.2028","17.9241","18.1802","3.5528","21.3453","8","1","1","False","0"
"23464","2135585588784","1846631980461","1846632140718","16.182100000000002","16.0257","0.1564","16.1802","0.38380000000000003","False","12.0937","16.1871","18.2028","5.5685","21.5942","8","1","1","False","0"
"23464","2135585588784","1846632142282","1846632304634","16.363000000000003","16.235200000000003","0.1278","16.168","0.34390000000000004","False","18.1893","16.3916","12.0937","1.2706","17.5058","8","1","1","False","0"
"23464","2135585588784","1846632305912","1846632484626","18.0459","17.8714","0.17450000000000002","18.2264","0.39130000000000004","False","18.1823","17.999200000000002","18.1893","1.4607","19.3321","8","1","1","False","0"
"23464","2135585588784","1846632486371","1846632672224","18.7564","18.5853","0.1711","18.8396","0.4536","False","18.1905","18.759800000000002","18.1823","0.8832000000000001","19.468500000000002","8","1","1","False","0"
"23464","2135585588784","1846632673935","1846632828286","15.576","15.4351","0.1409","15.6217","0.4641","False","18.2055","15.606200000000001","18.1905","3.4675000000000002","18.9026","8","1","1","False","0"
"23464","2135585588784","1846632829695","1846632979892","15.1797","15.0197","0.16","15.009400000000001","0.3422","False","12.074300000000001","15.1606","18.2055","6.5124","21.5321","8","1","1","False","0"
"23464","2135585588784","1846632981492","1846633158836","17.9598","17.7344","0.22540000000000002","17.8503","0.298","False","18.2594","17.8944","12.074300000000001","0.6923","18.4267","8","1","1","False","0"
"23464","2135585588784","1846633161090","1846633327571","16.8184","16.6481","0.1703","17.0078","0.4103","False","18.116","16.8735","18.2594","2.0782000000000003","18.726300000000002","8","1","1","False","0"
"23464","2135585588784","1846633329274","1846633473213","14.5645","14.3939","0.1706","14.537700000000001","0.3951","False","18.21","14.564200000000001","18.116","5.63","20.0239","8","1","1","False","0"
"23464","2135585588784","1846633474919","1846633650391","17.7289","17.5472","0.1817","17.6492","0.3136","False","12.089500000000001","17.7178","18.21","6.1222","23.6694","8","1","1","False","0"
"23464","2135585588784","1846633652208","1846633806719","15.6191","15.4511","0.168","15.6845","0.3612","False","18.1721","15.632800000000001","12.089500000000001","2.5789","18.03","8","1","1","False","0"
"23464","2135585588784","1846633808399","1846633973899","16.712","16.55","0.162","16.5073","0.4682","False","12.1258","16.718","18.1721","4.033","20.583000000000002","8","1","1","False","0"
"23464","2135585588784","1846633975519","1846634127130","15.316600000000001","15.161100000000001","0.1555","15.5655","0.4156","False","18.1862","15.3231","12.1258","0.8357","15.9968","8","1","1","False","0"
"23464","2135585588784","1846634128685","1846634302390","17.5499","17.3705","0.1794","17.520400000000002","0.40180000000000005","False","18.267300000000002","17.526","18.1862","1.4959","18.866400000000002","8","1","1","False","0"
"23464","2135585588784","1846634304184","1846634477327","17.4814","17.3143","0.1671","17.5011","0.4022","False","18.0964","17.4937","18.267300000000002","2.2695000000000003","19.5838","8","1","1","False","0"
"23464","2135585588784","1846634478998","1846634631011","15.386200000000002","15.201300000000002","0.1849","15.349200000000002","0.3911","False","18.2159","15.368400000000001","18.0964","4.9975000000000005","20.198800000000002","8","1","1","False","0"
"23464","2135585588784","1846634632860","1846634799641","16.845","16.6781","0.16690000000000002","16.867800000000003","0.3975","False","12.0905","16.863","18.2159","6.3504000000000005","23.0285","8","1","1","False","0"
"23464","2135585588784","1846634801310","1846634970255","17.055","16.8945","0.1605","16.9814","0.3204","False","24.2405","17.061400000000003","12.0905","1.3795000000000002","18.274","8","1","1","False","0"
"23464","2135585588784","1846634971860","1846635196284","22.641800000000003","22.442400000000003","0.19940000000000002","22.7653","0.45130000000000003","False","18.2081","22.6029","24.2405","3.0171","25.459500000000002","8","1","1","False","0"
"23464","2135585588784","1846635198278","1846635344636","14.801400000000001","14.635800000000001","0.1656","14.7497","0.3942","False","12.0997","14.8352","18.2081","6.390000000000001","21.0258","8","1","1","False","0"
"23464","2135585588784","1846635346292","1846635495833","15.097900000000001","14.9541","0.1438","15.018400000000002","0.3055","False","12.1041","15.1197","12.0997","3.37","18.3241","8","1","1","False","0"
"23464","2135585588784","1846635497271","1846635644961","14.9552","14.769","0.1862","14.991700000000002","0.3698","False","18.1902","14.9128","12.1041","0.5613","15.330300000000001","8","1","1","False","0"
"23464","2135585588784","1846635646823","1846635784484","13.9079","13.7661","0.1418","13.7613","0.4404","False","18.2799","13.952300000000001","18.1902","4.7992","18.5653","8","1","1","False","0"
"23464","2135585588784","1846635785902","1846635967211","18.270400000000002","18.1309","0.1395","18.4627","0.385","False","18.1339","18.2727","18.2799","4.8064","22.9373","8","1","1","False","0"
"23464","2135585588784","1846635968606","1846636132734","16.5902","16.4128","0.1774","16.588900000000002","0.39740000000000003","False","12.0763","16.552300000000002","18.1339","6.388","22.800800000000002","8","1","1","False","0"
"23464","2135585588784","1846636134508","1846636302729","17.021900000000002","16.822100000000002","0.1998","17.0383","0.41200000000000003","False","18.2374","16.9995","12.0763","1.4648","18.2869","8","1","1","False","0"
"23464","2135585588784","1846636304727","1846636461455","15.829","15.6728","0.1562","15.8123","0.38930000000000003","False","18.119400000000002","15.8726","18.2374","3.8296","19.5024","8","1","1","False","0"
"23464","2135585588784","1846636463017","1846636621098","16.0168","15.808100000000001","0.2087","15.979800000000001","0.401","False","12.1202","15.964300000000001","18.119400000000002","5.9847","21.7928","8","1","1","False","0"
"23464","2135585588784","1846636623185","1846636784184","16.4387","16.0999","0.3388","16.3004","0.4002","False","18.186500000000002","16.308600000000002","12.1202","1.7963","17.8962","8","1","1","False","0"
"23464","2135585588784","1846636787572","1846636962389","17.6648","17.4817","0.1831","17.8209","0.3896","False","18.1784","17.8205","18.186500000000002","2.1623","19.644000000000002","8","1","1","False","0"
"23464","2135585588784","1846636964220","1846637134132","17.142799999999998","16.9912","0.1516","17.1807","0.406","False","18.1868","17.174300000000002","18.1784","3.1664000000000003","20.157600000000002","8","1","1","False","0"
"23464","2135585588784","1846637135648","1846637289638","15.569700000000001","15.399000000000001","0.17070000000000002","15.5511","0.4021","False","12.1151","15.550600000000001","18.1868","5.8026","21.201600000000003","8","1","1","False","0"
"23464","2135585588784","1846637291345","1846637454247","16.4658","16.290200000000002","0.1756","16.331400000000002","0.5215000000000001","False","24.264100000000003","16.460900000000002","12.1151","1.4568","17.747","8","1","1","False","0"
"23464","2135585588784","1846637456003","1846637650795","19.6552","19.479200000000002","0.17600000000000002","19.790300000000002","0.3919","False","12.1141","19.6548","24.264100000000003","6.0661000000000005","25.5453","8","1","1","False","0"
"23464","2135585588784","1846637652555","1846637784111","13.504800000000001","13.155600000000002","0.3492","13.325600000000001","0.4116","False","18.177","13.3316","12.1141","4.8486","18.0042","8","1","1","False","0"
"23464","2135585588784","1846637787603","1846637969016","18.314","18.1413","0.17270000000000002","18.4846","0.3774","False","12.114600000000001","18.4905","18.177","4.5351","22.6764","8","1","1","False","0"
"23464","2135585588784","1846637970743","1846638121648","15.244900000000001","15.0905","0.1544","15.2767","0.41400000000000003","False","18.189","15.263200000000001","12.114600000000001","1.3865","16.477","8","1","1","False","0"
"23464","2135585588784","1846638123192","1846638279055","15.773800000000001","15.586300000000001","0.1875","15.739","0.38730000000000003","False","18.1833","15.7407","18.189","3.8348","19.421100000000003","8","1","1","False","0"
"23464","2135585588784","1846638280930","1846638451114","17.2155","17.0184","0.1971","17.1633","0.3774","False","12.1158","17.2059","18.1833","4.8122","21.8306","8","1","1","False","0"
"23464","2135585588784","1846638453085","1846638607940","15.6709","15.4855","0.1854","15.7645","0.4307","False","18.1854","15.6826","12.1158","1.2454","16.730900000000002","8","1","1","False","0"
"23464","2135585588784","1846638609794","1846638765159","15.7088","15.5365","0.1723","15.6156","0.331","False","18.1649","15.721900000000002","18.1854","3.7089000000000003","19.2454","8","1","1","False","0"
"23464","2135585588784","1846638766882","1846638921041","15.6296","15.4159","0.2137","15.598700000000001","0.3116","False","18.191300000000002","15.5882","18.1649","6.2856000000000005","21.7015","8","1","1","False","0"
"23464","2135585588784","1846638923178","1846639109858","18.8397","18.668","0.17170000000000002","18.8792","0.5988","False","12.1159","18.881700000000002","18.191300000000002","5.5952","24.2632","8","1","1","False","0"
"23464","2135585588784","1846639111575","1846639271522","16.1543","15.9947","0.15960000000000002","16.1993","0.38670000000000004","False","18.2301","16.1664","12.1159","1.5447000000000002","17.5394","8","1","1","False","0"
"23464","2135585588784","1846639273118","1846639425137","15.383700000000001","15.2019","0.18180000000000002","15.4196","0.4214","False","18.1418","15.361500000000001","18.2301","4.4133000000000004","19.6152","8","1","1","False","0"
"23464","2135585588784","1846639426955","1846639602187","17.7105","17.5232","0.18730000000000002","17.6799","0.4066","False","12.119200000000001","17.705000000000002","18.1418","4.8501","22.3733","8","1","1","False","0"
"23464","2135585588784","1846639604060","1846639760125","15.7727","15.6065","0.16620000000000001","15.707400000000002","0.3259","False","18.1949","15.793800000000001","12.119200000000001","1.1755","16.782","8","1","1","False","0"
"23464","2135585588784","1846639761787","1846639916850","15.655700000000001","15.506300000000001","0.1494","15.732000000000001","0.39380000000000004","False","18.2655","15.672500000000001","18.1949","3.6979","19.2042","8","1","1","False","0"
"23464","2135585588784","1846639918344","1846640097916","18.1078","17.9572","0.1506","18.1138","0.3919","False","18.1023","18.1066","18.2655","3.8568000000000002","21.814","8","1","1","False","0"
"23464","2135585588784","1846640099422","1846640295942","19.786900000000003","19.652","0.13490000000000002","19.7406","0.34990000000000004","False","18.232","19.8026","18.1023","2.1565000000000003","21.808500000000002","8","1","1","False","0"
"23464","2135585588784","1846640297291","1846640446356","15.116200000000001","14.906500000000001","0.2097","15.1577","0.45120000000000005","False","12.0591","15.041400000000001","18.232","5.3471","20.253600000000002","8","1","1","False","0"
"23464","2135585588784","1846640448453","1846640595817","14.900500000000001","14.736400000000001","0.1641","14.870600000000001","0.371","False","18.1894","14.946100000000001","12.0591","2.4601","17.1965","8","1","1","False","0"
"23464","2135585588784","1846640597458","1846640749586","15.413000000000002","15.212800000000001","0.20020000000000002","15.5631","0.5259","False","18.2356","15.376900000000001","18.1894","5.272600000000001","20.485400000000002","8","1","1","False","0"
"23464","2135585588784","1846640751588","1846640922501","17.287300000000002","17.0913","0.196","17.0973","0.3599","False","18.2046","17.2915","18.2356","6.2167","23.308","8","1","1","False","0"
"23464","2135585588784","1846640924461","1846641106880","18.441000000000003","18.2419","0.1991","18.474700000000002","0.3794","False","12.0478","18.437900000000003","18.2046","5.9834000000000005","24.2253","8","1","1","False","0"
"23464","2135585588784","1846641108871","1846641263115","15.5947","15.4244","0.1703","15.603800000000001","0.37610000000000005","False","18.1702","15.6235","12.0478","2.4077","17.8321","8","1","1","False","0"
"23464","2135585588784","1846641264818","1846641442414","17.966900000000003","17.759600000000002","0.2073","17.9568","0.36460000000000004","False","18.1752","17.9299","18.1702","2.648","20.407600000000002","8","1","1","False","0"
"23464","2135585588784","1846641444487","1846641639078","19.6172","19.4591","0.15810000000000002","19.6141","0.365","False","18.1892","19.6664","18.1752","1.1568","20.6159","8","1","1","False","0"
"23464","2135585588784","1846641640659","1846641778753","13.965300000000001","13.8094","0.1559","14.1042","0.49660000000000004","False","18.1762","13.967500000000001","18.1892","5.3785","19.187900000000003","8","1","1","False","0"
"23464","2135585588784","1846641780312","1846641971672","19.278399999999998","19.136","0.1424","19.143900000000002","0.34900000000000003","False","12.1292","19.291900000000002","18.1762","4.2628","23.3988","8","1","1","False","0"
"23464","2135585588784","1846641973096","1846642088051","11.6226","11.4955","0.12710000000000002","11.6241","0.3503","False","18.1685","11.6379","12.1292","4.7541","16.2496","8","1","1","False","0"
"23464","2135585588784","1846642089322","1846642262469","17.652500000000003","17.314700000000002","0.3378","17.477","0.3663","False","12.132100000000001","17.4418","18.1685","5.4808","22.7955","8","1","1","False","0"
"23464","2135585588784","1846642265847","1846642429326","16.5167","16.3479","0.1688","16.7023","0.3829","False","24.236600000000003","16.6857","12.132100000000001","0.9272","17.275100000000002","8","1","1","False","0"
"23464","2135585588784","1846642431014","1846642613888","18.483800000000002","18.2874","0.19640000000000002","18.7926","0.6993","False","12.1254","18.456200000000003","24.236600000000003","6.7076","24.995","8","1","1","False","0"
"23464","2135585588784","1846642615852","1846642767043","15.261500000000002","15.119100000000001","0.1424","15.217400000000001","0.6342","False","18.1817","15.3155","12.1254","3.5175","18.6366","8","1","1","False","0"
"23464","2135585588784","1846642768467","1846642927062","16.1844","15.8595","0.3249","16.058","0.6619","False","18.2349","16.0019","18.1817","5.6973","21.556800000000003","8","1","1","False","0"
"23464","2135585588784","1846642930311","1846643105103","17.694000000000003","17.479200000000002","0.21480000000000002","17.787300000000002","0.6548","False","12.0646","17.804100000000002","18.2349","6.1281","23.607300000000002","8","1","1","False","0"
"23464","2135585588784","1846643107251","1846643258827","15.314300000000001","15.1576","0.1567","15.368500000000001","0.6535000000000001","False","18.1825","15.3724","12.0646","2.8203","17.9779","8","1","1","False","0"
"23464","2135585588784","1846643260394","1846643441573","18.266900000000003","18.117900000000002","0.149","18.2894","0.6783","False","18.1715","18.2746","18.1825","2.7282","20.8461","8","1","1","False","0"
"23464","2135585588784","1846643443063","1846643591917","15.0721","14.8854","0.1867","15.0463","0.6783","False","12.1327","15.034400000000002","18.1715","5.8653","20.750700000000002","8","1","1","False","0"
"23464","2135585588784","1846643593784","1846643761821","16.9697","16.8037","0.166","16.9933","0.6889000000000001","False","18.176000000000002","16.9904","12.1327","1.0076","17.8113","8","1","1","False","0"
"23464","2135585588784","1846643763481","1846643945569","18.3706","18.2088","0.1618","18.0242","0.6756","False","18.2518","18.3748","18.176000000000002","0.8088000000000001","19.0176","8","1","1","False","0"
"23464","2135585588784","1846643947187","1846644082962","13.777700000000001","13.5775","0.20020000000000002","14.501100000000001","1.1014000000000002","False","18.136100000000003","13.7393","18.2518","5.3213","18.8988","8","1","1","False","0"
"23464","2135585588784","1846644084964","1846644256674","17.3554","17.171","0.1844","16.9414","0.6535000000000001","False","18.1536","17.3712","18.136100000000003","6.086200000000001","23.2572","8","1","1","False","0"
"23464","2135585588784","1846644258518","1846644432234","17.5886","17.3716","0.217","17.6035","0.6890000000000001","False","12.137400000000001","17.556","18.1536","6.683800000000001","24.055400000000002","8","1","1","False","0"
"23464","2135585588784","1846644434404","1846644574497","14.1498","14.009300000000001","0.1405","14.376000000000001","0.8785000000000001","False","18.1785","14.2263","12.137400000000001","4.5949","18.604200000000002","8","1","1","False","0"
"23464","2135585588784","1846644575902","1846644752988","17.948900000000002","17.7086","0.2403","17.648300000000003","0.6579","False","18.1766","17.8491","18.1785","4.924300000000001","22.6329","8","1","1","False","0"
"23464","2135585588784","1846644755391","1846644921914","16.8457","16.6523","0.19340000000000002","16.9445","0.7081000000000001","False","12.1087","16.8926","18.1766","6.2083","22.8606","8","1","1","False","0"
"23464","2135585588784","1846644923848","1846645095999","17.4097","17.2151","0.19460000000000002","17.4421","0.7260000000000001","False","36.379200000000004","17.4085","12.1087","0.9085000000000001","18.1236","8","1","1","False","0"
"23464","2135585588784","1846645097945","1846645420729","32.4335","32.278400000000005","0.15510000000000002","32.413000000000004","0.6960000000000001","False","18.179000000000002","32.473","36.379200000000004","4.8147","37.0931","8","1","1","False","0"
"23464","2135585588784","1846645422280","1846645594175","17.372600000000002","17.189500000000002","0.1831","17.367","0.6961","False","12.201400000000001","17.3446","18.179000000000002","5.649100000000001","22.8386","8","1","1","False","0"
"23464","2135585588784","1846645596006","1846645751214","15.918500000000002","15.520800000000001","0.3977","15.717500000000001","0.7066","False","18.1601","15.7039","12.201400000000001","2.1466000000000003","17.6674","8","1","1","False","0"
"23464","2135585588784","1846645755191","1846645933774","18.0394","17.8583","0.1811","18.2195","0.6868000000000001","False","18.124100000000002","18.256","18.1601","2.0507","19.909000000000002","8","1","1","False","0"
"23464","2135585588784","1846645935585","1846646084653","15.0737","14.9068","0.16690000000000002","15.078000000000001","0.6751","False","18.167","15.087900000000001","18.124100000000002","5.0869","19.9937","8","1","1","False","0"
"23464","2135585588784","1846646086322","1846646258091","17.3641","17.1769","0.1872","17.3533","0.6825","False","12.1285","17.3438","18.167","5.9101","23.087","8","1","1","False","0"
"23464","2135585588784","1846646259963","1846646425011","16.7284","16.5048","0.22360000000000002","16.7209","0.682","False","18.1856","16.692","12.1285","1.3466","17.8514","8","1","1","False","0"
"23464","2135585588784","1846646427247","1846646596610","17.1171","16.9363","0.18080000000000002","17.4175","0.9661000000000001","False","18.181","17.1599","18.1856","2.3723","19.308600000000002","8","1","1","False","0"
"23464","2135585588784","1846646598418","1846646752034","15.535400000000001","15.361600000000001","0.1738","15.288200000000002","0.7162000000000001","False","18.2351","15.5424","18.181","5.0109","20.372500000000002","8","1","1","False","0"
"23464","2135585588784","1846646753772","1846646928328","17.6451","17.4556","0.1895","17.6358","0.7114","False","18.1304","17.6294","18.2351","5.6166","23.072200000000002","8","1","1","False","0"
"23464","2135585588784","1846646930223","1846647100678","17.2313","17.0455","0.18580000000000002","17.2448","0.728","False","12.1262","17.235","18.1304","6.5120000000000005","23.5575","8","1","1","False","0"
"23464","2135585588784","1846647102536","1846647258157","15.7286","15.562100000000001","0.1665","15.7382","0.7271000000000001","False","18.1685","15.747900000000001","12.1262","2.8903000000000003","18.4524","8","1","1","False","0"
"23464","2135585588784","1846647259822","1846647427601","16.94","16.777900000000002","0.1621","16.9789","0.7638","False","18.180300000000003","16.9444","18.1685","4.1144","20.892300000000002","8","1","1","False","0"
"23464","2135585588784","1846647429222","1846647595001","16.756","16.5779","0.1781","16.7046","0.7166","False","12.1235","16.740000000000002","18.180300000000003","5.5547","22.1326","8","1","1","False","0"
"23464","2135585588784","1846647596782","1846647760621","16.5733","16.3839","0.1894","16.726100000000002","0.8927","False","18.195","16.562","12.1235","1.1162","17.5001","8","1","1","False","0"
"23464","2135585588784","1846647762515","1846647939614","17.878","17.7099","0.1681","17.7212","0.7132000000000001","False","18.169","17.8993","18.195","1.4119000000000002","19.1218","8","1","1","False","0"
"23464","2135585588784","1846647941295","1846648094639","15.4993","15.3344","0.16490000000000002","15.503300000000001","0.7156","False","18.1853","15.502500000000001","18.169","4.0784","19.4128","8","1","1","False","0"
"23464","2135585588784","1846648096288","1846648263467","16.8928","16.7179","0.1749","17.1492","0.9660000000000001","False","12.122200000000001","16.8828","18.1853","5.3809000000000005","22.0988","8","1","1","False","0"
"23464","2135585588784","1846648265216","1846648417418","15.3843","15.2202","0.1641","15.123700000000001","0.7102","False","18.1808","15.395100000000001","12.122200000000001","2.108","17.328200000000002","8","1","1","False","0"
"23464","2135585588784","1846648419059","1846648586282","16.8871","16.7223","0.1648","16.8871","0.7190000000000001","False","18.1823","16.886400000000002","18.1808","3.4024","20.1247","8","1","1","False","0"
"23464","2135585588784","1846648587930","1846648761069","17.447400000000002","17.3139","0.1335","17.4629","0.7099000000000001","False","18.1868","17.4787","18.1823","4.106","21.419900000000002","8","1","1","False","0"
"23464","2135585588784","1846648762404","1846648918363","15.7812","15.5959","0.18530000000000002","15.782200000000001","0.7289","False","18.2449","15.7294","18.1868","6.563400000000001","22.1593","8","1","1","False","0"
"23464","2135585588784","1846648920216","1846649104001","18.726000000000003","18.378500000000003","0.34750000000000003","18.6898","0.7658","False","12.0638","18.5638","18.2449","6.2445","24.623","8","1","1","False","0"
"23464","2135585588784","1846649107476","1846649260990","15.5064","15.3514","0.155","15.5983","0.7758","False","18.1767","15.6989","12.0638","2.6094","17.960800000000003","8","1","1","False","0"
"23464","2135585588784","1846649262540","1846649427378","16.6491","16.483800000000002","0.1653","16.6213","0.7426","False","18.2214","16.6388","18.1767","4.1473","20.6311","8","1","1","False","0"
"23464","2135585588784","1846649429031","1846649592254","16.500500000000002","16.322300000000002","0.1782","16.5308","0.7872","False","18.1387","16.4876","18.2214","5.8811","22.203400000000002","8","1","1","False","0"
"23464","2135585588784","1846649594036","1846649765052","17.268900000000002","17.1016","0.1673","17.2467","0.7632","False","12.1318","17.2798","18.1387","6.74","23.8416","8","1","1","False","0"
"23464","2135585588784","1846649766725","1846649913312","14.847900000000001","14.658700000000001","0.1892","14.8186","0.7203","False","18.174500000000002","14.826","12.1318","4.0458","18.7045","8","1","1","False","0"
"23464","2135585588784","1846649915204","1846650087496","17.4022","17.229200000000002","0.17300000000000001","17.400100000000002","0.7288","False","18.177300000000002","17.418400000000002","18.174500000000002","4.8019","22.031100000000002","8","1","1","False","0"
"23464","2135585588784","1846650089226","1846650259397","17.1895","17.0171","0.1724","17.1872","0.7329","False","12.1249","17.1901","18.177300000000002","5.7891","22.8062","8","1","1","False","0"
"23464","2135585588784","1846650261121","1846650415967","15.670300000000001","15.4846","0.1857","15.6592","0.7378","False","18.1711","15.657","12.1249","2.257","17.741600000000002","8","1","1","False","0"
"23464","2135585588784","1846650417824","1846650606012","18.9869","18.8188","0.1681","19.0302","0.7648","False","18.192","19.0045","18.1711","1.4236","20.2424","8","1","1","False","0"
"23464","2135585588784","1846650607693","1846650756718","15.0939","14.9025","0.19140000000000001","15.1249","0.7925000000000001","False","18.169800000000002","15.0706","18.192","4.545","19.4475","8","1","1","False","0"
"23464","2135585588784","1846650758632","1846650931709","17.4908","17.3077","0.1831","17.1213","0.8023","False","12.1243","17.499100000000002","18.169800000000002","5.2157","22.523400000000002","8","1","1","False","0"
"23464","2135585588784","1846650933540","1846651087967","15.6175","15.4427","0.1748","15.9844","0.7935","False","18.179000000000002","15.6258","12.1243","1.7142000000000002","17.1569","8","1","1","False","0"
"23464","2135585588784","1846651089715","1846651264508","17.648300000000003","17.479300000000002","0.169","17.6311","0.7766000000000001","False","18.183500000000002","17.6541","18.179000000000002","2.2391","19.718400000000003","8","1","1","False","0"
"23464","2135585588784","1846651266198","1846651427441","16.3031","16.1243","0.17880000000000001","16.287","0.758","False","18.180400000000002","16.293300000000002","18.183500000000002","4.129300000000001","20.253600000000002","8","1","1","False","0"
"23464","2135585588784","1846651429229","1846651601898","17.4467","17.2669","0.17980000000000002","17.470100000000002","0.7862","False","12.1311","17.445700000000002","18.180400000000002","4.864","22.1309","8","1","1","False","0"
"23464","2135585588784","1846651603696","1846651759043","15.713000000000001","15.5347","0.17830000000000001","15.6829","0.761","False","24.248","15.714500000000001","12.1311","1.2806","16.8153","8","1","1","False","0"
"23464","2135585588784","1846651760826","1846651945862","18.6749","18.503600000000002","0.1713","18.695600000000002","0.7643000000000001","False","12.117600000000001","18.681900000000002","24.248","6.8467","25.3503","8","1","1","False","0"
"23464","2135585588784","1846651947575","1846652096005","15.0034","14.843","0.16040000000000001","15.004700000000001","0.7689","False","18.2528","15.0143","12.117600000000001","3.95","18.793","8","1","1","False","0"
"23464","2135585588784","1846652097609","1846652254296","15.9966","15.668700000000001","0.3279","15.841000000000001","0.77","False","18.1249","15.8291","18.2528","6.3737","22.0424","8","1","1","False","0"
"23464","2135585588784","1846652257575","1846652432133","17.6382","17.4558","0.1824","17.7759","0.7628","False","12.1655","17.7837","18.1249","6.7149","24.1707","8","1","1","False","0"
"23464","2135585588784","1846652433957","1846652582317","15.0001","14.836","0.1641","15.456700000000001","1.2041","False","18.1344","15.018400000000002","12.1655","3.862","18.698","8","1","1","False","0"
"23464","2135585588784","1846652583958","1846652750300","16.7991","16.6342","0.16490000000000002","18.2497","2.6612","False","18.2195","16.7983","18.1344","5.1981","21.8323","8","1","1","False","0"
"23464","2135585588784","1846652751949","1846652918991","17.0089","16.7042","0.3047","17.179000000000002","2.9649","False","18.1445","16.8691","18.2195","6.548500000000001","23.2527","8","1","1","False","0"
"23464","2135585588784","1846652922038","1846653112104","19.177100000000003","19.006600000000002","0.1705","18.3445","2.0092","False","12.1722","19.3113","18.1445","5.3817","24.3883","8","1","1","False","0"
"23464","2135585588784","1846653113809","1846653250163","13.809800000000001","13.6354","0.1744","13.019","1.2063000000000001","False","18.130000000000003","13.805900000000001","12.1722","3.748","17.3834","8","1","1","False","0"
"23464","2135585588784","1846653251907","1846653425384","17.5228","17.3477","0.1751","17.575300000000002","1.2691000000000001","False","18.180300000000003","17.522100000000002","18.130000000000003","4.3559","21.7036","8","1","1","False","0"
"23464","2135585588784","1846653427135","1846653604849","17.9241","17.7714","0.1527","18.0628","1.3915","False","18.2543","17.9465","18.180300000000003","4.589700000000001","22.3611","8","1","1","False","0"
"23464","2135585588784","1846653606376","1846653767881","16.3188","16.1505","0.1683","18.3606","3.4425000000000003","False","18.1051","16.3032","18.2543","6.5408","22.691300000000002","8","1","1","False","0"
"23464","2135585588784","1846653769564","1846653944672","17.7028","17.5108","0.192","15.4975","1.2401","False","12.1288","17.679100000000002","18.1051","6.9668","24.477600000000002","8","1","1","False","0"
"23464","2135585588784","1846653946592","1846654085657","14.062700000000001","13.906500000000001","0.1562","14.5342","1.7055","False","18.2152","14.098500000000001","12.1288","4.9971000000000005","18.9036","8","1","1","False","0"
"23464","2135585588784","1846654087219","1846654275378","18.9913","18.8159","0.1754","18.5535","1.2602","False","12.079500000000001","18.9721","18.2152","4.240200000000001","23.0561","8","1","1","False","0"
"23464","2135585588784","1846654277132","1846654419278","14.3992","14.2146","0.18460000000000001","14.309000000000001","1.1985000000000001","False","18.1936","14.39","12.079500000000001","1.9297000000000002","16.1443","8","1","1","False","0"
"23464","2135585588784","1846654421124","1846654591714","17.249000000000002","17.059","0.19","17.2904","1.2222","False","18.2401","17.2436","18.1936","2.8797","19.9387","8","1","1","False","0"
"23464","2135585588784","1846654593614","1846654764866","17.3156","17.1252","0.1904","17.279600000000002","1.2153","False","18.1136","17.3152","18.2401","3.8046","20.9298","8","1","1","False","0"
"23464","2135585588784","1846654766770","1846654916434","15.132","14.9664","0.1656","16.4986","2.5542000000000002","False","18.1815","15.1568","18.1136","6.7614","21.727800000000002","8","1","1","False","0"
"23464","2135585588784","1846654918090","1846655105511","18.9279","18.7421","0.18580000000000002","18.5719","2.2026","False","12.1232","18.907700000000002","18.1815","6.035200000000001","24.7773","8","1","1","False","0"
"23464","2135585588784","1846655107369","1846655254833","14.915600000000001","14.746400000000001","0.16920000000000002","14.0408","1.3147","False","18.1722","14.9322","12.1232","3.2262","17.9726","8","1","1","False","0"
"23464","2135585588784","1846655256525","1846655421676","16.6833","16.5151","0.16820000000000002","16.9619","1.6","False","18.203500000000002","16.6843","18.1722","4.7141","21.229200000000002","8","1","1","False","0"
"23464","2135585588784","1846655423358","1846655598404","17.6729","17.5046","0.1683","18.499000000000002","2.4167","False","12.1109","17.672800000000002","18.203500000000002","5.244800000000001","22.7494","8","1","1","False","0"
"23464","2135585588784","1846655600087","1846655745749","14.7832","14.5662","0.217","13.5382","1.2304000000000002","False","18.1801","14.7345","12.1109","2.6212","17.1874","8","1","1","False","0"
"23464","2135585588784","1846655747919","1846655917493","17.1374","16.9574","0.18000000000000002","17.18","1.2216","False","18.183","17.174400000000002","18.1801","3.6269","20.584300000000002","8","1","1","False","0"
"23464","2135585588784","1846655919293","1846656082299","16.494899999999998","16.3006","0.1943","18.143","2.8911000000000002","False","18.178","16.4806","18.183","5.3293","21.629900000000003","8","1","1","False","0"
"23464","2135585588784","1846656084242","1846656265783","18.307","18.1541","0.1529","17.2617","1.8195000000000001","False","12.127600000000001","18.3484","18.178","5.1589","23.313000000000002","8","1","1","False","0"
"23464","2135585588784","1846656267312","1846656416405","15.101","14.9093","0.1917","14.5961","1.3303","False","18.223000000000003","15.0622","12.127600000000001","2.2243","17.1336","8","1","1","False","0"
"23464","2135585588784","1846656418322","1846656584750","16.819200000000002","16.6428","0.1764","16.828500000000002","1.327","False","18.198900000000002","16.834500000000002","18.223000000000003","3.6128","20.2556","8","1","1","False","0"
"23464","2135585588784","1846656586514","1846656764636","17.9739","17.8122","0.1617","17.9742","1.3229","False","18.1216","17.9886","18.198900000000002","3.8231","21.6353","8","1","1","False","0"
"23464","2135585588784","1846656766253","1846656928106","16.363000000000003","16.1853","0.1777","17.9387","2.9144","False","12.1257","16.347","18.1216","5.597700000000001","21.783","8","1","1","False","0"
"23464","2135585588784","1846656929883","1846657086850","15.9368","15.6967","0.2401","14.1949","1.2215","False","18.1843","15.874400000000001","12.1257","1.8490000000000002","17.5457","8","1","1","False","0"
"23464","2135585588784","1846657089251","1846657257953","17.0408","16.8702","0.1706","17.0987","1.235","False","18.166800000000002","17.110300000000002","18.1843","2.923","19.793200000000002","8","1","1","False","0"
"23464","2135585588784","1846657259659","1846657436293","17.8245","17.6634","0.16110000000000002","18.1754","1.5773000000000001","False","18.1824","17.834","18.166800000000002","3.2558000000000002","20.9192","8","1","1","False","0"
"23464","2135585588784","1846657437904","1846657600255","16.3762","16.2351","0.1411","17.5414","2.7241","False","12.132200000000001","16.3962","18.1824","5.042","21.2771","8","1","1","False","0"
"23464","2135585588784","1846657601666","1846657755770","15.6196","15.410400000000001","0.2092","14.1098","1.2289","False","18.189","15.5515","12.132200000000001","1.6227","17.0331","8","1","1","False","0"
"23464","2135585588784","1846657757862","1846657930349","17.5168","17.2487","0.2681","17.5259","1.3258","False","18.1629","17.457900000000002","18.189","2.3538","19.602500000000003","8","1","1","False","0"
"23464","2135585588784","1846657933030","1846658085909","15.4925","15.2879","0.2046","16.8547","2.6493","False","18.1777","15.556000000000001","18.1629","4.9607","20.2486","8","1","1","False","0"
"23464","2135585588784","1846658087955","1846658262248","17.5931","17.4293","0.1638","17.7547","2.7619000000000002","False","18.1936","17.6339","18.1777","5.5045","22.9338","8","1","1","False","0"
"23464","2135585588784","1846658263886","1846658430975","16.9917","16.7089","0.2828","16.949","2.7854","False","12.1126","16.872700000000002","18.1936","6.8254","23.5343","8","1","1","False","0"
"23464","2135585588784","1846658433803","1846658574639","14.2834","14.0836","0.1998","13.852","2.3327","False","18.1975","14.3664","12.1126","4.5716","18.6552","8","1","1","False","0"
"23464","2135585588784","1846658576637","1846658753781","17.951800000000002","17.7144","0.2374","17.715","2.0667","False","18.1739","17.9142","18.1975","4.854900000000001","22.569300000000002","8","1","1","False","0"
"23464","2135585588784","1846658756155","1846658930813","17.7851","17.4658","0.31930000000000003","18.2264","2.6382000000000003","False","18.1963","17.703200000000002","18.1739","5.3256000000000006","22.7914","8","1","1","False","0"
"23464","2135585588784","1846658934006","1846659087026","15.451500000000001","15.302000000000001","0.1495","14.8709","2.2192000000000003","False","18.2089","15.621300000000002","18.1963","7.900600000000001","23.2026","8","1","1","False","0"
"23464","2135585588784","1846659088521","1846659269223","18.2306","18.0702","0.16040000000000001","21.1436","4.8256000000000006","False","12.0808","18.2197","18.2089","7.8898","25.96","8","1","1","False","0"
"23464","2135585588784","1846659270827","1846659417893","14.8917","14.7066","0.18510000000000001","12.851500000000001","2.8029","False","18.1809","14.867","12.0808","5.1036","19.810200000000002","8","1","1","False","0"
"23464","2135585588784","1846659419744","1846659601874","18.419900000000002","18.213","0.2069","17.4023","1.7989000000000002","False","18.261200000000002","18.3981","18.1809","4.8864","23.099400000000003","8","1","1","False","0"
"23464","2135585588784","1846659603943","1846659761501","15.9722","15.7558","0.2164","15.391200000000001","1.238","False","18.1006","15.9627","18.261200000000002","7.184900000000001","22.9407","8","1","1","False","0"
"23464","2135585588784","1846659763665","1846659946305","18.4252","18.264","0.1612","20.4024","3.1629","False","12.125","18.4804","18.1006","6.8051","25.069100000000002","8","1","1","False","0"
"23464","2135585588784","1846659947917","1846660082650","13.6401","13.4733","0.1668","13.4027","2.9241","False","18.1809","13.634500000000001","12.125","5.2956","18.768900000000002","8","1","1","False","0"
"23464","2135585588784","1846660084318","1846660260743","17.8321","17.642500000000002","0.18960000000000002","17.7454","2.8418","False","18.1814","17.8093","18.1809","5.6672","23.3097","8","1","1","False","0"
"23464","2135585588784","1846660262639","1846660440743","17.9963","17.8104","0.1859","18.7456","3.5965000000000003","False","12.1338","18","18.1814","5.8486","23.659000000000002","8","1","1","False","0"
"23464","2135585588784","1846660442602","1846660599248","15.8224","15.6646","0.1578","13.5739","1.3318","False","18.168300000000002","15.8505","12.1338","2.1319","17.7965","8","1","1","False","0"
"23464","2135585588784","1846660600826","1846660751477","15.214400000000001","15.065100000000001","0.14930000000000002","15.7917","1.9134","False","18.1795","15.222900000000001","18.168300000000002","5.0773","20.142400000000002","8","1","1","False","0"
"23464","2135585588784","1846660752970","1846660927737","17.6627","17.4767","0.186","18.661","2.9198","False","18.1797","17.626","18.1795","5.630800000000001","23.1075","8","1","1","False","0"
"23464","2135585588784","1846660929597","1846661097895","17.005200000000002","16.829800000000002","0.1754","17.3106","3.2323","False","12.129100000000001","17.015800000000002","18.1797","6.794700000000001","23.6245","8","1","1","False","0"
"23464","2135585588784","1846661099649","1846661260155","16.2062","16.0506","0.15560000000000002","14.2667","1.276","False","18.1935","16.226","12.129100000000001","2.6978","18.7484","8","1","1","False","0"
"23464","2135585588784","1846661261711","1846661433841","17.3748","17.213","0.1618","17.3774","1.2821","False","18.1564","17.3686","18.1935","3.5227000000000004","20.7357","8","1","1","False","0"
"23464","2135585588784","1846661435459","1846661599144","16.634500000000003","16.3685","0.266","18.095000000000002","2.835","False","18.18","16.5303","18.1564","5.1488000000000005","21.517300000000002","8","1","1","False","0"
"23464","2135585588784","1846661601804","1846661760040","15.9869","15.8236","0.1633","16.6084","3.3671","False","18.1794","16.0896","18.18","7.2392","23.062800000000003","8","1","1","False","0"
"23464","2135585588784","1846661761673","1846661941120","18.149900000000002","17.9447","0.20520000000000002","16.0563","1.3047","False","12.1327","18.108","18.1794","7.3106","25.255300000000002","8","1","1","False","0"
"23464","2135585588784","1846661943172","1846662102239","16.0817","15.9067","0.17500000000000002","17.6204","2.8086","False","18.1737","16.111900000000002","12.1327","3.3314000000000004","19.2381","8","1","1","False","0"
"23464","2135585588784","1846662103989","1846662259247","15.8264","15.5258","0.30060000000000003","15.3635","2.4328000000000003","False","18.1946","15.700800000000001","18.1737","5.8043000000000005","21.3301","8","1","1","False","0"
"23464","2135585588784","1846662262253","1846662428007","16.757700000000003","16.575400000000002","0.18230000000000002","16.4604","2.0699","False","12.1317","16.876","18.1946","7.1229000000000005","23.6983","8","1","1","False","0"
"23464","2135585588784","1846662429830","1846662588633","16.0408","15.8803","0.1605","15.4135","1.4149","False","18.1678","16.0626","12.1317","3.192","19.072300000000002","8","1","1","False","0"
"23464","2135585588784","1846662590238","1846662767503","17.921200000000002","17.7265","0.1947","17.962300000000003","1.4753","False","18.187","17.887","18.1678","3.4728000000000003","21.1993","8","1","1","False","0"
"23464","2135585588784","1846662769450","1846662923609","15.6491","15.4159","0.23320000000000002","17.1039","2.9747000000000003","False","18.1739","15.610600000000002","18.187","6.0492","21.4651","8","1","1","False","0"
"23464","2135585588784","1846662925941","1846663102025","17.791","17.6084","0.1826","18.1878","3.319","False","12.1228","17.8416","18.1739","6.3815","23.989900000000002","8","1","1","False","0"
"23464","2135585588784","1846663103851","1846663251654","14.949200000000001","14.7803","0.1689","13.2436","1.6128","False","18.1826","14.962900000000001","12.1228","3.5414000000000003","18.3217","8","1","1","False","0"
"23464","2135585588784","1846663253343","1846663426571","17.4986","17.3228","0.1758","18.5511","2.6601","False","18.2286","17.4917","18.1826","4.2323","21.5551","8","1","1","False","0"
"23464","2135585588784","1846663428329","1846663599831","17.3399","17.1502","0.1897","17.264300000000002","2.6037","False","18.1345","17.326","18.2286","5.1349","22.2851","8","1","1","False","0"
"23464","2135585588784","1846663601728","1846663757657","15.7739","15.5929","0.18100000000000002","14.8968","1.7212","False","12.1151","15.7826","18.1345","7.486800000000001","23.079700000000003","8","1","1","False","0"
"23464","2135585588784","1846663759467","1846663934863","17.7169","17.5396","0.1773","17.5121","1.5136","False","18.1886","17.7206","12.1151","1.8813000000000002","19.4209","8","1","1","False","0"
"23464","2135585588784","1846663936636","1846664084294","14.9556","14.7658","0.1898","16.162200000000002","2.7163","False","18.1784","14.943100000000001","18.1886","5.1268","19.8926","8","1","1","False","0"
"23464","2135585588784","1846664086192","1846664260292","17.7519","17.41","0.34190000000000004","17.2408","2.3698","False","18.1813","17.599800000000002","18.1784","5.7054","23.1154","8","1","1","False","0"
"23464","2135585588784","1846664263711","1846664439554","17.761300000000002","17.584300000000002","0.17700000000000002","19.055600000000002","3.5046000000000004","False","12.128200000000001","17.9262","18.1813","5.960500000000001","23.544800000000002","8","1","1","False","0"
"23464","2135585588784","1846664441324","1846664582294","14.273700000000002","14.097000000000001","0.1767","12.0343","1.2489000000000001","False","24.2512","14.274000000000001","12.128200000000001","3.8147","17.9117","8","1","1","False","0"
"23464","2135585588784","1846664584061","1846664795086","21.3394","21.102500000000003","0.2369","22.015900000000002","1.9772","False","12.102300000000001","21.2792","24.2512","6.786700000000001","27.889200000000002","8","1","1","False","0"
"23464","2135585588784","1846664797455","1846664926558","13.094000000000001","12.910300000000001","0.1837","12.8228","1.6653","False","18.191200000000002","13.1472","12.102300000000001","5.7418000000000005","18.6521","8","1","1","False","0"
"23464","2135585588784","1846664928395","1846665140801","21.4331","21.2406","0.1925","21.4542","1.7012","False","12.1227","21.424300000000002","18.191200000000002","2.5087","23.7493","8","1","1","False","0"
"23464","2135585588784","1846665142726","1846665259132","11.812100000000001","11.640600000000001","0.1715","11.793700000000001","1.6573","False","18.307000000000002","11.8331","12.1227","2.7983000000000002","14.4389","8","1","1","False","0"
"23464","2135585588784","1846665260847","1846665437431","17.817700000000002","17.6584","0.1593","18.550700000000003","2.3926000000000003","False","18.060200000000002","17.829900000000002","18.307000000000002","3.2754000000000003","20.9338","8","1","1","False","0"
"23464","2135585588784","1846665439024","1846665614951","17.7517","17.5927","0.159","16.5856","1.2283000000000002","False","18.213900000000002","17.752000000000002","18.060200000000002","3.5836","21.1763","8","1","1","False","0"
"23464","2135585588784","1846665616541","1846665769480","15.4985","15.2939","0.2046","18.3486","4.097","False","12.079500000000001","15.452900000000001","18.213900000000002","6.344600000000001","21.6385","8","1","1","False","0"
"23464","2135585588784","1846665771526","1846665924123","15.7683","15.2597","0.5086","13.2096","1.5737","False","18.2075","15.464300000000001","12.079500000000001","2.9598","18.2195","8","1","1","False","0"
"23464","2135585588784","1846665929209","1846666101496","17.3952","17.2287","0.1665","17.477800000000002","1.6047","False","18.1506","17.7373","18.2075","3.43","20.6587","8","1","1","False","0"
"23464","2135585588784","1846666103161","1846666263870","16.203500000000002","16.0709","0.1326","16.886300000000002","2.5865","False","18.178800000000003","16.2374","18.1506","5.3432","21.4141","8","1","1","False","0"
"23464","2135585588784","1846666265196","1846666417202","15.374300000000002","15.200600000000001","0.17370000000000002","18.7299","5.6562","False","12.160400000000001","15.333200000000001","18.178800000000003","8.1888","23.389400000000002","8","1","1","False","0"
"23464","2135585588784","1846666418939","1846666581297","16.401300000000003","16.2358","0.1655","12.1395","1.3648","False","18.198900000000002","16.4095","12.160400000000001","3.9397","20.1755","8","1","1","False","0"
"23464","2135585588784","1846666582952","1846666753250","17.1962","17.0298","0.16640000000000002","18.6492","2.8322000000000003","False","18.1969","17.1953","18.198900000000002","4.9433","21.973100000000002","8","1","1","False","0"
"23464","2135585588784","1846666754914","1846666932284","17.9036","17.737000000000002","0.1666","17.1718","2.1054","False","18.1598","17.9034","18.1969","5.236800000000001","22.9738","8","1","1","False","0"
"23464","2135585588784","1846666933950","1846667092675","16.0709","15.8725","0.19840000000000002","17.645500000000002","3.6818","False","18.140800000000002","16.0391","18.1598","7.3575","23.23","8","1","1","False","0"
"23464","2135585588784","1846667094659","1846667276716","18.377","18.2057","0.1713","16.165100000000002","1.4673","False","12.148200000000001","18.4041","18.140800000000002","7.094200000000001","25.2999","8","1","1","False","0"
"23464","2135585588784","1846667278429","1846667426327","14.944400000000002","14.789800000000001","0.15460000000000002","16.1448","2.6586000000000003","False","18.1533","14.9611","12.148200000000001","4.2813","19.0711","8","1","1","False","0"
"23464","2135585588784","1846667427873","1846667600693","17.4398","17.282","0.1578","16.759600000000002","1.9791","False","18.2175","17.436600000000002","18.1533","4.998","22.28","8","1","1","False","0"
"23464","2135585588784","1846667602271","1846667776586","17.6111","17.4315","0.1796","17.9803","2.3499000000000003","False","12.0815","17.5893","18.2175","5.6262","23.0577","8","1","1","False","0"
"23464","2135585588784","1846667778382","1846667918221","14.226","13.9839","0.2421","13.272300000000001","1.4423000000000001","False","18.186400000000003","14.1635","12.0815","3.5442","17.528100000000002","8","1","1","False","0"
"23464","2135585588784","1846667920642","1846668087976","16.907799999999998","16.7334","0.1744","17.6353","2.1251","False","18.2243","16.9755","18.186400000000003","4.7551000000000005","21.488500000000002","8","1","1","False","0"
"23464","2135585588784","1846668089720","1846668261424","17.3311","17.1704","0.1607","17.460800000000003","2.6037","False","18.1397","17.3448","18.2243","5.6346","22.805","8","1","1","False","0"
"23464","2135585588784","1846668263031","1846668426688","16.5607","16.3657","0.195","15.683900000000001","1.3849","False","18.1776","16.526400000000002","18.1397","7.2479000000000005","23.6136","8","1","1","False","0"
"23464","2135585588784","1846668428638","1846668607344","18.1179","17.8706","0.24730000000000002","21.0086","4.3569","False","12.1234","18.0656","18.1776","7.3599000000000006","25.230500000000003","8","1","1","False","0"
"23464","2135585588784","1846668609817","1846668758354","15.0273","14.8537","0.1736","12.3468","1.5983","False","18.1794","15.101","12.1234","4.3823","19.236","8","1","1","False","0"
"23464","2135585588784","1846668760090","1846668936695","17.8241","17.660500000000003","0.1636","17.9295","1.6977","False","18.191300000000002","17.8341","18.1794","4.7276","22.3881","8","1","1","False","0"
"23464","2135585588784","1846668938331","1846669089061","15.279300000000001","15.073","0.2063","15.346900000000002","1.7797","False","12.166400000000001","15.236600000000001","18.191300000000002","7.682300000000001","22.755300000000002","8","1","1","False","0"
"23464","2135585588784","1846669091124","1846669255269","16.6023","16.4145","0.18780000000000002","16.6415","1.8124","False","18.1268","16.6208","12.166400000000001","3.2279","19.642400000000002","8","1","1","False","0"
"23464","2135585588784","1846669257147","1846669435892","18.0526","17.8745","0.1781","18.119500000000002","1.8718000000000001","False","24.2588","18.0623","18.1268","3.2924","21.166900000000002","8","1","1","False","0"
"23464","2135585588784","1846669437673","1846669637607","20.1734","19.9934","0.18000000000000002","22.9648","4.6610000000000005","False","12.1066","20.1715","24.2588","7.379700000000001","27.3731","8","1","1","False","0"
"23464","2135585588784","1846669639407","1846669758957","12.1426","11.955","0.18760000000000002","11.142100000000001","3.6728","False","12.118300000000001","12.135","12.1066","7.3513","19.3063","8","1","1","False","0"
"23464","2135585588784","1846669760833","1846669926985","16.785400000000003","16.6152","0.17020000000000002","14.974800000000002","1.8563","False","18.1862","16.8028","12.118300000000001","2.6668000000000003","19.282","8","1","1","False","0"
"23464","2135585588784","1846669928687","1846670101105","17.4128","17.2418","0.171","18.3504","2.7936","False","18.1795","17.412000000000003","18.1862","3.4410000000000003","20.6828","8","1","1","False","0"
"23464","2135585588784","1846670102815","1846670257354","15.6431","15.4539","0.1892","16.4919","4.0172","False","18.2014","15.6249","18.1795","5.9956000000000005","21.4495","8","1","1","False","0"
"23464","2135585588784","1846670259246","1846670433323","17.612900000000003","17.407700000000002","0.20520000000000002","19.352","5.3973","False","18.153100000000002","17.5969","18.2014","6.6001","24.0078","8","1","1","False","0"
"23464","2135585588784","1846670435375","1846670605700","17.2129","17.032500000000002","0.1804","16.290100000000002","4.4634","False","12.1356","17.2377","18.153100000000002","7.5155","24.548000000000002","8","1","1","False","0"
"23464","2135585588784","1846670607504","1846670758862","15.376800000000001","15.135800000000001","0.24100000000000002","13.007900000000003","2.1307","False","18.1722","15.3162","12.1356","4.3349","19.4707","8","1","1","False","0"
"23464","2135585588784","1846670761272","1846670930754","17.1551","16.9482","0.2069","17.2576","2.2005","False","18.1809","17.1892","18.1722","5.3179","22.2661","8","1","1","False","0"
"23464","2135585588784","1846670932823","1846671112166","18.1137","17.9343","0.1794","18.145300000000002","2.226","False","18.1905","18.1412","18.1809","5.357600000000001","23.291900000000002","8","1","1","False","0"
"23464","2135585588784","1846671113960","1846671276661","16.4512","16.2701","0.1811","17.0596","2.8356000000000003","False","18.1831","16.4495","18.1905","7.0986","23.3687","8","1","1","False","0"
"23464","2135585588784","1846671278472","1846671457744","18.1206","17.9272","0.19340000000000002","16.730700000000002","1.4374","False","12.1605","18.1083","18.1831","7.1734","25.1006","8","1","1","False","0"
"23464","2135585588784","1846671459678","1846671620171","16.241100000000003","16.049300000000002","0.1918","15.9237","1.1474","False","18.1982","16.2427","12.1605","3.0912","19.1405","8","1","1","False","0"
"23464","2135585588784","1846671622089","1846671777169","15.7271","15.508000000000001","0.21910000000000002","16.819","2.2363","False","30.2406","15.699800000000002","18.1982","5.5896","21.0976","8","1","1","False","0"
"23464","2135585588784","1846671779360","1846672109521","33.2046","33.0161","0.1885","31.880000000000003","1.3225","False","18.1887","33.2352","30.2406","2.595","35.6111","8","1","1","False","0"
"23464","2135585588784","1846672111406","1846672285357","17.5549","17.3951","0.1598","18.5842","1.9135000000000002","False","18.177","17.5836","18.1887","3.2001","20.595200000000002","8","1","1","False","0"
"23464","2135585588784","1846672286955","1846672443114","15.7941","15.6159","0.1782","16.0748","2.1999","False","18.1832","15.7757","18.177","5.6014","21.2173","8","1","1","False","0"
"23464","2135585588784","1846672444896","1846672635779","19.2351","19.0883","0.1468","19.416","2.3677","False","18.203","19.2665","18.1832","4.5181000000000004","23.6064","8","1","1","False","0"
"23464","2135585588784","1846672637247","1846672815530","18.0085","17.828300000000002","0.1802","17.4251","1.7890000000000001","False","12.0957","17.9751","18.203","4.746","22.5743","8","1","1","False","0"
"23464","2135585588784","1846672817332","1846672968303","15.258400000000002","15.097100000000001","0.1613","14.7657","1.3024","False","18.1893","15.2773","12.0957","1.5644","16.6615","8","1","1","False","0"
"23464","2135585588784","1846672969916","1846673135414","16.7089","16.5498","0.15910000000000002","17.2257","1.8170000000000002","False","18.1822","16.711100000000002","18.1893","3.0426","19.5924","8","1","1","False","0"
"23464","2135585588784","1846673137005","1846673310498","17.508399999999998","17.3493","0.15910000000000002","17.6694","1.981","False","18.1869","17.5084","18.1822","3.7164","21.0657","8","1","1","False","0"
"23464","2135585588784","1846673312089","1846673468126","15.8147","15.6037","0.21100000000000002","16.0915","2.2837","False","12.128300000000001","15.7628","18.1869","6.1405","21.7442","8","1","1","False","0"
"23464","2135585588784","1846673470236","1846673628324","15.980300000000002","15.808800000000002","0.1715","14.6689","0.9476","False","18.1642","16.0198","12.128300000000001","2.249","18.0578","8","1","1","False","0"
"23464","2135585588784","1846673630039","1846673807341","17.8826","17.7302","0.1524","18.6855","1.7381","False","24.2496","17.9017","18.1642","2.5115000000000003","20.2417","8","1","1","False","0"
"23464","2135585588784","1846673808865","1846674038081","23.087600000000002","22.9216","0.166","22.7966","1.4486","False","18.1894","23.074","24.2496","3.6871","26.608700000000002","8","1","1","False","0"
"23464","2135585588784","1846674039741","1846674195760","15.7309","15.6019","0.129","16.5363","2.5464","False","12.1152","15.767900000000001","18.1894","6.1086","21.7105","8","1","1","False","0"
"23464","2135585588784","1846674197050","1846674352227","15.653000000000002","15.517700000000001","0.1353","14.858600000000001","1.4538","False","18.1747","15.646700000000001","12.1152","2.5771","18.0948","8","1","1","False","0"
"23464","2135585588784","1846674353580","1846674496454","14.4405","14.2874","0.1531","16.6077","3.6291","False","24.2666","14.4227","18.1747","6.3291","20.616500000000002","8","1","1","False","0"
"23464","2135585588784","1846674497985","1846674752605","25.6257","25.462","0.1637","24.332600000000003","2.339","False","18.179000000000002","25.6151","24.2666","4.9806","30.442600000000002","8","1","1","False","0"
"23464","2135585588784","1846674754242","1846674919223","16.6503","16.4981","0.1522","17.9431","3.6300000000000003","False","12.110800000000001","16.6618","18.179000000000002","6.497800000000001","22.995900000000002","8","1","1","False","0"
"23464","2135585588784","1846674920745","1846675091121","17.195400000000003","17.0376","0.1578","14.712900000000001","1.1495","False","24.265700000000002","17.1898","12.110800000000001","1.4188","18.456400000000002","8","1","1","False","0"
"23464","2135585588784","1846675092699","1846675272864","18.1705","18.0165","0.154","20.2973","3.2718000000000003","False","12.095500000000001","18.174300000000002","24.265700000000002","7.5102","25.5267","8","1","1","False","0"
"23464","2135585588784","1846675274404","1846675414562","14.1898","14.0158","0.17400000000000002","13.396","2.4867","False","12.1289","14.1698","12.095500000000001","5.4359","19.451700000000002","8","1","1","False","0"
"23464","2135585588784","1846675416302","1846675566704","15.1929","15.0402","0.1527","14.0668","1.35","False","18.1914","15.2142","12.1289","2.3506","17.390800000000002","8","1","1","False","0"
"23464","2135585588784","1846675568231","1846675732681","16.6352","16.445","0.1902","16.4901","1.2356","False","12.0942","16.5977","18.1914","3.9443","20.389300000000002","8","1","1","False","0"
"23464","2135585588784","1846675734583","1846675871889","13.9017","13.7306","0.1711","14.063","1.3859000000000001","False","24.2663","13.9208","12.0942","2.1177","15.8483","8","1","1","False","0"
"23464","2135585588784","1846675873600","1846676075057","20.285300000000003","20.1457","0.1396","21.806399999999996","3.1988000000000003","False","12.1053","20.3168","24.2663","6.067200000000001","26.2129","8","1","1","False","0"
"23464","2135585588784","1846676076453","1846676221097","14.612700000000002","14.464400000000001","0.14830000000000002","12.9315","1.2045000000000001","False","18.1869","14.604000000000001","12.1053","3.5685000000000002","18.0329","8","1","1","False","0"
"23464","2135585588784","1846676222580","1846676419233","19.807900000000004","19.665300000000002","0.1426","20.0101","1.4007","False","24.257","19.8136","18.1869","1.9418000000000002","21.607100000000003","8","1","1","False","0"
"23464","2135585588784","1846676420659","1846676602760","18.3489","18.2101","0.1388","21.328400000000002","4.3825","False","12.1385","18.352700000000002","24.257","7.846100000000001","26.0562","8","1","1","False","0"
"23464","2135585588784","1846676604148","1846676740653","13.8847","13.650500000000001","0.23420000000000002","11.6288","2.1641","False","18.1694","13.7893","12.1385","6.1953000000000005","19.8458","8","1","1","False","0"
"23464","2135585588784","1846676742995","1846676918246","17.6748","17.525100000000002","0.1497","18.0597","2.5153000000000003","False","12.102400000000001","17.7593","18.1694","6.6054","24.1305","8","1","1","False","0"
"23464","2135585588784","1846676919743","1846677059031","14.065800000000001","13.9288","0.137","13.2841","1.7297","False","18.1828","14.0785","12.102400000000001","4.629300000000001","18.5581","8","1","1","False","0"
"23464","2135585588784","1846677060401","1846677216591","15.786000000000001","15.619000000000002","0.167","15.1094","1.0571000000000002","False","18.1858","15.756","18.1828","7.056100000000001","22.6751","8","1","1","False","0"
"23464","2135585588784","1846677218261","1846677413734","19.7168","19.5473","0.1695","22.473000000000003","3.8207","False","12.158000000000001","19.7143","18.1858","5.5276000000000005","25.0749","8","1","1","False","0"
"23464","2135585588784","1846677415429","1846677544579","13.043700000000001","12.915000000000001","0.1287","10.552700000000002","1.3136","False","18.1726","13.0845","12.158000000000001","4.601100000000001","17.5161","8","1","1","False","0"
"23464","2135585588784","1846677545866","1846677711528","16.681800000000003","16.566200000000002","0.11560000000000001","18.5473","3.4762","False","18.1648","16.6949","18.1726","6.0788","22.645","8","1","1","False","0"
"23464","2135585588784","1846677712684","1846677884382","17.3441","17.169800000000002","0.1743","17.3037","3.1683000000000003","False","12.1189","17.2854","18.1648","6.958200000000001","24.128","8","1","1","False","0"
"23464","2135585588784","1846677886125","1846678024068","13.9858","13.7943","0.1915","13.3826","2.583","False","12.1058","13.9686","12.1189","5.1085","18.9028","8","1","1","False","0"
"23464","2135585588784","1846678025983","1846678170939","14.639700000000001","14.495600000000001","0.1441","13.434600000000001","1.3387","False","18.2029","14.687100000000001","12.1058","2.5272","17.0228","8","1","1","False","0"
"23464","2135585588784","1846678172380","1846678339355","16.8229","16.6975","0.1254","16.6203","1.127","False","12.0906","16.8416","18.2029","3.8885","20.586000000000002","8","1","1","False","0"
"23464","2135585588784","1846678340609","1846678478179","13.906300000000002","13.757000000000001","0.14930000000000002","14.423000000000002","1.6398000000000001","False","18.2009","13.8824","12.0906","2.0967000000000002","15.8537","8","1","1","False","0"
"23464","2135585588784","1846678479672","1846678638150","16.006400000000003","15.847800000000001","0.15860000000000002","15.8117","1.4783000000000002","False","18.154500000000002","15.997100000000001","18.2009","4.3005","20.148300000000003","8","1","1","False","0"
"23464","2135585588784","1846678639736","1846678821483","18.3699","18.1747","0.1952","19.6552","2.7617000000000003","False","18.1998","18.3333","18.154500000000002","4.121700000000001","22.296400000000002","8","1","1","False","0"
"23464","2135585588784","1846678823435","1846678993464","17.1576","17.0029","0.1547","16.7701","2.3608000000000002","False","12.102400000000001","17.1981","18.1998","5.1234","22.1263","8","1","1","False","0"
"23464","2135585588784","1846678995011","1846679151440","15.790400000000002","15.642900000000001","0.14750000000000002","14.500200000000001","1.0696","False","36.3908","15.797600000000001","12.102400000000001","1.4282000000000001","17.0711","8","1","1","False","0"
"23464","2135585588784","1846679152915","1846679317249","16.555600000000002","16.433400000000002","0.1222","16.802","1.9398000000000002","True","NaN","16.5809","NaN","NaN","NaN","3","1","1","False","0"
"23464","2135585588784","1846679318471","1846679475635","15.9315","15.7164","0.2151","2.0893","2.0860000000000003","False","18.1933","15.838600000000001","36.3908","5.399500000000001","21.1159","8","1","1","False","0"
"23464","2135585588784","1846679477786","1846679648391","17.2099","17.0605","0.1494","18.1931","3.0771","False","18.1846","17.2756","18.1933","6.317200000000001","23.3777","8","1","1","False","0"
"23464","2135585588784","1846679649885","1846679804325","15.600900000000001","15.444","0.1569","18.3357","5.813400000000001","False","12.0751","15.5934","18.1846","8.9084","24.352400000000003","8","1","1","False","0"
"23464","2135585588784","1846679805894","1846679984068","17.9769","17.8174","0.1595","13.587299999999999","1.4287","False","36.4142","17.9743","12.0751","3.0092000000000003","20.826600000000003","8","1","1","False","0"
"23464","2135585588784","1846679985663","1846680148549","16.466500000000003","16.288600000000002","0.1779","16.7176","1.6735","True","NaN","16.4481","NaN","NaN","NaN","3","1","1","False","0"
"23464","2135585588784","1846680150328","1846680311840","16.313399999999998","16.1512","0.1622","3.3239","3.3209","False","12.084100000000001","16.3291","36.4142","6.6462","22.7974","8","1","1","False","0"
"23464","2135585588784","1846680313462","1846680478054","16.601499999999998","16.4592","0.1423","14.632900000000001","1.3453000000000002","False","18.1815","16.6214","12.084100000000001","2.1089","18.5681","8","1","1","False","0"
"23464","2135585588784","1846680479477","1846680657689","17.9835","17.8212","0.1623","18.523","1.8927","False","18.197200000000002","17.9635","18.1815","2.3269","20.1481","8","1","1","False","0"
"23464","2135585588784","1846680659312","1846680793123","13.5476","13.3811","0.1665","14.5829","2.9244000000000003","False","30.2864","13.5434","18.197200000000002","6.980700000000001","20.361800000000002","8","1","1","False","0"
"23464","2135585588784","1846680794788","1846680969159","17.5582","17.4371","0.1211","15.484","1.1745","True","NaN","17.6036","NaN","NaN","NaN","3","1","1","False","0"
"23464","2135585588784","1846680970370","1846681138642","16.994500000000002","16.8272","0.1673","1.7691000000000001","1.7616","False","18.1827","16.9483","30.2864","2.7152000000000003","19.5424","8","1","1","False","0"
"23464","2135585588784","1846681140315","1846681306108","16.7675","16.5793","0.1882","16.474","1.4804000000000002","False","18.1735","16.7466","18.1827","4.1513","20.730600000000003","8","1","1","False","0"
"23464","2135585588784","1846681307990","1846681465752","15.9295","15.776200000000001","0.15330000000000002","17.183400000000002","2.7122","False","18.2059","15.964400000000001","18.1735","6.3604","22.1366","8","1","1","False","0"
"23464","2135585588784","1846681467285","1846681640860","17.512700000000002","17.3575","0.1552","17.3028","2.5057","False","18.197100000000002","17.5108","18.2059","7.0555","24.413","8","1","1","False","0"
"23464","2135585588784","1846681642412","1846681806500","16.5624","16.4088","0.15360000000000001","19.836100000000002","5.7845","False","12.0874","16.564","18.197100000000002","8.688600000000001","25.0974","8","1","1","False","0"
"23464","2135585588784","1846681808036","1846681967322","16.093500000000002","15.928600000000001","0.16490000000000002","11.727300000000001","1.4140000000000001","False","18.177400000000002","16.0822","12.0874","4.6938","20.622400000000003","8","1","1","False","0"
"23464","2135585588784","1846681968971","1846682137979","17.0621","16.9008","0.1613","18.608900000000002","2.9739","False","18.2238","17.0657","18.177400000000002","5.8055","22.706300000000002","8","1","1","False","0"
"23464","2135585588784","1846682139592","1846682312301","17.428900000000002","17.2709","0.158","17.9354","3.4715000000000003","False","12.0884","17.4322","18.2238","6.5971","23.868000000000002","8","1","1","False","0"
"23464","2135585588784","1846682313881","1846682458729","14.6105","14.4848","0.1257","12.5685","1.4193","False","18.1722","14.642800000000001","12.0884","4.0427","18.5275","8","1","1","False","0"
"23464","2135585588784","1846682459986","1846682624896","16.6454","16.491","0.1544","18.668200000000002","3.7800000000000002","False","18.1975","16.6167","18.1722","5.5982","22.0892","8","1","1","False","0"
"23464","2135585588784","1846682626440","1846682795881","17.091400000000004","16.944100000000002","0.14730000000000001","19.006","5.3663","False","12.116900000000001","17.0985","18.1975","6.6972000000000005","23.6413","8","1","1","False","0"
"23464","2135585588784","1846682797354","1846682964956","16.8978","16.7602","0.1376","12.887500000000001","1.3518000000000001","False","18.224700000000002","16.907500000000002","12.116900000000001","1.9066","18.666800000000002","8","1","1","False","0"
"23464","2135585588784","1846682966332","1846683127685","16.294600000000003","16.1353","0.1593","16.580000000000002","1.6489","False","18.1276","16.2729","18.224700000000002","3.8584","19.9937","8","1","1","False","0"
"23464","2135585588784","1846683129278","1846683291585","16.4006","16.230700000000002","0.1699","17.6648","2.9077","False","18.211000000000002","16.39","18.1276","5.596","21.826700000000002","8","1","1","False","0"
"23464","2135585588784","1846683293284","1846683460853","16.9067","16.7569","0.14980000000000002","17.7502","3.7483","False","18.1708","16.9268","18.211000000000002","6.8802","23.6371","8","1","1","False","0"
"23464","2135585588784","1846683462351","1846683636459","17.5576","17.410800000000002","0.1468","15.2924","1.4832","False","12.111500000000001","17.5606","18.1708","7.4904","24.901200000000003","8","1","1","False","0"
"23464","2135585588784","1846683637927","1846683795821","15.9519","15.7894","0.1625","15.852200000000002","1.4085","False","18.1741","15.936200000000001","12.111500000000001","3.6657","19.4551","8","1","1","False","0"
"23464","2135585588784","1846683797446","1846683956223","16.0537","15.8777","0.17600000000000002","16.8941","2.2445","False","18.200400000000002","16.040200000000002","18.1741","5.7996","21.677300000000002","8","1","1","False","0"
"23464","2135585588784","1846683957983","1846684108991","15.2742","15.100800000000001","0.1734","15.782700000000002","2.7327000000000004","False","12.099300000000001","15.276800000000001","18.200400000000002","8.7232","23.824","8","1","1","False","0"
"23464","2135585588784","1846684110725","1846684282348","17.292800000000003","17.162300000000002","0.1305","15.5974","1.3902","False","18.1946","17.3357","12.099300000000001","3.4868","20.6491","8","1","1","False","0"
"23464","2135585588784","1846684283653","1846684470359","18.871","18.6706","0.20040000000000002","19.4164","1.5991","False","18.1662","18.8011","18.1946","2.8803","21.550900000000002","8","1","1","False","0"
"23464","2135585588784","1846684472363","1846684627095","15.6292","15.4732","0.156","17.8614","3.8183000000000002","False","18.1848","15.6736","18.1662","5.3729000000000005","20.8461","8","1","1","False","0"
"23464","2135585588784","1846684628655","1846684818385","19.134400000000003","18.973000000000003","0.16140000000000002","16.8642","1.5502","False","18.2041","19.129","18.1848","4.4287","23.4017","8","1","1","False","0"
"23464","2135585588784","1846684819999","1846684967399","14.8964","14.74","0.1564","16.247500000000002","2.8933","False","12.0953","14.9014","18.2041","7.731400000000001","22.471400000000003","8","1","1","False","0"
"23464","2135585588784","1846684968963","1846685125820","15.8475","15.6857","0.1618","14.590900000000001","1.6413","False","18.191300000000002","15.8421","12.0953","3.9846000000000004","19.6703","8","1","1","False","0"
"23464","2135585588784","1846685127438","1846685282883","15.714200000000002","15.544500000000001","0.16970000000000002","16.5717","2.5113000000000003","False","18.2025","15.7063","18.191300000000002","6.469600000000001","22.014100000000003","8","1","1","False","0"
"23464","2135585588784","1846685284580","1846685463610","18.0649","17.903000000000002","0.16190000000000002","17.866400000000002","2.3042000000000002","False","12.1049","18.0727","18.2025","6.5994","24.5024","8","1","1","False","0"
"23464","2135585588784","1846685465229","1846685620635","15.696700000000002","15.540600000000001","0.15610000000000002","14.678600000000001","1.2833","False","18.1752","15.7025","12.1049","3.0018000000000002","18.5424","8","1","1","False","0"
"23464","2135585588784","1846685622196","1846685777339","15.6737","15.5143","0.15940000000000001","16.4539","2.0579","False","18.1822","15.6704","18.1752","5.506600000000001","21.0209","8","1","1","False","0"
"23464","2135585588784","1846685778933","1846685961205","18.3639","18.2272","0.13670000000000002","18.166","2.3455","False","18.1794","18.3866","18.1822","5.3022","23.529400000000003","8","1","1","False","0"
"23464","2135585588784","1846685962572","1846686116023","15.507200000000001","15.3451","0.1621","15.5882","1.9500000000000002","False","12.1265","15.481800000000002","18.1794","7.9998000000000005","23.344900000000003","8","1","1","False","0"
"23464","2135585588784","1846686117644","1846686298178","18.2136","18.0534","0.1602","17.8492","1.5842","False","18.1746","18.215500000000002","12.1265","1.9108","19.9642","8","1","1","False","0"
"23464","2135585588784","1846686299780","1846686456799","15.8785","15.7019","0.1766","16.018800000000002","1.7222000000000002","False","18.2219","15.862100000000002","18.1746","4.2233","19.9252","8","1","1","False","0"
"23464","2135585588784","1846686458565","1846686618013","16.1206","15.9448","0.1758","17.4604","3.0798","False","18.1693","16.1214","18.2219","6.3238","22.268600000000003","8","1","1","False","0"
"23464","2135585588784","1846686619771","1846686809448","19.1145","18.9677","0.1468","19.6602","3.6018000000000003","False","12.1788","19.1435","18.1693","5.349600000000001","24.3173","8","1","1","False","0"
"23464","2135585588784","1846686810916","1846686942654","13.3366","13.1738","0.1628","11.1148","1.3882","False","18.1398","13.3206","12.1788","4.2078","17.381600000000002","8","1","1","False","0"
"23464","2135585588784","1846686944282","1846687113569","17.1111","16.9287","0.1824","17.8392","2.1166","False","18.1433","17.0915","18.1398","5.2561","22.184800000000003","8","1","1","False","0"
"23464","2135585588784","1846687115393","1846687277539","16.4027","16.2146","0.18810000000000002","16.1298","1.8464","False","18.195700000000002","16.397000000000002","18.1433","7.002400000000001","23.217000000000002","8","1","1","False","0"
"23464","2135585588784","1846687279420","1846687459139","18.1387","17.9719","0.1668","19.1628","2.8663000000000003","False","18.2068","18.16","18.195700000000002","7.0381","25.01","8","1","1","False","0"
"23464","2135585588784","1846687460807","1846687646147","18.655900000000003","18.534000000000002","0.12190000000000001","17.9408","2.4432","False","12.0835","18.7008","18.2068","6.5441","25.078100000000003","8","1","1","False","0"
"23464","2135585588784","1846687647366","1846687800039","15.4342","15.2673","0.16690000000000002","14.676","1.3920000000000001","False","18.1884","15.3892","12.0835","3.2384","18.5057","8","1","1","False","0"
"23464","2135585588784","1846687801708","1846687967219","16.7128","16.5511","0.1617","18.0092","2.6963","False","18.1767","16.718","18.1884","4.7088","21.259900000000002","8","1","1","False","0"
"23464","2135585588784","1846687968836","1846688130648","16.3395","16.1812","0.1583","16.0111","2.3623000000000003","False","18.1961","16.3429","18.1767","6.5426","22.7238","8","1","1","False","0"
"23464","2135585588784","1846688132231","1846688304406","17.383000000000003","17.2175","0.1655","16.354","1.3362","False","12.108400000000001","17.3758","18.1961","7.362900000000001","24.5804","8","1","1","False","0"
"23464","2135585588784","1846688306061","1846688456060","15.1736","14.9999","0.17370000000000002","15.0988","1.2565","False","18.191200000000002","15.1654","12.108400000000001","4.3059","19.3058","8","1","1","False","0"
"23464","2135585588784","1846688457797","1846688607640","15.1446","14.984300000000001","0.1603","16.6979","2.7979000000000003","False","18.1673","15.158000000000001","18.191200000000002","7.3391","22.3234","8","1","1","False","0"
"23464","2135585588784","1846688609243","1846688799696","19.201","19.0453","0.1557","21.006","4.6154","False","12.1175","19.2056","18.1673","6.300800000000001","25.3461","8","1","1","False","0"
"23464","2135585588784","1846688801253","1846688959474","15.9906","15.8221","0.1685","12.696900000000001","1.3211000000000002","False","18.1891","15.9778","12.1175","2.4405","18.262600000000003","8","1","1","False","0"
"23464","2135585588784","1846688961159","1846689124990","16.5451","16.383100000000002","0.162","16.616500000000002","1.3944","False","18.1777","16.5516","18.1891","4.078","20.461100000000002","8","1","1","False","0"
"23464","2135585588784","1846689126610","1846689280550","15.5668","15.394","0.1728","15.8369","2.0787","False","18.1985","15.556000000000001","18.1777","6.6997","22.093700000000002","8","1","1","False","0"
"23464","2135585588784","1846689282278","1846689457446","17.7026","17.5168","0.18580000000000002","17.2107","1.2034","False","12.1678","17.689600000000002","18.1985","7.208600000000001","24.7254","8","1","1","False","0"
"23464","2135585588784","1846689459304","1846689616718","15.9135","15.7414","0.1721","16.944100000000002","2.1835","False","18.122600000000002","15.927200000000001","12.1678","3.4492000000000003","19.1906","8","1","1","False","0"
"23464","2135585588784","1846689618439","1846689790265","17.3911","17.1826","0.20850000000000002","16.843","1.6929","False","18.177300000000002","17.3547","18.122600000000002","4.2171","21.3997","8","1","1","False","0"
"23464","2135585588784","1846689792350","1846689944191","15.3558","15.1841","0.17170000000000002","16.0872","2.3934","False","18.18","15.392600000000002","18.177300000000002","7.0018","22.1859","8","1","1","False","0"
"23464","2135585588784","1846689945908","1846690117379","17.303900000000002","17.147100000000002","0.1568","16.8134","1.8944","False","12.1225","17.3188","18.18","7.863","25.0101","8","1","1","False","0"
"23464","2135585588784","1846690118947","1846690298428","18.1218","17.9481","0.17370000000000002","17.7985","1.5723","False","18.185100000000002","18.1049","12.1225","1.8806","19.8287","8","1","1","False","0"
"23464","2135585588784","1846690300165","1846690454321","15.575300000000002","15.415600000000001","0.1597","15.7484","1.7471","False","18.1871","15.589300000000001","18.185100000000002","4.4764","19.892","8","1","1","False","0"
"23464","2135585588784","1846690455918","1846690619205","16.512600000000003","16.3287","0.1839","18.258300000000002","3.5164","False","12.1159","16.488400000000002","18.1871","6.1751000000000005","22.503800000000002","8","1","1","False","0"
"23464","2135585588784","1846690621044","1846690782950","16.3265","16.1906","0.1359","14.255100000000002","1.4127","False","18.186700000000002","16.3745","12.1159","1.9165","18.107100000000003","8","1","1","False","0"
"23464","2135585588784","1846690784309","1846690960450","17.7404","17.6141","0.1263","17.9438","1.9048","False","18.1825","17.75","18.186700000000002","2.3532","19.9673","8","1","1","False","0"
"23464","2135585588784","1846690961713","1846691115412","15.506800000000002","15.369900000000001","0.1369","17.1842","3.2908","False","18.178","15.4962","18.1825","5.0395","20.4094","8","1","1","False","0"
"23464","2135585588784","1846691116781","1846691294168","17.8945","17.7387","0.1558","15.9326","1.3381","False","12.123800000000001","17.875600000000002","18.178","5.3419","23.0806","8","1","1","False","0"
"23464","2135585588784","1846691295726","1846691450052","15.580900000000002","15.4326","0.14830000000000002","15.92","1.6701000000000001","False","18.1733","15.5884","12.123800000000001","1.8773000000000002","17.309900000000003","8","1","1","False","0"
"23464","2135585588784","1846691451535","1846691623474","17.3432","17.1939","0.14930000000000002","17.948600000000003","2.2686","False","18.268900000000002","17.342200000000002","18.1733","2.7084","19.9023","8","1","1","False","0"
"23464","2135585588784","1846691624967","1846691776969","15.3602","15.2002","0.16","16.861","3.7750000000000004","False","18.1005","15.3495","18.268900000000002","5.627800000000001","20.828","8","1","1","False","0"
"23464","2135585588784","1846691778569","1846691968064","19.104300000000002","18.9495","0.15480000000000002","18.165100000000002","2.8273","False","18.203200000000002","19.1095","18.1005","4.6188","23.5683","8","1","1","False","0"
"23464","2135585588784","1846691969612","1846692123744","15.562300000000002","15.413200000000002","0.1491","15.205","2.4814000000000003","False","12.102","15.568000000000001","18.203200000000002","7.2540000000000004","22.6672","8","1","1","False","0"
"23464","2135585588784","1846692125235","1846692273363","14.9579","14.812800000000001","0.1451","14.5328","2.0496000000000003","False","18.165100000000002","14.9619","12.102","4.3941","19.2069","8","1","1","False","0"
"23464","2135585588784","1846692274814","1846692458154","18.4705","18.334","0.1365","19.198700000000002","2.7757","False","18.1859","18.479100000000003","18.165100000000002","4.0801","22.4141","8","1","1","False","0"
"23464","2135585588784","1846692459519","1846692617448","15.920800000000002","15.792900000000001","0.1279","17.4908","4.728800000000001","False","18.217200000000002","15.929400000000001","18.1859","6.336600000000001","22.1295","8","1","1","False","0"
"23464","2135585588784","1846692618727","1846692786519","16.944499999999998","16.7792","0.1653","14.3171","1.7404000000000002","False","12.0996","16.9071","18.217200000000002","7.6467","24.425900000000002","8","1","1","False","0"
"23464","2135585588784","1846692788172","1846692947697","16.1201","15.9525","0.1676","15.895000000000001","1.4963","False","18.256800000000002","16.1178","12.0996","3.6285000000000003","19.581","8","1","1","False","0"
"23464","2135585588784","1846692949373","1846693123585","17.588300000000004","17.421200000000002","0.1671","17.336000000000002","1.2544","False","18.099800000000002","17.5888","18.256800000000002","4.2965","21.7177","8","1","1","False","0"
"23464","2135585588784","1846693125256","1846693273915","15.0467","14.8659","0.18080000000000002","15.3276","1.5501","False","12.1158","15.033000000000001","18.099800000000002","7.363300000000001","22.229200000000002","8","1","1","False","0"
"23464","2135585588784","1846693275723","1846693454185","17.9696","17.8462","0.12340000000000001","17.6262","1.1762000000000001","False","24.276600000000002","18.027","12.1158","1.4521000000000002","19.2983","8","1","1","False","0"
"23464","2135585588784","1846693455419","1846693630469","17.6868","17.505000000000003","0.18180000000000002","18.538800000000002","2.0455","False","12.098700000000001","17.6284","24.276600000000002","8.1003","25.6053","8","1","1","False","0"
"23464","2135585588784","1846693632287","1846693810074","17.9464","17.7787","0.16770000000000002","17.044700000000002","1.1436","False","18.171200000000002","17.9605","12.098700000000001","2.2385","20.017200000000003","8","1","1","False","0"
"23464","2135585588784","1846693811751","1846693964053","15.3687","15.2302","0.1385","17.3106","3.0731","False","18.1832","15.3979","18.171200000000002","5.0118","20.242","8","1","1","False","0"
"23464","2135585588784","1846693965438","1846694120121","15.647800000000002","15.468300000000001","0.17950000000000002","14.558600000000002","1.9981","False","12.1294","15.606800000000002","18.1832","7.5882000000000005","23.0565","8","1","1","False","0"
"23464","2135585588784","1846694121916","1846694293594","17.2915","17.1678","0.1237","16.6594","1.6832","False","18.1822","17.3473","12.1294","2.3703000000000003","19.5381","8","1","1","False","0"
"23464","2135585588784","1846694294831","1846694444029","15.1006","14.9198","0.18080000000000002","17.4398","3.7133000000000003","False","18.183400000000002","15.0435","18.1822","5.509","20.428800000000003","8","1","1","False","0"
"23464","2135585588784","1846694445837","1846694621379","17.726300000000002","17.5542","0.1721","18.0594","4.0456","False","12.124400000000001","17.735","18.183400000000002","5.957400000000001","23.5116","8","1","1","False","0"
"23464","2135585588784","1846694623100","1846694779543","15.827000000000002","15.644300000000001","0.1827","13.465900000000001","1.6866","False","24.2636","15.816400000000002","12.124400000000001","2.2654","17.9097","8","1","1","False","0"
"23464","2135585588784","1846694781370","1846694962644","18.284100000000002","18.1274","0.1567","18.680300000000003","2.0676","False","12.0965","18.310100000000002","24.2636","8.2189","26.346300000000003","8","1","1","False","0"
"23464","2135585588784","1846694964211","1846695130050","16.7296","16.5839","0.1457","16.0915","1.4235","False","18.2483","16.7406","12.0965","3.5748","20.1587","8","1","1","False","0"
"23464","2135585588784","1846695131507","1846695300296","17.0654","16.8789","0.1865","17.369600000000002","1.7762","False","18.1275","17.0246","18.2483","4.798500000000001","21.677400000000002","8","1","1","False","0"
"23464","2135585588784","1846695302161","1846695473321","17.3082","17.116","0.1922","18.0069","2.4447","False","18.2052","17.302500000000002","18.1275","5.6235","22.7395","8","1","1","False","0"
"23464","2135585588784","1846695475243","1846695638395","16.4775","16.3152","0.1623","15.926200000000001","1.8899000000000001","False","18.1781","16.5074","18.2052","7.3213","23.6365","8","1","1","False","0"
"23464","2135585588784","1846695640018","1846695805120","16.6763","16.5102","0.1661","19.2472","4.4668","False","12.0852","16.6725","18.1781","8.8269","25.3371","8","1","1","False","0"
"23464","2135585588784","1846695806781","1846695973883","16.8805","16.7102","0.1703","13.383600000000001","0.9689000000000001","False","18.2022","16.8763","12.0852","4.0358","20.746000000000002","8","1","1","False","0"
"23464","2135585588784","1846695975586","1846696127669","15.368800000000002","15.208300000000001","0.1605","16.578300000000002","2.4984","False","12.0943","15.3786","18.2022","6.8594","22.067700000000002","8","1","1","False","0"
"23464","2135585588784","1846696129274","1846696301705","17.376900000000003","17.243100000000002","0.1338","16.5346","1.3143","False","24.2875","17.4036","12.0943","1.5501","18.793200000000002","8","1","1","False","0"
"23464","2135585588784","1846696303043","1846696483278","18.1824","18.023500000000002","0.1589","18.4369","1.5811000000000002","False","12.1201","18.1573","24.2875","7.680300000000001","25.7038","8","1","1","False","0"
"23464","2135585588784","1846696484867","1846696651118","16.8039","16.6251","0.17880000000000001","16.7408","1.5141","False","18.1626","16.784000000000002","12.1201","3.0164","19.6415","8","1","1","False","0"
"23464","2135585588784","1846696652906","1846696815609","16.405900000000003","16.270300000000002","0.1356","17.5115","2.6101","False","18.203200000000002","16.4491","18.1626","4.729900000000001","21.0002","8","1","1","False","0"
"23464","2135585588784","1846696816965","1846696986607","17.120800000000003","16.9642","0.15660000000000002","16.861700000000003","2.3615","False","18.1381","17.099800000000002","18.203200000000002","5.8333","22.7975","8","1","1","False","0"
"23464","2135585588784","1846696988173","1846697152117","16.5626","16.3944","0.16820000000000002","15.8986","1.7002000000000002","False","24.2695","16.551000000000002","18.1381","7.420400000000001","23.8148","8","1","1","False","0"
"23464","2135585588784","1846697153799","1846697422601","27.055100000000003","26.880200000000002","0.1749","27.3748","2.016","False","12.112400000000001","27.0484","24.2695","4.641500000000001","31.521700000000003","8","1","1","False","0"
"23464","2135585588784","1846697424350","1846697558831","13.6428","13.4481","0.1947","13.228800000000001","1.6268","False","12.123000000000001","13.623000000000001","12.112400000000001","3.1309","16.579","8","1","1","False","0"
"23464","2135585588784","1846697560778","1846697681403","12.2045","12.0625","0.14200000000000002","12.130600000000001","1.5226000000000002","False","18.2073","12.257200000000001","12.123000000000001","2.9967","15.0592","8","1","1","False","0"
"23464","2135585588784","1846697682823","1846697819344","13.7819","13.6521","0.1298","15.430800000000001","3.5545","False","12.0793","13.7941","18.2073","7.4099","21.062","8","1","1","False","0"
"23464","2135585588784","1846697820642","1846697975632","15.6408","15.499","0.1418","13.973","1.5029000000000001","False","18.177500000000002","15.6288","12.0793","3.8604000000000003","19.3594","8","1","1","False","0"
"23464","2135585588784","1846697977050","1846698139231","16.3955","16.2181","0.1774","17.418","2.5416000000000003","False","18.2219","16.3599","18.177500000000002","5.678","21.8961","8","1","1","False","0"
"23464","2135585588784","1846698141005","1846698316178","17.819300000000002","17.517300000000002","0.302","17.892","2.6124","False","12.087","17.6947","18.2219","6.2052000000000005","23.7225","8","1","1","False","0"
"23464","2135585588784","1846698319198","1846698463610","14.6212","14.4412","0.18000000000000002","13.349200000000002","1.357","False","18.1857","14.7432","12.087","3.5490000000000004","17.9902","8","1","1","False","0"
"23464","2135585588784","1846698465410","1846698633453","16.9543","16.8043","0.15","18.3112","2.6828000000000003","False","18.1908","16.9843","18.1857","4.7504","21.5547","8","1","1","False","0"
"23464","2135585588784","1846698634953","1846698814165","18.080600000000004","17.921200000000002","0.15940000000000001","17.1222","1.7053","False","18.1846","18.0712","18.1908","4.87","22.7912","8","1","1","False","0"
"23464","2135585588784","1846698815759","1846698972155","15.787","15.639600000000002","0.1474","15.314900000000002","1.2574","False","18.2193","15.799000000000001","18.1846","7.2556","22.895200000000003","8","1","1","False","0"
"23464","2135585588784","1846698973629","1846699154312","18.2193","18.0683","0.151","18.4053","1.4478","False","12.0679","18.215700000000002","18.2193","7.259200000000001","25.3275","8","1","1","False","0"
"23464","2135585588784","1846699155822","1846699314037","15.9517","15.8215","0.1302","15.7384","1.2193","False","18.212300000000003","15.9725","12.0679","3.3546","19.1761","8","1","1","False","0"
"23464","2135585588784","1846699315339","1846699479422","16.5553","16.4083","0.14700000000000002","17.067500000000003","2.0563000000000002","False","18.1953","16.5385","18.212300000000003","5.0284","21.436700000000002","8","1","1","False","0"
"23464","2135585588784","1846699480892","1846699647445","16.8048","16.6553","0.1495","17.562","2.5021","False","18.171400000000002","16.802300000000002","18.1953","6.4214","23.076700000000002","8","1","1","False","0"
"23464","2135585588784","1846699648940","1846699799679","15.2332","15.0739","0.1593","16.0942","3.3658","False","12.082","15.223400000000002","18.171400000000002","9.3694","24.4433","8","1","1","False","0"
"23464","2135585588784","1846699801272","1846699985154","18.5893","18.3882","0.2011","17.165200000000002","1.9716","False","18.2027","18.5475","12.082","2.9039","21.2921","8","1","1","False","0"
"23464","2135585588784","1846699987165","1846700137751","15.2494","15.0586","0.1908","15.144200000000001","1.8421","False","30.2912","15.2597","18.2027","5.846900000000001","20.9055","8","1","1","False","0"
"23464","2135585588784","1846700139659","1846700481453","34.3487","34.1794","0.1693","33.9919","1.4848000000000001","False","18.1741","34.370200000000004","30.2912","1.7679","35.9473","8","1","1","False","0"
"23464","2135585588784","1846700483146","1846700632502","15.1033","14.9356","0.16770000000000002","15.385900000000001","1.7665000000000002","False","18.1716","15.1049","18.1741","4.8371","19.7727","8","1","1","False","0"
"23464","2135585588784","1846700634179","1846700808645","17.6405","17.4466","0.19390000000000002","17.666900000000002","1.7977","False","18.2312","17.6143","18.1716","5.3944","22.841","8","1","1","False","0"
"23464","2135585588784","1846700810584","1846700976646","16.7894","16.6062","0.1832","17.2701","2.2784","False","12.081100000000001","16.8001","18.2312","6.8255","23.431700000000003","8","1","1","False","0"
"23464","2135585588784","1846700978478","1846701128110","15.1288","14.9632","0.1656","14.1318","1.2762","False","18.1723","15.1464","12.081100000000001","3.7602","18.7234","8","1","1","False","0"
"23464","2135585588784","1846701129766","1846701296719","16.8609","16.6953","0.1656","17.011400000000002","1.7954","False","18.2026","16.8609","18.1723","5.0716","21.7669","8","1","1","False","0"
"23464","2135585588784","1846701298375","1846701469180","17.2686","17.0805","0.18810000000000002","17.7163","1.8915000000000002","False","18.1981","17.246100000000002","18.2026","6.0281","23.108600000000003","8","1","1","False","0"
"23464","2135585588784","1846701471061","1846701639339","16.9973","16.8278","0.1695","16.3387","1.2181","False","12.0954","17.015900000000002","18.1981","7.2103","24.0381","8","1","1","False","0"
"23464","2135585588784","1846701641034","1846701810540","17.1613","16.9506","0.2107","17.171400000000002","1.2699","False","18.1829","17.1201","12.0954","2.1856","19.136200000000002","8","1","1","False","0"
"23464","2135585588784","1846701812647","1846701982775","17.204900000000002","17.012800000000002","0.19210000000000002","17.7449","1.7692","False","30.3596","17.2235","18.1829","3.145","20.1578","8","1","1","False","0"
"23464","2135585588784","1846701984696","1846702259538","27.6522","27.4842","0.168","27.7821","1.8957000000000002","False","18.1441","27.6763","30.3596","5.8283000000000005","33.3125","8","1","1","False","0"
"23464","2135585588784","1846702261218","1846702396546","13.7083","13.5328","0.17550000000000002","15.925800000000002","4.1183000000000005","False","6.0436000000000005","13.700800000000001","18.1441","10.271600000000001","23.8044","8","1","1","False","0"
"23464","2135585588784","1846702398301","1846702534607","13.822500000000002","13.630600000000001","0.19190000000000002","10.8778","1.1835","False","12.1997","13.8061","6.0436000000000005","2.5091","16.1397","8","1","1","False","0"
"23464","2135585588784","1846702536526","1846702645082","11.045300000000001","10.8556","0.1897","11.4155","1.544","False","18.1081","11.047500000000001","12.1997","3.6613","14.516900000000001","8","1","1","False","0"
"23464","2135585588784","1846702646979","1846702792808","14.7772","14.5829","0.1943","17.285500000000003","4.0546","False","12.1125","14.7726","18.1081","6.9968","21.579700000000003","8","1","1","False","0"
"23464","2135585588784","1846702794751","1846702960970","16.7732","16.6219","0.15130000000000002","13.5942","1.2039","False","18.180500000000002","16.816200000000002","12.1125","2.2931","18.915","8","1","1","False","0"
"23464","2135585588784","1846702962483","1846703126100","16.537","16.3617","0.1753","17.188200000000002","1.5223","False","18.181900000000002","16.513","18.180500000000002","3.9606000000000003","20.322300000000002","8","1","1","False","0"
"23464","2135585588784","1846703127853","1846703280788","15.4854","15.2935","0.19190000000000002","16.2501","2.2882000000000002","False","18.1948","15.4688","18.181900000000002","6.6737","21.967200000000002","8","1","1","False","0"
"23464","2135585588784","1846703282707","1846703460846","18.0023","17.8139","0.1884","17.7955","2.0868","False","12.149600000000001","18.0058","18.1948","6.8627","24.6766","8","1","1","False","0"
"23464","2135585588784","1846703462730","1846703619127","15.803500000000001","15.639700000000001","0.1638","15.276400000000002","1.5484","False","18.1401","15.828100000000001","12.149600000000001","3.1842","18.823900000000002","8","1","1","False","0"
"23464","2135585588784","1846703620765","1846703773451","15.450400000000002","15.268600000000001","0.18180000000000002","15.9727","2.0812","False","18.201900000000002","15.432400000000001","18.1401","5.891900000000001","21.160500000000003","8","1","1","False","0"
"23464","2135585588784","1846703775269","1846703942285","16.900199999999998","16.7016","0.1986","16.488400000000002","1.6640000000000001","False","12.093300000000001","16.8834","18.201900000000002","7.2104","23.912000000000003","8","1","1","False","0"
"23464","2135585588784","1846703944271","1846704114857","17.244100000000003","17.058600000000002","0.1855","17.3612","1.7942","False","18.1903","17.2572","12.093300000000001","2.0465","19.1051","8","1","1","False","0"
"23464","2135585588784","1846704116712","1846704291115","17.612000000000002","17.4403","0.17170000000000002","17.3356","1.5064","False","18.180400000000002","17.6258","18.1903","2.611","20.0513","8","1","1","False","0"
"23464","2135585588784","1846704292832","1846704442138","15.1202","14.9306","0.18960000000000002","15.4891","1.8696000000000002","False","18.227700000000002","15.102300000000001","18.180400000000002","5.689100000000001","20.6197","8","1","1","False","0"
"23464","2135585588784","1846704444034","1846704611846","16.983800000000002","16.781200000000002","0.2026","17.945700000000002","3.2489000000000003","False","12.086500000000001","16.9708","18.227700000000002","6.946000000000001","23.7272","8","1","1","False","0"
"23464","2135585588784","1846704613872","1846704783366","17.1244","16.9494","0.17500000000000002","15.745500000000002","1.4565000000000001","False","24.2746","17.152","12.086500000000001","1.8805","18.829900000000002","8","1","1","False","0"
"23464","2135585588784","1846704785116","1846704983497","20.0202","19.8381","0.1821","20.5497","1.9892","False","18.180400000000002","20.0131","24.2746","6.142","25.9801","8","1","1","False","0"
"23464","2135585588784","1846704985318","1846705152825","16.942800000000002","16.750700000000002","0.19210000000000002","16.675800000000002","1.7182000000000002","False","12.0992","16.9328","18.180400000000002","7.389600000000001","24.1403","8","1","1","False","0"
"23464","2135585588784","1846705154746","1846705283768","13.0702","12.9022","0.168","13.308599999999998","1.9546000000000001","False","18.1691","13.0943","12.0992","6.394500000000001","19.2967","8","1","1","False","0"
"23464","2135585588784","1846705285448","1846705474417","19.074500000000004","18.896900000000002","0.1776","18.9675","1.859","False","18.218400000000003","19.0649","18.1691","5.4987","24.3956","8","1","1","False","0"
"23464","2135585588784","1846705476193","1846705662458","18.8092","18.6265","0.1827","18.7012","1.7473","False","12.1295","18.804100000000002","18.218400000000003","4.913","23.5395","8","1","1","False","0"
"23464","2135585588784","1846705664285","1846705761447","9.9053","9.7162","0.18910000000000002","10.0816","1.9184","False","12.073","9.898900000000001","12.1295","7.1436","16.8598","8","1","1","False","0"
"23464","2135585588784","1846705763338","1846705929986","16.8342","16.6648","0.1694","16.714000000000002","1.7970000000000002","False","18.1839","16.8539","12.073","2.3627000000000002","19.0275","8","1","1","False","0"
"23464","2135585588784","1846705931680","1846706096922","16.7077","16.5242","0.1835","16.4902","1.5854000000000001","False","18.1902","16.6936","18.1839","3.853","20.377200000000002","8","1","1","False","0"
"23464","2135585588784","1846706098757","1846706283621","18.6247","18.4864","0.1383","18.5696","1.8247","False","18.165200000000002","18.669900000000002","18.1902","3.3733","21.8597","8","1","1","False","0"
"23464","2135585588784","1846706285004","1846706446859","16.3782","16.1855","0.1927","16.6873","1.8322","False","18.1811","16.323800000000002","18.165200000000002","5.214700000000001","21.4002","8","1","1","False","0"
"23464","2135585588784","1846706448786","1846706610171","16.3175","16.1385","0.17900000000000002","16.613400000000002","2.1326","False","12.1242","16.3312","18.1811","7.0646","23.203100000000003","8","1","1","False","0"
"23464","2135585588784","1846706611961","1846706768413","15.8374","15.6452","0.1922","15.4655","1.7724","False","18.1829","15.824200000000001","12.1242","3.3646000000000003","19.009800000000002","8","1","1","False","0"
"23464","2135585588784","1846706770335","1846706954007","18.5589","18.3672","0.1917","18.3097","1.5072","False","18.2234","18.5594","18.1829","2.9881","21.3553","8","1","1","False","0"
"23464","2135585588784","1846706955924","1846707109001","15.4909","15.3077","0.1832","15.8429","1.8692000000000002","False","18.1738","15.499400000000001","18.2234","5.7121","21.0198","8","1","1","False","0"
"23464","2135585588784","1846707110833","1846707281812","17.2835","17.0979","0.18560000000000001","17.3309","1.9163000000000001","False","12.090100000000001","17.281100000000002","18.1738","6.6048","23.7027","8","1","1","False","0"
"23464","2135585588784","1846707283668","1846707442393","16.052500000000002","15.8725","0.18000000000000002","15.8925","1.7514","False","18.1814","16.0581","12.090100000000001","2.6368","18.5093","8","1","1","False","0"
"23464","2135585588784","1846707444193","1846707627291","18.5487","18.3098","0.2389","18.5268","1.7635","False","18.175800000000002","18.489800000000002","18.1814","2.3284000000000002","20.6382","8","1","1","False","0"
"23464","2135585588784","1846707629680","1846707772961","14.502","14.328100000000001","0.1739","14.6644","1.8869","False","18.1802","14.567","18.175800000000002","5.937200000000001","20.2653","8","1","1","False","0"
"23464","2135585588784","1846707774700","1846707949829","17.6598","17.512900000000002","0.1469","17.1443","1.9754","False","12.136000000000001","17.6868","18.1802","6.4306","23.9435","8","1","1","False","0"
"23464","2135585588784","1846707951298","1846708104591","15.511","15.3293","0.1817","15.8672","1.7389000000000001","False","18.1726","15.4762","12.136000000000001","3.0904000000000003","18.419700000000002","8","1","1","False","0"
"23464","2135585588784","1846708106408","1846708277061","17.2577","17.0653","0.19240000000000002","16.9684","1.4405000000000001","False","18.186","17.247","18.1726","4.016","21.081300000000002","8","1","1","False","0"
"23464","2135585588784","1846708278985","1846708457842","18.0539","17.8857","0.16820000000000002","18.0709","1.4542000000000002","False","18.259","18.0781","18.186","4.1239","22.009600000000002","8","1","1","False","0"
"23464","2135585588784","1846708459524","1846708608659","15.0859","14.9135","0.1724","15.5332","1.9063","False","12.041500000000001","15.081700000000001","18.259","7.301200000000001","22.2147","8","1","1","False","0"
"23464","2135585588784","1846708610383","1846708776443","16.806","16.606","0.2","16.6843","1.7898","False","18.1814","16.7784","12.041500000000001","2.5643000000000002","19.1703","8","1","1","False","0"
"23464","2135585588784","1846708778443","1846708948972","17.239800000000002","17.0529","0.1869","17.212","1.7529000000000001","False","18.1812","17.2529","18.1814","3.4928000000000003","20.5457","8","1","1","False","0"
"23464","2135585588784","1846708950841","1846709113063","16.398500000000002","16.2222","0.1763","16.4887","1.8490000000000002","False","18.18","16.409100000000002","18.1812","5.2649","21.4871","8","1","1","False","0"
"23464","2135585588784","1846709114826","1846709273071","16.0036","15.8245","0.1791","15.658100000000001","1.5033","False","12.120800000000001","16.0008","18.18","7.444100000000001","23.268600000000003","8","1","1","False","0"
"23464","2135585588784","1846709274862","1846709447838","17.4946","17.2976","0.197","17.7961","1.8098","False","18.191200000000002","17.4767","12.120800000000001","2.0882","19.3858","8","1","1","False","0"
"23464","2135585588784","1846709449808","1846709634358","18.586100000000002","18.455000000000002","0.1311","18.2787","1.7877","False","18.1693","18.652","18.191200000000002","1.6274000000000002","20.0824","8","1","1","False","0"
"23464","2135585588784","1846709635669","1846709764208","13.026000000000002","12.853900000000001","0.1721","13.3434","1.8104","False","12.1249","12.985000000000001","18.1693","6.8117","19.6656","8","1","1","False","0"
"23464","2135585588784","1846709765929","1846709932420","16.829900000000002","16.6491","0.18080000000000002","16.8461","1.8331000000000002","False","18.2287","16.8212","12.1249","2.1154","18.7645","8","1","1","False","0"
"23464","2135585588784","1846709934228","1846710101232","16.894800000000004","16.700400000000002","0.19440000000000002","16.9131","1.8454000000000002","False","18.1322","16.8812","18.2287","3.4629000000000003","20.1633","8","1","1","False","0"
"23464","2135585588784","1846710103176","1846710257770","15.633600000000001","15.4594","0.17420000000000002","15.683800000000002","1.9003","False","18.1844","15.6538","18.1322","5.9413","21.4007","8","1","1","False","0"
"23464","2135585588784","1846710259512","1846710431016","17.3334","17.1504","0.183","17.1207","1.6881000000000002","False","18.1725","17.3246","18.1844","6.8011","23.951500000000003","8","1","1","False","0"
"23464","2135585588784","1846710432846","1846710607291","17.622700000000002","17.4445","0.1782","19.4374","3.4898000000000002","False","18.2029","17.6275","18.1725","7.346100000000001","24.7906","8","1","1","False","0"
"23464","2135585588784","1846710609073","1846710779207","17.2275","17.0134","0.2141","15.9724","2.2578","False","12.15","17.1916","18.2029","8.3574","25.370800000000003","8","1","1","False","0"
"23464","2135585588784","1846710781348","1846710947601","16.788999999999998","16.6253","0.1637","16.0978","1.5485","False","18.1776","16.8394","12.15","3.668","20.293300000000002","8","1","1","False","0"
"23464","2135585588784","1846710949238","1846711115574","16.802100000000003","16.6336","0.1685","17.8334","2.5705","False","18.186","16.7973","18.1776","5.0483","21.681900000000002","8","1","1","False","0"
"23464","2135585588784","1846711117259","1846711280622","16.479000000000003","16.3363","0.1427","16.570800000000002","2.9996","False","18.1603","16.5048","18.186","6.729500000000001","23.0658","8","1","1","False","0"
"23464","2135585588784","1846711282049","1846711442727","16.2591","16.067800000000002","0.1913","16.2656","2.6827","False","12.1446","16.2105","18.1603","8.6793","24.7471","8","1","1","False","0"
"23464","2135585588784","1846711444640","1846711612567","16.9674","16.7927","0.17470000000000002","15.805200000000001","1.52","False","24.2327","16.984","12.1446","3.8399","20.6326","8","1","1","False","0"
"23464","2135585588784","1846711614314","1846711795808","18.3294","18.1494","0.18000000000000002","21.1492","4.3443000000000005","False","12.0838","18.3241","24.2327","9.7485","27.8979","8","1","1","False","0"
"23464","2135585588784","1846711797608","1846711962937","16.7209","16.5329","0.188","14.286800000000001","1.9044","False","18.2027","16.7129","12.0838","5.119400000000001","21.6523","8","1","1","False","0"
"23464","2135585588784","1846711964817","1846712122142","15.9202","15.7325","0.1877","16.695700000000002","2.6924","False","12.1065","15.9205","18.2027","7.4016","23.1341","8","1","1","False","0"
"23464","2135585588784","1846712124019","1846712296173","17.392200000000003","17.215400000000002","0.1768","16.356","1.6467","False","18.2219","17.403100000000002","12.1065","2.105","19.3204","8","1","1","False","0"
"23464","2135585588784","1846712297941","1846712464050","16.791900000000002","16.6109","0.18100000000000002","17.160500000000003","2.0164","False","18.139400000000002","16.7877","18.2219","3.5392","20.150100000000002","8","1","1","False","0"
"23464","2135585588784","1846712465860","1846712635745","17.199","16.988500000000002","0.21050000000000002","17.5924","2.4097","False","18.1756","17.1695","18.139400000000002","4.5091","21.497600000000002","8","1","1","False","0"
"23464","2135585588784","1846712637850","1846712803322","16.7221","16.5472","0.1749","18.0515","3.7345","False","18.2176","16.7577","18.1756","5.9270000000000005","22.4742","8","1","1","False","0"
"23464","2135585588784","1846712805071","1846712979439","17.575200000000002","17.4368","0.1384","16.1665","2.6632000000000002","False","12.093200000000001","17.611700000000003","18.2176","6.532900000000001","23.9697","8","1","1","False","0"
"23464","2135585588784","1846712980823","1846713139467","16.0258","15.864400000000002","0.16140000000000002","15.6242","1.9209","False","18.2099","16.0028","12.093200000000001","2.6233","18.4877","8","1","1","False","0"
"23464","2135585588784","1846713141081","1846713290508","15.150500000000001","14.9427","0.2078","15.879999999999999","2.6588000000000003","False","18.1633","15.1041","18.2099","5.7291","20.6718","8","1","1","False","0"
"23464","2135585588784","1846713292586","1846713468997","17.8261","17.6411","0.185","17.933400000000002","2.7599","False","18.1786","17.8489","18.1633","6.0435","23.6846","8","1","1","False","0"
"23464","2135585588784","1846713470847","1846713638103","16.8931","16.7256","0.1675","15.6904","1.5565","False","18.212400000000002","16.910600000000002","18.1786","7.3115000000000006","24.037100000000002","8","1","1","False","0"
"23464","2135585588784","1846713639778","1846713826653","18.8724","18.6875","0.1849","19.3287","2.0141","False","12.0725","18.855","18.212400000000002","6.668900000000001","25.3564","8","1","1","False","0"
"23464","2135585588784","1846713828502","1846713980469","15.375399999999999","15.1967","0.1787","14.8855","1.5325","False","24.2577","15.3816","12.0725","3.3598000000000003","18.5565","8","1","1","False","0"
"23464","2135585588784","1846713982256","1846714181513","20.1457","19.925700000000003","0.22","23.9692","5.3695","False","12.133000000000001","20.104400000000002","24.2577","7.5131000000000006","27.4388","8","1","1","False","0"
"23464","2135585588784","1846714183713","1846714307805","12.5753","12.4092","0.1661","9.573","2.3442000000000003","False","18.2009","12.6292","12.133000000000001","7.016900000000001","19.4261","8","1","1","False","0"
"23464","2135585588784","1846714309466","1846714483385","17.578599999999998","17.3919","0.1867","16.8477","1.6139000000000001","False","12.0816","17.558","18.2009","7.659800000000001","25.0517","8","1","1","False","0"
"23464","2135585588784","1846714485252","1846714637802","15.430000000000001","15.255","0.17500000000000002","15.492500000000001","1.6785","False","18.194300000000002","15.4417","12.0816","4.2997000000000005","19.5547","8","1","1","False","0"
"23464","2135585588784","1846714639552","1846714818090","18.0016","17.8538","0.14780000000000001","18.6904","2.7150000000000003","False","18.1982","18.0288","18.194300000000002","4.4652","22.319000000000003","8","1","1","False","0"
"23464","2135585588784","1846714819568","1846714977997","16.013","15.8429","0.1701","15.7287","2.0846","False","12.092","15.9907","18.1982","6.672700000000001","22.515600000000003","8","1","1","False","0"
"23464","2135585588784","1846714979698","1846715134637","15.6791","15.4939","0.1852","15.2733","1.6705","False","18.180600000000002","15.664000000000001","12.092","3.1007000000000002","18.5946","8","1","1","False","0"
"23464","2135585588784","1846715136489","1846715303029","16.8251","16.654","0.1711","17.6233","2.4765","False","18.2037","16.8392","18.180600000000002","4.4421","21.0961","8","1","1","False","0"
"23464","2135585588784","1846715304740","1846715477257","17.4363","17.2517","0.18460000000000001","17.711100000000002","2.7573000000000003","False","18.2046","17.422800000000002","18.2037","5.223","22.474700000000002","8","1","1","False","0"
"23464","2135585588784","1846715479103","1846715639422","16.1999","16.0319","0.168","15.1425","1.6900000000000002","False","18.177300000000002","16.2165","18.2046","7.2111","23.243000000000002","8","1","1","False","0"
"23464","2135585588784","1846715641102","1846715809794","17.0595","16.8692","0.1903","17.6732","2.3079","False","12.0784","17.037200000000002","18.177300000000002","8.3512","25.2204","8","1","1","False","0"
"23464","2135585588784","1846715811697","1846715986779","17.6916","17.508200000000002","0.1834","17.0394","1.6598000000000002","False","18.1951","17.6985","12.0784","2.7311","20.2393","8","1","1","False","0"
"23464","2135585588784","1846715988613","1846716138072","15.1287","14.9459","0.18280000000000002","16.223300000000002","2.7569000000000004","False","18.214100000000002","15.1293","18.1951","5.7969","20.742800000000003","8","1","1","False","0"
"23464","2135585588784","1846716139900","1846716317915","17.9797","17.8015","0.1782","17.1812","1.9439000000000002","False","12.086500000000001","17.9843","18.214100000000002","6.0267","23.828200000000002","8","1","1","False","0"
"23464","2135585588784","1846716319697","1846716466891","14.8584","14.7194","0.139","14.048","1.4498","False","18.1768","14.8976","12.086500000000001","3.2156000000000002","17.935000000000002","8","1","1","False","0"
"23464","2135585588784","1846716468281","1846716644961","17.8755","17.668","0.20750000000000002","19.5781","2.874","False","18.1977","17.807000000000002","18.1768","3.5854000000000004","21.253400000000003","8","1","1","False","0"
"23464","2135585588784","1846716647036","1846716803446","15.8176","15.641","0.1766","16.695","3.7216","False","18.203300000000002","15.848500000000001","18.1977","5.9346000000000005","21.5756","8","1","1","False","0"
"23464","2135585588784","1846716805212","1846716972896","16.9548","16.7684","0.1864","15.305800000000001","2.0704000000000002","False","12.1308","16.945","18.203300000000002","7.192900000000001","23.9613","8","1","1","False","0"
"23464","2135585588784","1846716974760","1846717130822","15.775400000000001","15.606200000000001","0.16920000000000002","15.7651","2.0523000000000002","False","18.1908","15.7926","12.1308","3.5311000000000003","19.1373","8","1","1","False","0"
"23464","2135585588784","1846717132514","1846717300297","16.9571","16.7783","0.17880000000000001","17.538700000000002","2.6431","False","24.210700000000003","16.9475","18.1908","4.7744","21.5527","8","1","1","False","0"
"23464","2135585588784","1846717302085","1846717515274","21.510099999999998","21.3189","0.1912","21.785400000000003","2.93","False","12.1197","21.497700000000002","24.210700000000003","7.4874","28.8063","8","1","1","False","0"
"23464","2135585588784","1846717517186","1846717637810","12.2499","12.0624","0.1875","10.962200000000001","1.6325","False","18.195700000000002","12.2536","12.1197","7.3535","19.4159","8","1","1","False","0"
"23464","2135585588784","1846717639685","1846717809307","17.1303","16.9622","0.1681","17.809900000000003","2.3093","False","12.123700000000001","17.1497","18.195700000000002","8.3995","25.361700000000003","8","1","1","False","0"
"23464","2135585588784","1846717810988","1846717980597","17.159000000000002","16.960900000000002","0.1981","16.4139","1.5708","False","18.1443","17.129","12.123700000000001","3.3942","20.3551","8","1","1","False","0"
"23464","2135585588784","1846717982578","1846718136877","15.6078","15.4299","0.1779","16.9453","2.9041","False","18.2189","15.628","18.1443","5.9105","21.340400000000002","8","1","1","False","0"
"23464","2135585588784","1846718138656","1846718310690","17.361700000000003","17.203400000000002","0.1583","17.2929","3.2084","False","12.0814","17.3813","18.2189","6.7481","23.951500000000003","8","1","1","False","0"
"23464","2135585588784","1846718312273","1846718467723","15.7116","15.545","0.1666","14.298300000000001","1.4161000000000001","False","24.2882","15.7033","12.0814","3.1262000000000003","18.671200000000002","8","1","1","False","0"
"23464","2135585588784","1846718469389","1846718650319","18.2642","18.093","0.17120000000000002","19.8931","3.0453","False","12.078700000000001","18.259600000000002","24.2882","9.1548","27.2478","8","1","1","False","0"
"23464","2135585588784","1846718652031","1846718800617","15.091000000000001","14.858600000000001","0.23240000000000002","15.1201","3.1151","False","18.2069","15.029800000000002","12.078700000000001","6.2037","21.0623","8","1","1","False","0"
"23464","2135585588784","1846718802941","1846718975873","17.464100000000002","17.293200000000002","0.1709","16.703","2.314","False","18.1695","17.5256","18.2069","6.885000000000001","24.1782","8","1","1","False","0"
"23464","2135585588784","1846718977582","1846719180361","20.648300000000003","20.277900000000002","0.3704","19.918400000000002","1.7775","False","12.1042","20.448800000000002","18.1695","4.605700000000001","24.8836","8","1","1","False","0"
"23464","2135585588784","1846719184065","1846719292537","11.028300000000002","10.8472","0.1811","11.459900000000001","2.0178000000000003","False","18.1781","11.217600000000001","12.1042","5.4923","16.3395","8","1","1","False","0"
"23464","2135585588784","1846719294348","1846719474847","18.250500000000002","18.0499","0.2006","19.1904","2.9576000000000002","False","18.211100000000002","18.231","18.1781","5.4394","23.4893","8","1","1","False","0"
"23464","2135585588784","1846719476853","1846719656665","18.239900000000002","17.9812","0.2587","18.2512","3.0451","False","18.2055","18.181800000000003","18.211100000000002","5.4687","23.4499","8","1","1","False","0"
"23464","2135585588784","1846719659252","1846719806948","14.9481","14.7696","0.17850000000000002","14.567400000000001","2.6018000000000003","False","12.0692","15.028300000000002","18.2055","8.645900000000001","23.4155","8","1","1","False","0"
"23464","2135585588784","1846719808733","1846719959797","15.233500000000001","15.1064","0.12710000000000002","14.6194","2.2448","False","18.1953","15.2849","12.0692","5.4302","20.5366","8","1","1","False","0"
"23464","2135585588784","1846719961068","1846720127341","16.8301","16.6273","0.2028","18.26","3.4169","False","18.2106","16.7544","18.1953","6.8711","23.4984","8","1","1","False","0"
"23464","2135585588784","1846720129369","1846720295335","16.773200000000003","16.596600000000002","0.1766","15.513900000000001","2.1496","False","12.0771","16.799400000000002","18.2106","8.282300000000001","24.8789","8","1","1","False","0"
"23464","2135585588784","1846720297101","1846720446420","15.104800000000001","14.9319","0.1729","14.909400000000002","1.9502000000000002","False","18.194300000000002","15.108500000000001","12.0771","5.250900000000001","20.1828","8","1","1","False","0"
"23464","2135585588784","1846720448149","1846720622890","17.6531","17.4741","0.17900000000000002","18.8717","3.1726","False","18.1945","17.647000000000002","18.194300000000002","5.7982000000000005","23.2723","8","1","1","False","0"
"23464","2135585588784","1846720624680","1846720778147","15.551","15.3467","0.2043","15.1562","2.7749","False","12.148200000000001","15.5257","18.1945","8.467","23.8137","8","1","1","False","0"
"23464","2135585588784","1846720780190","1846720946116","16.7625","16.5926","0.1699","15.917300000000001","1.9145","False","18.1341","16.7969","12.148200000000001","3.8183000000000002","20.4109","8","1","1","False","0"
"23464","2135585588784","1846720947815","1846721116084","16.999200000000002","16.826900000000002","0.1723","18.012900000000002","2.9264","False","18.183600000000002","16.9968","18.1341","4.9556000000000004","21.782500000000002","8","1","1","False","0"
"23464","2135585588784","1846721117807","1846721274701","15.876100000000001","15.689400000000001","0.1867","16.3947","3.4731","False","18.215","15.8617","18.183600000000002","7.277500000000001","22.966900000000003","8","1","1","False","0"
"23464","2135585588784","1846721276568","1846721449081","17.4674","17.2513","0.21610000000000001","16.8072","2.829","False","12.1562","17.438000000000002","18.215","8.0545","25.3058","8","1","1","False","0"
"23464","2135585588784","1846721451242","1846721611545","16.169900000000002","16.0303","0.1396","14.920900000000001","2.0084","False","18.169800000000002","16.2464","12.1562","3.9643","19.994600000000002","8","1","1","False","0"
"23464","2135585588784","1846721612941","1846721777130","16.5909","16.4189","0.17200000000000001","18.1751","3.1368","False","18.124000000000002","16.558500000000002","18.169800000000002","5.5756000000000006","21.994500000000002","8","1","1","False","0"
"23464","2135585588784","1846721778850","1846721941128","16.426900000000003","16.227800000000002","0.1991","16.7077","3.4217","False","18.185000000000002","16.3998","18.124000000000002","7.2998","23.5276","8","1","1","False","0"
"23464","2135585588784","1846721943119","1846722110215","16.889300000000002","16.709600000000002","0.1797","16.5596","3.0905","False","12.1705","16.9087","18.185000000000002","8.5761","25.285700000000002","8","1","1","False","0"
"23464","2135585588784","1846722112012","1846722277292","16.6962","16.528000000000002","0.16820000000000002","15.4078","1.7977","False","18.1326","16.7077","12.1705","4.0389","20.5669","8","1","1","False","0"
"23464","2135585588784","1846722278974","1846722454627","17.743000000000002","17.5653","0.1777","18.9056","2.9618","False","18.200300000000002","17.7335","18.1326","4.438000000000001","22.0033","8","1","1","False","0"
"23464","2135585588784","1846722456404","1846722606245","15.1826","14.984100000000002","0.1985","16.1222","3.9029000000000003","False","12.1706","15.161800000000001","18.200300000000002","7.476500000000001","22.4606","8","1","1","False","0"
"23464","2135585588784","1846722608230","1846722759440","15.3115","15.121","0.1905","14.4564","3.0304","False","18.1553","15.319500000000001","12.1706","4.3276","19.448600000000003","8","1","1","False","0"
"23464","2135585588784","1846722761345","1846722942111","18.2438","18.0766","0.16720000000000002","18.2197","3.0041","False","18.1827","18.2671","18.1553","4.2158","22.2924","8","1","1","False","0"
"23464","2135585588784","1846722943783","1846723103781","16.1898","15.9998","0.19","16.5517","3.3719","False","18.1689","16.167","18.1827","6.2315000000000005","22.2313","8","1","1","False","0"
"23464","2135585588784","1846723105681","1846723275435","17.1397","16.9754","0.1643","16.4358","2.9997000000000003","False","18.17","17.1654","18.1689","7.235","24.2104","8","1","1","False","0"
"23464","2135585588784","1846723277078","1846723438403","16.3022","16.1325","0.16970000000000002","16.7836","3.1591","False","12.1821","16.2968","18.17","9.1082","25.2407","8","1","1","False","0"
"23464","2135585588784","1846723440100","1846723607122","16.8683","16.7022","0.1661","15.5973","1.8825","False","18.0975","16.8719","12.1821","4.4184","21.1206","8","1","1","False","0"
"23464","2135585588784","1846723608783","1846723764895","15.8885","15.6112","0.2773","17.423000000000002","3.4451","False","18.181900000000002","15.7773","18.0975","6.7386","22.349800000000002","8","1","1","False","0"
"23464","2135585588784","1846723767668","1846723948451","18.2706","18.078300000000002","0.1923","18.206200000000003","3.3569","False","18.218400000000003","18.355600000000003","18.181900000000002","6.564900000000001","24.6432","8","1","1","False","0"
"23464","2135585588784","1846723950374","1846724108228","15.9677","15.785400000000001","0.18230000000000002","15.847800000000003","3.2511","False","12.1445","15.9777","18.218400000000003","8.8056","24.591","8","1","1","False","0"
"23464","2135585588784","1846724110051","1846724268354","15.995700000000001","15.830300000000001","0.16540000000000002","14.761700000000001","1.9867000000000001","False","18.125600000000002","16.0126","12.1445","4.9375","20.7678","8","1","1","False","0"
"23464","2135585588784","1846724270008","1846724442440","17.4325","17.2432","0.1893","18.5026","3.0729","False","18.2386","17.4086","18.125600000000002","5.6545000000000005","22.8977","8","1","1","False","0"
"23464","2135585588784","1846724444333","1846724607941","16.5367","16.3608","0.1759","16.619","3.1623","False","18.1208","16.5501","18.2386","7.343","23.7038","8","1","1","False","0"
"23464","2135585588784","1846724609700","1846724780567","17.2715","17.0867","0.18480000000000002","20.168400000000002","6.056500000000001","False","12.122","17.2626","18.1208","8.2012","25.2879","8","1","1","False","0"
"23464","2135585588784","1846724782415","1846724946685","16.5641","16.427","0.1371","13.177300000000002","2.96","False","18.2257","16.611800000000002","12.122","3.7114000000000003","20.1384","8","1","1","False","0"
"23464","2135585588784","1846724948056","1846725110751","16.4614","16.2695","0.19190000000000002","16.9601","3.1518","False","18.1375","16.4066","18.2257","5.5305","21.8","8","1","1","False","0"
"23464","2135585588784","1846725112670","1846725279117","16.8229","16.6447","0.1782","17.2967","3.6441000000000003","False","18.1841","16.8366","18.1375","6.8314","23.476100000000002","8","1","1","False","0"
"23464","2135585588784","1846725280899","1846725440155","16.11","15.925600000000001","0.1844","15.3787","2.9238","False","12.126900000000001","16.1038","18.1841","8.9117","24.837300000000003","8","1","1","False","0"
"23464","2135585588784","1846725441999","1846725618903","17.8591","17.6904","0.16870000000000002","17.1658","2.2151","False","18.175700000000003","17.8748","12.126900000000001","3.1638","20.854200000000002","8","1","1","False","0"
"23464","2135585588784","1846725620590","1846725777635","15.8946","15.704500000000001","0.19010000000000002","16.686500000000002","3.008","False","18.1823","15.8732","18.175700000000003","5.4663","21.1708","8","1","1","False","0"
"23464","2135585588784","1846725779536","1846725945862","16.8256","16.6326","0.193","17.0165","3.2126","False","18.1847","16.8227","18.1823","6.825900000000001","23.4585","8","1","1","False","0"
"23464","2135585588784","1846725947792","1846726114446","16.855800000000002","16.6654","0.1904","16.8629","3.2137000000000002","False","242.41760000000002","16.8584","18.1847","8.1522","24.817600000000002","8","1","1","False","0"
"23464","2135585588784","1846726116350","1846728562834","244.8441","244.6484","0.1957","244.28130000000002","2.6430000000000002","False","6.0595","244.83880000000002","242.41760000000002","5.731","250.3794","8","1","1","False","0"
"23464","2135585588784","1846728564791","1846728622455","5.887","5.7664","0.1206","5.2115","1.9216000000000002","False","90.9246","5.9621","6.0595","5.8284","11.594800000000001","8","1","1","False","0"
"23464","2135585588784","1846728623661","1846729507976","88.663","88.4315","0.2315","88.99090000000001","2.3173","False","12.1018","88.55210000000001","90.9246","8.2009","96.6324","8","1","1","False","0"
"23464","2135585588784","1846729510291","1846729689586","18.1078","17.9295","0.17830000000000001","17.2268","1.4116","False","12.130500000000001","18.161","12.1018","2.1417","20.0712","8","1","1","False","0"
"23464","2135585588784","1846729691369","1846729770690","8.0581","7.9321","0.126","9.0541","1.7074","False","6.0658","8.1104","12.130500000000001","6.1618","14.093900000000001","8","1","1","False","0"
"23464","2135585588784","1846729771950","1846729839740","7.0416","6.779","0.2626","5.7387000000000015","1.2193","False","18.1614","6.905","6.0658","5.3226","12.101600000000001","8","1","1","False","0"
