"ProcessId","SwapChain","CpuStartQpc","PresentStartQpc","CpuFrameMs","CpuBusyMs","CpuWaitMs","GpuTimeMs","GpuBusyMs","Dropped","DisplayedMs","BetweenPresentsMs","BetweenDisplayChangesMs","UntilDisplayedMs","DisplayLatencyMs","PresentMode","PresentRuntime","SyncInterval","AllowsTearing","FrameType"
"11480","2017220847104","1829829898288","1829830038192","14.0957","13.990400000000001","0.1053","12.196200000000001","0.5453","True","NaN","14.2627","NaN","NaN","NaN","4","1","1","False","0"
"11480","2017220847104","1829830039245","1829830076983","3.9263","3.7738","0.1525","0.1259","0.1213","True","NaN","3.8791","NaN","NaN","NaN","4","1","1","False","0"
"11480","2017220847104","1829830078508","1829832717052","264.0029","263.8544","0.14850000000000002","0.2351","0.2303","True","NaN","264.00690000000003","NaN","NaN","NaN","4","1","1","False","0"
"11480","2017220847104","1829832718537","1829835231138","251.44200000000004","251.26010000000002","0.1819","0.47640000000000005","0.2701","True","NaN","251.4086","NaN","NaN","NaN","4","1","1","False","0"
"11480","2017220847104","1829835232957","1829829858512","0.096","0","0.096","0.18480000000000002","0.1811","True","NaN","0","NaN","NaN","NaN","4","1","1","False","0"
"11480","2017220847104","1829829859472","1829840616981","1076.0075","1075.7509","0.2566","0.2305","0.2268","False","533.3288","1075.8469","NaN","12.425","1088.1759","4","1","1","False","0"
"11480","2017220847104","1829840619547","1829846004588","538.679","538.5041","0.1749","0.3457","0.2442","False","545.5417","538.7607","533.3288","6.9931","545.4972","4","1","1","False","0"
"11480","2017220847104","1829846006337","1829851411618","540.6996","540.5281","0.1715","0.48040000000000005","0.45640000000000003","False","533.2439","540.703","545.5417","11.831800000000001","552.3599","4","1","1","False","0"
"11480","2017220847104","1829851413333","1829856745164","533.3795000000001","533.1831000000001","0.19640000000000002","0.5630000000000001","0.5485","False","545.4547","533.3546","533.2439","11.7211","544.9042000000001","4","1","1","False","0"
"11480","2017220847104","1829856747128","1829862200688","545.5244","545.356","0.16840000000000002","0.34900000000000003","0.24020000000000002","False","496.9841","545.5524","545.4547","11.6234","556.9794","4","1","1","False","0"
"11480","2017220847104","1829862202372","1829867163703","496.29400000000004","496.1331","0.16090000000000002","0.39680000000000004","0.2661","False","6.0536","496.30150000000003","496.9841","12.306000000000001","508.4391","4","1","1","False","0"
"11480","2017220847104","1829867165312","1829867228447","6.6482","6.3135","0.3347","0.3889","0.3889","False","6.0582","6.4744","6.0536","11.885200000000001","18.198700000000002","4","1","1","False","0"
"11480","2017220847104","1829867231794","1829867289832","6.0248","5.8038","0.221","6.0761","0.38620000000000004","False","1424.258","6.1385000000000005","6.0582","11.8049","17.608700000000002","4","1","1","False","0"
"11480","2017220847104","1829867292042","1829881572875","1428.2306","1428.0833","0.14730000000000001","1.595","1.595","False","545.4291000000001","1428.3043","1424.258","7.7586","1435.8419000000001","4","1","1","False","0"
"11480","2017220847104","1829881574348","1829886986906","541.3948","541.2558","0.139","540.5184","0.6991","False","533.3289","541.4031","545.4291000000001","11.784600000000001","553.0404","4","1","1","False","0"
"11480","2017220847104","1829886988296","1829892320718","533.4543","533.2422","0.2121","0.6066","0.5631","False","551.5304","533.3812","533.3289","11.7323","544.9745","4","1","1","False","0"
"11480","2017220847104","1829892322839","1829897862774","554.1558","553.9935","0.1623","0.8119000000000001","0.7987000000000001","False","533.3247","554.2056","551.5304","9.0571","563.0506","4","1","1","False","0"
"11480","2017220847104","1829897864397","1829903168987","530.6183000000001","530.4590000000001","0.1593","1.137","1.1339000000000001","False","539.3932","530.6213","533.3247","11.7605","542.2195","4","1","1","False","0"
"11480","2017220847104","1829903170580","1829908563220","539.4306","539.264","0.1666","1.1997","1.1959","False","539.3796","539.4233","539.3932","11.730400000000001","550.9944","4","1","1","False","0"
"11480","2017220847104","1829908564886","1829913957712","539.4383","539.2826","0.1557","1.4948000000000001","1.4915","False","551.5131","539.4492","539.3796","11.6608","550.9434","4","1","1","False","0"
"11480","2017220847104","1829913959269","1829919516341","555.8760000000001","555.7072000000001","0.1688","0.3563","0.248","False","139.3925","555.8629000000001","551.5131","7.311","563.0182","4","1","1","False","0"
"11480","2017220847104","1829919518029","1829920912380","139.7013","139.4351","0.2662","0.4237","0.21780000000000002","False","6.068300000000001","139.6039","139.3925","7.099600000000001","146.53470000000002","4","1","1","False","0"
"11480","2017220847104","1829920915042","1829920933496","2.0596","1.8454000000000002","0.2142","0.3904","0.16440000000000002","False","6.0806000000000004","2.1116","6.068300000000001","11.0563","12.9017","4","1","1","False","0"
"11480","2017220847104","1829920935638","1829920987594","5.355900000000001","5.195600000000001","0.1603","0.9266000000000001","0.39130000000000004","False","1321.2060000000001","5.409800000000001","6.0806000000000004","11.7271","16.922700000000003","4","1","1","False","0"
"11480","2017220847104","1829920989197","1829934243973","1325.6716000000001","1325.4776000000002","0.194","0.6295000000000001","0.40440000000000004","False","539.3794","1325.6379000000002","1321.2060000000001","7.2952","1332.7728","4","1","1","False","0"
"11480","2017220847104","1829934245913","1829939592979","534.8539","534.7066","0.14730000000000001","0.3387","0.2386","False","545.4861000000001","534.9006","539.3794","11.774000000000001","546.4806","4","1","1","False","0"
"11480","2017220847104","1829939594452","1829945048294","545.5397","545.3842000000001","0.1555","1.171","1.1675","False","539.3918","545.5315","545.4861000000001","11.7286","557.1128","4","1","1","False","0"
"11480","2017220847104","1829945049849","1829950442987","539.498","539.3138","0.1842","0.8809","0.8493","False","539.3945","539.4693","539.3918","11.651100000000001","550.9649000000001","4","1","1","False","0"
"11480","2017220847104","1829950444829","1829955836718","539.3681","539.1889","0.1792","1.1025","1.0984","False","406.03340000000003","539.3731","539.3945","11.672500000000001","550.8614","4","1","1","False","0"
"11480","2017220847104","1829955838510","1829959916595","407.9422","407.80850000000004","0.1337","1.4491","1.4425000000000001","False","12727.2299","407.9877","406.03340000000003","9.718200000000001","417.5267","4","1","1","False","0"
"11480","2017220847104","1829959917932","1830087178358","12726.2657","12726.0426","0.22310000000000002","12725.8436","5.2255","False","30.387","12726.176300000001","12727.2299","10.7718","12736.814400000001","4","1","1","False","0"
"11480","2017220847104","1830087180589","1830087458778","28.084200000000003","27.818900000000003","0.26530000000000004","25.805200000000003","3.3256","False","36.2915","28.042","30.387","13.116800000000001","40.935700000000004","4","1","1","False","0"
"11480","2017220847104","1830087461431","1830087856123","39.673700000000004","39.4692","0.20450000000000002","34.6777","2.5727","False","48.479800000000004","39.734500000000004","36.2915","9.6738","49.143","4","1","1","False","0"
"11480","2017220847104","1830087858168","1830088350058","49.4657","49.189","0.2767","48.026700000000005","2.7041","False","18.1675","49.3935","48.479800000000004","8.7601","57.9491","4","1","1","False","0"
"11480","2017220847104","1830088352825","1830088495425","14.4532","14.260000000000002","0.1932","13.9024","2.6053","False","42.4471","14.536700000000002","18.1675","12.3909","26.6509","4","1","1","False","0"
"11480","2017220847104","1830088497357","1830088945471","44.9969","44.8114","0.1855","40.8543","2.7495000000000003","False","42.4326","45.0046","42.4471","9.833400000000001","54.644800000000004","4","1","1","False","0"
"11480","2017220847104","1830088947326","1830089367205","42.254400000000004","41.9879","0.2665","40.756","2.7899000000000003","False","24.2239","42.1734","42.4326","10.092600000000001","52.0805","4","1","1","False","0"
"11480","2017220847104","1830089369870","1830089630344","26.2497","26.0474","0.2023","1.4488","1.4451","False","24.3057","26.3139","24.2239","8.002600000000001","34.050000000000004","4","1","1","False","0"
"11480","2017220847104","1830089632367","1830089846814","21.636300000000002","21.4447","0.19160000000000002","22.619300000000003","3.3792","False","36.3224","21.647000000000002","24.3057","10.6613","32.106","4","1","1","False","0"
"11480","2017220847104","1830089848730","1830090227761","38.086800000000004","37.9031","0.1837","35.5238","2.499","False","24.2328","38.0947","36.3224","8.889000000000001","46.792100000000005","4","1","1","False","0"
"11480","2017220847104","1830090229598","1830090478941","25.1208","24.9343","0.1865","23.9147","2.5168","False","24.2426","25.118000000000002","24.2328","8.0038","32.9381","4","1","1","False","0"
"11480","2017220847104","1830090480806","1830090664006","18.5732","18.32","0.25320000000000004","18.9362","2.7991","False","12.1029","18.506500000000003","24.2426","13.7399","32.0599","4","1","1","False","0"
"11480","2017220847104","1830090666538","1830090823693","15.873800000000001","15.7155","0.1583","1.7386000000000001","1.7342000000000002","False","30.3201","15.9687","12.1029","9.8741","25.5896","4","1","1","False","0"
"11480","2017220847104","1830090825276","1830091102487","27.9354","27.7211","0.21430000000000002","26.1141","2.6048","False","24.2465","27.8794","30.3201","12.3148","40.035900000000005","4","1","1","False","0"
"11480","2017220847104","1830091104630","1830091377885","27.509200000000003","27.3255","0.1837","23.2832","2.5217","False","30.3044","27.5398","24.2465","9.0215","36.347","4","1","1","False","0"
"11480","2017220847104","1830091379722","1830091636088","25.9085","25.6366","0.27190000000000003","24.948700000000002","2.4958","False","30.3061","25.8203","30.3044","13.505600000000001","39.1422","4","1","1","False","0"
"11480","2017220847104","1830091638807","1830091952937","31.6721","31.413","0.2591","26.3636","2.6298","False","30.3057","31.684900000000003","30.3061","12.126800000000001","43.5398","4","1","1","False","0"
"11480","2017220847104","1830091955528","1830092271364","31.793400000000002","31.5836","0.20980000000000001","27.7088","2.5641000000000003","False","30.3019","31.8427","30.3057","10.5898","42.1734","4","1","1","False","0"
"11480","2017220847104","1830092273462","1830092561039","28.9911","28.7577","0.23340000000000002","26.021700000000003","2.6021","False","30.3018","28.9675","30.3019","11.9242","40.6819","4","1","1","False","0"
"11480","2017220847104","1830092563373","1830092862865","30.196","29.9492","0.24680000000000002","26.4448","2.7926","False","24.2312","30.1826","30.3018","12.0434","41.9926","4","1","1","False","0"
"11480","2017220847104","1830092865333","1830093111777","24.8743","24.6444","0.22990000000000002","21.3746","2.9499","False","24.2637","24.8912","24.2312","11.3834","36.0278","4","1","1","False","0"
"11480","2017220847104","1830093114076","1830093366828","25.4542","25.2752","0.17900000000000002","22.698600000000003","2.9948","False","24.229100000000003","25.505100000000002","24.2637","10.142000000000001","35.4172","4","1","1","False","0"
"11480","2017220847104","1830093368618","1830093587116","22.107000000000003","21.849800000000002","0.25720000000000004","1.9746000000000001","1.9707000000000001","False","18.1541","22.0288","24.229100000000003","12.3423","34.1921","4","1","1","False","0"
"11480","2017220847104","1830093589688","1830093789484","20.1907","19.9796","0.2111","1.9500000000000002","1.9331","False","30.334100000000003","20.236800000000002","18.1541","10.2596","30.2392","4","1","1","False","0"
"11480","2017220847104","1830093791595","1830094082963","29.3639","29.1368","0.22710000000000002","27.3835","5.6634","False","30.2862","29.347900000000003","30.334100000000003","11.245800000000001","40.382600000000004","4","1","1","False","0"
"11480","2017220847104","1830094085234","1830094364335","28.127299999999998","27.9101","0.2172","24.966800000000003","2.966","False","30.3087","28.1372","30.2862","13.3948","41.3049","4","1","1","False","0"
"11480","2017220847104","1830094366507","1830094671514","30.7584","30.500700000000002","0.2577","25.863200000000003","4.4554","False","60.6161","30.7179","30.3087","12.9856","43.4863","4","1","1","False","0"
"11480","2017220847104","1830094674091","1830095310491","63.9611","63.64","0.3211","56.3142","2.8855","False","30.286","63.8977","60.6161","9.704","73.34400000000001","4","1","1","False","0"
"11480","2017220847104","1830095313702","1830095581519","27.0169","26.7817","0.23520000000000002","25.982300000000002","2.9501","False","18.1877","27.102800000000002","30.286","12.8872","39.6689","4","1","1","False","0"
"11480","2017220847104","1830095583871","1830095817547","23.5713","23.3676","0.20370000000000002","1.5961","1.5926","False","30.285500000000003","23.602800000000002","18.1877","7.4721","30.8397","4","1","1","False","0"
"11480","2017220847104","1830095819584","1830096079323","26.1751","25.9739","0.20120000000000002","27.0377","2.9281","False","24.273200000000003","26.1776","30.285500000000003","11.58","37.5539","4","1","1","False","0"
"11480","2017220847104","1830096081335","1830096348288","26.891","26.6953","0.1957","1.9403000000000001","1.9355","False","24.211100000000002","26.8965","24.273200000000003","8.9567","35.652","4","1","1","False","0"
"11480","2017220847104","1830096350245","1830096555339","20.7152","20.5094","0.2058","2.1504000000000003","2.1465","False","30.3305","20.7051","24.211100000000002","12.4627","32.972100000000005","4","1","1","False","0"
"11480","2017220847104","1830096557397","1830096850823","29.5665","29.3426","0.22390000000000002","2.7059","2.702","False","24.2483","29.5484","30.3305","13.244800000000001","42.5874","4","1","1","False","0"
"11480","2017220847104","1830096853062","1830097111022","25.9766","25.796000000000003","0.1806","21.2257","2.9815","False","36.358000000000004","26.0199","24.2483","11.4732","37.269200000000005","4","1","1","False","0"
"11480","2017220847104","1830097112828","1830097425435","31.4658","31.2607","0.2051","30.840700000000002","5.3053","False","36.363800000000005","31.441300000000002","36.358000000000004","16.3899","47.650600000000004","4","1","1","False","0"
"11480","2017220847104","1830097427486","1830097837919","41.214600000000004","41.0433","0.1713","34.536","4.199800000000001","False","36.3584","41.248400000000004","36.363800000000005","11.5053","52.5486","4","1","1","False","0"
"11480","2017220847104","1830097839632","1830098210025","37.3209","37.039300000000004","0.2816","26.885400000000004","3.3239","False","42.427800000000005","37.2106","36.3584","10.6531","47.6924","4","1","1","False","0"
"11480","2017220847104","1830098212841","1830098629585","41.849","41.6744","0.1746","33.1477","5.762700000000001","False","42.4138","41.956","42.427800000000005","11.1249","52.7993","4","1","1","False","0"
"11480","2017220847104","1830098631331","1830099032472","40.2734","40.1141","0.1593","31.912100000000002","5.3838","False","36.364200000000004","40.2887","42.4138","13.25","53.3641","4","1","1","False","0"
"11480","2017220847104","1830099034065","1830099392456","36.0236","35.8391","0.1845","27.1967","2.8169","False","24.248","35.998400000000004","36.364200000000004","13.6158","49.4549","4","1","1","False","0"
"11480","2017220847104","1830099394301","1830099683206","29.122000000000003","28.890500000000003","0.2315","1.663","1.6559000000000001","False","30.299400000000002","29.075000000000003","24.248","8.7888","37.679300000000005","4","1","1","False","0"
"11480","2017220847104","1830099685521","1830099944419","26.133200000000002","25.8898","0.2434","26.3781","3.1736","False","30.2988","26.1213","30.299400000000002","12.9669","38.856700000000004","4","1","1","False","0"
"11480","2017220847104","1830099946853","1830100240220","29.6183","29.3367","0.2816","25.6496","3.5121","False","36.3649","29.5801","30.2988","13.6856","43.0223","4","1","1","False","0"
"11480","2017220847104","1830100243036","1830100636390","39.5592","39.3354","0.2238","15.3735","4.3984000000000005","False","18.1919","39.617000000000004","36.3649","10.4335","49.7689","4","1","1","False","0"
"11480","2017220847104","1830100638628","1830100794080","15.753000000000002","15.545200000000001","0.2078","1.8649","1.8606","False","30.3059","15.769","18.1919","12.8564","28.401600000000002","4","1","1","False","0"
"11480","2017220847104","1830100796158","1830101124387","33.151900000000005","32.822900000000004","0.329","28.858","3.4362000000000004","False","30.299400000000002","33.0307","30.3059","10.1316","42.9545","4","1","1","False","0"
"11480","2017220847104","1830101127677","1830101381377","25.602500000000003","25.37","0.2325","24.3943","3.2793","False","18.1829","25.699","30.299400000000002","14.732000000000001","40.102000000000004","4","1","1","False","0"
"11480","2017220847104","1830101383702","1830101616827","23.5871","23.3125","0.2746","17.3118","3.0082","False","30.2942","23.545","18.1829","9.369900000000001","32.6824","4","1","1","False","0"
"11480","2017220847104","1830101619573","1830101893858","27.7489","27.4285","0.3204","27.0299","3.0965000000000003","False","24.2744","27.703100000000003","30.2942","11.961","39.389500000000005","4","1","1","False","0"
"11480","2017220847104","1830101897062","1830102115278","22.1113","21.8216","0.2897","19.1234","3.4525","False","18.129","22.142","24.2744","14.0934","35.915","4","1","1","False","0"
"11480","2017220847104","1830102118175","1830102331721","21.6157","21.3546","0.2611","2.0707","2.0668","False","24.2498","21.6443","18.129","10.578100000000001","31.9327","4","1","1","False","0"
"11480","2017220847104","1830102334332","1830102571469","23.945600000000002","23.713700000000003","0.23190000000000002","1.9808000000000001","1.977","False","18.2","23.974800000000002","24.2498","10.853100000000001","34.5668","4","1","1","False","0"
"11480","2017220847104","1830102573788","1830102764358","19.2067","19.057000000000002","0.1497","2.1504000000000003","2.1459","False","24.242","19.2889","18.2","9.7642","28.8212","4","1","1","False","0"
"11480","2017220847104","1830102765855","1830103006843","24.477800000000002","24.0988","0.379","23.348200000000002","3.5059","False","24.2328","24.2485","24.242","9.7577","33.856500000000004","4","1","1","False","0"
"11480","2017220847104","1830103010633","1830103239068","23.072300000000002","22.843500000000002","0.2288","1.7768000000000002","1.7724","False","24.2417","23.2225","24.2328","10.768","33.6115","4","1","1","False","0"
"11480","2017220847104","1830103241356","1830103435332","19.6124","19.3976","0.21480000000000002","4.6512","4.6450000000000005","False","18.2533","19.6264","24.2417","15.3833","34.7809","4","1","1","False","0"
"11480","2017220847104","1830103437480","1830103648578","21.3579","21.1098","0.24810000000000001","1.9324000000000001","1.9279000000000002","False","24.162300000000002","21.3246","18.2533","12.312000000000001","33.421800000000005","4","1","1","False","0"
"11480","2017220847104","1830103651059","1830103822026","17.282300000000003","17.096700000000002","0.18560000000000001","1.8285","1.8234000000000001","False","12.1452","17.3448","24.162300000000002","19.1295","36.2262","4","1","1","False","0"
"11480","2017220847104","1830103823882","1830104008136","18.5471","18.4254","0.1217","2.0935","2.0878","False","18.1538","18.611","12.1452","12.6637","31.089100000000002","4","1","1","False","0"
"11480","2017220847104","1830104009353","1830104192680","18.5338","18.3327","0.2011","2.0146","2.0105","False","6.0513","18.4544","18.1538","12.363100000000001","30.695800000000002","4","1","1","False","0"
"11480","2017220847104","1830104194691","1830104312679","11.9807","11.7988","0.1819","2.2382","2.2346","False","24.2783","11.9999","6.0513","6.4145","18.2133","4","1","1","False","0"
"11480","2017220847104","1830104314498","1830104508169","19.566200000000002","19.3671","0.1991","20.5672","3.3429","False","18.1717","19.549","24.2783","11.1438","30.510900000000003","4","1","1","False","0"
"11480","2017220847104","1830104510160","1830104693720","18.5497","18.356","0.1937","16.465600000000002","3.5562","False","18.187900000000003","18.5551","18.1717","10.7604","29.116400000000002","4","1","1","False","0"
"11480","2017220847104","1830104695657","1830104865038","17.185900000000004","16.938100000000002","0.24780000000000002","15.0729","3.1803000000000003","False","18.1787","17.131800000000002","18.187900000000003","11.816500000000001","28.7546","4","1","1","False","0"
"11480","2017220847104","1830104867516","1830105046434","18.1215","17.8918","0.22970000000000002","15.3582","3.9692000000000003","False","18.1888","18.1396","18.1787","11.8556","29.747400000000003","4","1","1","False","0"
"11480","2017220847104","1830105048731","1830105227342","18.0989","17.8611","0.2378","15.008199999999999","3.2168","False","18.1899","18.0908","18.1888","11.9536","29.814700000000002","4","1","1","False","0"
"11480","2017220847104","1830105229720","1830105389734","16.185100000000002","16.0014","0.1837","12.965","3.1724","False","18.1883","16.2392","18.1899","13.904300000000001","29.905700000000003","4","1","1","False","0"
"11480","2017220847104","1830105391571","1830105570763","18.1264","17.9192","0.20720000000000002","13.052399999999999","3.3662","False","18.163","18.1029","18.1883","13.989700000000001","31.908900000000003","4","1","1","False","0"
"11480","2017220847104","1830105572835","1830105776441","20.574","20.3606","0.2134","15.3924","3.3039","False","30.2695","20.567800000000002","18.163","11.584900000000001","31.945500000000003","4","1","1","False","0"
"11480","2017220847104","1830105778575","1830106042797","26.6603","26.4222","0.2381","24.5346","3.964","False","12.1508","26.6356","30.2695","15.2188","41.641000000000005","4","1","1","False","0"
"11480","2017220847104","1830106045178","1830106191616","14.844100000000001","14.6438","0.2003","2.1911","2.1879","False","12.132000000000001","14.8819","12.1508","12.4877","27.131500000000003","4","1","1","False","0"
"11480","2017220847104","1830106193619","1830106360212","16.814","16.6593","0.1547","1.9478000000000002","1.9442000000000002","False","18.1797","16.8596","12.132000000000001","7.7601","24.4194","4","1","1","False","0"
"11480","2017220847104","1830106361759","1830106479254","11.950000000000001","11.749500000000001","0.2005","13.241800000000001","3.3396000000000003","False","18.1886","11.904200000000001","18.1797","14.0356","25.7851","4","1","1","False","0"
"11480","2017220847104","1830106481259","1830106695252","21.59","21.3993","0.1907","2.12","2.1153","False","18.174","21.599800000000002","18.1886","10.6244","32.0237","4","1","1","False","0"
"11480","2017220847104","1830106697159","1830106891565","19.7663","19.4406","0.3257","17.8383","3.3266","False","18.1587","19.6313","18.174","9.1671","28.6077","4","1","1","False","0"
"11480","2017220847104","1830106894822","1830107039903","14.7234","14.5081","0.21530000000000002","3.3429","3.3387000000000002","False","6.097700000000001","14.8338","18.1587","12.492","27.0001","4","1","1","False","0"
"11480","2017220847104","1830107042056","1830107141886","10.1255","9.983","0.14250000000000002","1.6315000000000002","1.6274000000000002","False","24.224800000000002","10.1983","6.097700000000001","8.3914","18.3744","4","1","1","False","0"
"11480","2017220847104","1830107143311","1830107347206","20.6705","20.3895","0.281","20.9754","3.2918000000000003","False","12.1288","20.532","24.224800000000002","12.084200000000001","32.4737","4","1","1","False","0"
"11480","2017220847104","1830107350016","1830107494426","14.6378","14.441","0.1968","2.1691000000000003","2.1501","False","24.233800000000002","14.722000000000001","12.1288","9.491","23.932000000000002","4","1","1","False","0"
"11480","2017220847104","1830107496394","1830107680192","18.682","18.3798","0.3022","18.1357","3.5534000000000003","False","6.0642000000000005","18.576600000000003","24.233800000000002","15.148200000000001","33.528","4","1","1","False","0"
"11480","2017220847104","1830107683214","1830107801097","11.930900000000001","11.788300000000001","0.1426","1.8795000000000002","1.8733000000000002","False","18.1602","12.0905","6.0642000000000005","9.1219","20.9102","4","1","1","False","0"
"11480","2017220847104","1830107802523","1830107963182","16.288","16.0659","0.22210000000000002","1.8211000000000002","1.8163","False","12.1254","16.2085","18.1602","11.0736","27.1395","4","1","1","False","0"
"11480","2017220847104","1830107965403","1830108068499","10.449399999999999","10.3096","0.1398","2.1515","2.1312","False","12.1392","10.5317","12.1254","12.667300000000001","22.9769","4","1","1","False","0"
"11480","2017220847104","1830108069897","1830108219038","15.078000000000001","14.914100000000001","0.16390000000000002","1.8954000000000002","1.8799000000000001","False","18.1672","15.0539","12.1392","9.752600000000001","24.666700000000002","4","1","1","False","0"
"11480","2017220847104","1830108220677","1830108359871","14.180800000000001","13.919400000000001","0.2614","13.4893","3.6167000000000002","False","12.1278","14.083300000000001","18.1672","13.836500000000001","27.7559","4","1","1","False","0"
"11480","2017220847104","1830108362485","1830108511788","15.1317","14.9303","0.20140000000000002","2.1910000000000003","2.1672000000000002","False","12.122300000000001","15.1917","12.1278","10.7726","25.7029","4","1","1","False","0"
"11480","2017220847104","1830108513802","1830108638612","12.7034","12.481","0.22240000000000001","4.2046","4.1873000000000005","False","12.113800000000001","12.682400000000001","12.122300000000001","10.2125","22.6935","4","1","1","False","0"
"11480","2017220847104","1830108640836","1830108783437","14.445900000000002","14.260100000000001","0.18580000000000002","2.0646","2.0614","False","18.1919","14.4825","12.113800000000001","7.843800000000001","22.1039","4","1","1","False","0"
"11480","2017220847104","1830108785295","1830108951673","16.916500000000003","16.637800000000002","0.2787","17.5623","2.6361000000000003","False","18.215500000000002","16.823600000000003","18.1919","9.212100000000001","25.8499","4","1","1","False","0"
"11480","2017220847104","1830108954460","1830109102166","15.0645","14.7706","0.2939","2.1601","2.1556","False","12.0715","15.0493","18.215500000000002","12.378300000000001","27.1489","4","1","1","False","0"
"11480","2017220847104","1830109105105","1830109210183","10.647100000000002","10.507800000000001","0.1393","1.8462","1.8435000000000001","False","12.136000000000001","10.8017","12.0715","13.648100000000001","24.155900000000003","4","1","1","False","0"
"11480","2017220847104","1830109211576","1830109357348","14.768400000000002","14.577200000000001","0.1912","1.8774000000000002","1.8744","False","12.117700000000001","14.7165","12.136000000000001","11.0676","25.6448","4","1","1","False","0"
"11480","2017220847104","1830109359260","1830109497428","13.995600000000001","13.8168","0.17880000000000001","2.0636","2.0587","False","18.173000000000002","14.008000000000001","12.117700000000001","9.1773","22.9941","4","1","1","False","0"
"11480","2017220847104","1830109499216","1830109638767","14.1552","13.9551","0.2001","1.8209000000000002","1.8034000000000001","False","12.1073","14.1339","18.173000000000002","13.2164","27.1715","4","1","1","False","0"
"11480","2017220847104","1830109640768","1830109778337","13.941","13.7569","0.1841","1.8707","1.8675000000000002","False","24.2725","13.957","12.1073","11.3667","25.1236","4","1","1","False","0"
"11480","2017220847104","1830109780178","1830109940955","16.3253","16.0777","0.24760000000000001","2.2471","2.2414","False","6.0555","16.2618","24.2725","19.3774","35.4551","4","1","1","False","0"
"11480","2017220847104","1830109943431","1830110081591","14.0492","13.816","0.23320000000000002","2.3896","2.3373","False","12.1598","14.063600000000001","6.0555","11.3693","25.1853","4","1","1","False","0"
"11480","2017220847104","1830110083923","1830110195334","11.2746","11.1411","0.1335","2.2532","2.2494","False","48.4731","11.3743","12.1598","12.1548","23.2959","4","1","1","False","0"
"11480","2017220847104","1830110196669","1830110350248","15.529800000000002","15.3579","0.1719","2.1663","2.1608","True","NaN","15.4914","NaN","NaN","NaN","4","1","1","False","0"
"11480","2017220847104","1830110351967","1830110489996","13.9989","13.802900000000001","0.196","1.8727","1.8667","True","NaN","13.9748","NaN","NaN","NaN","4","1","1","False","0"
"11480","2017220847104","1830110491956","1830110609880","12.014100000000001","11.7924","0.2217","1.7638","1.7588000000000001","True","NaN","11.9884","NaN","NaN","NaN","4","1","1","False","0"
"11480","2017220847104","1830110612097","1830110759015","14.997200000000001","14.6918","0.3054","1.7749000000000001","1.7703","False","18.1746","14.9135","48.4731","4.2598","18.951600000000003","8","1","1","False","0"
"11480","2017220847104","1830110762069","1830110915924","15.875300000000001","15.3855","0.4898","16.3241","2.4289","False","18.1909","15.690900000000001","18.1746","6.7435","22.129","8","1","1","False","0"
"11480","2017220847104","1830110920822","1830111097408","18.3928","17.6586","0.7342000000000001","18.3286","2.6094","False","6.0423","18.148400000000002","18.1909","6.7860000000000005","24.4446","8","1","1","False","0"
"11480","2017220847104","1830111104750","1830111199468","9.6601","9.4718","0.1883","9.377600000000001","1.8281","False","18.1976","10.206000000000001","6.0423","2.6223","12.094100000000001","8","1","1","False","0"
"11480","2017220847104","1830111201351","1830111340871","14.3937","13.952","0.44170000000000004","14.9428","2.6054","False","12.142800000000001","14.1403","18.1976","6.679600000000001","20.631600000000002","8","1","1","False","0"
"11480","2017220847104","1830111345288","1830111460329","11.765300000000002","11.504100000000001","0.2612","11.8595","2.5035000000000003","False","12.1151","11.9458","12.142800000000001","6.876600000000001","18.3807","8","1","1","False","0"
"11480","2017220847104","1830111462941","1830111600586","13.9496","13.7645","0.18510000000000001","13.4094","1.9341000000000002","False","24.2295","14.0257","12.1151","4.966","18.7305","8","1","1","False","0"
"11480","2017220847104","1830111602437","1830111798997","20.011100000000003","19.656000000000002","0.3551","21.229300000000002","3.1285000000000003","False","12.135900000000001","19.8411","24.2295","9.3544","29.0104","8","1","1","False","0"
"11480","2017220847104","1830111802548","1830111938461","13.908900000000001","13.5913","0.3176","12.8946","2.1959","False","18.185000000000002","13.9464","12.135900000000001","7.543900000000001","21.1352","8","1","1","False","0"
"11480","2017220847104","1830111941637","1830112121751","18.280700000000003","18.011400000000002","0.26930000000000004","18.6562","2.5571","False","18.1733","18.329","18.185000000000002","7.399900000000001","25.4113","8","1","1","False","0"
"11480","2017220847104","1830112124444","1830112300215","17.8529","17.5771","0.2758","17.3469","2.0396","False","18.1312","17.8464","18.1733","7.726800000000001","25.303900000000002","8","1","1","False","0"
"11480","2017220847104","1830112302973","1830112522348","22.1961","21.9375","0.2586","21.942700000000002","1.7859","False","24.2924","22.2133","18.1312","3.6447000000000003","25.5822","8","1","1","False","0"
"11480","2017220847104","1830112524934","1830112740219","21.8474","21.5285","0.3189","23.1005","3.043","False","18.151","21.787100000000002","24.2924","6.15","27.6785","8","1","1","False","0"
"11480","2017220847104","1830112743408","1830112947343","20.6195","20.3935","0.226","19.3046","2.1427","False","24.267100000000003","20.712400000000002","18.151","3.5886","23.982100000000003","8","1","1","False","0"
"11480","2017220847104","1830112949603","1830113161274","21.439300000000003","21.1671","0.2722","23.063200000000002","3.3515","False","18.1565","21.3931","24.267100000000003","6.4626","27.6297","8","1","1","False","0"
"11480","2017220847104","1830113163996","1830113341781","18.0757","17.7785","0.2972","17.0648","2.3631","False","18.1662","18.050700000000003","18.1565","6.5684000000000005","24.3469","8","1","1","False","0"
"11480","2017220847104","1830113344753","1830113529606","18.678","18.485300000000002","0.1927","19.3687","2.9963","False","24.2465","18.782500000000002","18.1662","5.952100000000001","24.4374","8","1","1","False","0"
"11480","2017220847104","1830113531533","1830113760686","23.1854","22.915300000000002","0.2701","23.503600000000002","3.1097","False","18.1748","23.108","24.2465","7.0906","30.0059","8","1","1","False","0"
"11480","2017220847104","1830113763387","1830113966625","20.639000000000003","20.323800000000002","0.31520000000000004","20.151","2.8816","False","24.2938","20.5939","18.1748","4.6715","24.9953","8","1","1","False","0"
"11480","2017220847104","1830113969777","1830114174172","20.7022","20.439500000000002","0.2627","20.771","2.9343000000000004","False","18.1311","20.7547","24.2938","8.210600000000001","28.650100000000002","8","1","1","False","0"
"11480","2017220847104","1830114176799","1830114382361","20.829900000000002","20.5562","0.2737","19.8127","1.9282000000000001","False","24.2938","20.8189","18.1311","5.5228","26.079","8","1","1","False","0"
"11480","2017220847104","1830114385098","1830114614154","23.1203","22.9056","0.2147","24.5109","3.2659000000000002","False","18.139200000000002","23.1793","24.2938","6.637300000000001","29.542900000000003","8","1","1","False","0"
"11480","2017220847104","1830114616301","1830114816458","20.206300000000002","20.015700000000002","0.19060000000000002","18.9341","1.9986000000000002","False","24.2708","20.2304","18.139200000000002","4.5461","24.5618","8","1","1","False","0"
"11480","2017220847104","1830114818364","1830115036887","22.1582","21.8523","0.3059","24.2513","4.1754","False","12.1044","22.0429","24.2708","6.774","28.6263","8","1","1","False","0"
"11480","2017220847104","1830115039946","1830115174014","13.687000000000001","13.4068","0.2802","11.419500000000001","1.8599","False","18.1646","13.7127","12.1044","5.1657","18.5725","8","1","1","False","0"
"11480","2017220847104","1830115176816","1830115368044","19.335900000000002","19.1228","0.2131","20.7973","3.2855000000000003","False","24.2853","19.403000000000002","18.1646","3.9273000000000002","23.0501","8","1","1","False","0"
"11480","2017220847104","1830115370175","1830115579885","21.2464","20.971","0.27540000000000003","21.508000000000003","3.595","False","12.0831","21.1841","24.2853","7.0285","27.9995","8","1","1","False","0"
"11480","2017220847104","1830115582639","1830115747610","16.7835","16.4971","0.2864","15.1934","1.9994","False","24.241","16.7725","12.0831","2.3391","18.8362","8","1","1","False","0"
"11480","2017220847104","1830115750474","1830115928369","18.0176","17.7895","0.2281","18.8394","3.2209000000000003","False","18.1799","18.0759","24.241","8.5042","26.2937","8","1","1","False","0"
"11480","2017220847104","1830115930650","1830116129731","20.1258","19.9081","0.2177","20.7174","3.3720000000000003","False","18.1792","20.136200000000002","18.1799","6.5479","26.456","8","1","1","False","0"
"11480","2017220847104","1830116131908","1830116317513","18.817400000000003","18.5605","0.2569","18.678900000000002","3.2670000000000003","False","24.240000000000002","18.778200000000002","18.1792","5.9489","24.5094","8","1","1","False","0"
"11480","2017220847104","1830116320082","1830116569219","25.207700000000003","24.913700000000002","0.29400000000000004","25.0028","3.0935","False","18.1763","25.1706","24.240000000000002","5.0183","29.932000000000002","8","1","1","False","0"
"11480","2017220847104","1830116572159","1830116747802","17.865199999999998","17.5643","0.3009","17.901","3.1028000000000002","False","18.1876","17.8583","18.1763","5.3363000000000005","22.9006","8","1","1","False","0"
"11480","2017220847104","1830116750811","1830116933746","18.4812","18.2935","0.1877","18.5343","3.1142000000000003","False","24.2483","18.5944","18.1876","4.9295","23.223000000000003","8","1","1","False","0"
"11480","2017220847104","1830116935623","1830117149017","21.5426","21.3394","0.20320000000000002","21.5209","3.097","False","18.1792","21.5271","24.2483","7.6507000000000005","28.9901","8","1","1","False","0"
"11480","2017220847104","1830117151049","1830117352215","20.3275","20.116600000000002","0.2109","20.387700000000002","3.1534","False","18.186700000000002","20.3198","18.1792","5.5101","25.6267","8","1","1","False","0"
"11480","2017220847104","1830117354324","1830117546326","19.405300000000004","19.200200000000002","0.2051","19.8296","3.5811","False","24.238200000000003","19.4111","18.186700000000002","4.2857","23.4859","8","1","1","False","0"
"11480","2017220847104","1830117548377","1830117778582","23.329400000000003","23.020500000000002","0.3089","22.7134","3.0162","False","24.2741","23.2256","24.238200000000003","5.2983","28.318800000000003","8","1","1","False","0"
"11480","2017220847104","1830117781671","1830117992689","21.328200000000002","21.1018","0.22640000000000002","21.6977","3.3311","False","18.159000000000002","21.410700000000002","24.2741","8.1617","29.2635","8","1","1","False","0"
"11480","2017220847104","1830117994953","1830118208687","21.6526","21.3734","0.2792","20.3425","2.0665","False","18.189500000000002","21.599800000000002","18.159000000000002","4.7209","26.0943","8","1","1","False","0"
"11480","2017220847104","1830118211479","1830118376129","16.7467","16.465","0.2817","16.8233","2.1484","False","18.162200000000002","16.7442","18.189500000000002","6.1662","22.6312","8","1","1","False","0"
"11480","2017220847104","1830118378946","1830118582372","20.6403","20.3426","0.2977","21.6415","3.1331","False","24.2483","20.6243","18.162200000000002","3.7041000000000004","24.0467","8","1","1","False","0"
"11480","2017220847104","1830118585349","1830118789178","20.6416","20.3829","0.2587","20.6384","3.1342000000000003","False","24.2759","20.680600000000002","24.2483","7.271800000000001","27.654700000000002","8","1","1","False","0"
"11480","2017220847104","1830118791765","1830119040813","25.0482","24.9048","0.1434","25.696900000000003","4.0347","False","12.092","25.163500000000003","24.2759","6.3842","31.289","8","1","1","False","0"
"11480","2017220847104","1830119042247","1830119196839","15.776900000000001","15.459200000000001","0.31770000000000004","13.959399999999999","1.9744000000000002","False","24.242800000000003","15.6026","12.092","2.8736","18.332800000000002","8","1","1","False","0"
"11480","2017220847104","1830119200016","1830119390620","19.2562","19.0604","0.1958","20.428","3.1026000000000002","False","18.1751","19.3781","24.242800000000003","7.738300000000001","26.7987","8","1","1","False","0"
"11480","2017220847104","1830119392578","1830119584800","19.4962","19.2222","0.274","19.671200000000002","3.3258","False","18.184","19.418","18.1751","6.4954","25.7176","8","1","1","False","0"
"11480","2017220847104","1830119587540","1830119763471","17.8192","17.5931","0.22610000000000002","18.2313","3.7021","False","18.1839","17.8671","18.184","6.8123000000000005","24.4054","8","1","1","False","0"
"11480","2017220847104","1830119765732","1830119974792","21.095900000000004","20.906000000000002","0.1899","20.6311","3.2188000000000003","False","24.2364","21.1321","18.1839","3.8641","24.770100000000003","8","1","1","False","0"
"11480","2017220847104","1830119976691","1830120185390","21.1383","20.8699","0.2684","21.5261","3.6487000000000003","False","18.1965","21.059800000000003","24.2364","7.0407","27.910600000000002","8","1","1","False","0"
"11480","2017220847104","1830120188074","1830120397469","21.230900000000002","20.939500000000002","0.2914","20.935100000000002","3.3509","False","18.1686","21.207900000000002","18.1965","4.0293","24.9688","8","1","1","False","0"
"11480","2017220847104","1830120400383","1830120553832","15.5485","15.3449","0.2036","15.564","3.3318000000000003","False","24.2516","15.6363","18.1686","6.5616","21.9065","8","1","1","False","0"
"11480","2017220847104","1830120555868","1830120771946","21.8087","21.6078","0.20090000000000002","21.9355","3.4568000000000003","False","30.340300000000003","21.811400000000003","24.2516","9.001800000000001","30.6096","8","1","1","False","0"
"11480","2017220847104","1830120773955","1830121067343","29.625400000000003","29.338800000000003","0.2866","29.5976","3.4604000000000004","False","12.0722","29.5397","30.340300000000003","9.8024","39.141200000000005","8","1","1","False","0"
"11480","2017220847104","1830121070209","1830121250796","18.337600000000002","18.0587","0.27890000000000004","16.8217","2.0225","False","24.2786","18.3453","12.0722","3.5293","21.588","8","1","1","False","0"
"11480","2017220847104","1830121253585","1830121432845","18.1975","17.926000000000002","0.2715","20.4643","4.228000000000001","False","12.0874","18.204900000000002","24.2786","9.603","27.529","8","1","1","False","0"
"11480","2017220847104","1830121435560","1830121616878","18.332800000000002","18.131800000000002","0.201","16.1629","2.0039000000000002","False","24.2775","18.4033","12.0874","3.2871","21.4189","8","1","1","False","0"
"11480","2017220847104","1830121618888","1830121805125","18.828","18.6237","0.2043","19.5031","3.101","False","12.087200000000001","18.8247","24.2775","8.7399","27.3636","8","1","1","False","0"
"11480","2017220847104","1830121807168","1830121983956","17.951900000000002","17.678800000000003","0.2731","17.1886","1.9658","False","24.278000000000002","17.883100000000002","12.087200000000001","2.944","20.6228","8","1","1","False","0"
"11480","2017220847104","1830121986687","1830122161102","17.741600000000002","17.4415","0.30010000000000003","19.2569","3.4952","False","12.073400000000001","17.7146","24.278000000000002","9.5074","26.948900000000002","8","1","1","False","0"
"11480","2017220847104","1830122164103","1830122344220","18.300600000000003","18.0117","0.2889","17.099800000000002","2.2711","False","18.185100000000002","18.3118","12.073400000000001","3.269","21.2807","8","1","1","False","0"
"11480","2017220847104","1830122347109","1830122512816","16.759200000000003","16.570700000000002","0.1885","17.7252","3.2004","False","18.1827","16.8596","18.185100000000002","4.5945","21.165200000000002","8","1","1","False","0"
"11480","2017220847104","1830122514701","1830122678556","16.583000000000002","16.3855","0.1975","16.7617","3.3829000000000002","False","18.192500000000003","16.574","18.1827","6.203200000000001","22.5887","8","1","1","False","0"
"11480","2017220847104","1830122680531","1830122872287","19.4785","19.1756","0.3029","19.1844","3.1295","False","18.1674","19.3731","18.192500000000003","5.022600000000001","24.1982","8","1","1","False","0"
"11480","2017220847104","1830122875316","1830123058570","18.5089","18.325400000000002","0.1835","18.588900000000002","3.1606","False","18.1772","18.6283","18.1674","4.5617","22.8871","8","1","1","False","0"
"11480","2017220847104","1830123060405","1830123231084","17.3154","17.0679","0.24750000000000003","17.3172","3.2001","False","24.2789","17.2514","18.1772","5.4875","22.555400000000002","8","1","1","False","0"
"11480","2017220847104","1830123233559","1830123417759","18.6994","18.42","0.27940000000000004","21.262800000000002","5.7807","False","6.0487","18.6675","24.2789","11.0989","29.518900000000002","8","1","1","False","0"
"11480","2017220847104","1830123420553","1830123557989","14.232000000000001","13.7436","0.4884","10.5807","2.3351","False","12.152700000000001","14.023000000000001","6.0487","3.1246","16.8682","8","1","1","False","0"
"11480","2017220847104","1830123562873","1830123639066","7.8386","7.6193","0.21930000000000002","9.295","3.5696000000000003","False","12.116000000000001","8.107700000000001","12.152700000000001","7.1696","14.7889","8","1","1","False","0"
"11480","2017220847104","1830123641259","1830123758866","12.1668","11.7607","0.4061","11.0861","2.6706000000000003","False","12.1403","11.98","12.116000000000001","7.3056","19.066300000000002","8","1","1","False","0"
"11480","2017220847104","1830123762927","1830123876410","11.7113","11.3483","0.36300000000000004","11.5052","2.4268","False","5.9937000000000005","11.7544","12.1403","7.6915000000000004","19.0398","8","1","1","False","0"
"11480","2017220847104","1830123880040","1830123989413","11.220500000000001","10.9373","0.2832","10.8902","1.9705000000000001","False","18.2481","11.3003","5.9937000000000005","2.3849","13.3222","8","1","1","False","0"
"11480","2017220847104","1830123992245","1830124135861","14.5631","14.361600000000001","0.2015","15.8281","3.5141","False","12.0967","14.6448","18.2481","5.9882","20.349800000000002","8","1","1","False","0"
"11480","2017220847104","1830124137876","1830124255262","11.9608","11.7386","0.2222","11.0403","2.2844","False","18.191300000000002","11.940100000000001","12.0967","6.1448","17.8834","8","1","1","False","0"
"11480","2017220847104","1830124257484","1830124418868","16.453400000000002","16.1384","0.315","18.512900000000002","4.4123","False","12.1226","16.3606","18.191300000000002","7.9755","24.1139","8","1","1","False","0"
"11480","2017220847104","1830124422018","1830124548903","13.1559","12.688500000000001","0.46740000000000004","11.3215","2.7348000000000003","False","12.1324","13.0035","12.1226","7.094600000000001","19.7831","8","1","1","False","0"
"11480","2017220847104","1830124553577","1830124679119","12.7853","12.5542","0.2311","12.459900000000001","2.2039","False","18.1601","13.021600000000001","12.1324","6.2054","18.759600000000002","8","1","1","False","0"
"11480","2017220847104","1830124681430","1830124817493","13.867400000000002","13.606300000000001","0.2611","16.3217","4.6631","False","6.0312","13.8374","18.1601","10.5281","24.1344","8","1","1","False","0"
"11480","2017220847104","1830124820104","1830124957801","14.0153","13.7697","0.2456","11.6109","2.2718000000000003","False","18.2283","14.030800000000001","6.0312","2.5285","16.2982","8","1","1","False","0"
"11480","2017220847104","1830124960257","1830125085357","12.7732","12.51","0.2632","12.487300000000001","1.9894","False","12.120700000000001","12.755600000000001","18.2283","8.0012","20.511200000000002","8","1","1","False","0"
"11480","2017220847104","1830125087989","1830125212921","12.8217","12.4932","0.3285","13.574100000000001","2.7565","False","12.0936","12.756400000000001","12.120700000000001","7.3655","19.858700000000002","8","1","1","False","0"
"11480","2017220847104","1830125216206","1830125365881","15.461000000000002","14.967500000000001","0.49350000000000005","14.871400000000001","2.3207","False","18.2164","15.296000000000001","12.0936","4.1631","19.1306","8","1","1","False","0"
"11480","2017220847104","1830125370816","1830125509357","14.2087","13.8541","0.3546","14.1528","2.1344000000000003","False","12.1043","14.3476","18.2164","8.0319","21.886000000000003","8","1","1","False","0"
"11480","2017220847104","1830125512903","1830125655887","14.6615","14.2984","0.36310000000000003","14.529400000000003","2.0057","False","12.099400000000001","14.653","12.1043","5.4832","19.7816","8","1","1","False","0"
"11480","2017220847104","1830125659518","1830125800756","14.487800000000002","14.123800000000001","0.364","14.4456","1.9834","False","18.2081","14.4869","12.099400000000001","3.0957000000000003","17.2195","8","1","1","False","0"
"11480","2017220847104","1830125804396","1830125943321","14.1242","13.8925","0.23170000000000002","14.5929","2.3647","False","12.120600000000001","14.2565","18.2081","7.0473","20.9398","8","1","1","False","0"
"11480","2017220847104","1830125945638","1830126080435","13.8581","13.479700000000001","0.3784","13.379100000000001","1.9578","False","12.102400000000001","13.711400000000001","12.120600000000001","5.4565","18.9362","8","1","1","False","0"
"11480","2017220847104","1830126084219","1830126221370","14.046800000000001","13.715100000000001","0.3317","13.990200000000002","1.9024","False","12.1144","14.0935","12.102400000000001","3.4654000000000003","17.180500000000002","8","1","1","False","0"
"11480","2017220847104","1830126224687","1830126349865","12.814800000000002","12.517800000000001","0.29700000000000004","12.953800000000001","2.0111","False","18.2057","12.8495","12.1144","2.7303","15.2481","8","1","1","False","0"
"11480","2017220847104","1830126352835","1830126489222","14.137","13.6387","0.4983","14.5683","2.6184000000000003","False","12.095600000000001","13.9357","18.2057","7.0003","20.639","8","1","1","False","0"
"11480","2017220847104","1830126494205","1830126623875","13.2804","12.967","0.3134","15.0569","4.6690000000000005","False","12.101","13.465300000000001","12.095600000000001","5.6306","18.5976","8","1","1","False","0"
"11480","2017220847104","1830126627009","1830126767643","14.554300000000001","14.063400000000001","0.4909","12.4602","2.3048","False","18.2251","14.376800000000001","12.101","3.3548","17.418200000000002","8","1","1","False","0"
"11480","2017220847104","1830126772552","1830126910412","14.1796","13.786000000000001","0.3936","15.723000000000003","3.7892","False","12.105","14.276900000000001","18.2251","7.303","21.089000000000002","8","1","1","False","0"
"11480","2017220847104","1830126914348","1830127066409","15.437500000000002","15.206100000000001","0.23140000000000002","13.901100000000001","2.0913","False","12.1204","15.5997","12.105","3.8083","19.014400000000002","8","1","1","False","0"
"11480","2017220847104","1830127068723","1830127190636","12.4237","12.1913","0.23240000000000002","12.3084","1.9780000000000002","False","18.2057","12.4227","12.1204","3.5060000000000002","15.6973","8","1","1","False","0"
"11480","2017220847104","1830127192960","1830127327116","13.695200000000002","13.415600000000001","0.2796","13.746300000000002","2.0447","False","12.1188","13.648000000000001","18.2057","8.0637","21.479300000000002","8","1","1","False","0"
"11480","2017220847104","1830127329912","1830127454358","12.861200000000002","12.444600000000001","0.4166","13.1461","2.4936000000000003","False","12.1209","12.7242","12.1188","7.4583","19.902900000000002","8","1","1","False","0"
"11480","2017220847104","1830127458524","1830127578326","12.2087","11.9802","0.2285","12.2757","2.3794","False","12.071800000000001","12.3968","12.1209","7.1824","19.1626","8","1","1","False","0"
"11480","2017220847104","1830127580611","1830127742759","16.4759","16.2148","0.2611","16.3139","2.2372","False","18.225","16.4433","12.071800000000001","2.8109","19.0257","8","1","1","False","0"
"11480","2017220847104","1830127745370","1830127894130","15.1461","14.876000000000001","0.2701","16.2242","3.2923","False","12.090900000000001","15.1371","18.225","5.8988000000000005","20.774800000000003","8","1","1","False","0"
"11480","2017220847104","1830127896831","1830128028459","13.494900000000001","13.1628","0.3321","14.1972","4.0639","False","18.2105","13.4329","12.090900000000001","4.5568","17.7196","8","1","1","False","0"
"11480","2017220847104","1830128031780","1830128177199","14.9082","14.5419","0.3663","13.0459","2.2306","False","6.019900000000001","14.874","18.2105","7.8933","22.435200000000002","8","1","1","False","0"
"11480","2017220847104","1830128180862","1830128291093","11.455800000000002","11.023100000000001","0.43270000000000003","11.438600000000001","2.2984","False","18.232300000000002","11.3894","6.019900000000001","2.5238","13.5469","8","1","1","False","0"
"11480","2017220847104","1830128295420","1830128433311","13.9875","13.789100000000001","0.19840000000000002","14.7652","2.8655","False","12.1213","14.2218","18.232300000000002","6.5343","20.3234","8","1","1","False","0"
"11480","2017220847104","1830128435295","1830128568852","13.5128","13.3557","0.15710000000000002","12.339500000000001","1.9714","False","12.097900000000001","13.5541","12.1213","5.101500000000001","18.4572","8","1","1","False","0"
"11480","2017220847104","1830128570423","1830128713452","14.563400000000001","14.302900000000001","0.2605","14.8213","1.9906000000000001","False","18.2081","14.46","12.097900000000001","2.7394000000000003","17.0423","8","1","1","False","0"
"11480","2017220847104","1830128716057","1830128863231","14.896200000000002","14.717400000000001","0.17880000000000001","15.116800000000001","2.1537","False","12.126000000000001","14.9779","18.2081","5.969600000000001","20.687","8","1","1","False","0"
"11480","2017220847104","1830128865019","1830128984745","12.2299","11.9726","0.25730000000000003","12.1719","2.1419","False","12.081100000000001","12.1514","12.126000000000001","5.9442","17.916800000000002","8","1","1","False","0"
"11480","2017220847104","1830128987318","1830129129738","14.4717","14.242","0.22970000000000002","14.614700000000001","2.2482","False","18.2166","14.4993","12.081100000000001","3.5260000000000002","17.768","8","1","1","False","0"
"11480","2017220847104","1830129132035","1830129267579","13.826","13.554400000000001","0.2716","13.5051","1.9601000000000002","False","12.1264","13.7841","18.2166","7.958500000000001","21.512900000000002","8","1","1","False","0"
"11480","2017220847104","1830129270295","1830129397829","12.942","12.753400000000001","0.18860000000000002","13.354000000000001","2.3363","False","12.093","13.025","12.1264","7.059900000000001","19.8133","8","1","1","False","0"
"11480","2017220847104","1830129399715","1830129549603","15.2048","14.988800000000001","0.216","14.946000000000002","2.1066000000000003","False","18.1962","15.1774","12.093","3.9755000000000003","18.9643","8","1","1","False","0"
"11480","2017220847104","1830129551763","1830129693666","14.376800000000001","14.1903","0.1865","14.6353","2.334","False","12.126800000000001","14.4063","18.1962","7.7654000000000005","21.9557","8","1","1","False","0"
"11480","2017220847104","1830129695531","1830129841611","14.8873","14.608","0.2793","14.527000000000001","2.0134000000000003","False","12.1224","14.794500000000001","12.126800000000001","5.097700000000001","19.7057","8","1","1","False","0"
"11480","2017220847104","1830129844404","1830129952957","11.0396","10.8553","0.18430000000000002","11.3149","2.2464","False","18.154500000000002","11.1346","12.1224","6.085500000000001","16.9408","8","1","1","False","0"
"11480","2017220847104","1830129954800","1830130120108","16.7561","16.5308","0.2253","16.4699","1.9657","False","18.1738","16.7151","18.154500000000002","7.524900000000001","24.0557","8","1","1","False","0"
"11480","2017220847104","1830130122361","1830130353732","23.4792","23.1371","0.3421","23.461000000000002","2.0294000000000003","False","18.2219","23.3624","18.1738","2.3363","25.4734","8","1","1","False","0"
"11480","2017220847104","1830130357153","1830130496067","14.255500000000001","13.8914","0.36410000000000003","14.4396","2.2535000000000003","False","12.0869","14.233500000000001","18.2219","6.3247","20.2161","8","1","1","False","0"
"11480","2017220847104","1830130499708","1830130624996","12.8109","12.5288","0.2821","14.6475","4.0177000000000005","False","12.114500000000001","12.892900000000001","12.0869","5.5187","18.0475","8","1","1","False","0"
"11480","2017220847104","1830130627817","1830130774789","14.9511","14.6972","0.2539","12.9237","1.9825000000000002","False","12.110100000000001","14.9793","12.114500000000001","2.6539","17.351100000000002","8","1","1","False","0"
"11480","2017220847104","1830130777328","1830130892626","11.7731","11.5298","0.24330000000000002","11.6341","2.2809","False","24.2706","11.783700000000001","12.110100000000001","2.9803","14.510100000000001","8","1","1","False","0"
"11480","2017220847104","1830130895059","1830131101752","21.0155","20.6693","0.3462","22.5863","3.4295","False","12.138","20.9126","24.2706","6.3383","27.0076","8","1","1","False","0"
"11480","2017220847104","1830131105214","1830131220954","11.7586","11.574","0.18460000000000001","10.802000000000001","2.411","False","12.1236","11.920200000000001","12.138","6.556100000000001","18.130100000000002","8","1","1","False","0"
"11480","2017220847104","1830131222800","1830131353400","13.2394","13.06","0.1794","12.8192","1.9919","False","12.0876","13.2446","12.1236","5.4351","18.4951","8","1","1","False","0"
"11480","2017220847104","1830131355194","1830131496013","14.334100000000001","14.081900000000001","0.25220000000000004","14.6327","2.3277","False","24.232200000000002","14.2613","12.0876","3.2614","17.3433","8","1","1","False","0"
"11480","2017220847104","1830131498535","1830131682034","18.661900000000003","18.3499","0.312","19.617","3.2984","False","24.2742","18.6021","24.232200000000002","8.8915","27.241400000000002","8","1","1","False","0"
"11480","2017220847104","1830131685154","1830131924437","24.1917","23.9283","0.2634","24.0856","3.1776","False","12.1258","24.2403","24.2742","8.9254","32.8537","8","1","1","False","0"
"11480","2017220847104","1830131927071","1830132056003","13.1638","12.8932","0.2706","11.9298","1.9544000000000001","False","12.110100000000001","13.156600000000001","12.1258","7.8946000000000005","20.7878","8","1","1","False","0"
"11480","2017220847104","1830132058709","1830132189719","13.401700000000002","13.101","0.3007","13.866600000000002","2.4295","False","18.195800000000002","13.3716","12.110100000000001","6.633100000000001","19.7341","8","1","1","False","0"
"11480","2017220847104","1830132192726","1830132367411","17.774800000000003","17.468500000000002","0.3063","18.050900000000002","2.6916","False","12.1296","17.7692","18.195800000000002","7.0597","24.528200000000002","8","1","1","False","0"
"11480","2017220847104","1830132370474","1830132497221","12.967500000000001","12.674700000000001","0.2928","12.517900000000001","2.2560000000000002","False","12.072700000000001","12.981","12.1296","6.2083","18.883000000000003","8","1","1","False","0"
"11480","2017220847104","1830132500149","1830132614590","11.6309","11.4441","0.18680000000000002","14.406000000000002","4.9737","False","24.2908","11.7369","12.072700000000001","6.5441","17.988200000000003","8","1","1","False","0"
"11480","2017220847104","1830132616458","1830132839970","22.6141","22.351200000000002","0.2629","20.6615","3.0535","False","12.0706","22.538","24.2908","8.2969","30.648100000000003","8","1","1","False","0"
"11480","2017220847104","1830132842599","1830132991529","15.0997","14.893","0.20670000000000002","14.1027","2.0218000000000003","False","36.3898","15.1559","12.0706","5.211600000000001","20.1046","8","1","1","False","0"
"11480","2017220847104","1830132993596","1830133314050","32.4054","32.0454","0.36000000000000004","33.7732","3.486","False","6.055400000000001","32.2521","36.3898","9.349300000000001","41.3947","8","1","1","False","0"
"11480","2017220847104","1830133317650","1830133437449","12.141300000000001","11.9799","0.16140000000000002","11.2613","2.8086","False","18.191300000000002","12.3399","6.055400000000001","3.0648","15.0447","8","1","1","False","0"
"11480","2017220847104","1830133439063","1830133577885","14.279800000000002","13.882200000000001","0.3976","13.9816","2.3073","False","12.1227","14.043600000000001","18.191300000000002","7.2125","21.0947","8","1","1","False","0"
"11480","2017220847104","1830133581861","1830133696352","11.640500000000001","11.449100000000001","0.19140000000000001","11.9489","2.5249","False","12.1196","11.8467","12.1227","7.4885","18.9376","8","1","1","False","0"
"11480","2017220847104","1830133698266","1830133828700","13.3516","13.0434","0.30820000000000003","13.790400000000002","3.0286","False","12.1304","13.2348","12.1196","6.3733","19.416700000000002","8","1","1","False","0"
"11480","2017220847104","1830133831782","1830133949853","11.9948","11.8071","0.1877","11.3017","2.2712000000000003","False","12.1227","12.115300000000001","12.1304","6.388400000000001","18.1955","8","1","1","False","0"
"11480","2017220847104","1830133951730","1830134074973","12.583100000000002","12.324300000000001","0.25880000000000003","12.5097","2.2303","False","12.1067","12.512","12.1227","5.9991","18.3234","8","1","1","False","0"
"11480","2017220847104","1830134077561","1830134219773","14.523200000000001","14.221200000000001","0.302","14.2727","1.9821000000000002","False","12.095500000000001","14.48","12.1067","3.6258000000000004","17.847","8","1","1","False","0"
"11480","2017220847104","1830134222793","1830134349428","12.8459","12.6635","0.1824","12.9487","2.0456000000000003","False","24.2697","12.9655","12.095500000000001","2.7558000000000002","15.419300000000002","8","1","1","False","0"
"11480","2017220847104","1830134351252","1830134566535","21.904100000000003","21.5283","0.3758","22.9269","3.1819","False","12.1158","21.710700000000003","24.2697","5.3148","26.8431","8","1","1","False","0"
"11480","2017220847104","1830134570293","1830134696451","12.9536","12.6158","0.3378","12.316600000000001","2.5138000000000003","False","12.1193","12.9916","12.1158","4.439","17.0548","8","1","1","False","0"
"11480","2017220847104","1830134699829","1830134828585","13.2575","12.8756","0.3819","13.616000000000003","2.8914","False","12.1064","13.2134","12.1193","3.3449","16.2205","8","1","1","False","0"
"11480","2017220847104","1830134832404","1830134954617","12.502200000000002","12.221300000000001","0.28090000000000004","11.780700000000001","2.0984000000000003","False","18.2058","12.603200000000001","12.1064","2.8481","15.0694","8","1","1","False","0"
"11480","2017220847104","1830134957426","1830135083387","12.8672","12.5961","0.2711","13.0693","2.3169","False","12.132800000000001","12.877","18.2058","8.1769","20.773","8","1","1","False","0"
"11480","2017220847104","1830135086098","1830135213169","12.9753","12.7071","0.2682","12.9283","2.2763","False","12.1036","12.978200000000001","12.132800000000001","7.3315","20.038600000000002","8","1","1","False","0"
"11480","2017220847104","1830135215851","1830135339514","12.567300000000001","12.3663","0.201","13.027700000000001","2.6927000000000003","False","12.1463","12.634500000000001","12.1036","6.8006","19.166900000000002","8","1","1","False","0"
"11480","2017220847104","1830135341524","1830135458717","11.978","11.7193","0.2587","11.024700000000001","2.1214","False","12.102500000000001","11.920300000000001","12.1463","7.0266","18.745900000000002","8","1","1","False","0"
"11480","2017220847104","1830135461304","1830135593789","13.5234","13.2485","0.27490000000000003","13.7634","2.0234","False","12.121500000000001","13.507200000000001","12.102500000000001","5.6219","18.8704","8","1","1","False","0"
"11480","2017220847104","1830135596538","1830135721647","12.7727","12.510900000000001","0.26180000000000003","12.7806","2.0119000000000002","False","18.1778","12.7858","12.121500000000001","4.9576","17.468500000000002","8","1","1","False","0"
"11480","2017220847104","1830135724265","1830135883974","16.3023","15.9709","0.33140000000000003","16.942","2.6992000000000003","False","12.1256","16.2327","18.1778","6.9027","22.8736","8","1","1","False","0"
"11480","2017220847104","1830135887288","1830136003081","11.8604","11.5793","0.2811","11.4528","2.2507","False","12.1289","11.9107","12.1256","7.1176","18.6969","8","1","1","False","0"
"11480","2017220847104","1830136005892","1830136142826","13.961300000000001","13.6934","0.2679","13.6759","1.9734","False","12.078000000000001","13.9745","12.1289","5.272","18.965400000000002","8","1","1","False","0"
"11480","2017220847104","1830136145505","1830136286525","14.2996","14.102","0.1976","14.392800000000001","2.0269","False","18.1899","14.369900000000001","12.078000000000001","2.9801","17.0821","8","1","1","False","0"
"11480","2017220847104","1830136288501","1830136458716","17.2121","17.0215","0.19060000000000002","18.4293","3.2383","False","18.21","17.2191","18.1899","3.9509000000000003","20.9724","8","1","1","False","0"
"11480","2017220847104","1830136460622","1830136612589","15.4792","15.1967","0.28250000000000003","14.6159","2.4401","False","12.1091","15.387300000000002","18.21","6.7736","21.9703","8","1","1","False","0"
"11480","2017220847104","1830136615414","1830136738603","12.665000000000001","12.318900000000001","0.3461","12.4816","2.2756000000000003","False","12.1394","12.6014","12.1091","6.2813","18.6002","8","1","1","False","0"
"11480","2017220847104","1830136742064","1830136859362","11.9838","11.729800000000001","0.254","12.0349","2.2807","False","12.1111","12.0759","12.1394","6.3448","18.0746","8","1","1","False","0"
"11480","2017220847104","1830136861902","1830136995244","13.5151","13.334200000000001","0.1809","13.2946","2.0181","False","12.097700000000001","13.5882","12.1111","4.8677","18.201900000000002","8","1","1","False","0"
"11480","2017220847104","1830136997053","1830137133585","13.9095","13.6532","0.25630000000000003","14.177900000000001","2.3321","False","12.1241","13.834100000000001","12.097700000000001","3.1313","16.7845","8","1","1","False","0"
"11480","2017220847104","1830137136148","1830137257818","12.3742","12.167","0.20720000000000002","12.0957","2.0131","False","18.2061","12.423300000000001","12.1241","2.8321","14.9991","8","1","1","False","0"
"11480","2017220847104","1830137259890","1830137406683","14.9898","14.679300000000001","0.3105","15.201","2.293","False","12.1262","14.8865","18.2061","6.1517","20.831","8","1","1","False","0"
"11480","2017220847104","1830137409788","1830137524026","11.6724","11.4238","0.24860000000000002","12.036100000000001","2.6187","False","12.1029","11.734300000000001","12.1262","6.5436000000000005","17.9674","8","1","1","False","0"
"11480","2017220847104","1830137526512","1830137664583","13.9878","13.8071","0.1807","13.3045","1.8986","False","12.1149","14.0557","12.1029","4.590800000000001","18.3979","8","1","1","False","0"
"11480","2017220847104","1830137666390","1830137799161","13.434700000000001","13.2771","0.15760000000000002","13.245800000000001","2.0108","False","12.1051","13.4578","12.1149","3.2479","16.525000000000002","8","1","1","False","0"
"11480","2017220847104","1830137800737","1830137924716","12.6139","12.3979","0.216","12.866200000000001","1.9675","False","30.3286","12.5555","12.1051","2.7975000000000003","15.195400000000001","8","1","1","False","0"
"11480","2017220847104","1830137926876","1830138182001","25.800000000000004","25.512500000000003","0.28750000000000003","27.130000000000003","3.3394000000000004","False","12.1324","25.7285","30.3286","7.397600000000001","32.9101","8","1","1","False","0"
"11480","2017220847104","1830138184876","1830138306963","12.4635","12.2087","0.2548","11.833100000000002","2.7054","False","12.101700000000001","12.4962","12.1324","7.0338","19.2425","8","1","1","False","0"
"11480","2017220847104","1830138309511","1830138459741","15.369700000000002","15.023000000000001","0.3467","14.745899999999999","2.1253","False","12.120600000000001","15.277800000000001","12.101700000000001","3.8577000000000004","18.8807","8","1","1","False","0"
"11480","2017220847104","1830138463208","1830138582343","12.2855","11.9135","0.372","12.1501","1.9839","False","12.118400000000001","12.260200000000001","12.120600000000001","3.7181","15.6316","8","1","1","False","0"
"11480","2017220847104","1830138586063","1830138705717","12.173200000000001","11.9654","0.2078","12.5805","2.3239","False","12.111","12.3374","12.118400000000001","3.4991000000000003","15.464500000000001","8","1","1","False","0"
"11480","2017220847104","1830138707795","1830138825793","12.055900000000001","11.799800000000001","0.2561","12.976600000000001","3.2751","False","12.120700000000001","12.0076","12.111","3.6025","15.4023","8","1","1","False","0"
"11480","2017220847104","1830138828354","1830138958574","13.296","13.022","0.274","11.8952","1.8945","False","18.216","13.2781","12.120700000000001","2.4451","15.4671","8","1","1","False","0"
"11480","2017220847104","1830138961314","1830139107895","14.880400000000002","14.658100000000001","0.2223","15.258700000000001","2.2269","False","12.1287","14.9321","18.216","5.729","20.3871","8","1","1","False","0"
"11480","2017220847104","1830139110118","1830139230791","12.308300000000001","12.067300000000001","0.24100000000000002","12.1197","2.0418000000000003","False","12.086500000000001","12.2896","12.1287","5.5681","17.6354","8","1","1","False","0"
"11480","2017220847104","1830139233201","1830139379317","14.8138","14.611600000000001","0.20220000000000002","14.742","1.9647000000000001","False","18.2162","14.8526","12.086500000000001","2.802","17.413600000000002","8","1","1","False","0"
"11480","2017220847104","1830139381339","1830139513989","13.5169","13.265","0.2519","13.4465","1.9160000000000001","False","12.0747","13.4672","18.2162","7.551","20.816000000000003","8","1","1","False","0"
"11480","2017220847104","1830139516508","1830139668375","15.3727","15.1867","0.186","15.6075","2.1189","False","30.3272","15.438600000000001","12.0747","4.1871","19.3738","8","1","1","False","0"
"11480","2017220847104","1830139670235","1830139945174","27.7032","27.4939","0.2093","29.3033","3.7173000000000003","False","12.122900000000001","27.6799","30.3272","6.8344000000000005","34.3283","8","1","1","False","0"
"11480","2017220847104","1830139947267","1830140089974","14.454200000000002","14.270700000000001","0.1835","13.0806","2.3405","False","18.1903","14.48","12.122900000000001","4.4773000000000005","18.748","8","1","1","False","0"
"11480","2017220847104","1830140091809","1830140246446","15.846300000000001","15.463700000000001","0.3826","16.0823","2.6874000000000002","False","12.1225","15.647200000000002","18.1903","7.0204","22.4841","8","1","1","False","0"
"11480","2017220847104","1830140250272","1830140365162","11.6761","11.489","0.18710000000000002","11.6583","2.56","False","12.119100000000001","11.8716","12.1225","7.2713","18.7603","8","1","1","False","0"
"11480","2017220847104","1830140367033","1830140510913","14.6853","14.388","0.2973","14.055699999999998","1.9729","False","18.1778","14.5751","12.119100000000001","4.815300000000001","19.203300000000002","8","1","1","False","0"
"11480","2017220847104","1830140513886","1830140656478","14.555299999999999","14.2592","0.29610000000000003","14.886800000000001","2.3047","False","12.1369","14.556500000000002","18.1778","8.4366","22.695800000000002","8","1","1","False","0"
"11480","2017220847104","1830140659439","1830140794136","13.6659","13.469700000000001","0.1962","13.777800000000001","2.3812","False","12.1165","13.7658","12.1369","6.8077000000000005","20.2774","8","1","1","False","0"
"11480","2017220847104","1830140796098","1830140938463","14.4006","14.236500000000001","0.1641","13.694400000000002","2.0117000000000003","False","18.1655","14.4327","12.1165","4.4915","18.728","8","1","1","False","0"
"11480","2017220847104","1830140940104","1830141114261","17.738200000000003","17.4157","0.3225","18.0361","2.0333","False","12.141","17.579800000000002","18.1655","5.0772","22.492900000000002","8","1","1","False","0"
"11480","2017220847104","1830141117486","1830141227571","11.2678","11.0085","0.25930000000000003","11.4036","2.1323000000000003","False","12.0912","11.331000000000001","12.141","5.8872","16.8957","8","1","1","False","0"
"11480","2017220847104","1830141230164","1830141371356","14.403200000000002","14.119200000000001","0.28400000000000003","14.5669","2.3192","False","12.1121","14.3785","12.0912","3.5999000000000003","17.7191","8","1","1","False","0"
"11480","2017220847104","1830141374196","1830141506707","13.571700000000002","13.251100000000001","0.3206","13.1638","1.9429","False","18.218700000000002","13.5351","12.1121","2.1769000000000003","15.428","8","1","1","False","0"
"11480","2017220847104","1830141509913","1830141630141","12.2601","12.0228","0.2373","14.4321","4.0577000000000005","False","12.1136","12.3434","18.218700000000002","8.052200000000001","20.075","8","1","1","False","0"
"11480","2017220847104","1830141632514","1830141757409","12.7337","12.489500000000001","0.2442","11.2242","2.547","False","12.1278","12.7268","12.1136","7.439","19.9285","8","1","1","False","0"
"11480","2017220847104","1830141759851","1830141894728","13.7583","13.4877","0.2706","13.343500000000002","2.1459","False","12.0898","13.731900000000001","12.1278","5.8349","19.3226","8","1","1","False","0"
"11480","2017220847104","1830141897434","1830142038064","14.324","14.063","0.261","14.5915","2.4023000000000003","False","18.2143","14.3336","12.0898","3.5911","17.6541","8","1","1","False","0"
"11480","2017220847104","1830142040674","1830142178203","13.9349","13.7529","0.182","13.8514","2.2880000000000003","False","12.123800000000001","14.013900000000001","18.2143","7.7915","21.5444","8","1","1","False","0"
"11480","2017220847104","1830142180023","1830142312691","13.5149","13.2668","0.24810000000000001","13.541300000000001","2.3333","False","18.181","13.4488","12.123800000000001","6.4665","19.7333","8","1","1","False","0"
"11480","2017220847104","1830142315172","1830142474474","16.2254","15.930200000000001","0.2952","16.1751","2.3303000000000003","False","12.149600000000001","16.1783","18.181","8.4692","24.3994","8","1","1","False","0"
"11480","2017220847104","1830142477426","1830142616361","14.0882","13.893500000000001","0.1947","15.959599999999998","4.1435","False","30.2542","14.1887","12.149600000000001","6.4301","20.323600000000003","8","1","1","False","0"
"11480","2017220847104","1830142618308","1830142920544","30.5025","30.2236","0.27890000000000004","29.8019","3.4774000000000003","False","12.1189","30.418300000000002","30.2542","6.266","36.4896","8","1","1","False","0"
"11480","2017220847104","1830142923333","1830143059738","13.9259","13.640500000000001","0.2854","12.630200000000002","2.1718","False","12.1187","13.919400000000001","12.1189","4.4655000000000005","18.106","8","1","1","False","0"
"11480","2017220847104","1830143062592","1830143199304","13.9131","13.6712","0.2419","13.3351","2.0436","False","18.2089","13.9566","12.1187","2.6276","16.2988","8","1","1","False","0"
"11480","2017220847104","1830143201723","1830143343257","14.3922","14.153400000000001","0.2388","15.110200000000003","2.3075","False","12.0859","14.3953","18.2089","6.4412","20.5946","8","1","1","False","0"
"11480","2017220847104","1830143345645","1830143493997","15.0274","14.8352","0.1922","15.0609","2.3160000000000003","False","18.2132","15.074","12.0859","3.4531","18.2883","8","1","1","False","0"
"11480","2017220847104","1830143495919","1830143630648","13.655600000000002","13.472900000000001","0.1827","15.2179","3.8736","False","12.102400000000001","13.6651","18.2132","8.0012","21.4741","8","1","1","False","0"
"11480","2017220847104","1830143632475","1830143788601","15.9502","15.6126","0.3376","14.149700000000001","2.1510000000000002","False","18.1934","15.795300000000001","12.102400000000001","4.3083","19.9209","8","1","1","False","0"
"11480","2017220847104","1830143791977","1830143940226","15.0103","14.824900000000001","0.1854","15.010000000000002","2.0732","False","12.120600000000001","15.162500000000001","18.1934","7.3392","22.1641","8","1","1","False","0"
"11480","2017220847104","1830143942080","1830144076359","13.6805","13.427900000000001","0.2526","13.697700000000001","2.1331","False","12.0905","13.6133","12.120600000000001","5.846500000000001","19.2744","8","1","1","False","0"
"11480","2017220847104","1830144078885","1830144227947","15.0886","14.9062","0.1824","14.971","1.9720000000000002","False","18.2225","15.158800000000001","12.0905","2.7782","17.6844","8","1","1","False","0"
"11480","2017220847104","1830144229771","1830144365877","13.9086","13.6106","0.298","14.547600000000001","2.6547","False","12.0923","13.793000000000001","18.2225","7.2077","20.8183","8","1","1","False","0"
"11480","2017220847104","1830144368857","1830144519077","15.2883","15.022","0.26630000000000004","14.7625","2.1299","False","18.2351","15.32","12.0923","3.98","19.002000000000002","8","1","1","False","0"
"11480","2017220847104","1830144521740","1830144663694","14.383700000000001","14.195400000000001","0.1883","14.2523","1.9589","False","12.064200000000001","14.4617","18.2351","7.7534","21.948800000000002","8","1","1","False","0"
"11480","2017220847104","1830144665577","1830144808361","14.511600000000001","14.278400000000001","0.23320000000000002","17.404700000000002","4.897200000000001","False","12.1132","14.466700000000001","12.064200000000001","5.3509","19.6293","8","1","1","False","0"
"11480","2017220847104","1830144810693","1830144951633","14.3695","14.094000000000001","0.2755","11.8491","2.3719","False","18.2295","14.327200000000001","12.1132","3.1369000000000002","17.230900000000002","8","1","1","False","0"
"11480","2017220847104","1830144954388","1830145101593","14.988600000000002","14.720500000000001","0.2681","14.9366","2.3226","False","12.1075","14.996","18.2295","6.3704","21.0909","8","1","1","False","0"
"11480","2017220847104","1830145104274","1830145249405","14.770600000000002","14.513100000000001","0.2575","14.6877","2.229","False","24.2057","14.7812","12.1075","3.6967000000000003","18.2098","8","1","1","False","0"
"11480","2017220847104","1830145251980","1830145490019","23.9966","23.803900000000002","0.1927","25.259800000000002","3.46","False","18.2182","24.061400000000003","24.2057","3.841","27.6449","8","1","1","False","0"
"11480","2017220847104","1830145491946","1830145642439","15.2531","15.0493","0.2038","14.561599999999999","2.7671","False","12.1309","15.242","18.2182","6.817200000000001","21.866500000000002","8","1","1","False","0"
"11480","2017220847104","1830145644477","1830145776701","13.4315","13.2224","0.2091","12.410400000000001","2.1613","False","18.1767","13.426200000000001","12.1309","5.5219000000000005","18.744300000000003","8","1","1","False","0"
"11480","2017220847104","1830145778792","1830145931529","15.454800000000002","15.273700000000002","0.1811","16.0575","2.3456","False","12.097900000000001","15.482800000000001","18.1767","8.2158","23.4895","8","1","1","False","0"
"11480","2017220847104","1830145933340","1830146090253","15.9526","15.6913","0.26130000000000003","16.0831","2.5146","False","18.2192","15.8724","12.097900000000001","4.4413","20.1326","8","1","1","False","0"
"11480","2017220847104","1830146092866","1830146240788","15.0303","14.792200000000001","0.2381","15.015500000000003","2.4858000000000002","False","12.1174","15.053500000000001","18.2192","7.607","22.3992","8","1","1","False","0"
"11480","2017220847104","1830146243169","1830146376154","13.4795","13.2985","0.18100000000000002","13.2481","2.2315","False","12.077900000000001","13.5366","12.1174","6.1878","19.4863","8","1","1","False","0"
"11480","2017220847104","1830146377964","1830146523877","14.776200000000001","14.5913","0.1849","14.852699999999999","2.3037","False","18.2239","14.772300000000001","12.077900000000001","3.4934000000000003","18.0847","8","1","1","False","0"
"11480","2017220847104","1830146525726","1830146658106","13.480100000000002","13.238000000000001","0.2421","13.350200000000001","2.2123","False","12.070300000000001","13.4229","18.2239","8.2944","21.532400000000003","8","1","1","False","0"
"11480","2017220847104","1830146660527","1830146813139","15.460600000000001","15.2612","0.19940000000000002","17.802400000000002","4.5183","False","18.2302","15.503300000000001","12.070300000000001","4.861400000000001","20.122600000000002","8","1","1","False","0"
"11480","2017220847104","1830146815133","1830146961970","14.9565","14.6837","0.2728","12.4132","2.023","False","12.1091","14.8831","18.2302","8.2085","22.892200000000003","8","1","1","False","0"
"11480","2017220847104","1830146964698","1830147110223","14.7573","14.5525","0.2048","14.793","2.0201000000000002","False","12.097800000000001","14.8253","12.1091","5.4923","20.044800000000002","8","1","1","False","0"
"11480","2017220847104","1830147112271","1830147247884","13.827000000000002","13.561300000000001","0.2657","13.7995","2.032","False","18.2083","13.7661","12.097800000000001","3.8240000000000003","17.3853","8","1","1","False","0"
"11480","2017220847104","1830147250541","1830147385062","13.642000000000001","13.452100000000002","0.1899","13.8667","2.2209000000000003","False","12.128200000000001","13.7178","18.2083","8.3145","21.7666","8","1","1","False","0"
"11480","2017220847104","1830147386961","1830147518613","13.427100000000001","13.1652","0.2619","13.823300000000001","2.6409000000000002","False","12.0973","13.3551","12.128200000000001","7.0876","20.2528","8","1","1","False","0"
"11480","2017220847104","1830147521232","1830147664284","14.496200000000002","14.305200000000001","0.191","13.8838","1.9956","False","12.1059","14.5671","12.0973","4.6178","18.923000000000002","8","1","1","False","0"
"11480","2017220847104","1830147666194","1830147793830","13.0048","12.7636","0.2412","13.1132","2.1327000000000003","False","18.169600000000003","12.954600000000001","12.1059","3.7691000000000003","16.532700000000002","8","1","1","False","0"
"11480","2017220847104","1830147796242","1830147950447","15.6887","15.4205","0.2682","15.8001","2.2571000000000003","False","18.218","15.661700000000002","18.169600000000003","6.277","21.6975","8","1","1","False","0"
"11480","2017220847104","1830147953129","1830148131378","18.1261","17.8249","0.3012","19.4067","3.5504000000000002","False","12.0807","18.0931","18.218","6.4019","24.2268","8","1","1","False","0"
"11480","2017220847104","1830148134390","1830148285337","15.367600000000001","15.094700000000001","0.27290000000000003","14.1761","2.3444000000000003","False","30.311200000000003","15.395900000000001","12.0807","3.0867","18.1814","8","1","1","False","0"
"11480","2017220847104","1830148288066","1830148582981","29.6932","29.491500000000002","0.20170000000000002","30.5395","3.1550000000000002","False","12.1152","29.764400000000002","30.311200000000003","3.6335","33.125","8","1","1","False","0"
"11480","2017220847104","1830148584998","1830148720236","13.700300000000002","13.523800000000001","0.17650000000000002","12.1929","1.9543000000000001","False","18.2087","13.7255","12.1152","2.0232","15.547","8","1","1","False","0"
"11480","2017220847104","1830148722001","1830148870572","15.103700000000002","14.8571","0.2466","16.5902","3.1611000000000002","False","18.194000000000003","15.0336","18.2087","5.198300000000001","20.055400000000002","8","1","1","False","0"
"11480","2017220847104","1830148873038","1830149009060","13.875399999999999","13.6022","0.2732","15.988000000000003","5.2906","False","12.1294","13.8488","18.194000000000003","9.5435","23.1457","8","1","1","False","0"
"11480","2017220847104","1830149011792","1830149155380","14.5501","14.3588","0.1913","12.0142","2.7082","False","12.081700000000001","14.632000000000001","12.1294","7.040900000000001","21.3997","8","1","1","False","0"
"11480","2017220847104","1830149157293","1830149277837","12.366800000000001","12.054400000000001","0.3124","11.8938","2.2743","False","24.2524","12.245700000000001","12.081700000000001","6.8769","18.9313","8","1","1","False","0"
"11480","2017220847104","1830149280961","1830149547571","26.9053","26.661","0.24430000000000002","28.162200000000002","3.5182","False","18.172800000000002","26.9734","24.2524","4.1559","30.8169","8","1","1","False","0"
"11480","2017220847104","1830149550014","1830149700761","15.321","15.0747","0.24630000000000002","14.5456","2.748","False","30.352500000000003","15.319","18.172800000000002","7.0097000000000005","22.084400000000002","8","1","1","False","0"
"11480","2017220847104","1830149703224","1830149991139","29.012300000000003","28.791500000000003","0.22080000000000002","29.547800000000002","3.2547","False","12.0972","29.0378","30.352500000000003","8.3244","37.1159","8","1","1","False","0"
"11480","2017220847104","1830149993347","1830150144949","15.419300000000002","15.160200000000001","0.2591","14.0653","1.9673","False","12.0868","15.381","12.0972","5.0406","20.2008","8","1","1","False","0"
"11480","2017220847104","1830150147540","1830150288849","14.42","14.1309","0.2891","14.7518","2.2762000000000002","False","18.223000000000003","14.39","12.0868","2.7374","16.8683","8","1","1","False","0"
"11480","2017220847104","1830150291740","1830150439981","15.106300000000001","14.824100000000001","0.2822","16.1583","3.331","False","12.103","15.1132","18.223000000000003","5.8472","20.671300000000002","8","1","1","False","0"
"11480","2017220847104","1830150442803","1830150577588","13.7386","13.4785","0.2601","12.579900000000002","2.1459","False","18.2012","13.7607","12.103","4.1895","17.668","8","1","1","False","0"
"11480","2017220847104","1830150580189","1830150739783","16.2737","15.9594","0.3143","16.381700000000002","2.2994","False","12.119800000000001","16.2195","18.2012","6.171200000000001","22.1306","8","1","1","False","0"
"11480","2017220847104","1830150742926","1830150873203","13.3443","13.027700000000001","0.3166","13.0563","2.0109","False","12.1172","13.342","12.119800000000001","4.949","17.9767","8","1","1","False","0"
"11480","2017220847104","1830150876369","1830150997800","12.3366","12.1431","0.1935","12.4406","2.0518","False","12.1076","12.4597","12.1172","4.6065000000000005","16.7496","8","1","1","False","0"
"11480","2017220847104","1830150999735","1830151141313","14.3843","14.1578","0.2265","13.837900000000001","1.9754","False","18.2211","14.3513","12.1076","2.3628","16.5206","8","1","1","False","0"
"11480","2017220847104","1830151143578","1830151281775","14.037600000000001","13.819700000000001","0.2179","15.1483","2.6157","False","12.081800000000001","14.0462","18.2211","6.5377","20.357400000000002","8","1","1","False","0"
"11480","2017220847104","1830151283954","1830151419418","13.84","13.5464","0.2936","14.935","3.7760000000000002","False","18.227800000000002","13.7643","12.081800000000001","4.8552","18.401600000000002","8","1","1","False","0"
"11480","2017220847104","1830151422354","1830151565253","14.541500000000001","14.289900000000001","0.2516","13.1254","2.3294","False","12.0631","14.5835","18.227800000000002","8.499500000000001","22.7894","8","1","1","False","0"
"11480","2017220847104","1830151567769","1830151732235","16.6875","16.4466","0.2409","16.6437","2.2769","False","36.3611","16.6982","12.0631","3.8644000000000003","20.311","8","1","1","False","0"
"11480","2017220847104","1830151734644","1830152093983","36.210100000000004","35.9339","0.2762","37.3448","3.4125","False","18.218","36.174800000000005","36.3611","4.0507","39.9846","8","1","1","False","0"
"11480","2017220847104","1830152096745","1830152237748","14.307500000000001","14.1003","0.20720000000000002","13.220600000000001","2.2908","False","12.1333","14.3765","18.218","7.892200000000001","21.9925","8","1","1","False","0"
"11480","2017220847104","1830152239820","1830152359704","12.177800000000001","11.9884","0.1894","12.1042","2.221","False","12.1187","12.1956","12.1333","7.8299","19.8183","8","1","1","False","0"
"11480","2017220847104","1830152361598","1830152497993","13.8413","13.6395","0.2018","13.8632","2.2393","False","12.1049","13.8289","12.1187","6.1197","19.7592","8","1","1","False","0"
"11480","2017220847104","1830152500011","1830152619341","12.1367","11.933","0.20370000000000002","13.419500000000001","3.5395000000000003","False","12.0965","12.1348","12.1049","6.0898","18.0228","8","1","1","False","0"
"11480","2017220847104","1830152621378","1830152771654","15.321500000000002","15.027600000000001","0.2939","13.729600000000001","1.9695","False","12.129900000000001","15.231300000000001","12.0965","2.955","17.9826","8","1","1","False","0"
"11480","2017220847104","1830152774593","1830152878610","10.5884","10.4017","0.1867","10.8268","2.1685000000000003","False","18.1977","10.6956","12.129900000000001","4.3893","14.791","8","1","1","False","0"
"11480","2017220847104","1830152880477","1830153049269","17.1854","16.8792","0.3062","17.0303","2.0808","False","12.1347","17.0659","18.1977","5.521100000000001","22.4003","8","1","1","False","0"
"11480","2017220847104","1830153052331","1830153156555","10.785","10.4224","0.36260000000000003","11.349","2.7224","False","12.101600000000001","10.7286","12.1347","6.9272","17.349600000000002","8","1","1","False","0"
"11480","2017220847104","1830153160181","1830153298701","14.0463","13.852","0.1943","13.465799999999998","1.9973","False","12.106100000000001","14.2146","12.101600000000001","4.8142000000000005","18.6662","8","1","1","False","0"
"11480","2017220847104","1830153300644","1830153422821","12.4883","12.2177","0.2706","13.7376","3.2793","False","12.161100000000001","12.412","12.106100000000001","4.5083","16.726","8","1","1","False","0"
"11480","2017220847104","1830153425527","1830153553603","13.0188","12.8076","0.2112","11.652800000000001","2.3924000000000003","False","18.1615","13.0782","12.161100000000001","3.5912","16.3988","8","1","1","False","0"
"11480","2017220847104","1830153555715","1830153692090","13.9365","13.637500000000001","0.299","15.482100000000003","3.4874","False","6.0362","13.848700000000001","18.1615","7.904000000000001","21.541500000000003","8","1","1","False","0"
"11480","2017220847104","1830153695080","1830153803252","10.998199999999999","10.8172","0.18100000000000002","9.5746","2.0012000000000003","False","18.2223","11.116200000000001","6.0362","2.8240000000000003","13.641200000000001","8","1","1","False","0"
"11480","2017220847104","1830153805062","1830153935216","13.269200000000001","13.015400000000001","0.2538","14.428","3.1832000000000003","False","12.116200000000001","13.1964","18.2223","7.849900000000001","20.8653","8","1","1","False","0"
"11480","2017220847104","1830153937754","1830154065481","13.0695","12.7727","0.2968","12.203700000000001","2.345","False","12.1142","13.0265","12.116200000000001","6.9396","19.712300000000003","8","1","1","False","0"
"11480","2017220847104","1830154068449","1830154174856","10.879900000000001","10.6407","0.23920000000000002","10.553700000000001","2.0015","False","6.031700000000001","10.9375","12.1142","8.1163","18.757","8","1","1","False","0"
"11480","2017220847104","1830154177248","1830154284621","10.967200000000002","10.737300000000001","0.22990000000000002","11.2077","2.238","False","12.176300000000001","10.9765","6.031700000000001","3.1715","13.908800000000001","8","1","1","False","0"
"11480","2017220847104","1830154286920","1830154397583","11.3256","11.0663","0.25930000000000003","11.3002","2.2196000000000002","False","18.1557","11.2962","12.176300000000001","4.0516000000000005","15.1179","8","1","1","False","0"
"11480","2017220847104","1830154400176","1830154524920","12.743900000000002","12.474400000000001","0.2695","13.9756","3.455","False","6.0322000000000005","12.7337","18.1557","9.473600000000001","21.948","8","1","1","False","0"
"11480","2017220847104","1830154527615","1830154645789","12.055200000000001","11.817400000000001","0.2378","10.5967","1.9724000000000002","False","12.1677","12.0869","6.0322000000000005","3.4189000000000003","15.2363","8","1","1","False","0"
"11480","2017220847104","1830154648167","1830154734389","8.807300000000001","8.622200000000001","0.18510000000000001","9.4891","2.6381","False","6.010400000000001","8.860000000000001","12.1677","6.7266","15.3488","8","1","1","False","0"
"11480","2017220847104","1830154736240","1830154838439","10.4174","10.2199","0.1975","9.7517","1.9856","False","18.2302","10.405000000000001","6.010400000000001","2.3320000000000003","12.5519","8","1","1","False","0"
"11480","2017220847104","1830154840414","1830154962296","12.4365","12.1882","0.24830000000000002","13.432199999999998","3.0049","False","12.1068","12.3857","18.2302","8.1765","20.364700000000003","8","1","1","False","0"
"11480","2017220847104","1830154964779","1830155085644","12.398900000000001","12.086500000000001","0.3124","11.3147","1.9498000000000002","False","6.0307","12.334800000000001","12.1068","7.9485","20.035","8","1","1","False","0"
"11480","2017220847104","1830155088768","1830155194736","10.8466","10.5968","0.24980000000000002","11.0531","2.1231","False","12.135200000000001","10.9092","6.0307","3.0700000000000003","13.6668","8","1","1","False","0"
"11480","2017220847104","1830155197234","1830155304357","10.925","10.7123","0.2127","11.3369","2.4899","False","12.1262","10.962100000000001","12.135200000000001","4.2431","14.955400000000001","8","1","1","False","0"
"11480","2017220847104","1830155306484","1830155410406","10.5899","10.3922","0.19770000000000001","12.372","4.2943","False","12.138100000000001","10.6049","12.1262","5.7644","16.1566","8","1","1","False","0"
"11480","2017220847104","1830155412383","1830155525974","11.5846","11.3591","0.2255","9.6388","2.3479","False","12.1354","11.5568","12.138100000000001","6.3457","17.704800000000002","8","1","1","False","0"
"11480","2017220847104","1830155528229","1830155628422","10.217200000000002","10.019300000000001","0.19790000000000002","11.8985","4.4112","False","12.1111","10.2448","12.1354","8.2363","18.2556","8","1","1","False","0"
"11480","2017220847104","1830155630401","1830155745703","11.7934","11.5302","0.2632","10.207","2.4711000000000003","False","6.0178","11.728100000000001","12.1111","8.6193","20.1495","8","1","1","False","0"
"11480","2017220847104","1830155748335","1830155861530","11.6165","11.3195","0.29700000000000004","11.1761","2.0327","False","12.119100000000001","11.5827","6.0178","3.0544000000000002","14.3739","8","1","1","False","0"
"11480","2017220847104","1830155864500","1830155966041","10.342699999999999","10.1541","0.18860000000000002","10.357099999999999","2.0111","False","12.1327","10.4511","12.119100000000001","4.7224","14.8765","8","1","1","False","0"
"11480","2017220847104","1830155967927","1830156080484","11.447400000000002","11.255700000000001","0.1917","12.4679","3.0325","False","12.135100000000001","11.4443","12.1327","5.4108","16.6665","8","1","1","False","0"
"11480","2017220847104","1830156082401","1830156196764","11.681600000000001","11.436300000000001","0.24530000000000002","10.860399999999998","2.2396000000000003","False","12.131300000000001","11.628","12.135100000000001","5.9179","17.354200000000002","8","1","1","False","0"
"11480","2017220847104","1830156199217","1830156302826","10.646500000000001","10.3609","0.2856","10.759","2.3593","False","12.1385","10.606200000000001","12.131300000000001","7.4430000000000005","17.803900000000002","8","1","1","False","0"
"11480","2017220847104","1830156305682","1830156411800","10.8116","10.6118","0.1998","12.9967","4.5181000000000004","False","6.0215000000000005","10.897400000000001","12.1385","8.6841","19.2959","8","1","1","False","0"
"11480","2017220847104","1830156413798","1830156523362","11.167","10.9564","0.2106","8.9479","2.2894","False","12.1051","11.1562","6.0215000000000005","3.5494000000000003","14.5058","8","1","1","False","0"
"11480","2017220847104","1830156525468","1830156636781","11.328600000000002","11.131300000000001","0.1973","11.489799999999999","2.4546","False","12.141900000000001","11.3419","12.1051","4.3126","15.443900000000001","8","1","1","False","0"
"11480","2017220847104","1830156638754","1830156740312","10.3564","10.155800000000001","0.2006","11.2408","3.3251","False","12.1461","10.353100000000001","12.141900000000001","6.1014","16.2572","8","1","1","False","0"
"11480","2017220847104","1830156742318","1830156856659","11.6919","11.4341","0.25780000000000003","10.7612","2.4373","False","12.126900000000001","11.6347","12.1461","6.6128","18.0469","8","1","1","False","0"
"11480","2017220847104","1830156859237","1830156964258","10.7943","10.5021","0.2922","10.5526","2.2014","False","6.090400000000001","10.7599","12.126900000000001","7.9798","18.4819","8","1","1","False","0"
"11480","2017220847104","1830156967180","1830157073397","10.8163","10.6217","0.19460000000000002","10.671100000000001","2.0195000000000003","False","12.046000000000001","10.9139","6.090400000000001","3.1563000000000003","13.778","8","1","1","False","0"
"11480","2017220847104","1830157075343","1830157181116","10.748500000000002","10.577300000000001","0.17120000000000002","11.578100000000001","3.1545","False","12.1457","10.7719","12.046000000000001","4.430400000000001","15.007700000000002","8","1","1","False","0"
"11480","2017220847104","1830157182828","1830157292307","11.146600000000001","10.9479","0.19870000000000002","11.4648","3.1759","False","12.128","11.119100000000001","12.1457","5.457","16.4049","8","1","1","False","0"
"11480","2017220847104","1830157294294","1830157402652","11.117500000000001","10.8358","0.2817","10.083","2.1739","False","12.1152","11.034500000000001","12.128","6.5505","17.386300000000002","8","1","1","False","0"
"11480","2017220847104","1830157405469","1830157516443","11.3834","11.0974","0.28600000000000003","11.760200000000001","2.5315000000000003","False","12.1358","11.379100000000001","12.1152","7.2866","18.384","8","1","1","False","0"
"11480","2017220847104","1830157519303","1830157634382","11.7002","11.507900000000001","0.1923","12.1616","2.9709000000000003","False","6.0212","11.7939","12.1358","7.628500000000001","19.136400000000002","8","1","1","False","0"
"11480","2017220847104","1830157636305","1830157744125","11.0597","10.782","0.2777","10.359300000000001","2.3023000000000002","False","18.227","10.974300000000001","6.0212","2.6754000000000002","13.4574","8","1","1","False","0"
"11480","2017220847104","1830157746902","1830157869931","12.493900000000002","12.302900000000001","0.191","13.6918","3.4669000000000003","False","6.0354","12.5806","18.227","8.3218","20.6247","8","1","1","False","0"
"11480","2017220847104","1830157871841","1830157979591","11.046800000000001","10.775","0.2718","9.536900000000001","2.0087","False","12.1228","10.966000000000001","6.0354","3.3912","14.1662","8","1","1","False","0"
"11480","2017220847104","1830157982309","1830158070300","9.080300000000001","8.799100000000001","0.2812","9.2254","2.1549","False","12.1377","9.0709","12.1228","6.4431","15.2422","8","1","1","False","0"
"11480","2017220847104","1830158073112","1830158182780","11.3001","10.966800000000001","0.33330000000000004","11.1433","2.0632","False","6.0242","11.248000000000001","12.1377","7.332800000000001","18.2996","8","1","1","False","0"
"11480","2017220847104","1830158186113","1830158285431","10.1834","9.9318","0.2516","10.4467","2.2418","False","12.1173","10.2651","6.0242","3.0919000000000003","13.0237","8","1","1","False","0"
"11480","2017220847104","1830158287947","1830158389739","10.4264","10.1792","0.2472","11.5236","3.3122000000000003","False","12.1387","10.4308","12.1173","4.7784","14.957600000000001","8","1","1","False","0"
"11480","2017220847104","1830158392211","1830158503910","11.4458","11.1699","0.27590000000000003","11.1846","3.0965000000000003","False","12.120000000000001","11.417100000000001","12.1387","5.5","16.669900000000002","8","1","1","False","0"
"11480","2017220847104","1830158506669","1830158617817","11.3208","11.1148","0.20600000000000002","11.9524","3.6874000000000002","False","12.1521","11.3907","12.120000000000001","6.2293","17.3441","8","1","1","False","0"
"11480","2017220847104","1830158619877","1830158719552","10.242700000000001","9.967500000000001","0.2752","8.805900000000001","2.2751","False","6.014","10.1735","12.1521","8.2079","18.1754","8","1","1","False","0"
"11480","2017220847104","1830158722304","1830158826801","10.6493","10.4497","0.1996","10.9953","2.5927000000000002","False","12.1256","10.7249","6.014","3.4970000000000003","13.9467","8","1","1","False","0"
"11480","2017220847104","1830158828797","1830158953537","12.7544","12.474","0.28040000000000004","12.4954","2.3784","False","12.1355","12.6736","12.1256","2.9490000000000003","15.423","8","1","1","False","0"
"11480","2017220847104","1830158956341","1830159049141","9.627600000000001","9.280000000000001","0.3476","10.324","3.1158","False","12.124","9.560400000000001","12.1355","5.524100000000001","14.8041","8","1","1","False","0"
"11480","2017220847104","1830159052617","1830159155426","10.509500000000001","10.2809","0.2286","9.438500000000001","2.387","False","12.1373","10.6285","12.124","7.0196000000000005","17.3005","8","1","1","False","0"
"11480","2017220847104","1830159157712","1830159269751","11.4105","11.2039","0.2066","11.3946","1.9440000000000002","False","6.0232","11.432500000000001","12.1373","7.7244","18.9283","8","1","1","False","0"
"11480","2017220847104","1830159271817","1830159381300","11.2441","10.9483","0.2958","11.457500000000001","2.1858","False","12.1194","11.154900000000001","6.0232","2.5927000000000002","13.541","8","1","1","False","0"
"11480","2017220847104","1830159384258","1830159489510","10.733","10.5252","0.2078","12.0336","3.455","False","12.1377","10.821","12.1194","3.8911000000000002","14.416300000000001","8","1","1","False","0"
"11480","2017220847104","1830159491588","1830159605745","11.7086","11.415700000000001","0.2929","11.5174","3.2913","False","12.135100000000001","11.6235","12.1377","4.4053","15.821000000000002","8","1","1","False","0"
"11480","2017220847104","1830159608674","1830159708142","10.1771","9.9468","0.2303","9.0327","2.1221","False","12.1166","10.239700000000001","12.135100000000001","6.3007","16.247500000000002","8","1","1","False","0"
"11480","2017220847104","1830159710445","1830159840174","13.145800000000001","12.972900000000001","0.1729","13.067699999999999","2.0202","False","12.133700000000001","13.2032","12.1166","5.2141","18.187","8","1","1","False","0"
"11480","2017220847104","1830159841903","1830159937335","9.827100000000002","9.5432","0.28390000000000004","9.717","1.9862000000000002","False","6.0206","9.7161","12.133700000000001","7.6317","17.1749","8","1","1","False","0"
"11480","2017220847104","1830159940174","1830160051352","11.3023","11.1178","0.1845","11.361600000000001","1.9808000000000001","False","12.1333","11.4017","6.0206","2.2506","13.368400000000001","8","1","1","False","0"
"11480","2017220847104","1830160053197","1830160155648","10.4427","10.2451","0.1976","11.9497","3.4935","False","12.119200000000001","10.4296","12.1333","3.9543000000000004","14.1994","8","1","1","False","0"
"11480","2017220847104","1830160157624","1830160262509","10.7","10.4885","0.21150000000000002","10.231200000000001","3.0250000000000004","False","12.116000000000001","10.6861","12.119200000000001","5.3874","15.875900000000001","8","1","1","False","0"
"11480","2017220847104","1830160264624","1830160396627","13.456","13.2003","0.25570000000000004","13.718900000000001","3.3228","False","12.150500000000001","13.411800000000001","12.116000000000001","4.091600000000001","17.291900000000002","8","1","1","False","0"
"11480","2017220847104","1830160399184","1830160500818","10.419","10.163400000000001","0.2556","9.1651","2.071","False","12.110000000000001","10.4191","12.150500000000001","5.823","15.986400000000001","8","1","1","False","0"
"11480","2017220847104","1830160503374","1830160639993","13.895900000000001","13.661900000000001","0.234","14.172","2.3349","False","12.117","13.9175","12.110000000000001","4.0155","17.677400000000002","8","1","1","False","0"
"11480","2017220847104","1830160642333","1830160769302","12.8817","12.696900000000001","0.18480000000000002","12.540000000000001","1.9673","False","12.130600000000001","12.930900000000001","12.117","3.2016","15.8985","8","1","1","False","0"
"11480","2017220847104","1830160771150","1830160870138","10.113999999999999","9.8988","0.2152","10.1805","2.0261","False","18.2163","10.0836","12.130600000000001","5.248600000000001","15.147400000000001","8","1","1","False","0"
"11480","2017220847104","1830160872290","1830161006892","13.6731","13.4602","0.2129","16.2514","5.0520000000000005","False","6.0192000000000005","13.6754","18.2163","9.7895","23.2497","8","1","1","False","0"
"11480","2017220847104","1830161009021","1830161133527","12.7772","12.450600000000001","0.3266","10.1347","2.0221","False","12.1432","12.6635","6.0192000000000005","3.1452","15.5958","8","1","1","False","0"
"11480","2017220847104","1830161136793","1830161223432","8.9785","8.6639","0.3146","9.078800000000001","2.1462","False","6.0423","8.9905","12.1432","6.2979","14.9618","8","1","1","False","0"
"11480","2017220847104","1830161226578","1830161312425","8.8577","8.5847","0.273","8.7931","2.0428","False","12.1079","8.8993","6.0423","3.4409","12.0256","8","1","1","False","0"
"11480","2017220847104","1830161315155","1830161415542","10.2344","10.0387","0.1957","12.0829","3.8566000000000003","False","12.128300000000001","10.3117","12.1079","5.2371","15.2758","8","1","1","False","0"
"11480","2017220847104","1830161417499","1830161548014","13.327300000000001","13.0515","0.2758","11.5412","2.1045000000000003","False","12.1372","13.247200000000001","12.128300000000001","4.1182","17.169700000000002","8","1","1","False","0"
"11480","2017220847104","1830161550772","1830161659318","11.100900000000001","10.854600000000001","0.24630000000000002","10.9524","1.9547","False","12.1312","11.1304","12.1372","5.125","15.979600000000001","8","1","1","False","0"
"11480","2017220847104","1830161661781","1830161758735","9.896500000000001","9.695400000000001","0.2011","10.2995","2.3337000000000003","False","12.1194","9.9417","12.1312","7.314500000000001","17.009900000000002","8","1","1","False","0"
"11480","2017220847104","1830161760746","1830161878175","12.022","11.7429","0.2791","12.049100000000001","2.3856","False","6.0065","11.944","12.1194","7.4899000000000004","19.2328","8","1","1","False","0"
"11480","2017220847104","1830161880966","1830161992178","11.3097","11.1212","0.1885","10.878400000000001","1.9192","False","18.2225","11.400300000000001","6.0065","2.0961000000000003","13.2173","8","1","1","False","0"
"11480","2017220847104","1830161994063","1830162132353","14.0888","13.829","0.25980000000000003","15.5242","3.3804000000000003","False","6.045800000000001","14.0175","18.2225","6.3011","20.130100000000002","8","1","1","False","0"
"11480","2017220847104","1830162134951","1830162221751","8.9175","8.68","0.23750000000000002","7.4975000000000005","1.9600000000000002","False","12.1279","8.9398","6.045800000000001","3.4071000000000002","12.087100000000001","8","1","1","False","0"
"11480","2017220847104","1830162224126","1830162315522","9.431899999999999","9.1396","0.2923","9.584100000000001","2.1526","False","12.1434","9.3771","12.1279","6.157900000000001","15.297500000000001","8","1","1","False","0"
"11480","2017220847104","1830162318445","1830162430580","11.4055","11.2135","0.192","11.7491","2.4311000000000003","False","6.0225","11.5058","12.1434","6.7955000000000005","18.009","8","1","1","False","0"
"11480","2017220847104","1830162432500","1830162523029","9.258700000000001","9.052900000000001","0.2058","9.0787","2.2586","False","12.1195","9.244900000000001","6.0225","3.5731","12.626000000000001","8","1","1","False","0"
"11480","2017220847104","1830162525087","1830162635889","11.2985","11.080200000000001","0.21830000000000002","11.1085","2.0719000000000003","False","12.1544","11.286000000000001","12.1195","4.4066","15.4868","8","1","1","False","0"
"11480","2017220847104","1830162638072","1830162743544","10.8254","10.5472","0.2782","11.9219","3.1882","False","12.1186","10.765500000000001","12.1544","5.7955000000000005","16.3427","8","1","1","False","0"
"11480","2017220847104","1830162746326","1830162855044","11.132100000000001","10.8718","0.26030000000000003","10.3411","2.4022","False","12.1561","11.15","12.1186","6.7641","17.6359","8","1","1","False","0"
"11480","2017220847104","1830162857647","1830162964250","10.825000000000001","10.660300000000001","0.1647","10.467400000000001","2.3122000000000003","False","5.9952000000000005","10.9206","12.1561","7.9996","18.6599","8","1","1","False","0"
"11480","2017220847104","1830162965897","1830163076781","11.2888","11.0884","0.20040000000000002","11.5805","2.3034","False","18.238300000000002","11.2531","5.9952000000000005","2.7417000000000002","13.8301","8","1","1","False","0"
"11480","2017220847104","1830163078785","1830163218965","14.205900000000002","14.018","0.1879","15.242500000000001","3.3323","False","12.1149","14.2184","18.238300000000002","6.7616000000000005","20.779600000000002","8","1","1","False","0"
"11480","2017220847104","1830163220844","1830163355373","13.7748","13.452900000000001","0.3219","12.323300000000001","1.9515","False","12.116900000000001","13.6408","12.1149","5.2357000000000005","18.6886","8","1","1","False","0"
"11480","2017220847104","1830163358592","1830163460540","10.387500000000001","10.1948","0.1927","10.6226","2.1143","False","6.091","10.5167","12.116900000000001","6.8359000000000005","17.0307","8","1","1","False","0"
"11480","2017220847104","1830163462467","1830163555189","9.5456","9.2722","0.27340000000000003","9.5875","2.2057","False","12.0637","9.4649","6.091","3.462","12.734200000000001","8","1","1","False","0"
"11480","2017220847104","1830163557923","1830163655138","9.9083","9.7215","0.18680000000000002","9.7223","1.9708","False","12.1073","9.994900000000001","12.0637","5.5308","15.2523","8","1","1","False","0"
"11480","2017220847104","1830163657006","1830163774174","11.9938","11.716800000000001","0.277","11.9121","1.9792","False","18.1793","11.9036","12.1073","5.734500000000001","17.4513","8","1","1","False","0"
"11480","2017220847104","1830163776944","1830163954932","17.9842","17.7988","0.1854","19.332900000000002","3.2362","False","18.1838","18.0758","18.1793","5.838","23.6368","8","1","1","False","0"
"11480","2017220847104","1830163956786","1830164156925","20.2228","20.0139","0.2089","20.4129","3.4295","False","18.1772","20.1993","18.1838","3.8225000000000002","23.8364","8","1","1","False","0"
"11480","2017220847104","1830164159014","1830164284426","12.8243","12.5412","0.2831","12.784500000000001","3.4309000000000003","False","18.2143","12.7501","18.1772","9.249600000000001","21.7908","8","1","1","False","0"
"11480","2017220847104","1830164287257","1830164495638","21.1716","20.8381","0.3335","21.0225","3.3477","False","12.0836","21.1212","18.2143","6.342700000000001","27.1808","8","1","1","False","0"
"11480","2017220847104","1830164498973","1830164656511","15.9976","15.7538","0.24380000000000002","14.6973","1.9724000000000002","False","18.2303","16.0873","12.0836","2.339","18.0928","8","1","1","False","0"
"11480","2017220847104","1830164658949","1830164780972","12.442400000000001","12.202300000000001","0.2401","13.652000000000001","3.1701","False","18.136","12.446100000000001","18.2303","8.1232","20.3255","8","1","1","False","0"
"11480","2017220847104","1830164783373","1830164999762","21.852","21.6389","0.2131","21.9726","3.2735000000000003","False","12.1257","21.879","18.136","4.3802","26.0191","8","1","1","False","0"
"11480","2017220847104","1830165001893","1830165106567","10.668000000000001","10.467400000000001","0.2006","9.473600000000001","2.0774","False","36.4153","10.6805","12.1257","5.8254","16.2928","8","1","1","False","0"
"11480","2017220847104","1830165108573","1830165452599","34.5971","34.4026","0.1945","35.5826","3.3954","False","18.1278","34.6032","36.4153","7.6375","42.0401","8","1","1","False","0"
"11480","2017220847104","1830165454544","1830165613623","16.105900000000002","15.907900000000001","0.198","18.7135","5.6734","False","12.1318","16.1024","18.1278","9.6629","25.570800000000002","8","1","1","False","0"
"11480","2017220847104","1830165615603","1830165788019","17.434","17.241600000000002","0.19240000000000002","15.047","3.2839","False","18.1748","17.439600000000002","12.1318","4.3551","21.596700000000002","8","1","1","False","0"
"11480","2017220847104","1830165789943","1830165939079","15.1157","14.9136","0.2021","15.505","3.6785","False","18.238200000000003","15.106","18.1748","7.423900000000001","22.337500000000002","8","1","1","False","0"
"11480","2017220847104","1830165941100","1830166112954","17.4144","17.1854","0.229","17.2835","3.5502000000000002","False","12.068000000000001","17.3875","18.238200000000003","8.2746","25.46","8","1","1","False","0"
"11480","2017220847104","1830166115244","1830166274811","16.1753","15.956700000000001","0.21860000000000002","15.932500000000001","3.3175000000000003","False","18.2561","16.1857","12.068000000000001","4.1569","20.1136","8","1","1","False","0"
"11480","2017220847104","1830166276997","1830166447587","17.264400000000002","17.059","0.2054","17.093","3.1367000000000003","False","18.0986","17.2776","18.2561","5.135400000000001","22.1944","8","1","1","False","0"
"11480","2017220847104","1830166449641","1830166622853","17.5315","17.3212","0.21030000000000001","18.4491","4.0426","False","18.183600000000002","17.526600000000002","18.0986","5.707400000000001","23.0286","8","1","1","False","0"
"11480","2017220847104","1830166624956","1830166781900","15.8933","15.6944","0.19890000000000002","14.960899999999999","3.1177","False","18.1763","15.9047","18.183600000000002","7.9863","23.6807","8","1","1","False","0"
"11480","2017220847104","1830166783889","1830166948131","16.615","16.4242","0.1908","16.9861","3.4848000000000003","False","12.145000000000001","16.6231","18.1763","9.5395","25.963700000000003","8","1","1","False","0"
"11480","2017220847104","1830166950039","1830167120731","17.273200000000003","17.069200000000002","0.20400000000000001","16.9176","3.1388000000000003","False","24.2634","17.26","12.145000000000001","4.4245","21.4937","8","1","1","False","0"
"11480","2017220847104","1830167122771","1830167318486","19.8663","19.5715","0.2948","20.1258","3.4212000000000002","False","12.1288","19.7755","24.2634","8.9124","28.483900000000002","8","1","1","False","0"
"11480","2017220847104","1830167321434","1830167449363","12.986400000000001","12.792900000000001","0.1935","11.8985","2.3054","False","18.1309","13.0877","12.1288","7.9535","20.7464","8","1","1","False","0"
"11480","2017220847104","1830167451298","1830167622401","17.299000000000003","17.110300000000002","0.1887","19.773400000000002","5.1029","False","12.1233","17.303800000000003","18.1309","8.7806","25.890900000000002","8","1","1","False","0"
"11480","2017220847104","1830167624288","1830167785704","16.3304","16.1416","0.1888","14.778300000000002","3.205","False","18.1846","16.3303","12.1233","4.5736","20.7152","8","1","1","False","0"
"11480","2017220847104","1830167787592","1830167942281","15.776200000000001","15.468900000000001","0.3073","16.165100000000002","3.6566","False","18.1738","15.6577","18.1846","7.1005","22.5694","8","1","1","False","0"
"11480","2017220847104","1830167945354","1830168111800","16.8463","16.6446","0.20170000000000002","16.5033","3.2706","False","18.1975","16.951900000000002","18.1738","8.3224","24.967000000000002","8","1","1","False","0"
"11480","2017220847104","1830168113817","1830168289064","17.7317","17.5247","0.20700000000000002","17.8991","3.4416","False","18.197400000000002","17.7264","18.1975","8.7935","26.3182","8","1","1","False","0"
"11480","2017220847104","1830168291134","1830168466403","17.7375","17.5269","0.2106","17.7386","3.4377","False","12.0913","17.733900000000002","18.197400000000002","9.257","26.783900000000003","8","1","1","False","0"
"11480","2017220847104","1830168468509","1830168613856","14.755700000000001","14.5347","0.221","14.883","3.5704000000000002","False","18.1869","14.7453","12.0913","6.603000000000001","21.137700000000002","8","1","1","False","0"
"11480","2017220847104","1830168616066","1830168777685","16.3747","16.1619","0.21280000000000002","16.143800000000002","3.3384","False","12.1201","16.3829","18.1869","8.407","24.568900000000003","8","1","1","False","0"
"11480","2017220847104","1830168779813","1830168946669","16.8942","16.6856","0.2086","16.7258","3.1812","False","18.1846","16.898400000000002","12.1201","3.6287000000000003","20.3143","8","1","1","False","0"
"11480","2017220847104","1830168948755","1830169125714","18.035800000000002","17.6959","0.33990000000000004","18.0444","3.2618","False","18.1691","17.904500000000002","18.1846","3.9088000000000003","21.6047","8","1","1","False","0"
"11480","2017220847104","1830169129113","1830169267893","14.0813","13.878","0.2033","14.006","3.1022000000000003","False","18.1899","14.2179","18.1691","7.86","21.738","8","1","1","False","0"
"11480","2017220847104","1830169269926","1830169441757","17.3958","17.1831","0.2127","17.398","3.1095","False","12.1266","17.386400000000002","18.1899","8.6635","25.846600000000002","8","1","1","False","0"
"11480","2017220847104","1830169443884","1830169605021","16.317700000000002","16.1137","0.20400000000000001","16.3382","3.1288","False","18.2331","16.3264","12.1266","4.4637","20.5774","8","1","1","False","0"
"11480","2017220847104","1830169607061","1830169778739","17.3497","17.1678","0.1819","17.1283","3.2190000000000003","False","18.1265","17.3718","18.2331","5.325","22.492800000000003","8","1","1","False","0"
"11480","2017220847104","1830169780558","1830169945979","16.7392","16.5421","0.1971","17.4359","3.5991","False","18.1871","16.724","18.1265","6.7275","23.2696","8","1","1","False","0"
"11480","2017220847104","1830169947950","1830170128854","18.2814","18.090400000000002","0.191","18.2791","3.5947","False","18.172900000000002","18.2875","18.1871","6.6271","24.7175","8","1","1","False","0"
"11480","2017220847104","1830170130764","1830170286416","15.7758","15.5652","0.2106","15.588000000000001","3.4196","False","12.1243","15.756200000000002","18.172900000000002","9.043800000000001","24.609","8","1","1","False","0"
"11480","2017220847104","1830170288522","1830170446134","16.065","15.7612","0.3038","15.7835","3.1789","False","18.226300000000002","15.9718","12.1243","5.1963","20.9575","8","1","1","False","0"
"11480","2017220847104","1830170449172","1830170626324","17.9133","17.7152","0.1981","18.3112","3.5273000000000003","False","18.138","18.019000000000002","18.226300000000002","5.4036","23.1188","8","1","1","False","0"
"11480","2017220847104","1830170628305","1830170774291","14.805600000000002","14.598600000000001","0.20700000000000002","14.4975","3.2196000000000002","False","12.1143","14.796700000000001","18.138","8.744900000000001","23.343500000000002","8","1","1","False","0"
"11480","2017220847104","1830170776361","1830170949593","17.5362","17.3232","0.21300000000000002","17.4312","3.1189","False","18.2289","17.5302","12.1143","3.329","20.6522","8","1","1","False","0"
"11480","2017220847104","1830170951723","1830171118724","16.9159","16.7001","0.21580000000000002","16.974","3.1662000000000003","False","18.1419","16.9131","18.2289","4.6448","21.344900000000003","8","1","1","False","0"
"11480","2017220847104","1830171120882","1830171278310","16.0133","15.7428","0.2705","16.4393","3.6342000000000003","False","18.2223","15.9586","18.1419","6.8281","22.5709","8","1","1","False","0"
"11480","2017220847104","1830171281015","1830171447297","16.8914","16.6282","0.2632","16.3638","3.1059","False","18.1693","16.8987","18.2223","8.1517","24.7799","8","1","1","False","0"
"11480","2017220847104","1830171449929","1830171615185","16.803","16.5256","0.27740000000000004","18.8829","5.2114","False","12.0927","16.788800000000002","18.1693","9.532200000000001","26.0578","8","1","1","False","0"
"11480","2017220847104","1830171617959","1830171786416","17.041600000000003","16.8457","0.19590000000000002","15.092400000000001","3.1995","False","18.183","17.1231","12.0927","4.5018","21.3475","8","1","1","False","0"
"11480","2017220847104","1830171788375","1830171957801","17.093300000000003","16.942600000000002","0.1507","16.7897","3.1937","False","18.1807","17.1385","18.183","5.5463000000000005","22.4889","8","1","1","False","0"
"11480","2017220847104","1830171959308","1830172106906","15.0122","14.7598","0.2524","15.1088","3.0043","False","18.1875","14.9105","18.1807","8.8165","23.5763","8","1","1","False","0"
"11480","2017220847104","1830172109430","1830172281928","17.4712","17.2498","0.2214","17.9559","3.4715000000000003","False","12.1174","17.502200000000002","18.1875","9.501800000000001","26.7516","8","1","1","False","0"
"11480","2017220847104","1830172284142","1830172443064","16.212","15.8922","0.31980000000000003","15.7963","3.1233","False","18.1765","16.1136","12.1174","5.5056","21.3978","8","1","1","False","0"
"11480","2017220847104","1830172446262","1830172617936","17.3821","17.1674","0.2147","18.594900000000003","4.2828","False","18.1916","17.4872","18.1765","6.1949000000000005","23.3623","8","1","1","False","0"
"11480","2017220847104","1830172620083","1830172773875","15.812800000000001","15.3792","0.43360000000000004","14.6248","3.1299","False","12.132900000000001","15.593900000000001","18.1916","8.7926","24.1718","8","1","1","False","0"
"11480","2017220847104","1830172778211","1830172944167","16.8368","16.5956","0.2412","17.166900000000002","3.4298","False","18.2426","17.0292","12.132900000000001","3.8963","20.4919","8","1","1","False","0"
"11480","2017220847104","1830172946579","1830173116580","17.2128","17.0001","0.2127","16.9043","3.1228000000000002","False","18.1045","17.241300000000003","18.2426","4.897600000000001","21.8977","8","1","1","False","0"
"11480","2017220847104","1830173118707","1830173286435","17.009","16.7728","0.23620000000000002","17.1511","3.282","False","18.2147","16.985500000000002","18.1045","6.0166","22.7894","8","1","1","False","0"
"11480","2017220847104","1830173288797","1830173452424","16.5672","16.3627","0.20450000000000002","16.781100000000002","3.4664","False","18.1478","16.5989","18.2147","7.6324000000000005","23.9951","8","1","1","False","0"
"11480","2017220847104","1830173454469","1830173608019","15.6678","15.355","0.3128","18.3792","6.2102","False","12.163300000000001","15.5595","18.1478","10.2207","25.5757","8","1","1","False","0"
"11480","2017220847104","1830173611147","1830173772991","16.4309","16.1844","0.24650000000000002","13.525","3.3099000000000003","False","18.139","16.4972","12.163300000000001","5.8868","22.0712","8","1","1","False","0"
"11480","2017220847104","1830173775456","1830173945724","17.5284","17.0268","0.5016","17.6192","3.6106000000000003","False","18.1771","17.273300000000003","18.139","6.7525","23.779300000000003","8","1","1","False","0"
"11480","2017220847104","1830173950740","1830174111575","16.5549","16.0835","0.47140000000000004","16.3715","3.4398","False","18.1855","16.5851","18.1771","8.3445","24.428","8","1","1","False","0"
"11480","2017220847104","1830174116289","1830174286659","17.539","17.037000000000003","0.502","17.5435","3.4285","False","12.1197","17.5084","18.1855","9.021600000000001","26.058600000000002","8","1","1","False","0"
"11480","2017220847104","1830174291679","1830174456018","16.6395","16.4339","0.2056","16.3637","3.2247000000000003","False","18.1786","16.9359","12.1197","4.2054","20.639300000000002","8","1","1","False","0"
"11480","2017220847104","1830174458074","1830174605133","14.949900000000001","14.705900000000002","0.24400000000000002","17.425900000000002","5.424300000000001","False","18.1932","14.9115","18.1786","7.4725","22.1784","8","1","1","False","0"
"11480","2017220847104","1830174607573","1830174772527","16.7554","16.4954","0.26","14.556000000000001","3.2249000000000003","False","12.1242","16.7394","18.1932","8.926300000000001","25.4217","8","1","1","False","0"
"11480","2017220847104","1830174775127","1830174941768","17.1007","16.6641","0.43660000000000004","17.1687","3.4705000000000004","False","18.174200000000003","16.9241","12.1242","4.1264","20.7905","8","1","1","False","0"
"11480","2017220847104","1830174946134","1830175112530","16.8895","16.6396","0.2499","16.7138","3.1218000000000004","False","18.2237","17.0762","18.174200000000003","5.2244","21.864","8","1","1","False","0"
"11480","2017220847104","1830175115029","1830175284660","17.2242","16.9631","0.2611","17.4144","3.3143000000000002","False","18.179000000000002","17.213","18.2237","6.2351","23.1982","8","1","1","False","0"
"11480","2017220847104","1830175287271","1830175454302","17.0686","16.7031","0.3655","16.9493","3.2246","False","12.1517","16.9642","18.179000000000002","7.4499","24.153000000000002","8","1","1","False","0"
"11480","2017220847104","1830175457957","1830175603580","14.8747","14.5623","0.3124","14.856900000000001","3.2354000000000003","False","18.116600000000002","14.927800000000001","12.1517","4.6738","19.2361","8","1","1","False","0"
"11480","2017220847104","1830175606704","1830175769520","16.5231","16.2816","0.24150000000000002","16.616300000000003","3.2614","False","18.2242","16.594","18.116600000000002","6.196400000000001","22.478","8","1","1","False","0"
"11480","2017220847104","1830175771935","1830175935878","16.629","16.3943","0.23470000000000002","16.5628","3.1790000000000003","False","18.1884","16.6358","18.2242","7.784800000000001","24.179100000000002","8","1","1","False","0"
"11480","2017220847104","1830175938225","1830176122836","18.892200000000003","18.461100000000002","0.43110000000000004","19.0536","3.5265","False","12.0646","18.695800000000002","18.1884","7.2774","25.738500000000002","8","1","1","False","0"
"11480","2017220847104","1830176127147","1830176273935","15.161800000000001","14.6788","0.48300000000000004","15.148399999999999","3.5446","False","18.188000000000002","15.109900000000001","12.0646","4.2321","18.9109","8","1","1","False","0"
"11480","2017220847104","1830176278765","1830176440194","16.399800000000003","16.1429","0.2569","16.1525","3.1107","False","18.1766","16.6259","18.188000000000002","5.7942","21.9371","8","1","1","False","0"
"11480","2017220847104","1830176442763","1830176608203","16.8026","16.544","0.2586","18.6704","4.978000000000001","False","18.2944","16.800900000000002","18.1766","7.1699","23.713900000000002","8","1","1","False","0"
"11480","2017220847104","1830176610789","1830176786605","17.8517","17.5816","0.2701","16.2133","3.3148","False","12.0103","17.8402","18.2944","7.6241","25.2057","8","1","1","False","0"
"11480","2017220847104","1830176789306","1830176939389","15.452300000000001","15.0083","0.444","15.5059","3.5702000000000003","False","18.227","15.278400000000001","12.0103","4.356","19.3643","8","1","1","False","0"
"11480","2017220847104","1830176943829","1830177118585","17.724","17.4756","0.2484","17.5298","3.1903","False","18.1293","17.9196","18.227","4.6634","22.139","8","1","1","False","0"
"11480","2017220847104","1830177121069","1830177274184","15.7452","15.3115","0.43370000000000003","16.1448","3.7656","False","18.1975","15.5599","18.1293","7.2328","22.5443","8","1","1","False","0"
"11480","2017220847104","1830177278521","1830177442241","16.8822","16.372","0.5102","16.6116","3.4971","False","18.1688","16.8057","18.1975","8.624600000000001","24.9966","8","1","1","False","0"
"11480","2017220847104","1830177447343","1830177607627","16.275000000000002","16.0284","0.2466","18.7529","5.7953","False","12.1217","16.538600000000002","18.1688","10.254800000000001","26.2832","8","1","1","False","0"
"11480","2017220847104","1830177610093","1830177780541","17.399600000000003","17.044800000000002","0.3548","14.3986","3.225","False","18.1903","17.2914","12.1217","5.085100000000001","22.129900000000003","8","1","1","False","0"
"11480","2017220847104","1830177784089","1830177950311","16.8843","16.6222","0.2621","17.374200000000002","3.2928","False","18.173000000000002","16.977","18.1903","6.2984","22.9206","8","1","1","False","0"
"11480","2017220847104","1830177952932","1830178119631","17.116200000000003","16.669900000000002","0.44630000000000003","17.021800000000002","3.3698","False","12.1231","16.932000000000002","18.173000000000002","7.5394000000000005","24.209300000000002","8","1","1","False","0"
"11480","2017220847104","1830178124094","1830178268266","14.677000000000001","14.417200000000001","0.25980000000000003","14.4756","2.9972000000000003","False","18.219","14.8635","12.1231","4.799","19.2162","8","1","1","False","0"
"11480","2017220847104","1830178270864","1830178442463","17.538800000000002","17.1599","0.3789","17.6815","3.1297","False","18.1339","17.419700000000002","18.219","5.5983","22.758200000000002","8","1","1","False","0"
"11480","2017220847104","1830178446252","1830178616967","17.2825","17.0715","0.21100000000000002","18.343400000000003","4.147","False","18.186500000000002","17.450400000000002","18.1339","6.2818000000000005","23.3533","8","1","1","False","0"
"11480","2017220847104","1830178619077","1830178776454","16.06","15.7377","0.32230000000000003","14.9953","3.1243000000000003","False","18.1827","15.9487","18.186500000000002","8.5196","24.2573","8","1","1","False","0"
"11480","2017220847104","1830178779677","1830178949762","17.209200000000003","17.0085","0.20070000000000002","17.4376","3.3166","False","12.171000000000001","17.3308","18.1827","9.371500000000001","26.380000000000003","8","1","1","False","0"
"11480","2017220847104","1830178951769","1830179107600","15.7872","15.5831","0.2041","14.5439","2.0641000000000003","False","18.1352","15.783800000000001","12.171000000000001","5.7587","21.341800000000003","8","1","1","False","0"
"11480","2017220847104","1830179109641","1830179304451","19.6793","19.481","0.1983","20.810200000000002","3.1885000000000003","False","18.177300000000002","19.685100000000002","18.1352","4.2088","23.6898","8","1","1","False","0"
"11480","2017220847104","1830179306434","1830179450656","14.7064","14.4222","0.2842","14.6545","3.192","False","18.2007","14.6205","18.177300000000002","7.7656","22.1878","8","1","1","False","0"
"11480","2017220847104","1830179453498","1830179618391","16.7033","16.4893","0.21400000000000002","18.3096","4.7502","False","12.109900000000001","16.773500000000002","18.2007","9.1928","25.682100000000002","8","1","1","False","0"
"11480","2017220847104","1830179620531","1830179782074","16.352899999999998","16.1543","0.1986","13.656400000000001","2.061","False","18.1771","16.3683","12.109900000000001","4.9344","21.0887","8","1","1","False","0"
"11480","2017220847104","1830179784060","1830179940275","15.925500000000001","15.621500000000001","0.304","17.5306","3.6981","False","18.2251","15.8201","18.1771","7.2914","22.9129","8","1","1","False","0"
"11480","2017220847104","1830179943315","1830180107940","16.771800000000002","16.462500000000002","0.3093","16.1694","3.0977","False","12.0827","16.7665","18.2251","8.75","25.212500000000002","8","1","1","False","0"
"11480","2017220847104","1830180111033","1830180276465","16.7342","16.543200000000002","0.191","17.1269","3.4505000000000003","False","24.2637","16.8525","12.0827","3.9802000000000004","20.523400000000002","8","1","1","False","0"
"11480","2017220847104","1830180278375","1830180496707","22.093700000000002","21.8332","0.2605","22.0154","3.4170000000000003","False","12.0958","22.0242","24.2637","6.2197000000000005","28.0529","8","1","1","False","0"
"11480","2017220847104","1830180499312","1830180647033","14.9397","14.7721","0.1676","13.558900000000001","2.2923","False","18.180300000000003","15.0326","12.0958","3.2829","18.055","8","1","1","False","0"
"11480","2017220847104","1830180648709","1830180779912","13.354000000000001","13.1203","0.23370000000000002","14.569","3.225","False","18.2738","13.2879","18.180300000000003","8.1753","21.2956","8","1","1","False","0"
"11480","2017220847104","1830180782249","1830180964194","18.511400000000002","18.1945","0.3169","18.3471","3.0965000000000003","False","18.1243","18.4282","18.2738","8.020900000000001","26.215400000000002","8","1","1","False","0"
"11480","2017220847104","1830180967363","1830181120591","15.5126","15.3228","0.1898","16.9727","4.494400000000001","False","24.2254","15.639700000000001","18.1243","10.5055","25.828300000000002","8","1","1","False","0"
"11480","2017220847104","1830181122489","1830181386977","26.623900000000003","26.448800000000002","0.1751","29.792500000000004","10.5645","False","18.1954","26.6386","24.2254","8.0923","34.5411","8","1","1","False","0"
"11480","2017220847104","1830181388728","1830181561199","17.3979","17.2471","0.15080000000000002","12.992500000000001","3.2520000000000002","False","18.1619","17.4222","18.1954","8.8655","26.1126","8","1","1","False","0"
"11480","2017220847104","1830181562707","1830181760765","19.9666","19.8058","0.1608","23.546800000000005","6.8329","False","12.1414","19.9566","18.1619","7.0708","26.8766","8","1","1","False","0"
"11480","2017220847104","1830181762373","1830181930997","17.052200000000003","16.8624","0.1898","12.1722","1.9508","False","18.160700000000002","17.0232","12.1414","2.189","19.0514","8","1","1","False","0"
"11480","2017220847104","1830181932895","1830182022895","9.1646","9","0.1646","17.1283","9.9192","False","12.132000000000001","9.1898","18.160700000000002","11.1599","20.1599","8","1","1","False","0"
"11480","2017220847104","1830182024541","1830182230069","20.825300000000002","20.5528","0.2725","12.7817","1.9718","False","30.311700000000002","20.7174","12.132000000000001","2.5745","23.1273","8","1","1","False","0"
"11480","2017220847104","1830182232794","1830182430317","19.928","19.7523","0.1757","25.0916","7.0507","False","6.0341000000000005","20.024800000000003","30.311700000000002","12.861400000000001","32.6137","8","1","1","False","0"
"11480","2017220847104","1830182432074","1830182589915","15.947600000000001","15.7841","0.1635","11.151100000000001","2.2349","False","24.2609","15.959800000000001","6.0341000000000005","2.9357","18.7198","8","1","1","False","0"
"11480","2017220847104","1830182591550","1830182752735","16.3014","16.1185","0.1829","18.854100000000003","4.8076","False","12.1112","16.282","24.2609","10.9146","27.0331","8","1","1","False","0"
"11480","2017220847104","1830182754564","1830182927470","17.470100000000002","17.2906","0.17950000000000002","16.4371","3.7681","False","18.1868","17.4735","12.1112","5.552300000000001","22.8429","8","1","1","False","0"
"11480","2017220847104","1830182929265","1830183105417","17.7972","17.6152","0.182","19.281200000000002","5.6562","False","18.177300000000002","17.794700000000002","18.1868","5.9444","23.5596","8","1","1","False","0"
"11480","2017220847104","1830183107237","1830183289502","18.4126","18.2265","0.18610000000000002","17.116","3.9541000000000004","False","12.1079","18.4085","18.177300000000002","5.7132000000000005","23.939700000000002","8","1","1","False","0"
"11480","2017220847104","1830183291363","1830183433458","14.3602","14.2095","0.1507","12.877600000000001","2.4628","False","24.2828","14.3956","12.1079","3.4255","17.635","8","1","1","False","0"
"11480","2017220847104","1830183434965","1830183620438","18.7234","18.5473","0.1761","19.346","3.0935","False","12.087100000000001","18.698","24.2828","9.0103","27.5576","8","1","1","False","0"
"11480","2017220847104","1830183622199","1830183796802","17.6783","17.4603","0.218","16.2375","1.6995","False","24.273500000000002","17.636400000000002","12.087100000000001","3.4610000000000003","20.921300000000002","8","1","1","False","0"
"11480","2017220847104","1830183798982","1830184001536","20.4358","20.2554","0.1804","21.4983","2.7245","False","12.092600000000001","20.4734","24.273500000000002","7.261100000000001","27.5165","8","1","1","False","0"
"11480","2017220847104","1830184003340","1830184156556","15.4696","15.3216","0.14800000000000002","14.2643","1.5045000000000002","False","18.1739","15.502","12.092600000000001","3.8517","19.1733","8","1","1","False","0"
"11480","2017220847104","1830184158036","1830184325796","16.9433","16.776","0.1673","18.755000000000003","3.321","False","18.1981","16.924","18.1739","5.1016","21.8776","8","1","1","False","0"
"11480","2017220847104","1830184327469","1830184498828","17.3199","17.1359","0.184","18.5704","4.5791","False","18.1876","17.3032","18.1981","5.9965","23.1324","8","1","1","False","0"
"11480","2017220847104","1830184500668","1830184691292","19.276600000000002","19.0624","0.2142","16.918400000000002","2.2377000000000002","False","18.194300000000002","19.2464","18.1876","4.9377","24.0001","8","1","1","False","0"
"11480","2017220847104","1830184693434","1830184844747","15.302200000000001","15.131300000000001","0.1709","15.176200000000001","2.0902000000000003","False","18.1726","15.345500000000001","18.194300000000002","7.7865","22.9178","8","1","1","False","0"
"11480","2017220847104","1830184846456","1830185073820","22.884999999999998","22.7364","0.1486","22.8581","2.0507","False","24.2327","22.9073","18.1726","3.0518","25.7882","8","1","1","False","0"
"11480","2017220847104","1830185075306","1830185283088","20.9754","20.778200000000002","0.19720000000000001","23.5558","4.6536","False","18.2132","20.9268","24.2327","6.3577","27.135900000000003","8","1","1","False","0"
"11480","2017220847104","1830185285060","1830185451052","16.7455","16.5992","0.1463","13.8667","1.7527000000000001","False","18.177400000000002","16.796400000000002","18.2132","7.774500000000001","24.3737","8","1","1","False","0"
"11480","2017220847104","1830185452515","1830185638038","18.711600000000004","18.552300000000002","0.1593","18.7938","1.8393000000000002","False","12.097900000000001","18.698600000000003","18.177400000000002","7.2533","25.805600000000002","8","1","1","False","0"
"11480","2017220847104","1830185639631","1830185772251","13.403","13.262","0.14100000000000001","15.193800000000001","3.9533","False","24.2653","13.4213","12.097900000000001","5.9299","19.1919","8","1","1","False","0"
"11480","2017220847104","1830185773661","1830186000243","22.8371","22.6582","0.1789","23.468400000000003","4.266500000000001","False","12.102","22.799200000000003","24.2653","7.396000000000001","30.0542","8","1","1","False","0"
"11480","2017220847104","1830186002032","1830186146456","14.580800000000002","14.442400000000001","0.1384","12.6127","2.2858","False","18.1921","14.621300000000002","12.102","4.8767000000000005","19.319100000000002","8","1","1","False","0"
"11480","2017220847104","1830186147840","1830186310661","16.477899999999998","16.2821","0.1958","18.2347","4.0723","False","18.2007","16.4205","18.1921","6.6483","22.930400000000002","8","1","1","False","0"
"11480","2017220847104","1830186312619","1830186483283","17.2327","17.0664","0.1663","15.007000000000001","1.8333000000000002","False","12.0746","17.2622","18.2007","7.5868","24.653200000000002","8","1","1","False","0"
"11480","2017220847104","1830186484946","1830186656595","17.377299999999998","17.1649","0.2124","17.268800000000002","1.7384000000000002","False","24.2691","17.331200000000003","12.0746","2.3302","19.4951","8","1","1","False","0"
"11480","2017220847104","1830186658719","1830186844023","18.6841","18.5304","0.1537","20.0292","3.0603000000000002","False","12.1213","18.742800000000003","24.2691","7.8565000000000005","26.3869","8","1","1","False","0"
"11480","2017220847104","1830186845560","1830186979925","13.6065","13.4365","0.17","14.2383","3.6996","False","18.1703","13.590200000000001","12.1213","6.3876","19.8241","8","1","1","False","0"
"11480","2017220847104","1830186981625","1830187168624","18.8643","18.6999","0.16440000000000002","19.067","3.8987000000000003","False","18.1893","18.8699","18.1703","5.688000000000001","24.387900000000002","8","1","1","False","0"
"11480","2017220847104","1830187170268","1830187354879","18.620500000000003","18.461100000000002","0.15940000000000001","17.1857","2.451","False","12.103200000000001","18.625500000000002","18.1893","5.2518","23.7129","8","1","1","False","0"
"11480","2017220847104","1830187356473","1830187483713","12.8653","12.724","0.1413","12.386700000000001","1.9737","False","18.1967","12.8834","12.103200000000001","4.4716000000000005","17.195600000000002","8","1","1","False","0"
"11480","2017220847104","1830187485126","1830187648877","16.5658","16.3751","0.1907","17.808","3.2392000000000003","False","12.106","16.5164","18.1967","6.1519","22.527","8","1","1","False","0"
"11480","2017220847104","1830187650784","1830187793128","14.416","14.2344","0.1816","12.9414","1.764","False","24.247","14.4251","12.106","3.8328","18.0672","8","1","1","False","0"
"11480","2017220847104","1830187794944","1830188011793","21.891900000000003","21.684900000000003","0.20700000000000002","24.259800000000002","4.1398","False","12.1051","21.866500000000002","24.247","6.2133","27.898200000000003","8","1","1","False","0"
"11480","2017220847104","1830188013863","1830188174814","16.354400000000002","16.095100000000002","0.25930000000000003","13.8758","1.7345000000000002","False","18.2178","16.3021","12.1051","2.0163","18.1114","8","1","1","False","0"
"11480","2017220847104","1830188177407","1830188297627","12.170300000000001","12.022","0.14830000000000002","12.368","2.1499","False","18.180300000000003","12.2813","18.2178","7.952800000000001","19.974800000000002","8","1","1","False","0"
"11480","2017220847104","1830188299110","1830188484736","18.762","18.5626","0.19940000000000002","19.1898","2.2815000000000003","False","12.097800000000001","18.710900000000002","18.180300000000003","7.4222","25.9848","8","1","1","False","0"
"11480","2017220847104","1830188486730","1830188644396","15.9509","15.7666","0.18430000000000002","15.436300000000001","1.7590000000000001","False","18.177500000000002","15.966000000000001","12.097800000000001","3.5540000000000003","19.320600000000002","8","1","1","False","0"
"11480","2017220847104","1830188646239","1830188802294","15.7819","15.605500000000001","0.1764","18.7113","4.6872","False","24.279300000000003","15.789800000000001","18.177500000000002","5.9417","21.5472","8","1","1","False","0"
"11480","2017220847104","1830188804058","1830189019309","21.857000000000003","21.525100000000002","0.33190000000000003","19.538700000000002","2.4627000000000003","False","6.0274","21.7015","24.279300000000003","8.5195","30.044600000000003","8","1","1","False","0"
"11480","2017220847104","1830189022628","1830189136248","11.552200000000001","11.362","0.1902","11.2317","2.0482","False","24.268800000000002","11.693900000000001","6.0274","2.853","14.215","8","1","1","False","0"
"11480","2017220847104","1830189138150","1830189328987","19.3103","19.0837","0.22660000000000002","19.8019","2.5788","False","12.0858","19.2739","24.268800000000002","7.8479","26.9316","8","1","1","False","0"
"11480","2017220847104","1830189331253","1830189488401","15.9244","15.7148","0.2096","15.154300000000001","1.7871000000000001","False","24.2786","15.941400000000002","12.0858","3.9923","19.7071","8","1","1","False","0"
"11480","2017220847104","1830189490497","1830189682659","19.4048","19.2162","0.18860000000000002","20.6228","2.9918","False","12.097800000000001","19.425800000000002","24.2786","8.8451","28.061300000000003","8","1","1","False","0"
"11480","2017220847104","1830189684545","1830189832389","14.975400000000002","14.784400000000002","0.191","14.1301","2.1441","False","18.2165","14.973","12.097800000000001","5.9699","20.7543","8","1","1","False","0"
"11480","2017220847104","1830189834299","1830190015990","18.343","18.1691","0.1739","19.8459","3.6462000000000003","False","18.1634","18.3601","18.2165","5.826300000000001","23.9954","8","1","1","False","0"
"11480","2017220847104","1830190017729","1830190199473","18.347","18.174400000000002","0.1726","17.790100000000002","3.0875000000000004","False","24.2632","18.348300000000002","18.1634","5.6414","23.8158","8","1","1","False","0"
"11480","2017220847104","1830190201199","1830190399320","20.0573","19.8121","0.2452","21.106","4.1639","False","12.082600000000001","19.9847","24.2632","9.9199","29.732000000000003","8","1","1","False","0"
"11480","2017220847104","1830190401772","1830190556113","15.614700000000001","15.4341","0.1806","13.9151","2.4365","False","18.2013","15.679300000000001","12.082600000000001","6.3232","21.7573","8","1","1","False","0"
"11480","2017220847104","1830190557919","1830190732764","17.6194","17.4845","0.13490000000000002","17.046400000000002","2.371","False","12.098600000000001","17.665100000000002","18.2013","6.8594","24.3439","8","1","1","False","0"
"11480","2017220847104","1830190734113","1830190872001","13.9699","13.7888","0.1811","14.046100000000001","1.9491","False","18.1954","13.9237","12.098600000000001","5.0343","18.8231","8","1","1","False","0"
"11480","2017220847104","1830190873812","1830191057732","18.6027","18.392","0.2107","19.487000000000002","2.8301000000000003","False","18.1981","18.5731","18.1954","4.6566","23.0486","8","1","1","False","0"
"11480","2017220847104","1830191059839","1830191220098","16.2006","16.0259","0.17470000000000002","15.6066","2.2338","False","18.1657","16.2366","18.1981","6.6181","22.644000000000002","8","1","1","False","0"
"11480","2017220847104","1830191221845","1830191399985","17.985","17.814","0.171","19.6367","3.8819000000000004","False","12.0981","17.9887","18.1657","6.795100000000001","24.6091","8","1","1","False","0"
"11480","2017220847104","1830191401695","1830191565428","16.5456","16.3733","0.1723","14.448","1.7841","False","18.1875","16.5443","12.0981","2.3489","18.7222","8","1","1","False","0"
"11480","2017220847104","1830191567151","1830191729609","16.4457","16.2458","0.19990000000000002","17.3478","2.6978","False","18.1968","16.4181","18.1875","4.1183000000000005","20.3641","8","1","1","False","0"
"11480","2017220847104","1830191731608","1830191904805","17.4901","17.3197","0.1704","17.615000000000002","2.8103000000000002","False","18.200100000000003","17.5196","18.1968","4.7955000000000005","22.1152","8","1","1","False","0"
"11480","2017220847104","1830191906509","1830192064399","15.980500000000001","15.789000000000001","0.1915","15.7392","2.5908","False","18.174200000000003","15.9594","18.200100000000003","7.0362","22.825200000000002","8","1","1","False","0"
"11480","2017220847104","1830192066314","1830192275639","21.121000000000002","20.9325","0.1885","20.302400000000002","1.7504000000000002","False","18.1878","21.124000000000002","18.174200000000003","4.0864","25.018900000000002","8","1","1","False","0"
"11480","2017220847104","1830192277524","1830192421210","14.5432","14.3686","0.1746","14.744800000000001","1.9574","False","12.092600000000001","14.5571","18.1878","7.7171","22.085700000000003","8","1","1","False","0"
"11480","2017220847104","1830192422956","1830192591410","17.037300000000002","16.8454","0.19190000000000002","16.8667","1.7888000000000002","False","36.3831","17.02","12.092600000000001","2.7897000000000003","19.6351","8","1","1","False","0"
"11480","2017220847104","1830192593329","1830192908520","31.716","31.5191","0.19690000000000002","33.0538","3.1241000000000003","False","12.0936","31.711000000000002","36.3831","7.4618","38.9809","8","1","1","False","0"
"11480","2017220847104","1830192910489","1830193078186","16.9148","16.7697","0.1451","15.5629","2.0648","False","24.2651","16.9666","12.0936","2.5888","19.3585","8","1","1","False","0"
"11480","2017220847104","1830193079637","1830193282177","20.4237","20.254","0.16970000000000002","21.849","3.1924","False","12.1096","20.3991","24.2651","6.4548000000000005","26.7088","8","1","1","False","0"
"11480","2017220847104","1830193283874","1830193438501","15.6341","15.4627","0.1714","14.528400000000001","2.089","False","18.208000000000002","15.6324","12.1096","2.932","18.3947","8","1","1","False","0"
"11480","2017220847104","1830193440215","1830193578737","14.0718","13.8522","0.21960000000000002","14.0175","2.0632","False","18.155","14.0236","18.208000000000002","7.1164000000000005","20.968600000000002","8","1","1","False","0"
"11480","2017220847104","1830193580933","1830193787325","20.9004","20.639200000000002","0.2612","21.541500000000003","2.7367","False","12.111","20.858800000000002","18.155","4.4126","25.0518","8","1","1","False","0"
"11480","2017220847104","1830193789937","1830193906886","11.9473","11.6949","0.2524","10.9678","1.7729000000000001","False","18.178900000000002","11.956100000000001","12.111","4.5675","16.2624","8","1","1","False","0"
"11480","2017220847104","1830193909410","1830194082491","17.583","17.3081","0.27490000000000003","18.814500000000002","2.9877000000000002","False","18.1938","17.5605","18.178900000000002","5.1859","22.494","8","1","1","False","0"
"11480","2017220847104","1830194085240","1830194251352","16.8704","16.6112","0.2592","17.1345","3.2477","False","18.1995","16.886100000000003","18.1938","6.493600000000001","23.1048","8","1","1","False","0"
"11480","2017220847104","1830194253944","1830194420734","16.9083","16.679000000000002","0.2293","15.672400000000001","2.0017","False","18.169","16.938200000000002","18.1995","7.7549","24.4339","8","1","1","False","0"
"11480","2017220847104","1830194423027","1830194596048","17.5197","17.3021","0.21760000000000002","20.435100000000002","4.911700000000001","False","12.1349","17.5314","18.169","8.3925","25.6946","8","1","1","False","0"
"11480","2017220847104","1830194598224","1830194756697","16.0896","15.8473","0.24230000000000002","12.9002","1.7357","False","18.178800000000003","16.0649","12.1349","4.4625","20.309800000000003","8","1","1","False","0"
"11480","2017220847104","1830194759120","1830194917396","16.3261","15.8276","0.4985","16.8713","2.5097","False","18.1829","16.0699","18.178800000000003","6.571400000000001","22.399","8","1","1","False","0"
"11480","2017220847104","1830194922381","1830195086489","16.598100000000002","16.410800000000002","0.18730000000000002","16.1323","1.7765000000000002","False","12.098700000000001","16.9093","18.1829","7.845000000000001","24.2558","8","1","1","False","0"
"11480","2017220847104","1830195088362","1830195259697","17.297600000000003","17.1335","0.1641","17.3753","1.8332000000000002","False","18.1918","17.320800000000002","12.098700000000001","2.6229","19.7564","8","1","1","False","0"
"11480","2017220847104","1830195261338","1830195420230","16.0426","15.8892","0.1534","16.9718","3.0656000000000003","False","18.195600000000002","16.0533","18.1918","4.7614","20.6506","8","1","1","False","0"
"11480","2017220847104","1830195421764","1830195588009","16.810100000000002","16.6245","0.18560000000000001","16.2348","2.1955","False","18.1891","16.777900000000002","18.195600000000002","6.1791","22.8036","8","1","1","False","0"
"11480","2017220847104","1830195589865","1830195753811","16.588","16.3946","0.19340000000000002","16.085900000000002","1.7164000000000001","False","18.1688","16.5802","18.1891","7.788","24.1826","8","1","1","False","0"
"11480","2017220847104","1830195755745","1830195942120","18.813399999999998","18.6375","0.1759","19.6726","2.5496000000000003","False","12.1111","18.8309","18.1688","7.125900000000001","25.7634","8","1","1","False","0"
"11480","2017220847104","1830195943879","1830196106685","16.48","16.2806","0.19940000000000002","15.979500000000002","2.0624000000000002","False","18.195600000000002","16.456500000000002","12.1111","2.7805","19.0611","8","1","1","False","0"
"11480","2017220847104","1830196108679","1830196269421","16.254","16.0742","0.17980000000000002","16.0215","1.8275000000000001","False","18.1954","16.273600000000002","18.195600000000002","4.702500000000001","20.7767","8","1","1","False","0"
"11480","2017220847104","1830196271219","1830196419934","15.0531","14.871500000000001","0.1816","15.1896","1.9579000000000002","False","12.087100000000001","15.051300000000001","18.1954","7.8466000000000005","22.7181","8","1","1","False","0"
"11480","2017220847104","1830196421750","1830196582235","16.2166","16.0485","0.1681","15.9756","1.7100000000000002","False","18.1924","16.2301","12.087100000000001","3.7036000000000002","19.752100000000002","8","1","1","False","0"
"11480","2017220847104","1830196583916","1830196757426","17.543599999999998","17.351","0.19260000000000002","18.5468","2.7189","False","18.1961","17.5191","18.1924","4.3769","21.7279","8","1","1","False","0"
"11480","2017220847104","1830196759352","1830196912625","15.507200000000001","15.327300000000001","0.1799","15.398900000000001","2.6254","False","12.0949","15.519900000000002","18.1961","7.053100000000001","22.3804","8","1","1","False","0"
"11480","2017220847104","1830196914424","1830197075985","16.324600000000004","16.156100000000002","0.1685","15.7866","2.0677000000000003","False","18.198600000000003","16.336000000000002","12.0949","2.8120000000000003","18.9681","8","1","1","False","0"
"11480","2017220847104","1830197077670","1830197229744","15.378400000000001","15.207400000000002","0.171","16.330000000000002","3.0211","False","18.1894","15.375900000000001","18.198600000000003","5.6347000000000005","20.842100000000002","8","1","1","False","0"
"11480","2017220847104","1830197231454","1830197405636","17.614200000000004","17.418200000000002","0.196","17.9017","3.313","False","12.096400000000001","17.5892","18.1894","6.2349000000000006","23.653100000000002","8","1","1","False","0"
"11480","2017220847104","1830197407596","1830197550687","14.4997","14.3091","0.19060000000000002","12.8362","1.6641000000000001","False","18.1798","14.5051","12.096400000000001","3.8262","18.1353","8","1","1","False","0"
"11480","2017220847104","1830197552593","1830197724943","17.3706","17.235","0.1356","18.2788","2.8777","False","18.1831","17.4256","18.1798","4.5804","21.8154","8","1","1","False","0"
"11480","2017220847104","1830197726299","1830197898163","17.370700000000003","17.186400000000003","0.18430000000000002","17.9294","3.1162","False","18.1905","17.322","18.1831","5.4415000000000004","22.6279","8","1","1","False","0"
"11480","2017220847104","1830197900006","1830198066985","16.9042","16.6979","0.2063","16.283","2.4989","False","18.200400000000002","16.8822","18.1905","6.7498000000000005","23.4477","8","1","1","False","0"
"11480","2017220847104","1830198069048","1830198234399","16.7057","16.5351","0.1706","16.339100000000002","2.1257","False","18.1832","16.741400000000002","18.200400000000002","8.2088","24.7439","8","1","1","False","0"
"11480","2017220847104","1830198236105","1830198392934","15.856","15.6829","0.1731","18.2485","4.5202","False","12.111600000000001","15.8535","18.1832","10.5385","26.221400000000003","8","1","1","False","0"
"11480","2017220847104","1830198394665","1830198545794","15.288300000000001","15.112900000000002","0.1754","13.0402","2.2703","False","12.103900000000001","15.286000000000001","12.111600000000001","7.3641000000000005","22.477","8","1","1","False","0"
"11480","2017220847104","1830198547548","1830198710063","16.4364","16.2515","0.1849","16.235200000000003","2.0659","False","18.1909","16.4269","12.103900000000001","3.0411","19.2926","8","1","1","False","0"
"11480","2017220847104","1830198711912","1830198861534","15.162700000000001","14.962200000000001","0.2005","16.2009","3.1198","False","18.2365","15.1471","18.1909","6.0849","21.0471","8","1","1","False","0"
"11480","2017220847104","1830198863539","1830199023395","16.168200000000002","15.985600000000002","0.1826","15.0785","2.0244","False","12.1225","16.1861","18.2365","8.1353","24.120900000000002","8","1","1","False","0"
"11480","2017220847104","1830199025221","1830199177863","15.4397","15.2642","0.17550000000000002","15.2843","1.8598000000000001","False","24.1798","15.446800000000001","12.1225","4.811","20.075200000000002","8","1","1","False","0"
"11480","2017220847104","1830199179618","1830199396532","21.887900000000002","21.6914","0.1965","25.128","5.0999","False","12.1219","21.8669","24.1798","7.1239","28.8153","8","1","1","False","0"
"11480","2017220847104","1830199398497","1830199560427","16.3641","16.193","0.1711","12.975200000000001","1.7127000000000001","False","18.193","16.3895","12.1219","2.8563","19.049300000000002","8","1","1","False","0"
"11480","2017220847104","1830199562138","1830199714045","15.3625","15.190700000000001","0.1718","16.7493","3.0989","False","12.0954","15.3618","18.193","5.6875","20.8782","8","1","1","False","0"
"11480","2017220847104","1830199715763","1830199871861","15.7568","15.6098","0.14700000000000002","14.4352","2.0539","False","18.1878","15.781600000000001","12.0954","2.0013","17.6111","8","1","1","False","0"
"11480","2017220847104","1830199873331","1830200038941","16.7541","16.561","0.19310000000000002","17.831400000000002","2.8516000000000004","False","18.1785","16.708000000000002","18.1878","3.4811","20.0421","8","1","1","False","0"
"11480","2017220847104","1830200040872","1830200215404","17.6443","17.453200000000002","0.19110000000000002","17.5658","2.7851000000000004","False","18.1965","17.6463","18.1785","4.0133","21.4665","8","1","1","False","0"
"11480","2017220847104","1830200217315","1830200385695","17.011200000000002","16.838","0.17320000000000002","17.3445","3.1094","False","12.1158","17.0291","18.1965","5.1807","22.018700000000003","8","1","1","False","0"
"11480","2017220847104","1830200387427","1830200532934","14.746500000000001","14.5507","0.1958","13.441600000000001","1.8071000000000002","False","18.1874","14.7239","12.1158","2.5726","17.1233","8","1","1","False","0"
"11480","2017220847104","1830200534892","1830200685074","15.1923","15.0182","0.1741","16.3454","2.9579","False","18.226200000000002","15.214","18.1874","5.546","20.5642","8","1","1","False","0"
"11480","2017220847104","1830200686815","1830200839847","15.4809","15.3032","0.1777","14.622100000000003","2.1032","False","12.0823","15.477300000000001","18.226200000000002","8.2949","23.598100000000002","8","1","1","False","0"
"11480","2017220847104","1830200841624","1830200988129","14.825800000000001","14.650500000000001","0.1753","14.765","2.0408","False","12.098600000000001","14.8282","12.0823","5.549","20.1995","8","1","1","False","0"
"11480","2017220847104","1830200989882","1830201138575","15.068900000000001","14.8693","0.1996","15.116200000000003","2.0879000000000003","False","18.207","15.0446","12.098600000000001","2.603","17.4723","8","1","1","False","0"
"11480","2017220847104","1830201140571","1830201287661","14.881300000000001","14.709000000000001","0.1723","15.961300000000001","3.1624000000000003","False","18.197300000000002","14.9086","18.207","5.901400000000001","20.610400000000002","8","1","1","False","0"
"11480","2017220847104","1830201289384","1830201449137","16.163800000000002","15.9753","0.1885","15.0244","2.0418000000000003","False","12.0914","16.1476","18.197300000000002","7.9511","23.9264","8","1","1","False","0"
"11480","2017220847104","1830201451022","1830201606323","15.693600000000002","15.530100000000001","0.1635","15.415700000000001","1.7445000000000002","False","18.2022","15.7186","12.0914","4.3239","19.854","8","1","1","False","0"
"11480","2017220847104","1830201607958","1830201766770","16.0604","15.881200000000002","0.1792","17.927400000000002","3.6063","False","18.1843","16.044700000000002","18.2022","6.481400000000001","22.3626","8","1","1","False","0"
"11480","2017220847104","1830201768562","1830201929223","16.258300000000002","16.066100000000002","0.1922","14.9715","2.3295","False","12.1081","16.2453","18.1843","8.4204","24.4865","8","1","1","False","0"
"11480","2017220847104","1830201931145","1830202079573","14.9754","14.8428","0.1326","14.637800000000002","2.2572","False","18.2036","15.035","12.1081","5.4935","20.3363","8","1","1","False","0"
"11480","2017220847104","1830202080899","1830202250281","17.1141","16.938200000000002","0.1759","17.5699","2.4437","False","18.1839","17.070800000000002","18.2036","6.6263000000000005","23.564500000000002","8","1","1","False","0"
"11480","2017220847104","1830202252040","1830202392330","14.2043","14.029","0.1753","16.3762","4.6215","False","12.119900000000001","14.2049","18.1839","10.6053","24.6343","8","1","1","False","0"
"11480","2017220847104","1830202394083","1830202543437","15.1057","14.935400000000001","0.1703","12.889700000000001","2.402","False","12.0981","15.110700000000001","12.119900000000001","7.6145000000000005","22.5499","8","1","1","False","0"
"11480","2017220847104","1830202545140","1830202686584","14.345300000000002","14.144400000000001","0.20090000000000002","14.2261","2.2932","False","18.205000000000002","14.3147","12.0981","5.3979","19.5423","8","1","1","False","0"
"11480","2017220847104","1830202688593","1830202845687","15.8839","15.7094","0.17450000000000002","15.545200000000001","1.9461000000000002","False","12.104600000000001","15.910300000000001","18.205000000000002","7.6926000000000005","23.402","8","1","1","False","0"
"11480","2017220847104","1830202847432","1830202979437","13.3743","13.2005","0.1738","13.8169","2.3878","False","12.1234","13.375","12.104600000000001","6.4222","19.622700000000002","8","1","1","False","0"
"11480","2017220847104","1830202981175","1830203135973","15.6513","15.479800000000001","0.1715","15.5655","2.3002000000000002","False","18.1893","15.6536","12.1234","2.8920000000000003","18.3718","8","1","1","False","0"
"11480","2017220847104","1830203137688","1830203278914","14.320400000000001","14.1226","0.1978","14.607600000000001","2.5926","False","12.091000000000001","14.2941","18.1893","6.7872","20.9098","8","1","1","False","0"
"11480","2017220847104","1830203280892","1830203437162","15.8076","15.627","0.1806","15.2513","2.0334000000000003","False","18.2029","15.824800000000002","12.091000000000001","3.0534000000000003","18.680400000000002","8","1","1","False","0"
"11480","2017220847104","1830203438968","1830203593122","15.5904","15.4154","0.17500000000000002","17.085900000000002","3.5292000000000003","False","18.1959","15.596","18.2029","5.6603","21.0757","8","1","1","False","0"
"11480","2017220847104","1830203594872","1830203747699","15.4464","15.2827","0.1637","14.290500000000002","2.3667000000000002","False","12.0961","15.4577","18.1959","8.3985","23.6812","8","1","1","False","0"
"11480","2017220847104","1830203749336","1830203909209","16.203200000000002","15.987300000000001","0.2159","15.699100000000001","1.8795000000000002","False","18.1959","16.151","12.0961","4.3436","20.3309","8","1","1","False","0"
"11480","2017220847104","1830203911368","1830204064108","15.4512","15.274000000000001","0.1772","16.2467","2.6655","False","12.0969","15.4899","18.1959","7.049600000000001","22.323600000000003","8","1","1","False","0"
"11480","2017220847104","1830204065880","1830204225216","16.1022","15.9336","0.1686","15.4678","2.0066","False","18.19","16.1108","12.0969","3.0357000000000003","18.9693","8","1","1","False","0"
"11480","2017220847104","1830204226902","1830204382254","15.701900000000002","15.535200000000001","0.16670000000000001","17.1358","3.4581","False","12.1674","15.703800000000001","18.19","5.5219000000000005","21.057100000000002","8","1","1","False","0"
"11480","2017220847104","1830204383921","1830204521400","13.939400000000001","13.747900000000001","0.1915","12.6358","2.162","False","36.3183","13.9146","12.1674","3.7747","17.5226","8","1","1","False","0"
"11480","2017220847104","1830204523315","1830204881054","35.947700000000005","35.773900000000005","0.1738","36.815200000000004","3.0284","False","18.2091","35.9654","36.3183","4.1276","39.9015","8","1","1","False","0"
"11480","2017220847104","1830204882792","1830205029310","14.8229","14.651800000000001","0.1711","13.8651","2.0706","False","12.102500000000001","14.825600000000001","18.2091","7.511100000000001","22.1629","8","1","1","False","0"
"11480","2017220847104","1830205031021","1830205166153","13.662700000000001","13.513200000000001","0.1495","13.870000000000001","2.6793","False","12.1052","13.6843","12.102500000000001","5.9293000000000005","19.442500000000003","8","1","1","False","0"
"11480","2017220847104","1830205167648","1830205318723","15.2991","15.1075","0.19160000000000002","15.0174","2.0067","False","18.2025","15.257000000000001","12.1052","2.7775000000000003","17.885","8","1","1","False","0"
"11480","2017220847104","1830205320639","1830205465836","14.7042","14.5197","0.1845","16.2589","3.5551000000000004","False","12.0846","14.711300000000001","18.2025","6.2687","20.7884","8","1","1","False","0"
"11480","2017220847104","1830205467681","1830205620420","15.445100000000002","15.273900000000001","0.17120000000000002","14.625400000000003","2.7283","False","24.2864","15.458400000000001","12.0846","2.8949000000000003","18.1688","8","1","1","False","0"
"11480","2017220847104","1830205622132","1830205795989","17.5785","17.3857","0.1928","19.220100000000002","4.3667","False","12.1255","17.556900000000002","24.2864","9.6244","27.0101","8","1","1","False","0"
"11480","2017220847104","1830205797917","1830205928240","13.214900000000002","13.032300000000001","0.1826","11.2425","2.4034","False","12.114700000000001","13.225100000000001","12.1255","8.5248","21.557100000000002","8","1","1","False","0"
"11480","2017220847104","1830205930066","1830206086290","15.793000000000001","15.6224","0.1706","15.4824","2.0852","False","12.0983","15.805000000000001","12.114700000000001","4.8345","20.4569","8","1","1","False","0"
"11480","2017220847104","1830206087996","1830206222989","13.6682","13.4993","0.1689","13.5869","2.0063","False","24.279300000000003","13.6699","12.0983","3.2629","16.7622","8","1","1","False","0"
"11480","2017220847104","1830206224678","1830206389069","16.6294","16.4391","0.1903","20.62","5.9943","False","6.008500000000001","16.608","24.279300000000003","10.9342","27.3733","8","1","1","False","0"
"11480","2017220847104","1830206390972","1830206535452","14.6491","14.448","0.2011","10.5799","1.9527","False","24.2501","14.638300000000001","6.008500000000001","2.3044000000000002","16.7524","8","1","1","False","0"
"11480","2017220847104","1830206537463","1830206712167","17.649900000000002","17.4704","0.17950000000000002","19.1492","3.4312","False","24.277900000000002","17.6715","24.2501","8.883000000000001","26.3534","8","1","1","False","0"
"11480","2017220847104","1830206713962","1830206964542","25.2589","25.058","0.20090000000000002","24.942700000000002","3.1155","False","12.1056","25.2375","24.277900000000002","7.9234","32.9814","8","1","1","False","0"
"11480","2017220847104","1830206966551","1830207114594","14.993000000000002","14.804300000000001","0.1887","13.965200000000001","2.1029","False","18.1686","15.0052","12.1056","5.0238000000000005","19.828100000000003","8","1","1","False","0"
"11480","2017220847104","1830207116481","1830207287006","17.229400000000002","17.052500000000002","0.1769","17.445800000000002","2.3043","False","18.1862","17.2412","18.1686","5.9512","23.003700000000002","8","1","1","False","0"
"11480","2017220847104","1830207288775","1830207477536","19.0485","18.8761","0.1724","20.058300000000003","3.3078000000000003","False","18.195700000000002","19.053","18.1862","5.0844000000000005","23.9605","8","1","1","False","0"
"11480","2017220847104","1830207479260","1830207663027","18.5724","18.3767","0.1957","17.2149","1.9561000000000002","False","12.090300000000001","18.5491","18.195700000000002","4.731","23.1077","8","1","1","False","0"
"11480","2017220847104","1830207664984","1830207800672","13.740800000000002","13.568800000000001","0.17200000000000001","14.6516","3.2652","False","18.214100000000002","13.7645","12.090300000000001","3.0568","16.625600000000002","8","1","1","False","0"
"11480","2017220847104","1830207802392","1830207942702","14.229600000000001","14.031","0.1986","15.1353","3.7856","False","12.100100000000001","14.203000000000001","18.214100000000002","7.067900000000001","21.0989","8","1","1","False","0"
"11480","2017220847104","1830207944688","1830208094832","15.1858","15.0144","0.1714","13.3184","1.9005","False","18.2045","15.213000000000001","12.100100000000001","3.955","18.9694","8","1","1","False","0"
"11480","2017220847104","1830208096546","1830208248129","15.3665","15.1583","0.2082","15.747300000000001","2.2867","False","18.166800000000002","15.3297","18.2045","6.8298000000000005","21.9881","8","1","1","False","0"
"11480","2017220847104","1830208250211","1830208405817","15.737100000000002","15.5606","0.17650000000000002","16.6901","3.2364","False","18.2007","15.7688","18.166800000000002","9.2278","24.788400000000003","8","1","1","False","0"
"11480","2017220847104","1830208407582","1830208590682","18.4826","18.310000000000002","0.1726","20.380000000000003","5.1334","False","12.103200000000001","18.4865","18.2007","8.942","27.252000000000002","8","1","1","False","0"
"11480","2017220847104","1830208592408","1830208755546","16.4765","16.3138","0.1627","13.302100000000001","1.9527","False","18.2119","16.4864","12.103200000000001","4.558800000000001","20.872600000000002","8","1","1","False","0"
"11480","2017220847104","1830208757173","1830208913138","15.8076","15.5965","0.2111","16.579800000000002","2.7315","False","12.0831","15.7592","18.2119","7.011500000000001","22.608","8","1","1","False","0"
"11480","2017220847104","1830208915249","1830209047734","13.4285","13.2485","0.18000000000000002","12.962900000000001","2.2653000000000003","False","18.1841","13.4596","12.0831","5.635000000000001","18.8835","8","1","1","False","0"
"11480","2017220847104","1830209049534","1830209237416","18.9765","18.7882","0.1883","19.9323","3.2310000000000003","False","18.1996","18.9682","18.1841","4.8509","23.639100000000003","8","1","1","False","0"
"11480","2017220847104","1830209239299","1830209386704","14.9228","14.7405","0.18230000000000002","16.7561","5.057","False","12.122100000000001","14.9288","18.1996","8.1217","22.8622","8","1","1","False","0"
"11480","2017220847104","1830209388527","1830209534081","14.7481","14.5554","0.1927","11.9418","2.2483","False","12.0973","14.7377","12.122100000000001","5.5061","20.061500000000002","8","1","1","False","0"
"11480","2017220847104","1830209536008","1830209681718","14.7443","14.571000000000002","0.1733","14.816400000000002","2.3198000000000003","False","18.198600000000003","14.7637","12.0973","2.8397","17.410700000000002","8","1","1","False","0"
"11480","2017220847104","1830209683451","1830209833903","15.2254","15.045200000000001","0.1802","16.2626","3.3611","False","12.1033","15.2185","18.198600000000003","5.8198","20.865000000000002","8","1","1","False","0"
"11480","2017220847104","1830209835705","1830209985293","15.1268","14.9588","0.168","13.773500000000002","1.9996","False","18.2137","15.139000000000001","12.1033","2.7841","17.742900000000002","8","1","1","False","0"
"11480","2017220847104","1830209986973","1830210127933","14.2927","14.096","0.1967","16.0361","3.7507","False","12.091600000000001","14.264000000000001","18.2137","6.7338000000000005","20.829800000000002","8","1","1","False","0"
"11480","2017220847104","1830210129900","1830210283665","15.5402","15.3765","0.1637","14.074300000000001","2.2776","False","18.1947","15.5732","12.091600000000001","3.2522","18.628700000000002","8","1","1","False","0"
"11480","2017220847104","1830210285302","1830210444197","16.0826","15.8895","0.19310000000000002","17.0793","3.2883","False","18.1945","16.0532","18.1947","5.3937","21.2832","8","1","1","False","0"
"11480","2017220847104","1830210446128","1830210597633","15.327000000000002","15.150500000000001","0.17650000000000002","16.499100000000002","4.4509","False","12.1487","15.3436","18.1945","8.2446","23.395100000000003","8","1","1","False","0"
"11480","2017220847104","1830210599398","1830210754443","15.7018","15.5045","0.1973","13.1959","1.9413","False","18.116300000000003","15.681000000000001","12.1487","4.7123","20.2168","8","1","1","False","0"
"11480","2017220847104","1830210756416","1830210949214","19.4176","19.2798","0.1378","20.7027","3.5045","False","18.1977","19.4771","18.116300000000003","3.3515","22.6313","8","1","1","False","0"
"11480","2017220847104","1830210950592","1830211120525","17.168000000000003","16.9933","0.17470000000000002","17.0649","3.1248","False","12.1127","17.1311","18.1977","4.4181","21.4114","8","1","1","False","0"
"11480","2017220847104","1830211122272","1830211256214","13.569600000000001","13.394200000000001","0.1754","12.676400000000001","2.2319","False","18.1964","13.568900000000001","12.1127","2.9619","16.3561","8","1","1","False","0"
"11480","2017220847104","1830211257968","1830211406120","15.007700000000002","14.8152","0.1925","17.0243","4.2489","False","12.106300000000001","14.9906","18.1964","6.1677","20.9829","8","1","1","False","0"
"11480","2017220847104","1830211408045","1830211551446","14.512500000000001","14.340100000000001","0.1724","12.1598","1.8949","False","18.1854","14.5326","12.106300000000001","3.7414","18.081500000000002","8","1","1","False","0"
"11480","2017220847104","1830211553170","1830211722870","17.206200000000003","16.970000000000002","0.23620000000000002","18.4796","3.2286","False","18.2318","17.142400000000002","18.1854","4.784400000000001","21.7544","8","1","1","False","0"
"11480","2017220847104","1830211725232","1830211868018","14.4563","14.2786","0.1777","13.602599999999999","2.3174","False","12.097700000000001","14.514800000000001","18.2318","8.5014","22.78","8","1","1","False","0"
"11480","2017220847104","1830211869795","1830212012907","14.533600000000002","14.311200000000001","0.22240000000000001","15.1964","2.9865","False","18.157","14.488900000000001","12.097700000000001","6.1102","20.421400000000002","8","1","1","False","0"
"11480","2017220847104","1830212015131","1830212191048","17.771","17.5917","0.17930000000000001","17.1355","2.3476","False","24.2722","17.8141","18.157","6.4531","24.044800000000002","8","1","1","False","0"
"11480","2017220847104","1830212192841","1830212420210","22.956000000000003","22.736900000000002","0.21910000000000002","23.6978","3.1079000000000003","False","12.1293","22.9162","24.2722","7.8091","30.546000000000003","8","1","1","False","0"
"11480","2017220847104","1830212422401","1830212547375","12.6708","12.4974","0.1734","12.212","2.6228000000000002","False","12.080400000000001","12.7165","12.1293","7.221900000000001","19.7193","8","1","1","False","0"
"11480","2017220847104","1830212549109","1830212712951","16.5676","16.3842","0.1834","15.898800000000001","1.9549","False","18.191300000000002","16.5576","12.080400000000001","2.7447","19.1289","8","1","1","False","0"
"11480","2017220847104","1830212714785","1830212877958","16.4984","16.3173","0.1811","17.6504","3.1117000000000004","False","18.2012","16.500700000000002","18.191300000000002","4.4353","20.7526","8","1","1","False","0"
"11480","2017220847104","1830212879769","1830213039907","16.2006","16.0138","0.18680000000000002","15.693700000000002","2.6153","False","12.1266","16.1949","18.2012","6.4416","22.4554","8","1","1","False","0"
"11480","2017220847104","1830213041775","1830213179491","13.942300000000001","13.771600000000001","0.17070000000000002","13.4937","2.1558","False","18.145400000000002","13.958400000000001","12.1266","4.6098","18.3814","8","1","1","False","0"
"11480","2017220847104","1830213181198","1830213358931","17.961700000000004","17.773300000000003","0.1884","17.9459","2.1371","False","30.305300000000003","17.944000000000003","18.145400000000002","4.8112","22.584500000000002","8","1","1","False","0"
"11480","2017220847104","1830213360815","1830213665405","30.628200000000003","30.459000000000003","0.16920000000000002","31.646600000000003","3.1553","False","18.2296","30.6474","30.305300000000003","4.4691","34.9281","8","1","1","False","0"
"11480","2017220847104","1830213667097","1830213816729","15.1005","14.9632","0.1373","14.0275","2.3563","False","12.0866","15.1324","18.2296","7.5663","22.529500000000002","8","1","1","False","0"
"11480","2017220847104","1830213818102","1830213977421","16.1297","15.9319","0.1978","16.0492","1.9999","False","18.2075","16.069200000000002","12.0866","3.5837000000000003","19.5156","8","1","1","False","0"
"11480","2017220847104","1830213979399","1830214157963","18.0732","17.8564","0.21680000000000002","17.9673","1.9031","False","30.2787","18.0542","18.2075","3.737","21.593400000000003","8","1","1","False","0"
"11480","2017220847104","1830214160131","1830214434349","27.617800000000003","27.4218","0.196","29.4463","3.7356000000000003","False","18.2105","27.6386","30.2787","6.3771","33.7989","8","1","1","False","0"
"11480","2017220847104","1830214436309","1830214605349","17.1088","16.904","0.2048","16.9056","3.5354","False","12.1105","17.1","18.2105","7.4876000000000005","24.3916","8","1","1","False","0"
"11480","2017220847104","1830214607397","1830214738710","13.358300000000002","13.131300000000001","0.227","12.023200000000001","2.244","False","12.1211","13.3361","12.1105","6.2620000000000005","19.3933","8","1","1","False","0"
"11480","2017220847104","1830214740980","1830214873681","13.424700000000001","13.270100000000001","0.15460000000000002","13.3306","2.0861","False","24.246100000000002","13.497100000000001","12.1211","4.886","18.156100000000002","8","1","1","False","0"
"11480","2017220847104","1830214875227","1830215079875","20.6874","20.4648","0.22260000000000002","20.894000000000002","2.3342","False","12.1143","20.619400000000002","24.246100000000002","8.5127","28.977500000000003","8","1","1","False","0"
"11480","2017220847104","1830215082101","1830215231973","15.241500000000002","14.987200000000001","0.2543","15.079","2.168","False","12.122100000000001","15.209800000000001","12.1143","5.4172","20.404400000000003","8","1","1","False","0"
"11480","2017220847104","1830215234516","1830215352818","12.003600000000002","11.830200000000001","0.1734","11.9875","2.12","False","18.1893","12.0845","12.122100000000001","5.4548000000000005","17.285","8","1","1","False","0"
"11480","2017220847104","1830215354552","1830215519650","16.684500000000003","16.509800000000002","0.17470000000000002","17.148400000000002","2.5959000000000003","False","18.1848","16.6832","18.1893","6.9609000000000005","23.4707","8","1","1","False","0"
"11480","2017220847104","1830215521397","1830215709378","18.9877","18.7981","0.18960000000000002","18.553900000000002","2.1719","False","12.1243","18.9728","18.1848","6.1729","24.971","8","1","1","False","0"
"11480","2017220847104","1830215711274","1830215840111","13.0837","12.883700000000001","0.2","12.9984","2.073","False","18.140800000000002","13.073300000000001","12.1243","5.2239","18.1076","8","1","1","False","0"
"11480","2017220847104","1830215842111","1830216044782","20.4371","20.2671","0.17","20.613599999999998","2.2431","False","42.4589","20.467100000000002","18.140800000000002","2.8976","23.1647","8","1","1","False","0"
"11480","2017220847104","1830216046482","1830216423340","37.889","37.6858","0.20320000000000002","38.844100000000005","3.2143","False","24.2528","37.8558","42.4589","7.5007","45.1865","8","1","1","False","0"
"11480","2017220847104","1830216425372","1830216673224","24.9753","24.7852","0.19010000000000002","25.220100000000002","3.44","False","18.138","24.988400000000002","24.2528","6.7651","31.5503","8","1","1","False","0"
"11480","2017220847104","1830216675125","1830216892057","21.8688","21.6932","0.1756","20.4262","2.0008","False","24.256700000000002","21.883300000000002","18.138","3.0198","24.713","8","1","1","False","0"
"11480","2017220847104","1830216893813","1830217106997","21.4912","21.3184","0.1728","22.9597","3.4648000000000003","False","18.2043","21.494","24.256700000000002","5.782500000000001","27.100900000000003","8","1","1","False","0"
"11480","2017220847104","1830217108725","1830217281743","17.467","17.3018","0.1652","16.417","2.4073","False","18.1763","17.474600000000002","18.2043","6.5122","23.814","8","1","1","False","0"
"11480","2017220847104","1830217283395","1830217456558","17.444000000000003","17.316300000000002","0.1277","16.7005","1.9586000000000001","False","12.120800000000001","17.4815","18.1763","7.207000000000001","24.523300000000003","8","1","1","False","0"
"11480","2017220847104","1830217457835","1830217589314","13.3418","13.1479","0.19390000000000002","13.8042","2.1539","False","24.2496","13.2756","12.120800000000001","6.0522","19.200100000000003","8","1","1","False","0"
"11480","2017220847104","1830217591253","1830217805914","21.6398","21.4661","0.17370000000000002","22.3948","2.8945000000000003","False","12.1013","21.66","24.2496","8.6418","30.1079","8","1","1","False","0"
"11480","2017220847104","1830217807651","1830217955914","15.007700000000002","14.826300000000002","0.1814","14.2881","2.1669","False","12.1121","15","12.1013","5.7431","20.5694","8","1","1","False","0"
"11480","2017220847104","1830217957728","1830218072964","11.702","11.5236","0.1784","11.732700000000001","2.2037","False","18.1817","11.705","12.1121","6.1502","17.6738","8","1","1","False","0"
"11480","2017220847104","1830218074748","1830218266161","19.366200000000003","19.1413","0.22490000000000002","19.3884","2.2866","False","24.2393","19.3197","18.1817","5.0122","24.1535","8","1","1","False","0"
"11480","2017220847104","1830218268410","1830218416030","14.9062","14.762","0.1442","22.5283","9.8315","False","6.0437","14.9869","24.2393","14.264600000000002","29.026600000000002","8","1","1","False","0"
"11480","2017220847104","1830218417472","1830218590837","17.5063","17.3365","0.1698","7.980700000000001","0.3153","False","12.1317","17.480700000000002","6.0437","2.8276000000000003","20.1641","8","1","1","False","0"
"11480","2017220847104","1830218592535","1830218736139","14.525500000000001","14.3604","0.1651","14.4593","0.2506","False","18.168100000000003","14.5302","12.1317","0.42910000000000004","14.7895","8","1","1","False","0"
"11480","2017220847104","1830218737790","1830218896356","16.0424","15.8566","0.18580000000000002","16.1002","0.3274","False","18.210800000000003","16.0217","18.168100000000003","2.5755000000000003","18.432100000000002","8","1","1","False","0"
"11480","2017220847104","1830218898214","1830219070701","17.439","17.2487","0.1903","17.4557","0.3346","False","12.092400000000001","17.4345","18.210800000000003","3.3518000000000003","20.6005","8","1","1","False","0"
"11480","2017220847104","1830219072604","1830219197382","12.6743","12.4778","0.1965","12.592600000000001","0.2536","False","24.273400000000002","12.6681","12.092400000000001","2.7761","15.253900000000002","8","1","1","False","0"
"11480","2017220847104","1830219199347","1830219417439","21.9736","21.8092","0.16440000000000002","22.1481","0.41950000000000004","False","12.0838","22.0057","24.273400000000002","5.0438","26.853","8","1","1","False","0"
"11480","2017220847104","1830219419083","1830219583257","16.597","16.4174","0.1796","16.4206","0.2447","False","18.210900000000002","16.5818","12.0838","0.5458000000000001","16.9632","8","1","1","False","0"
"11480","2017220847104","1830219585053","1830219708008","12.4831","12.2955","0.18760000000000002","12.5258","0.29810000000000003","False","18.194100000000002","12.475100000000001","18.210900000000002","6.2816","18.5771","8","1","1","False","0"
"11480","2017220847104","1830219709884","1830219892378","18.443900000000003","18.2494","0.1945","18.387700000000002","0.22990000000000002","False","12.104600000000001","18.437","18.194100000000002","6.0387","24.2881","8","1","1","False","0"
"11480","2017220847104","1830219894323","1830220042368","14.9799","14.8045","0.1754","14.991000000000001","0.2459","False","18.1796","14.999","12.104600000000001","3.1443000000000003","17.948800000000002","8","1","1","False","0"
"11480","2017220847104","1830220044122","1830220229794","18.802699999999998","18.5672","0.23550000000000001","18.695700000000002","0.31670000000000004","False","12.095600000000001","18.7426","18.1796","2.5813","21.148500000000002","8","1","1","False","0"
"11480","2017220847104","1830220232149","1830220367311","13.722000000000001","13.516200000000001","0.2058","13.8321","0.2602","False","18.2056","13.751700000000001","12.095600000000001","0.9252","14.441400000000002","8","1","1","False","0"
"11480","2017220847104","1830220369369","1830220532554","16.5037","16.3185","0.1852","16.5668","0.318","False","12.1898","16.5243","18.2056","2.6065","18.925","8","1","1","False","0"
"11480","2017220847104","1830220534406","1830220655039","12.2475","12.0633","0.1842","12.183900000000001","0.2566","False","18.1034","12.2485","12.1898","2.5478","14.6111","8","1","1","False","0"
"11480","2017220847104","1830220656881","1830220843574","18.8503","18.6693","0.18100000000000002","18.9506","0.3501","False","18.1905","18.8535","18.1034","1.7977","20.467000000000002","8","1","1","False","0"
"11480","2017220847104","1830220845384","1830221032333","18.9116","18.6949","0.2167","18.875700000000002","0.32680000000000003","False","18.1903","18.8759","18.1905","1.1123","19.8072","8","1","1","False","0"
"11480","2017220847104","1830221034500","1830221172442","13.9627","13.7942","0.1685","13.9862","0.3341","False","18.1975","14.010900000000001","18.1903","5.2917000000000005","19.085900000000002","8","1","1","False","0"
"11480","2017220847104","1830221174127","1830221351547","18.1557","17.742","0.4137","17.888","0.2511","False","12.1113","17.910500000000003","18.1975","5.5787","23.320700000000002","8","1","1","False","0"
"11480","2017220847104","1830221355684","1830221473839","12.0131","11.8155","0.1976","12.150300000000001","0.2212","False","12.0845","12.2292","12.1113","5.4608","17.2763","8","1","1","False","0"
"11480","2017220847104","1830221475815","1830221639105","16.5401","16.329","0.2111","16.5743","0.2559","False","18.2167","16.526600000000002","12.0845","1.0187","17.3477","8","1","1","False","0"
"11480","2017220847104","1830221641216","1830221781937","14.244200000000001","14.0721","0.1721","14.339199999999998","0.3327","False","18.1814","14.2832","18.2167","4.9522","19.0243","8","1","1","False","0"
"11480","2017220847104","1830221783658","1830221962060","18.0257","17.8402","0.1855","17.9283","0.2487","False","12.095600000000001","18.0123","18.1814","5.121300000000001","22.9615","8","1","1","False","0"
"11480","2017220847104","1830221963915","1830222098974","13.6789","13.5059","0.17300000000000001","13.6883","0.24730000000000002","False","24.279600000000002","13.6914","12.095600000000001","3.5255","17.0314","8","1","1","False","0"
"11480","2017220847104","1830222100704","1830222321018","22.2179","22.0314","0.1865","22.3082","0.33340000000000003","False","18.1754","22.2044","24.279600000000002","5.600700000000001","27.6321","8","1","1","False","0"
"11480","2017220847104","1830222322883","1830222510567","18.9919","18.7684","0.2235","18.8321","0.2253","False","12.1067","18.954900000000002","18.1754","4.8212","23.5896","8","1","1","False","0"
"11480","2017220847104","1830222512802","1830222655229","14.429100000000002","14.242700000000001","0.1864","14.4908","0.2494","False","18.1922","14.4662","12.1067","2.4617","16.7044","8","1","1","False","0"
"11480","2017220847104","1830222657093","1830222827000","17.1728","16.9907","0.1821","17.3064","0.3839","False","18.1725","17.1771","18.1922","3.4768000000000003","20.4675","8","1","1","False","0"
"11480","2017220847104","1830222828821","1830223007827","18.1122","17.9006","0.2116","17.9377","0.2997","False","18.1891","18.0827","18.1725","3.5666","21.467200000000002","8","1","1","False","0"
"11480","2017220847104","1830223009943","1830223188575","18.0606","17.863200000000003","0.19740000000000002","18.069200000000002","0.2419","False","18.1704","18.0748","18.1891","3.6809000000000003","21.5441","8","1","1","False","0"
"11480","2017220847104","1830223190549","1830223376231","18.7479","18.5682","0.1797","18.842000000000002","0.3045","False","18.1741","18.7656","18.1704","3.0857","21.6539","8","1","1","False","0"
"11480","2017220847104","1830223378028","1830223563210","18.8181","18.5182","0.2999","18.8154","0.3592","False","18.1948","18.6979","18.1741","2.5619","21.0801","8","1","1","False","0"
"11480","2017220847104","1830223566209","1830223736762","17.2709","17.055300000000003","0.2156","17.429100000000002","0.4726","False","18.184900000000003","17.3552","18.1948","3.4015","20.4568","8","1","1","False","0"
"11480","2017220847104","1830223738918","1830223922901","18.592900000000004","18.398300000000003","0.19460000000000002","18.4495","0.3267","False","18.1906","18.6139","18.184900000000003","2.9725","21.370800000000003","8","1","1","False","0"
"11480","2017220847104","1830223924847","1830224079223","15.621900000000002","15.437600000000002","0.18430000000000002","15.5485","0.2388","False","18.1618","15.632200000000001","18.1906","5.5309","20.968500000000002","8","1","1","False","0"
"11480","2017220847104","1830224081066","1830224278367","19.9362","19.7301","0.2061","19.8867","0.2034","False","18.1746","19.9144","18.1618","3.7783","23.5084","8","1","1","False","0"
"11480","2017220847104","1830224280428","1830224481555","20.2907","20.1127","0.17800000000000002","20.4554","0.3564","False","18.2195","20.3188","18.1746","1.6341","21.7468","8","1","1","False","0"
"11480","2017220847104","1830224483335","1830224641727","16.0299","15.8392","0.1907","15.9223","0.25880000000000003","False","18.1489","16.0172","18.2195","3.8364000000000003","19.6756","8","1","1","False","0"
"11480","2017220847104","1830224643634","1830224853846","21.2261","21.0212","0.2049","21.2249","0.2652","False","24.274800000000003","21.2119","18.1489","0.7734000000000001","21.794600000000003","8","1","1","False","0"
"11480","2017220847104","1830224855895","1830225049236","19.551199999999998","19.3341","0.21710000000000002","19.614900000000002","0.3326","False","12.0906","19.539","24.274800000000003","5.5092","24.843300000000003","8","1","1","False","0"
"11480","2017220847104","1830225051407","1830225206808","15.7185","15.5401","0.1784","15.6599","0.25370000000000004","False","24.2637","15.757200000000001","12.0906","1.8426","17.3827","8","1","1","False","0"
"11480","2017220847104","1830225208592","1830225412839","20.619600000000002","20.4247","0.19490000000000002","20.707900000000002","0.3497","False","18.1694","20.6031","24.2637","5.5032000000000005","25.9279","8","1","1","False","0"
"11480","2017220847104","1830225414788","1830225618425","20.531100000000002","20.3637","0.16740000000000002","20.441100000000002","0.2459","False","18.1647","20.558600000000002","18.1694","3.1140000000000003","23.477700000000002","8","1","1","False","0"
"11480","2017220847104","1830225620099","1830225815693","19.8136","19.5594","0.25420000000000004","19.8752","0.3504","False","24.2737","19.7268","18.1647","1.5519","21.1113","8","1","1","False","0"
"11480","2017220847104","1830225818235","1830226021504","20.5878","20.326900000000002","0.2609","20.5683","0.3512","False","18.1627","20.5811","24.2737","5.2445","25.5714","8","1","1","False","0"
"11480","2017220847104","1830226024113","1830226242682","21.968799999999998","21.8569","0.1119","21.9064","0.455","False","24.262500000000003","22.117800000000003","18.1627","1.2894","23.1463","8","1","1","False","0"
"11480","2017220847104","1830226243801","1830226445588","20.3802","20.1787","0.2015","20.5424","0.3941","False","24.249000000000002","20.2906","24.262500000000003","5.2613","25.44","8","1","1","False","0"
"11480","2017220847104","1830226447603","1830226684744","23.8852","23.714100000000002","0.1711","23.8964","0.41200000000000003","False","30.283700000000003","23.9156","24.249000000000002","5.5947000000000005","29.3088","8","1","1","False","0"
"11480","2017220847104","1830226686455","1830226982722","31.864600000000003","29.626700000000003","2.2379000000000002","31.8853","0.7412000000000001","False","24.2591","29.797800000000002","30.283700000000003","6.0806000000000004","35.707300000000004","8","1","1","False","0"
"11480","2017220847104","1830227005101","1830227241495","23.852500000000003","23.639400000000002","0.2131","23.8337","0.4161","False","24.240000000000002","25.8773","24.2591","4.462400000000001","28.1018","8","1","1","False","0"
"11480","2017220847104","1830227243626","1830227470951","22.9725","22.7325","0.24000000000000002","22.8505","0.3179","False","24.2329","22.945600000000002","24.240000000000002","5.7568","28.4893","8","1","1","False","0"
"11480","2017220847104","1830227473351","1830227740155","26.9601","26.680400000000002","0.2797","27.052100000000003","0.4199","False","24.262500000000003","26.9204","24.2329","3.0693","29.7497","8","1","1","False","0"
"11480","2017220847104","1830227742952","1830227957944","21.7148","21.499200000000002","0.2156","21.7982","0.4582","False","18.1583","21.7789","24.262500000000003","5.5529","27.052100000000003","8","1","1","False","0"
"11480","2017220847104","1830227960100","1830228182056","22.4326","22.195600000000002","0.23700000000000002","22.3944","0.446","False","24.2441","22.4112","18.1583","1.3","23.4956","8","1","1","False","0"
"11480","2017220847104","1830228184426","1830228407748","22.6957","22.3322","0.3635","22.637500000000003","0.4562","False","18.1936","22.569200000000002","24.2441","2.9749000000000003","25.307100000000002","8","1","1","False","0"
"11480","2017220847104","1830228411383","1830228596732","18.7874","18.5349","0.2525","18.8627","0.46740000000000004","False","24.256500000000003","18.898400000000002","18.1936","2.2701000000000002","20.805","8","1","1","False","0"
"11480","2017220847104","1830228599257","1830228795191","19.852600000000002","19.593400000000003","0.2592","19.8768","0.49350000000000005","False","18.174200000000003","19.8459","24.256500000000003","6.680700000000001","26.2741","8","1","1","False","0"
"11480","2017220847104","1830228797783","1830228986671","19.0901","18.8888","0.2013","18.9264","0.3019","False","18.1905","19.148","18.174200000000003","5.7069","24.5957","8","1","1","False","0"
"11480","2017220847104","1830228988684","1830229172284","18.5946","18.36","0.2346","18.6052","0.3367","False","12.0836","18.5613","18.1905","5.3361","23.6961","8","1","1","False","0"
"11480","2017220847104","1830229174630","1830229328236","15.659100000000002","15.360600000000002","0.2985","15.6136","0.316","False","18.210900000000002","15.5952","12.0836","1.8245","17.185100000000002","8","1","1","False","0"
"11480","2017220847104","1830229331221","1830229463423","13.3981","13.2202","0.1779","13.5126","0.37320000000000003","False","18.1877","13.5187","18.210900000000002","6.5167","19.736900000000002","8","1","1","False","0"
"11480","2017220847104","1830229465202","1830229647167","18.4286","18.1965","0.2321","18.2472","0.3986","False","18.1771","18.3744","18.1877","6.33","24.526500000000002","8","1","1","False","0"
"11480","2017220847104","1830229649488","1830229844112","19.659800000000004","19.462400000000002","0.19740000000000002","19.8546","0.39780000000000004","False","18.1784","19.6945","18.1771","4.812600000000001","24.275000000000002","8","1","1","False","0"
"11480","2017220847104","1830229846086","1830230010437","16.658","16.435100000000002","0.22290000000000001","16.531200000000002","0.2823","False","12.0928","16.6325","18.1784","6.3585","22.7936","8","1","1","False","0"
"11480","2017220847104","1830230012666","1830230176183","16.620900000000002","16.3517","0.2692","16.648","0.3381","False","12.1096","16.5746","12.0928","1.8767","18.2284","8","1","1","False","0"
"11480","2017220847104","1830230178875","1830230298136","12.1182","11.9261","0.19210000000000002","12.132900000000001","0.29560000000000003","False","18.1919","12.195300000000001","12.1096","1.7910000000000001","13.7171","8","1","1","False","0"
"11480","2017220847104","1830230300057","1830230482099","18.4221","18.2042","0.2179","18.5613","0.4626","False","18.204700000000003","18.3963","18.1919","1.5866","19.7908","8","1","1","False","0"
"11480","2017220847104","1830230484278","1830230616983","13.4557","13.2705","0.1852","13.320400000000001","0.3155","False","12.0789","13.4884","18.204700000000003","6.3029","19.5734","8","1","1","False","0"
"11480","2017220847104","1830230618835","1830230795044","17.781200000000002","17.620900000000002","0.1603","17.7906","0.3042","False","18.2195","17.8061","12.0789","0.5757","18.1966","8","1","1","False","0"
"11480","2017220847104","1830230796647","1830230919524","12.494200000000001","12.287700000000001","0.20650000000000002","12.5847","0.4107","False","18.1551","12.448","18.2195","6.3472","18.634900000000002","8","1","1","False","0"
"11480","2017220847104","1830230921589","1830231128988","21.005200000000002","20.739900000000002","0.26530000000000004","20.881600000000002","0.3264","False","12.129100000000001","20.9464","18.1551","3.5559000000000003","24.2958","8","1","1","False","0"
"11480","2017220847104","1830231131641","1830231273643","14.4289","14.2002","0.22870000000000001","14.421000000000001","0.3049","False","18.206","14.4655","12.129100000000001","1.2195","15.4197","8","1","1","False","0"
"11480","2017220847104","1830231275930","1830231420808","14.6761","14.4878","0.1883","14.684800000000001","0.29410000000000003","False","12.102300000000001","14.7165","18.206","4.7090000000000005","19.1968","8","1","1","False","0"
"11480","2017220847104","1830231422691","1830231570390","14.965300000000001","14.769900000000002","0.19540000000000002","14.9784","0.2953","False","18.2085","14.958200000000001","12.102300000000001","1.8531000000000002","16.623","8","1","1","False","0"
"11480","2017220847104","1830231572344","1830231722770","15.2318","15.0426","0.1892","15.2184","0.2901","False","12.1083","15.238000000000001","18.2085","4.8236","19.8662","8","1","1","False","0"
"11480","2017220847104","1830231724662","1830231853297","13.101700000000001","12.8635","0.23820000000000002","13.054400000000001","0.27","False","12.125300000000001","13.0527","12.1083","3.8792","16.7427","8","1","1","False","0"
"11480","2017220847104","1830231855679","1830231985880","13.212900000000001","13.020100000000001","0.1928","13.354000000000001","0.369","False","12.0847","13.2583","12.125300000000001","2.7462","15.766300000000001","8","1","1","False","0"
"11480","2017220847104","1830231987808","1830232120628","13.4696","13.282","0.18760000000000002","13.382800000000001","0.2853","False","12.1255","13.4748","12.0847","1.3561","14.638100000000001","8","1","1","False","0"
"11480","2017220847104","1830232122504","1830232214690","9.3801","9.2186","0.1615","9.499300000000002","0.399","False","18.2347","9.4062","12.1255","4.0754","13.294","8","1","1","False","0"
"11480","2017220847104","1830232216305","1830232384622","17.0162","16.8317","0.1845","16.9724","0.6317","False","12.0938","16.9932","18.2347","5.3169","22.148600000000002","8","1","1","False","0"
"11480","2017220847104","1830232386467","1830232508130","12.393200000000002","12.166300000000001","0.22690000000000002","12.2956","0.2909","False","12.087","12.350800000000001","12.0938","5.0599","17.226200000000002","8","1","1","False","0"
"11480","2017220847104","1830232510399","1830232666685","15.7989","15.6286","0.1703","15.841700000000001","0.307","False","12.1395","15.855500000000001","12.087","1.2914","16.92","8","1","1","False","0"
"11480","2017220847104","1830232668388","1830232762143","9.5667","9.3755","0.1912","9.6655","0.40230000000000005","False","12.1102","9.5458","12.1395","3.8851","13.2606","8","1","1","False","0"
"11480","2017220847104","1830232764055","1830232905745","14.3886","14.169","0.21960000000000002","14.3484","0.38880000000000003","False","24.2862","14.3602","12.1102","1.6351","15.8041","8","1","1","False","0"
"11480","2017220847104","1830232907941","1830233100205","19.3759","19.2264","0.1495","19.4348","0.4131","False","6.0981000000000005","19.446","24.2862","6.475300000000001","25.701700000000002","8","1","1","False","0"
"11480","2017220847104","1830233101700","1830233191303","9.1656","8.9603","0.2053","9.0261","0.302","False","12.0588","9.1098","6.0981000000000005","3.4636","12.4239","8","1","1","False","0"
"11480","2017220847104","1830233193356","1830233322819","13.182400000000001","12.9463","0.2361","13.1646","0.3094","False","12.1179","13.1516","12.0588","2.3708","15.3171","8","1","1","False","0"
"11480","2017220847104","1830233325180","1830233429878","10.696900000000001","10.469800000000001","0.22710000000000002","10.7721","0.3627","False","12.0959","10.7059","12.1179","3.7828000000000004","14.252600000000001","8","1","1","False","0"
"11480","2017220847104","1830233432149","1830233573593","14.282900000000001","14.144400000000001","0.1385","14.349200000000002","0.3906","False","12.1353","14.371500000000001","12.0959","1.5072","15.6516","8","1","1","False","0"
"11480","2017220847104","1830233574978","1830233669147","9.6071","9.4169","0.1902","9.5973","0.3909","False","18.2249","9.5554","12.1353","4.0871","13.504000000000001","8","1","1","False","0"
"11480","2017220847104","1830233671049","1830233832963","16.392000000000003","16.1914","0.2006","16.3884","0.4156","False","6.038200000000001","16.381600000000002","18.2249","5.930400000000001","22.1218","8","1","1","False","0"
"11480","2017220847104","1830233834969","1830233930620","9.777400000000002","9.565100000000001","0.21230000000000002","9.642800000000001","0.302","False","12.1058","9.7657","6.038200000000001","2.2029","11.768","8","1","1","False","0"
"11480","2017220847104","1830233932743","1830234059935","13.014600000000002","12.7192","0.2954","13.025300000000001","0.3175","False","12.2095","12.9315","12.1058","1.3772","14.096400000000001","8","1","1","False","0"
"11480","2017220847104","1830234062889","1830234168704","10.790000000000001","10.5815","0.20850000000000002","10.9145","0.4143","False","12.0227","10.876900000000001","12.2095","2.7098","13.291300000000001","8","1","1","False","0"
"11480","2017220847104","1830234170789","1830234298585","13.0426","12.7796","0.263","13.0225","0.40790000000000004","False","18.235500000000002","12.988100000000001","12.0227","1.7444000000000002","14.524000000000001","8","1","1","False","0"
"11480","2017220847104","1830234301215","1830234438858","13.9876","13.7643","0.2233","13.9701","0.3825","False","12.1262","14.0273","18.235500000000002","5.9526","19.716900000000003","8","1","1","False","0"
"11480","2017220847104","1830234441091","1830234575371","13.6278","13.428","0.1998","13.558300000000001","0.3042","False","12.0952","13.6513","12.1262","4.4275","17.8555","8","1","1","False","0"
"11480","2017220847104","1830234577369","1830234712185","13.7369","13.4816","0.2553","13.8299","0.41090000000000004","False","12.092","13.6814","12.0952","2.8413","16.3229","8","1","1","False","0"
"11480","2017220847104","1830234714738","1830234844802","13.1994","13.006400000000001","0.193","12.997300000000001","0.5634","False","18.2259","13.261700000000001","12.092","1.6716","14.678","8","1","1","False","0"
"11480","2017220847104","1830234846732","1830234983049","13.8171","13.6317","0.1854","14.003200000000001","0.37820000000000004","False","6.0854","13.8247","18.2259","6.0728","19.7045","8","1","1","False","0"
"11480","2017220847104","1830234984903","1830235068275","8.4998","8.337200000000001","0.1626","8.4406","0.30110000000000003","False","18.1517","8.5226","6.0854","3.6356","11.972800000000001","8","1","1","False","0"
"11480","2017220847104","1830235069901","1830235248028","18.0278","17.8127","0.2151","18.0293","0.32330000000000003","False","12.0975","17.9753","18.1517","3.8120000000000003","21.6247","8","1","1","False","0"
"11480","2017220847104","1830235250179","1830235388078","14.009400000000001","13.789900000000001","0.2195","14.090300000000001","0.4199","False","12.1325","14.005","12.0975","1.9045","15.6944","8","1","1","False","0"
"11480","2017220847104","1830235390273","1830235501405","11.3138","11.1132","0.2006","11.326","0.41350000000000003","False","12.1234","11.3327","12.1325","2.7043","13.8175","8","1","1","False","0"
"11480","2017220847104","1830235503411","1830235607199","10.5747","10.3788","0.19590000000000002","10.4268","0.26940000000000003","False","12.1287","10.5794","12.1234","4.2483","14.6271","8","1","1","False","0"
"11480","2017220847104","1830235609158","1830235738341","13.1042","12.9183","0.1859","13.2141","0.35660000000000003","False","12.0759","13.1142","12.1287","3.2628000000000004","16.1811","8","1","1","False","0"
"11480","2017220847104","1830235740200","1830235868339","13.0504","12.8139","0.23650000000000002","12.9593","0.30360000000000004","False","12.1372","12.9998","12.0759","2.3389","15.152800000000001","8","1","1","False","0"
"11480","2017220847104","1830235870704","1830235992522","12.441600000000001","12.1818","0.25980000000000003","12.495000000000001","0.3824","False","18.2102","12.4183","12.1372","2.0578000000000003","14.239600000000001","8","1","1","False","0"
"11480","2017220847104","1830235995120","1830236133549","14.0944","13.8429","0.2515","14.1294","0.41150000000000003","False","6.014","14.1027","18.2102","6.1653","20.008200000000002","8","1","1","False","0"
"11480","2017220847104","1830236136064","1830236224335","9.0422","8.8271","0.2151","8.9709","0.3123","False","12.1326","9.0786","6.014","3.1007000000000002","11.927800000000001","8","1","1","False","0"
"11480","2017220847104","1830236226486","1830236367079","14.3024","14.0593","0.2431","14.2872","0.3151","False","18.2346","14.2744","12.1326","0.9589000000000001","15.0182","8","1","1","False","0"
"11480","2017220847104","1830236369510","1830236511629","14.5297","14.2119","0.3178","14.634700000000002","0.4051","False","12.1156","14.455","18.2346","4.7385","18.950400000000002","8","1","1","False","0"
"11480","2017220847104","1830236514807","1830236640385","12.7517","12.5578","0.19390000000000002","12.7256","0.3524","False","12.0599","12.8756","12.1156","3.9785000000000004","16.5363","8","1","1","False","0"
"11480","2017220847104","1830236642324","1830236781346","14.1372","13.9022","0.23500000000000001","14.075600000000001","0.323","False","12.1289","14.0961","12.0599","1.9423000000000001","15.8445","8","1","1","False","0"
"11480","2017220847104","1830236783696","1830236884365","10.2584","10.0669","0.1915","10.3109","0.35100000000000003","False","18.226300000000002","10.3019","12.1289","3.7693000000000003","13.8362","8","1","1","False","0"
"11480","2017220847104","1830236886280","1830237042833","15.9512","15.6553","0.2959","15.8587","0.3078","False","6.0172","15.8468","18.226300000000002","6.1488000000000005","21.804100000000002","8","1","1","False","0"
"11480","2017220847104","1830237045792","1830237129757","8.5998","8.3965","0.2033","8.6021","0.259","False","18.174300000000002","8.692400000000001","6.0172","3.4736000000000002","11.8701","8","1","1","False","0"
"11480","2017220847104","1830237131790","1830237313489","18.409000000000002","18.169900000000002","0.2391","18.3611","0.2417","False","18.186700000000002","18.3732","18.174300000000002","3.2747","21.4446","8","1","1","False","0"
"11480","2017220847104","1830237315880","1830237495167","18.201","17.9287","0.2723","18.2924","0.3431","False","18.181","18.1678","18.186700000000002","3.2936","21.2223","8","1","1","False","0"
"11480","2017220847104","1830237497890","1830237672403","17.72","17.4513","0.2687","17.6832","0.31470000000000004","False","18.1949","17.7236","18.181","3.7510000000000003","21.2023","8","1","1","False","0"
"11480","2017220847104","1830237675090","1830237849831","17.7745","17.4741","0.3004","17.7793","0.33890000000000003","False","12.1197","17.742800000000003","18.1949","4.2031","21.677200000000003","8","1","1","False","0"
"11480","2017220847104","1830237852835","1830237989659","13.916300000000001","13.682400000000001","0.23390000000000002","13.835800000000003","0.3045","False","24.2744","13.982800000000001","12.1197","2.3400000000000003","16.0224","8","1","1","False","0"
"11480","2017220847104","1830237991998","1830238195743","20.6328","20.3745","0.25830000000000003","20.724500000000003","0.3269","False","12.0789","20.6084","24.2744","6.006","26.3805","8","1","1","False","0"
"11480","2017220847104","1830238198326","1830238314609","11.9151","11.628300000000001","0.2868","11.807","0.23090000000000002","False","18.1808","11.886600000000001","12.0789","6.198300000000001","17.8266","8","1","1","False","0"
"11480","2017220847104","1830238317477","1830238518598","20.374000000000002","20.1121","0.2619","20.4864","0.3118","False","18.219900000000003","20.3989","18.1808","3.9802000000000004","24.0923","8","1","1","False","0"
"11480","2017220847104","1830238521217","1830238691907","17.2544","17.069","0.1854","17.3004","0.3322","False","12.085700000000001","17.3309","18.219900000000003","4.8692","21.938200000000002","8","1","1","False","0"
"11480","2017220847104","1830238693761","1830238803654","11.2245","10.9893","0.23520000000000002","11.1013","0.23670000000000002","False","18.1767","11.174700000000001","12.085700000000001","5.780200000000001","16.7695","8","1","1","False","0"
"11480","2017220847104","1830238806006","1830239013073","20.9904","20.7067","0.2837","21.075100000000003","0.3383","False","18.2101","20.9419","18.1767","3.015","23.721700000000002","8","1","1","False","0"
"11480","2017220847104","1830239015910","1830239164717","15.152000000000001","14.880700000000001","0.2713","15.169400000000001","0.3413","False","12.0928","15.1644","18.2101","6.060700000000001","20.9414","8","1","1","False","0"
"11480","2017220847104","1830239167430","1830239307751","14.309","14.0321","0.27690000000000003","14.189900000000002","0.23620000000000002","False","18.191300000000002","14.3034","12.0928","3.8501000000000003","17.8822","8","1","1","False","0"
"11480","2017220847104","1830239310520","1830239476845","16.9282","16.6325","0.2957","17.0333","0.33580000000000004","False","12.112300000000001","16.9094","18.191300000000002","5.132000000000001","21.7645","8","1","1","False","0"
"11480","2017220847104","1830239479802","1830239634856","15.710200000000002","15.505400000000002","0.2048","15.7249","0.3276","False","18.1824","15.8011","12.112300000000001","1.4432","16.948600000000003","8","1","1","False","0"
"11480","2017220847104","1830239636904","1830239813898","17.9827","17.6994","0.2833","17.975","0.3507","False","18.180600000000002","17.9042","18.1824","1.7214","19.4208","8","1","1","False","0"
"11480","2017220847104","1830239816731","1830239976155","16.2239","15.942400000000001","0.28150000000000003","16.2114","0.3415","False","18.1827","16.2257","18.180600000000002","3.6763000000000003","19.6187","8","1","1","False","0"
"11480","2017220847104","1830239978970","1830240164831","18.836900000000004","18.586100000000002","0.2508","18.8508","0.34","False","12.129800000000001","18.8676","18.1827","2.9914","21.5775","8","1","1","False","0"
"11480","2017220847104","1830240167339","1830240300703","13.549600000000002","13.336400000000001","0.2132","13.421600000000002","0.3919","False","18.1673","13.587200000000001","12.129800000000001","1.534","14.8704","8","1","1","False","0"
"11480","2017220847104","1830240302835","1830240479108","17.957700000000003","17.6273","0.3304","18.055600000000002","0.331","False","18.187","17.840500000000002","18.1673","1.8608","19.4881","8","1","1","False","0"
"11480","2017220847104","1830240482412","1830240656108","17.618100000000002","17.369600000000002","0.2485","17.6585","0.3487","False","18.182100000000002","17.7","18.187","2.3478000000000003","19.7174","8","1","1","False","0"
"11480","2017220847104","1830240658593","1830240811443","15.5947","15.285","0.30970000000000003","15.580900000000002","0.3393","False","18.1978","15.5335","18.182100000000002","4.9964","20.2814","8","1","1","False","0"
"11480","2017220847104","1830240814540","1830240980331","16.854300000000002","16.5791","0.2752","16.8259","0.3317","False","12.103100000000001","16.8888","18.1978","6.305400000000001","22.884500000000003","8","1","1","False","0"
"11480","2017220847104","1830240983083","1830241141662","16.163700000000002","15.8579","0.3058","16.287300000000002","0.4466","False","18.1855","16.133100000000002","12.103100000000001","2.2754000000000003","18.133300000000002","8","1","1","False","0"
"11480","2017220847104","1830241144720","1830241323816","18.1747","17.9096","0.2651","18.4979","0.7563000000000001","False","18.180600000000002","18.215400000000002","18.1855","2.2455000000000003","20.1551","8","1","1","False","0"
"11480","2017220847104","1830241326467","1830241476065","15.142700000000001","14.959800000000001","0.1829","15.131899999999998","0.7092","False","18.2325","15.2249","18.180600000000002","5.2012","20.161","8","1","1","False","0"
"11480","2017220847104","1830241477894","1830241642370","16.6596","16.4476","0.21200000000000002","16.697","0.7486","False","18.1658","16.6305","18.2325","6.8032","23.2508","8","1","1","False","0"
"11480","2017220847104","1830241644490","1830241824160","18.234900000000003","17.967000000000002","0.2679","18.195700000000002","0.7495","False","12.1876","18.179000000000002","18.1658","6.79","24.757","8","1","1","False","0"
"11480","2017220847104","1830241826839","1830241986867","16.1901","16.0028","0.18730000000000002","15.9546","0.47140000000000004","False","30.241400000000002","16.2707","12.1876","2.7069","18.7097","8","1","1","False","0"
"11480","2017220847104","1830241988740","1830242251002","26.506000000000004","26.226200000000002","0.2798","26.756400000000003","0.7594000000000001","False","12.0911","26.413500000000003","30.241400000000002","6.534800000000001","32.761","8","1","1","False","0"
"11480","2017220847104","1830242253800","1830242395981","14.491900000000001","14.218100000000002","0.2738","14.163300000000001","0.4436","False","12.111600000000001","14.497900000000001","12.0911","4.128","18.3461","8","1","1","False","0"
"11480","2017220847104","1830242398719","1830242538106","14.225100000000001","13.9387","0.2864","14.2491","0.4575","False","18.1829","14.2125","12.111600000000001","2.0271","15.965800000000002","8","1","1","False","0"
"11480","2017220847104","1830242540970","1830242691539","15.2688","15.0569","0.2119","15.2451","0.7991","False","18.1796","15.343300000000001","18.1829","4.8667","19.9236","8","1","1","False","0"
"11480","2017220847104","1830242693658","1830242899942","20.9386","20.628400000000003","0.31020000000000003","21.2592","0.7652","False","18.2077","20.840300000000003","18.1796","2.206","22.834400000000002","8","1","1","False","0"
"11480","2017220847104","1830242903044","1830243058121","15.745300000000002","15.507700000000002","0.2376","15.749","0.7461","False","12.084000000000001","15.817900000000002","18.2077","4.5958000000000006","20.1035","8","1","1","False","0"
"11480","2017220847104","1830243060497","1830243205402","14.7429","14.4905","0.2524","14.4427","0.4586","False","18.2161","14.728100000000001","12.084000000000001","1.9517","16.4422","8","1","1","False","0"
"11480","2017220847104","1830243207926","1830243388396","18.3094","18.047","0.2624","18.5777","0.7282000000000001","False","12.096300000000001","18.299400000000002","18.2161","1.8684","19.9154","8","1","1","False","0"
"11480","2017220847104","1830243391020","1830243504281","11.5913","11.3261","0.2652","11.329600000000001","0.4651","False","18.1794","11.5885","12.096300000000001","2.3762000000000003","13.702300000000001","8","1","1","False","0"
"11480","2017220847104","1830243506933","1830243692100","18.7813","18.5167","0.2646","19.074","0.7689","False","24.2711","18.7819","18.1794","1.7737","20.2904","8","1","1","False","0"
"11480","2017220847104","1830243694746","1830243919574","22.766000000000002","22.4828","0.2832","22.9995","1.0158","False","12.1117","22.747400000000003","24.2711","3.2974","25.7802","8","1","1","False","0"
"11480","2017220847104","1830243922406","1830244039708","12.0495","11.7302","0.31930000000000003","11.535300000000001","0.5444","False","18.1996","12.0134","12.1117","3.3957","15.125900000000001","8","1","1","False","0"
"11480","2017220847104","1830244042901","1830244211382","17.225500000000004","16.848100000000002","0.3774","17.1781","0.5022","False","12.094700000000001","17.1674","18.1996","4.4279","21.276","8","1","1","False","0"
"11480","2017220847104","1830244215156","1830244320880","10.8917","10.5724","0.31930000000000003","10.9098","0.49870000000000003","False","18.1824","10.9498","12.094700000000001","5.5728","16.1452","8","1","1","False","0"
"11480","2017220847104","1830244324073","1830244502376","18.0732","17.8303","0.2429","18.4508","0.8333","False","12.119","18.1496","18.1824","5.6056","23.4359","8","1","1","False","0"
"11480","2017220847104","1830244504805","1830244665652","16.379900000000003","16.0847","0.2952","16.0949","0.5747","False","18.182000000000002","16.3276","12.119","1.397","17.4817","8","1","1","False","0"
"11480","2017220847104","1830244668604","1830244818343","15.2843","14.9739","0.3104","15.5785","0.8428","False","18.1643","15.2691","18.182000000000002","4.3099","19.2838","8","1","1","False","0"
"11480","2017220847104","1830244821447","1830244981172","16.2565","15.9725","0.28400000000000003","16.1832","0.7875000000000001","False","18.2196","16.2829","18.1643","6.1913","22.163800000000002","8","1","1","False","0"
"11480","2017220847104","1830244984012","1830245160894","17.943900000000003","17.688200000000002","0.25570000000000004","17.9895","0.8039000000000001","False","12.0922","17.9722","18.2196","6.4387","24.126900000000003","8","1","1","False","0"
"11480","2017220847104","1830245163451","1830245335639","17.4401","17.2188","0.22130000000000002","17.0729","0.5782","False","18.1868","17.474500000000003","12.0922","1.0564","18.2752","8","1","1","False","0"
"11480","2017220847104","1830245337852","1830245483977","14.9283","14.6125","0.3158","15.258700000000001","0.8073","False","18.1828","14.8338","18.1868","4.409400000000001","19.021900000000002","8","1","1","False","0"
"11480","2017220847104","1830245487135","1830245655093","17.0667","16.7958","0.27090000000000003","17.1411","0.8632000000000001","False","18.206400000000002","17.1116","18.1828","5.4806","22.276400000000002","8","1","1","False","0"
"11480","2017220847104","1830245657802","1830245865377","21.0013","20.7575","0.24380000000000002","21.142200000000003","0.9797","False","18.2081","21.0284","18.206400000000002","2.6586000000000003","23.4161","8","1","1","False","0"
"11480","2017220847104","1830245867815","1830246008740","14.367700000000001","14.092500000000001","0.2752","13.890500000000003","0.5042","False","12.1037","14.336300000000001","18.2081","6.5304","20.6229","8","1","1","False","0"
"11480","2017220847104","1830246011492","1830246171501","16.1842","16.0009","0.18330000000000002","16.205000000000002","0.4877","False","18.1444","16.2761","12.1037","2.358","18.358900000000002","8","1","1","False","0"
"11480","2017220847104","1830246173334","1830246330352","15.9677","15.7018","0.2659","16.2814","0.8569","False","18.2058","15.885100000000001","18.1444","4.6173","20.319100000000002","8","1","1","False","0"
"11480","2017220847104","1830246333011","1830246498676","16.8093","16.5665","0.24280000000000002","16.836100000000002","0.8621000000000001","False","12.2127","16.8324","18.2058","5.9907","22.5572","8","1","1","False","0"
"11480","2017220847104","1830246501104","1830246662073","16.372700000000002","16.0969","0.2758","16.0794","0.5642","False","18.0673","16.3397","12.2127","1.8637000000000001","17.9606","8","1","1","False","0"
"11480","2017220847104","1830246664831","1830246844364","18.222400000000004","17.953300000000002","0.2691","18.5042","0.8596","False","18.1755","18.229100000000003","18.0673","1.7019000000000002","19.6552","8","1","1","False","0"
"11480","2017220847104","1830246847055","1830247012127","16.6976","16.5072","0.1904","16.7083","0.8340000000000001","False","18.2007","16.7763","18.1755","3.1011","19.6083","8","1","1","False","0"
"11480","2017220847104","1830247014031","1830247158870","14.736600000000001","14.4839","0.25270000000000004","14.739700000000001","0.8598","False","12.1132","14.6743","18.2007","6.6275","21.1114","8","1","1","False","0"
"11480","2017220847104","1830247161397","1830247318973","16.0857","15.7576","0.3281","15.719000000000001","0.5138","False","18.1689","16.0103","12.1132","2.7304","18.488","8","1","1","False","0"
"11480","2017220847104","1830247322254","1830247517746","19.7419","19.549200000000003","0.1927","20.1444","0.8705","False","18.1889","19.8773","18.1689","1.022","20.5712","8","1","1","False","0"
"11480","2017220847104","1830247519673","1830247676160","15.914800000000001","15.648700000000002","0.2661","15.9237","0.9667","False","12.1241","15.8414","18.1889","3.3695","19.0182","8","1","1","False","0"
"11480","2017220847104","1830247678821","1830247822163","14.551100000000002","14.334200000000001","0.2169","14.1798","0.9309000000000001","False","24.2814","14.6003","12.1241","0.8933000000000001","15.227500000000001","8","1","1","False","0"
"11480","2017220847104","1830247824332","1830248009373","18.730900000000002","18.5041","0.2268","19.1365","0.9298000000000001","False","12.0783","18.721","24.2814","6.4537","24.957800000000002","8","1","1","False","0"
"11480","2017220847104","1830248011641","1830248162257","15.319","15.0616","0.2574","14.912700000000001","0.5401","False","18.186500000000002","15.288400000000001","12.0783","3.2436000000000003","18.3052","8","1","1","False","0"
"11480","2017220847104","1830248164831","1830248330397","16.8113","16.5566","0.25470000000000004","17.2449","0.9766","False","18.2046","16.814","18.186500000000002","4.6161","21.172700000000003","8","1","1","False","0"
"11480","2017220847104","1830248332944","1830248493599","16.3403","16.0655","0.2748","16.2942","0.9303","False","12.091800000000001","16.3202","18.2046","6.500500000000001","22.566000000000003","8","1","1","False","0"
"11480","2017220847104","1830248496347","1830248641704","14.7258","14.5357","0.19010000000000002","14.433900000000001","0.5907","False","18.2209","14.810500000000001","12.091800000000001","3.7818","18.317500000000003","8","1","1","False","0"
"11480","2017220847104","1830248643605","1830248829198","18.8181","18.5593","0.25880000000000003","19.1173","0.9346000000000001","False","18.1357","18.7494","18.2209","3.2533000000000003","21.8126","8","1","1","False","0"
"11480","2017220847104","1830248831786","1830248983771","15.4252","15.198500000000001","0.2267","15.3857","0.8923000000000001","False","18.226200000000002","15.4573","18.1357","5.9317","21.130200000000002","8","1","1","False","0"
"11480","2017220847104","1830248986038","1830249153001","17.0428","16.6963","0.34650000000000003","17.25","1.1233","False","12.0843","16.923000000000002","18.226200000000002","7.2349000000000006","23.9312","8","1","1","False","0"
"11480","2017220847104","1830249156466","1830249311551","15.705300000000001","15.508500000000002","0.1968","15.160700000000002","0.5301","False","18.177","15.855","12.0843","3.4642","18.9727","8","1","1","False","0"
"11480","2017220847104","1830249313519","1830249499197","18.8195","18.567800000000002","0.25170000000000003","19.21","0.929","False","18.1952","18.7646","18.177","2.8766000000000003","21.4444","8","1","1","False","0"
"11480","2017220847104","1830249501714","1830249652394","15.3312","15.068000000000001","0.2632","15.354600000000001","0.9865","False","18.194300000000002","15.319700000000001","18.1952","5.7521","20.8201","8","1","1","False","0"
"11480","2017220847104","1830249655026","1830249820378","16.819399999999998","16.5352","0.2842","16.8555","1.0109000000000001","False","12.102500000000001","16.7984","18.194300000000002","7.148000000000001","23.6832","8","1","1","False","0"
"11480","2017220847104","1830249823220","1830249984373","16.382900000000003","16.1153","0.2676","15.946000000000002","0.5637","False","18.1782","16.3995","12.102500000000001","2.851","18.9663","8","1","1","False","0"
"11480","2017220847104","1830249987049","1830250144657","15.981000000000002","15.760800000000001","0.2202","16.0046","0.9905","False","18.1808","16.0284","18.1782","5.0008","20.7616","8","1","1","False","0"
"11480","2017220847104","1830250146859","1830250317462","17.263800000000003","17.0603","0.20350000000000001","17.669700000000002","0.9830000000000001","False","12.1326","17.2805","18.1808","5.9011000000000005","22.9614","8","1","1","False","0"
"11480","2017220847104","1830250319497","1830250485395","16.8889","16.5898","0.29910000000000003","16.8758","1.0031","False","18.209300000000002","16.793300000000002","12.1326","1.2404000000000002","17.8302","8","1","1","False","0"
"11480","2017220847104","1830250488386","1830250643278","15.7463","15.4892","0.2571","15.747300000000001","0.9965","False","18.2219","15.788300000000001","18.209300000000002","3.6614","19.1506","8","1","1","False","0"
"11480","2017220847104","1830250645849","1830250825406","18.2094","17.9557","0.25370000000000004","18.21","0.9989","False","18.108700000000002","18.2128","18.2219","3.6705","21.6262","8","1","1","False","0"
"11480","2017220847104","1830250827943","1830250987801","16.250300000000003","15.985800000000001","0.2645","16.2489","0.9797","False","18.194200000000002","16.2395","18.108700000000002","5.5397","21.5255","8","1","1","False","0"
"11480","2017220847104","1830250990446","1830251205729","21.9323","21.5283","0.404","21.9026","1.0201","False","12.1096","21.7928","18.194200000000002","1.9411","23.4694","8","1","1","False","0"
"11480","2017220847104","1830251209769","1830251326880","11.986","11.7111","0.27490000000000003","11.5862","0.5818","False","18.1831","12.1151","12.1096","1.9356","13.646700000000001","8","1","1","False","0"
"11480","2017220847104","1830251329629","1830251499676","17.2736","17.0047","0.26890000000000003","17.7908","1.0768","False","18.2045","17.279600000000002","18.1831","2.8391","19.8438","8","1","1","False","0"
"11480","2017220847104","1830251502365","1830251673699","17.422400000000003","17.1334","0.28900000000000003","17.394400000000005","1.0617","False","18.1984","17.4023","18.2045","3.6413","20.7747","8","1","1","False","0"
"11480","2017220847104","1830251676589","1830251839575","16.5516","16.2986","0.253","16.1064","0.6067","False","12.1578","16.587600000000002","18.1984","5.2521","21.550700000000003","8","1","1","False","0"
"11480","2017220847104","1830251842105","1830251992459","15.247100000000001","15.035400000000001","0.2117","15.269","0.5966","False","18.0987","15.288400000000001","12.1578","2.1215","17.1569","8","1","1","False","0"
"11480","2017220847104","1830251994576","1830252162146","17.0137","16.757","0.25670000000000004","17.5414","1.1266","False","18.2098","16.968700000000002","18.0987","3.2515","20.0085","8","1","1","False","0"
"11480","2017220847104","1830252164713","1830252335421","17.326300000000003","17.070800000000002","0.2555","17.241300000000003","1.0573000000000001","False","18.1625","17.3275","18.2098","4.1338","21.204600000000003","8","1","1","False","0"
"11480","2017220847104","1830252337976","1830252515798","17.9279","17.7822","0.1457","17.476100000000002","0.6505000000000001","False","18.2195","18.0377","18.1625","4.2586","22.0408","8","1","1","False","0"
"11480","2017220847104","1830252517255","1830252674601","15.9239","15.7346","0.1893","15.9403","0.5995","False","12.0754","15.8803","18.2195","6.5978","22.3324","8","1","1","False","0"
"11480","2017220847104","1830252676494","1830252850569","17.622100000000003","17.407500000000002","0.2146","17.8311","0.8234","False","18.191000000000003","17.5968","12.0754","1.0764","18.483900000000002","8","1","1","False","0"
"11480","2017220847104","1830252852715","1830253026955","17.7848","17.424","0.3608","17.985500000000002","1.0827","False","24.274700000000003","17.6386","18.191000000000003","1.6288","19.0528","8","1","1","False","0"
"11480","2017220847104","1830253030563","1830253250676","22.330000000000002","22.011300000000002","0.31870000000000004","22.5825","1.323","False","18.169","22.3721","24.274700000000003","3.5314","25.5427","8","1","1","False","0"
"11480","2017220847104","1830253253863","1830253432460","18.1594","17.8597","0.2997","18.145500000000002","1.3125","False","18.1708","18.1784","18.169","3.5220000000000002","21.381700000000002","8","1","1","False","0"
"11480","2017220847104","1830253435457","1830253603070","17.008000000000003","16.761300000000002","0.2467","16.3699","0.6418","False","18.218600000000002","17.061","18.1708","4.6318","21.3931","8","1","1","False","0"
"11480","2017220847104","1830253605537","1830253780343","17.6746","17.480600000000003","0.194","18.4606","1.3955","False","18.1723","17.7273","18.218600000000002","5.1231","22.6037","8","1","1","False","0"
"11480","2017220847104","1830253782283","1830253965815","18.6677","18.3532","0.3145","18.7297","1.5537","False","18.1573","18.5472","18.1723","4.748200000000001","23.1014","8","1","1","False","0"
"11480","2017220847104","1830253968960","1830254153707","19.085700000000003","18.474700000000002","0.611","18.8486","1.5468000000000002","False","18.2147","18.7892","18.1573","4.1163","22.591","8","1","1","False","0"
"11480","2017220847104","1830254159817","1830254310860","15.27","15.1043","0.16570000000000001","17.4035","3.3332","False","12.0974","15.715300000000001","18.2147","6.6157","21.720000000000002","8","1","1","False","0"
"11480","2017220847104","1830254312517","1830254475081","16.4799","16.2564","0.2235","14.179300000000001","1.0798","False","18.1802","16.4221","12.0974","2.291","18.5474","8","1","1","False","0"
"11480","2017220847104","1830254477316","1830254620565","14.574800000000002","14.324900000000001","0.2499","16.1416","2.641","False","24.274700000000003","14.5484","18.1802","5.9228000000000005","20.247700000000002","8","1","1","False","0"
"11480","2017220847104","1830254623064","1830254876591","25.531100000000002","25.352700000000002","0.1784","24.596700000000002","1.6747","False","18.1765","25.602600000000002","24.274700000000003","4.5949","29.9476","8","1","1","False","0"
"11480","2017220847104","1830254878375","1830255044828","16.8122","16.645300000000002","0.16690000000000002","18.1688","3.0252000000000003","False","12.1258","16.823700000000002","18.1765","5.9477","22.593","8","1","1","False","0"
"11480","2017220847104","1830255046497","1830255180790","13.580300000000001","13.429300000000001","0.151","11.6896","1.5014","False","18.172800000000002","13.596200000000001","12.1258","4.4773000000000005","17.9066","8","1","1","False","0"
"11480","2017220847104","1830255182300","1830255364139","18.4018","18.1839","0.2179","18.8286","1.5946","False","18.1755","18.3349","18.172800000000002","4.3152","22.499100000000002","8","1","1","False","0"
"11480","2017220847104","1830255366318","1830255528591","16.471","16.2273","0.2437","17.972","3.0974","False","12.1155","16.4452","18.1755","6.0455000000000005","22.2728","8","1","1","False","0"
"11480","2017220847104","1830255531028","1830255687557","15.8558","15.6529","0.2029","14.0273","1.2552","False","18.189600000000002","15.896600000000001","12.1155","2.2644","17.9173","8","1","1","False","0"
"11480","2017220847104","1830255689586","1830255830524","14.3317","14.0938","0.2379","16.2662","3.2197","False","18.1822","14.296700000000001","18.189600000000002","6.1573","20.2511","8","1","1","False","0"
"11480","2017220847104","1830255832903","1830256016618","18.569000000000003","18.3715","0.1975","18.137800000000002","2.7590000000000003","False","12.107700000000001","18.6094","18.1822","5.7301","24.1016","8","1","1","False","0"
"11480","2017220847104","1830256018593","1830256172739","15.5971","15.4146","0.1825","14.0502","1.1933","False","18.2021","15.6121","12.107700000000001","2.2257000000000002","17.6403","8","1","1","False","0"
"11480","2017220847104","1830256174564","1830256318329","14.5564","14.3765","0.1799","14.958400000000001","1.6008","False","12.1103","14.559000000000001","18.2021","5.8688","20.2453","8","1","1","False","0"
"11480","2017220847104","1830256320128","1830256467101","14.8808","14.6973","0.1835","14.3307","1.0564","False","18.193","14.8772","12.1103","3.1019","17.799200000000003","8","1","1","False","0"
"11480","2017220847104","1830256468936","1830256620795","15.3691","15.1859","0.1832","15.840800000000002","1.528","False","18.1833","15.3694","18.193","5.9255","21.1114","8","1","1","False","0"
"11480","2017220847104","1830256622627","1830256788583","16.9604","16.5956","0.3648","16.4481","1.0975000000000001","False","12.102","16.7788","18.1833","7.33","23.925600000000003","8","1","1","False","0"
"11480","2017220847104","1830256792231","1830256952698","16.3645","16.0467","0.3178","16.303900000000002","1.0136","False","18.1695","16.4115","12.102","3.0205","19.0672","8","1","1","False","0"
"11480","2017220847104","1830256955876","1830257137761","18.456400000000002","18.1885","0.2679","18.935900000000004","1.4885000000000002","False","18.177400000000002","18.5063","18.1695","2.6837","20.8722","8","1","1","False","0"
"11480","2017220847104","1830257140440","1830257318568","18.003999999999998","17.8128","0.1912","18.102800000000002","1.5329000000000002","False","18.204800000000002","18.0807","18.177400000000002","2.7804","20.5932","8","1","1","False","0"
"11480","2017220847104","1830257320480","1830257481097","16.334000000000003","16.061700000000002","0.2723","15.887300000000002","1.1166","False","18.1924","16.2529","18.204800000000002","4.7323","20.794","8","1","1","False","0"
"11480","2017220847104","1830257483820","1830257646385","16.5472","16.2565","0.2907","16.8133","1.4047","False","12.110000000000001","16.5288","18.1924","6.3959","22.6524","8","1","1","False","0"
"11480","2017220847104","1830257649292","1830257789203","14.138200000000001","13.991100000000001","0.1471","13.820300000000001","1.1436","False","18.197400000000002","14.2818","12.110000000000001","4.2241","18.2152","8","1","1","False","0"
"11480","2017220847104","1830257790674","1830257953664","16.5052","16.299","0.20620000000000002","16.8593","1.4000000000000001","False","12.0967","16.4461","18.197400000000002","5.9754000000000005","22.2744","8","1","1","False","0"
"11480","2017220847104","1830257955726","1830258105942","15.4052","15.021600000000001","0.3836","14.946900000000001","1.0205","False","18.191200000000002","15.2278","12.0967","2.8443","17.8659","8","1","1","False","0"
"11480","2017220847104","1830258109778","1830258277568","17.049","16.779","0.27","17.351300000000002","1.2607000000000002","False","18.1782","17.1626","18.191200000000002","3.8729","20.6519","8","1","1","False","0"
"11480","2017220847104","1830258280268","1830258459131","18.235000000000003","17.886300000000002","0.3487","18.119500000000002","1.2025000000000001","False","12.136000000000001","18.1563","18.1782","3.8948","21.781100000000002","8","1","1","False","0"
"11480","2017220847104","1830258462618","1830258575557","11.480500000000001","11.2939","0.18660000000000002","11.3221","0.9599000000000001","False","18.1809","11.6426","12.136000000000001","4.3882","15.6821","8","1","1","False","0"
"11480","2017220847104","1830258577423","1830258747753","17.3399","17.033","0.3069","17.657500000000002","1.3181","False","12.112","17.2196","18.1809","5.3495","22.3825","8","1","1","False","0"
"11480","2017220847104","1830258750822","1830258874310","12.5935","12.3488","0.2447","12.3884","1.0957000000000001","False","18.1991","12.655700000000001","12.112","4.8058000000000005","17.154600000000002","8","1","1","False","0"
"11480","2017220847104","1830258876757","1830259047085","17.2859","17.0328","0.2531","17.546300000000002","1.3704","False","12.1019","17.2775","18.1991","5.7274","22.7602","8","1","1","False","0"
"11480","2017220847104","1830259049616","1830259165560","11.8453","11.5944","0.2509","11.956900000000001","1.4716","False","12.0958","11.8475","12.1019","5.981800000000001","17.5762","8","1","1","False","0"
"11480","2017220847104","1830259168069","1830259331577","16.6113","16.3508","0.2605","16.129","0.9887","False","18.1813","16.6017","12.0958","1.4759","17.826700000000002","8","1","1","False","0"
"11480","2017220847104","1830259334182","1830259495956","16.448600000000003","16.177400000000002","0.2712","17.0567","1.5947","False","18.2387","16.4379","18.1813","3.2193","19.3967","8","1","1","False","0"
"11480","2017220847104","1830259498668","1830259676190","18.0666","17.752200000000002","0.3144","18.1236","1.679","False","18.1504","18.023400000000002","18.2387","3.4346","21.1868","8","1","1","False","0"
"11480","2017220847104","1830259679334","1830259847209","17.0671","16.7875","0.2796","17.1201","1.6999000000000002","False","12.096300000000001","17.1019","18.1504","4.4831","21.2706","8","1","1","False","0"
"11480","2017220847104","1830259850005","1830259990777","14.3671","14.077200000000001","0.2899","13.6447","1.0115","False","24.273300000000003","14.356800000000002","12.096300000000001","2.2226","16.2998","8","1","1","False","0"
"11480","2017220847104","1830259993676","1830260216689","22.5132","22.3013","0.2119","22.8211","1.6926","False","12.0927","22.5912","24.273300000000003","3.9047","26.206","8","1","1","False","0"
"11480","2017220847104","1830260218808","1830260341534","12.514600000000002","12.2726","0.24200000000000002","12.3854","1.1540000000000001","False","18.1886","12.4845","12.0927","3.5129","15.7855","8","1","1","False","0"
"11480","2017220847104","1830260343954","1830260496063","15.4709","15.2109","0.26","16.3096","2.0176000000000003","False","18.182000000000002","15.452900000000001","18.1886","6.248600000000001","21.459500000000002","8","1","1","False","0"
"11480","2017220847104","1830260498663","1830260707566","21.0939","20.8903","0.2036","20.181900000000002","1.0618","False","18.2114","21.1503","18.182000000000002","3.2803","24.1706","8","1","1","False","0"
"11480","2017220847104","1830260709602","1830260850006","14.2837","14.0404","0.24330000000000002","14.328000000000001","1.1488","False","18.1829","14.244000000000002","18.2114","7.2477","21.2881","8","1","1","False","0"
"11480","2017220847104","1830260852439","1830261036168","18.665100000000002","18.3729","0.2922","18.4904","0.991","False","12.1006","18.6162","18.1829","6.8144","25.1873","8","1","1","False","0"
"11480","2017220847104","1830261039090","1830261186962","14.9739","14.7872","0.1867","15.2424","1.2014","False","18.1812","15.079400000000001","12.1006","3.8356000000000003","18.6228","8","1","1","False","0"
"11480","2017220847104","1830261188829","1830261345226","15.846800000000002","15.639700000000001","0.2071","16.1034","1.458","False","12.1074","15.826400000000001","18.1812","6.1904","21.8301","8","1","1","False","0"
"11480","2017220847104","1830261347297","1830261515579","17.094700000000003","16.828200000000002","0.2665","16.6339","1.0307","False","24.284000000000002","17.0353","12.1074","1.2625","18.090700000000002","8","1","1","False","0"
"11480","2017220847104","1830261518244","1830261690925","17.4642","17.2681","0.1961","18.595200000000002","2.1317","False","12.0859","17.5346","24.284000000000002","8.0119","25.28","8","1","1","False","0"
"11480","2017220847104","1830261692886","1830261836897","14.640200000000002","14.401100000000001","0.2391","14.256200000000002","1.7723","False","18.203500000000002","14.5972","12.0859","5.5006","19.9017","8","1","1","False","0"
"11480","2017220847104","1830261839288","1830261990645","15.4203","15.1357","0.2846","17.3503","3.7178","False","12.084800000000001","15.3748","18.203500000000002","8.3293","23.465","8","1","1","False","0"
"11480","2017220847104","1830261993491","1830262159944","16.901100000000003","16.645300000000002","0.2558","14.8148","1.6235000000000002","False","18.2012","16.9299","12.084800000000001","3.4842","20.1295","8","1","1","False","0"
"11480","2017220847104","1830262162502","1830262326949","16.6539","16.4447","0.2092","17.2608","2.2024","False","18.1893","16.7005","18.2012","4.9849000000000006","21.4296","8","1","1","False","0"
"11480","2017220847104","1830262329041","1830262499176","17.2836","17.0135","0.2701","16.9154","1.8704","False","18.198900000000002","17.2227","18.1893","5.9515","22.965","8","1","1","False","0"
"11480","2017220847104","1830262501877","1830262685015","18.4707","18.3138","0.1569","18.3035","1.9384000000000001","False","12.0806","18.5839","18.198900000000002","5.5665000000000004","23.880300000000002","8","1","1","False","0"
"11480","2017220847104","1830262686584","1830262806839","12.211300000000001","12.025500000000001","0.18580000000000002","12.2446","1.6859000000000002","False","24.273500000000002","12.182400000000001","12.0806","5.464700000000001","17.4902","8","1","1","False","0"
"11480","2017220847104","1830262808697","1830263047719","24.1483","23.9022","0.2461","24.8534","2.4239","False","12.1293","24.088","24.273500000000002","5.6502","29.552400000000002","8","1","1","False","0"
"11480","2017220847104","1830263050180","1830263165522","11.7215","11.5342","0.18730000000000002","11.2613","1.9375","False","12.0821","11.7803","12.1293","5.9992","17.5334","8","1","1","False","0"
"11480","2017220847104","1830263167395","1830263323579","15.890300000000002","15.618400000000001","0.27190000000000003","15.3801","1.4545000000000001","False","18.181900000000002","15.805700000000002","12.0821","2.2756000000000003","17.894000000000002","8","1","1","False","0"
"11480","2017220847104","1830263326298","1830263500129","17.6398","17.383100000000002","0.25670000000000004","18.6429","2.4695","False","24.2829","17.655","18.181900000000002","2.8025","20.1856","8","1","1","False","0"
"11480","2017220847104","1830263502696","1830263691072","19.109700000000004","18.837600000000002","0.2721","19.146900000000002","2.5134000000000003","False","18.1679","19.0943","24.2829","7.9911","26.8287","8","1","1","False","0"
"11480","2017220847104","1830263693793","1830263908961","21.8292","21.5168","0.3124","21.358","2.0546","False","18.184900000000003","21.7889","18.1679","4.3701","25.8869","8","1","1","False","0"
"11480","2017220847104","1830263912085","1830264087665","17.866","17.558","0.308","17.5807","1.7805000000000002","False","18.1824","17.8704","18.184900000000003","4.6846000000000005","22.2426","8","1","1","False","0"
"11480","2017220847104","1830264090745","1830264271461","18.3193","18.0716","0.2477","18.3006","1.7238","False","18.1615","18.3796","18.1824","4.4874","22.559","8","1","1","False","0"
"11480","2017220847104","1830264273938","1830264466922","19.5131","19.2984","0.2147","19.7607","1.9439000000000002","False","18.1906","19.546100000000003","18.1615","3.1028000000000002","22.4012","8","1","1","False","0"
"11480","2017220847104","1830264469069","1830264636859","17.0249","16.779","0.2459","17.0568","2.0060000000000002","False","18.189700000000002","16.9937","18.1906","4.2997000000000005","21.0787","8","1","1","False","0"
"11480","2017220847104","1830264639318","1830264817475","18.0896","17.8157","0.27390000000000003","17.8424","1.7710000000000001","False","12.0934","18.061600000000002","18.189700000000002","4.4278","22.2435","8","1","1","False","0"
"11480","2017220847104","1830264820214","1830264963212","14.6202","14.299800000000001","0.3204","14.388","1.5397","False","18.1887","14.5737","12.0934","1.9475","16.2473","8","1","1","False","0"
"11480","2017220847104","1830264966416","1830265141302","17.814500000000002","17.4886","0.3259","18.1161","1.8796000000000002","False","18.192600000000002","17.809","18.1887","2.3272","19.8158","8","1","1","False","0"
"11480","2017220847104","1830265144561","1830265311735","16.9006","16.7174","0.1832","16.5198","1.828","False","12.103100000000001","17.043300000000002","18.192600000000002","3.4765","20.1939","8","1","1","False","0"
"11480","2017220847104","1830265313567","1830265438816","12.7748","12.5249","0.2499","13.2493","1.9196000000000002","False","18.1811","12.7081","12.103100000000001","2.8715","15.3964","8","1","1","False","0"
"11480","2017220847104","1830265441315","1830265608398","16.9816","16.7083","0.2733","17.5198","2.4658","False","18.2039","16.9582","18.1811","4.0944","20.8027","8","1","1","False","0"
"11480","2017220847104","1830265611131","1830265768292","15.997300000000001","15.7161","0.2812","16.3379","2.8022","False","18.1782","15.989400000000002","18.2039","6.3089","22.025000000000002","8","1","1","False","0"
"11480","2017220847104","1830265771104","1830265950106","18.1554","17.9002","0.25520000000000004","17.4095","2.0577","False","18.2054","18.1814","18.1782","6.3057","24.2059","8","1","1","False","0"
"11480","2017220847104","1830265952658","1830266116840","16.600400000000004","16.418200000000002","0.1822","16.486900000000002","1.9029","False","12.1236","16.6734","18.2054","7.837700000000001","24.2559","8","1","1","False","0"
"11480","2017220847104","1830266118662","1830266245997","12.9181","12.733500000000001","0.18460000000000001","13.517200000000003","2.5057","False","12.1181","12.915700000000001","12.1236","7.0456","19.7791","8","1","1","False","0"
"11480","2017220847104","1830266247843","1830266400676","15.4959","15.2833","0.2126","14.577900000000001","1.5997000000000001","False","18.1787","15.4679","12.1181","3.6958","18.979100000000003","8","1","1","False","0"
"11480","2017220847104","1830266402802","1830266557374","15.717600000000001","15.4572","0.2604","16.8352","2.7369000000000003","False","12.0929","15.6698","18.1787","6.2047","21.6619","8","1","1","False","0"
"11480","2017220847104","1830266559978","1830266705722","14.835700000000001","14.5744","0.26130000000000003","14.0188","1.9265","False","18.2312","14.834800000000001","12.0929","3.4628","18.037200000000002","8","1","1","False","0"
"11480","2017220847104","1830266708335","1830266847253","14.1516","13.8918","0.25980000000000003","14.307500000000001","2.0761000000000003","False","12.0721","14.1531","18.2312","7.540900000000001","21.4327","8","1","1","False","0"
"11480","2017220847104","1830266849851","1830267002540","15.478200000000001","15.2689","0.2093","15.075700000000001","1.6462","False","18.1953","15.5287","12.0721","4.0843","19.3532","8","1","1","False","0"
"11480","2017220847104","1830267004633","1830267163793","16.2391","15.916","0.3231","16.733700000000002","2.1695","False","18.1898","16.1253","18.1953","6.1543","22.0703","8","1","1","False","0"
"11480","2017220847104","1830267167024","1830267336315","17.194300000000002","16.929100000000002","0.2652","16.895400000000002","1.8874000000000002","False","12.0859","17.252200000000002","18.1898","7.091900000000001","24.021","8","1","1","False","0"
"11480","2017220847104","1830267338967","1830267495496","15.8009","15.6529","0.14800000000000002","15.532700000000002","1.8609","False","18.233","15.9181","12.0859","3.2597","18.9126","8","1","1","False","0"
"11480","2017220847104","1830267496976","1830267661266","16.776100000000003","16.429000000000002","0.3471","17.4939","2.3703000000000003","False","18.143900000000002","16.577","18.233","4.9157","21.3447","8","1","1","False","0"
"11480","2017220847104","1830267664737","1830267833933","17.1052","16.9196","0.18560000000000001","17.5774","2.7569000000000004","False","18.1994","17.2667","18.143900000000002","5.7929","22.712500000000002","8","1","1","False","0"
"11480","2017220847104","1830267835789","1830268010542","17.7554","17.4753","0.2801","16.9821","2.0471","False","12.1582","17.6609","18.1994","6.3314","23.806700000000003","8","1","1","False","0"
"11480","2017220847104","1830268013343","1830268157031","14.722","14.3688","0.3532","14.3198","1.7155","False","18.1328","14.648900000000001","12.1582","3.8407","18.209500000000002","8","1","1","False","0"
"11480","2017220847104","1830268160563","1830268337945","18.040499999999998","17.7382","0.3023","18.922800000000002","2.524","False","18.204800000000002","18.0914","18.1328","3.8821000000000003","21.6203","8","1","1","False","0"
"11480","2017220847104","1830268340968","1830268484256","14.586400000000001","14.328800000000001","0.2576","14.2682","2.1912000000000003","False","18.1673","14.6311","18.204800000000002","7.4558","21.7846","8","1","1","False","0"
"11480","2017220847104","1830268486832","1830268660313","17.5362","17.348100000000002","0.18810000000000002","17.2053","1.8184","False","12.094700000000001","17.605700000000002","18.1673","8.0174","25.3655","8","1","1","False","0"
"11480","2017220847104","1830268662194","1830268823147","16.3352","16.0953","0.2399","16.4522","1.9599000000000002","False","18.1888","16.2834","12.094700000000001","3.8287","19.924","8","1","1","False","0"
"11480","2017220847104","1830268825546","1830268983965","16.151500000000002","15.8419","0.30960000000000004","16.8993","2.7154000000000003","False","18.187","16.0818","18.1888","5.935700000000001","21.7776","8","1","1","False","0"
"11480","2017220847104","1830268987061","1830269150369","16.6176","16.3308","0.2868","15.598600000000001","1.715","False","18.206300000000002","16.6404","18.187","7.4823","23.813100000000002","8","1","1","False","0"
"11480","2017220847104","1830269153237","1830269327538","17.7156","17.4301","0.28550000000000003","17.742","1.7424000000000002","False","12.0815","17.716900000000003","18.206300000000002","7.9717","25.4018","8","1","1","False","0"
"11480","2017220847104","1830269330393","1830269493740","16.605400000000003","16.3347","0.2707","16.8439","1.9588","False","18.241600000000002","16.6202","12.0815","3.4330000000000003","19.7677","8","1","1","False","0"
"11480","2017220847104","1830269496447","1830269655073","16.075300000000002","15.8626","0.2127","16.6892","2.5413","False","18.1246","16.133300000000002","18.241600000000002","5.541300000000001","21.4039","8","1","1","False","0"
"11480","2017220847104","1830269657200","1830269834746","17.9777","17.7546","0.22310000000000002","17.9037","2.9106","False","18.2077","17.9673","18.1246","5.6986","23.453200000000002","8","1","1","False","0"
"11480","2017220847104","1830269836977","1830270004684","17.017200000000003","16.7707","0.24650000000000002","16.6722","2.1504000000000003","False","12.0862","16.9938","18.2077","6.9125000000000005","23.6832","8","1","1","False","0"
"11480","2017220847104","1830270007149","1830270153735","14.9083","14.6586","0.2497","14.5729","1.8199","False","18.187900000000003","14.905100000000001","12.0862","4.0936","18.752200000000002","8","1","1","False","0"
"11480","2017220847104","1830270156232","1830270314079","16.0716","15.7847","0.2869","17.1823","2.9248000000000003","False","18.197100000000002","16.0344","18.187900000000003","6.2471000000000005","22.0318","8","1","1","False","0"
"11480","2017220847104","1830270316948","1830270480732","16.5691","16.3784","0.1907","16.5138","2.846","False","18.194300000000002","16.665300000000002","18.197100000000002","7.7789","24.157300000000003","8","1","1","False","0"
"11480","2017220847104","1830270482639","1830270662294","18.214100000000002","17.965500000000002","0.24860000000000002","17.2936","1.9571","False","12.1015","18.156200000000002","18.194300000000002","7.817","25.782500000000002","8","1","1","False","0"
"11480","2017220847104","1830270664780","1830270830434","16.831500000000002","16.5654","0.2661","16.9307","2.0531","False","18.1731","16.814","12.1015","3.1045000000000003","19.669900000000002","8","1","1","False","0"
"11480","2017220847104","1830270833095","1830270993457","16.316000000000003","16.0362","0.2798","17.189700000000002","2.9404000000000003","False","18.195800000000002","16.302300000000002","18.1731","4.9753","21.0115","8","1","1","False","0"
"11480","2017220847104","1830270996255","1830271165279","17.1567","16.9024","0.2543","17.111800000000002","2.8849","False","18.1975","17.1822","18.195800000000002","5.9889","22.8913","8","1","1","False","0"
"11480","2017220847104","1830271167822","1830271341012","17.581899999999997","17.319","0.2629","16.9973","2.3116000000000003","False","12.0967","17.5733","18.1975","6.6131","23.932100000000002","8","1","1","False","0"
"11480","2017220847104","1830271343641","1830271504890","16.43","16.1249","0.30510000000000004","15.7706","1.6516000000000002","False","18.179100000000002","16.387800000000002","12.0967","2.322","18.4469","8","1","1","False","0"
"11480","2017220847104","1830271507941","1830271674611","16.957700000000003","16.667","0.2907","17.945600000000002","2.6565000000000003","False","18.181900000000002","16.9721","18.179100000000002","3.5290000000000004","20.196","8","1","1","False","0"
"11480","2017220847104","1830271677518","1830271830271","15.536900000000001","15.275300000000001","0.2616","15.9557","3.0461","False","18.221600000000002","15.566","18.181900000000002","6.144900000000001","21.4202","8","1","1","False","0"
"11480","2017220847104","1830271832887","1830272009626","17.9294","17.6739","0.2555","16.976100000000002","2.0907","False","12.0827","17.9355","18.221600000000002","6.431","24.1049","8","1","1","False","0"
"11480","2017220847104","1830272012181","1830272163541","15.379700000000001","15.136000000000001","0.2437","14.6081","1.7511","False","18.181800000000003","15.3915","12.0827","3.1222000000000003","18.258200000000002","8","1","1","False","0"
"11480","2017220847104","1830272165978","1830272340635","17.6627","17.465700000000002","0.197","18.9873","2.6179","False","18.186500000000002","17.709400000000002","18.181800000000003","3.5946000000000002","21.0603","8","1","1","False","0"
"11480","2017220847104","1830272342605","1830272509774","16.914500000000004","16.716900000000003","0.1976","16.918300000000002","2.6242","False","18.1844","16.9139","18.186500000000002","4.8672","21.5841","8","1","1","False","0"
"11480","2017220847104","1830272511750","1830272679770","17.055699999999998","16.802","0.25370000000000004","17.3835","2.9762","False","18.2147","16.9996","18.1844","6.0520000000000005","22.854000000000003","8","1","1","False","0"
"11480","2017220847104","1830272682307","1830272843383","16.378600000000002","16.1076","0.271","15.412099999999999","2.0126","False","12.0836","16.3613","18.2147","7.9054","24.013","8","1","1","False","0"
"11480","2017220847104","1830272846093","1830272997995","15.461300000000001","15.1902","0.2711","15.2772","1.8548","False","18.212","15.461200000000002","12.0836","4.5278","19.718","8","1","1","False","0"
"11480","2017220847104","1830273000706","1830273170590","17.290200000000002","16.988400000000002","0.3018","18.2268","2.8033","False","18.1784","17.2595","18.212","5.480300000000001","22.468700000000002","8","1","1","False","0"
"11480","2017220847104","1830273173608","1830273341538","17.0062","16.793","0.2132","16.5576","2.2843","False","12.086400000000001","17.0948","18.1784","6.5639","23.3569","8","1","1","False","0"
"11480","2017220847104","1830273343670","1830273497380","15.620800000000001","15.371","0.24980000000000002","15.295800000000002","1.9928000000000001","False","18.1856","15.584200000000001","12.086400000000001","3.0661","18.4371","8","1","1","False","0"
"11480","2017220847104","1830273499878","1830273664316","16.7458","16.4438","0.302","17.2591","2.5199000000000003","False","18.185200000000002","16.6936","18.1856","4.5581000000000005","21.001900000000003","8","1","1","False","0"
"11480","2017220847104","1830273667336","1830273829200","16.3779","16.1864","0.1915","17.1868","3.2694","False","18.2183","16.488400000000002","18.185200000000002","6.2549","22.441300000000002","8","1","1","False","0"
"11480","2017220847104","1830273831115","1830274016080","18.7738","18.4965","0.2773","17.53","2.063","False","12.0791","18.688000000000002","18.2183","5.785200000000001","24.2817","8","1","1","False","0"
"11480","2017220847104","1830274018853","1830274163199","14.7002","14.434600000000001","0.2656","14.424800000000001","1.802","False","18.1856","14.7119","12.0791","3.1524","17.587","8","1","1","False","0"
"11480","2017220847104","1830274165855","1830274337237","17.3808","17.1382","0.2426","18.076","2.94","False","18.1779","17.4038","18.1856","3.9342","21.072400000000002","8","1","1","False","0"
"11480","2017220847104","1830274339663","1830274501511","16.4372","16.1848","0.2524","16.965600000000002","3.0177","False","18.2167","16.427400000000002","18.1779","5.6847","21.869500000000002","8","1","1","False","0"
"11480","2017220847104","1830274504035","1830274674624","17.331200000000003","17.0589","0.2723","17.5511","3.2365000000000004","False","12.083300000000001","17.3113","18.2167","6.5901000000000005","23.649","8","1","1","False","0"
"11480","2017220847104","1830274677347","1830274830939","15.603800000000001","15.359200000000001","0.2446","14.475700000000002","2.1074","False","18.1842","15.6315","12.083300000000001","3.0419","18.4011","8","1","1","False","0"
"11480","2017220847104","1830274833385","1830275008106","17.7618","17.4721","0.2897","18.799400000000002","3.1525000000000003","False","18.2102","17.7167","18.1842","3.5094000000000003","20.9815","8","1","1","False","0"
"11480","2017220847104","1830275011003","1830275171771","16.3397","16.076800000000002","0.2629","16.1145","2.9316","False","18.183600000000002","16.366500000000002","18.2102","5.3531","21.4299","8","1","1","False","0"
"11480","2017220847104","1830275174400","1830275328966","15.7642","15.4566","0.30760000000000004","14.9505","2.121","False","12.0852","15.7195","18.183600000000002","7.817200000000001","23.2738","8","1","1","False","0"
"11480","2017220847104","1830275332042","1830275504543","17.523","17.2501","0.27290000000000003","17.192800000000002","1.7931000000000001","False","18.1963","17.5577","12.0852","2.3447","19.5948","8","1","1","False","0"
"11480","2017220847104","1830275507272","1830275675476","17.0565","16.8204","0.2361","18.4027","3.1085000000000003","False","18.2007","17.0933","18.1963","3.4477","20.2681","8","1","1","False","0"
"11480","2017220847104","1830275677837","1830275830752","15.5828","15.291500000000001","0.2913","15.689900000000002","3.2355","False","18.1954","15.527600000000001","18.2007","6.1208","21.412300000000002","8","1","1","False","0"
"11480","2017220847104","1830275833665","1830276009990","17.878700000000002","17.6325","0.2462","16.808400000000002","2.1351","False","12.0813","17.9238","18.1954","6.3924","24.024900000000002","8","1","1","False","0"
"11480","2017220847104","1830276012452","1830276165997","15.586100000000002","15.354500000000002","0.2316","15.324300000000001","1.8685","False","18.183500000000002","15.600700000000002","12.0813","2.873","18.2275","8","1","1","False","0"
"11480","2017220847104","1830276168313","1830276336963","17.150100000000002","16.865000000000002","0.2851","18.3639","3.1382000000000003","False","18.179000000000002","17.096600000000002","18.183500000000002","3.9599","20.8249","8","1","1","False","0"
"11480","2017220847104","1830276339814","1830276511898","17.4417","17.2084","0.2333","16.838","2.9486000000000003","False","30.338600000000003","17.4935","18.179000000000002","4.6454","21.8538","8","1","1","False","0"
"11480","2017220847104","1830276514231","1830276791346","27.9692","27.7115","0.2577","29.183","3.7253000000000003","False","12.0938","27.9448","30.338600000000003","7.0392","34.7507","8","1","1","False","0"
"11480","2017220847104","1830276793923","1830276947551","15.6089","15.3628","0.2461","13.754900000000001","1.871","False","18.2115","15.620500000000002","12.0938","3.5125","18.8753","8","1","1","False","0"
"11480","2017220847104","1830276950012","1830277097256","15.0212","14.724400000000001","0.2968","16.459","3.3267","False","12.1266","14.970500000000001","18.2115","6.753500000000001","21.4779","8","1","1","False","0"
"11480","2017220847104","1830277100224","1830277244598","14.6761","14.4374","0.23870000000000002","13.5716","2.1973000000000003","False","18.1633","14.734200000000001","12.1266","4.1459","18.5833","8","1","1","False","0"
"11480","2017220847104","1830277246985","1830277407763","16.326","16.0778","0.2482","17.3777","3.2412","False","18.2082","16.3165","18.1633","5.9927","22.070500000000003","8","1","1","False","0"
"11480","2017220847104","1830277410245","1830277570908","16.2526","16.066300000000002","0.18630000000000002","14.889800000000001","1.8587","False","12.1205","16.314500000000002","18.2082","7.8864","23.9527","8","1","1","False","0"
"11480","2017220847104","1830277572771","1830277707461","13.7323","13.469000000000001","0.26330000000000003","14.041400000000001","2.1965","False","12.08","13.6553","12.1205","6.3516","19.820600000000002","8","1","1","False","0"
"11480","2017220847104","1830277710094","1830277859108","15.1403","14.9014","0.2389","15.294","2.3478000000000003","False","18.200300000000002","15.1647","12.08","3.2669","18.168300000000002","8","1","1","False","0"
"11480","2017220847104","1830277861497","1830278002005","14.324","14.0508","0.2732","14.5229","2.5709","False","18.209300000000002","14.2897","18.200300000000002","7.1775","21.2283","8","1","1","False","0"
"11480","2017220847104","1830278004737","1830278173232","17.1065","16.8495","0.257","16.5591","2.0098000000000003","False","12.065000000000001","17.122700000000002","18.209300000000002","8.264100000000001","25.1136","8","1","1","False","0"
"11480","2017220847104","1830278175802","1830278326112","15.2295","15.031","0.1985","15.188299999999998","1.9439000000000002","False","18.1839","15.288","12.065000000000001","5.0411","20.072100000000002","8","1","1","False","0"
"11480","2017220847104","1830278328097","1830278516437","19.1323","18.834","0.2983","20.5697","3.4235","False","36.3983","19.032500000000002","18.1839","4.1925","23.026500000000002","8","1","1","False","0"
"11480","2017220847104","1830278519420","1830278853013","33.602700000000006","33.359300000000005","0.2434","33.9733","3.7688","False","18.180400000000002","33.6576","36.3983","6.9332","40.292500000000004","8","1","1","False","0"
"11480","2017220847104","1830278855447","1830279030429","17.686500000000002","17.4982","0.1883","16.6173","2.6675","False","12.113000000000001","17.741600000000002","18.180400000000002","7.372000000000001","24.8702","8","1","1","False","0"
"11480","2017220847104","1830279032312","1830279170991","14.0248","13.8679","0.1569","13.3042","2.2425","False","18.21","14.0562","12.113000000000001","5.4288","19.2967","8","1","1","False","0"
"11480","2017220847104","1830279172560","1830279327499","15.6848","15.4939","0.19090000000000001","16.102","2.3686000000000003","False","12.0867","15.6508","18.21","7.988","23.4819","8","1","1","False","0"
"11480","2017220847104","1830279329408","1830279474572","14.768500000000001","14.5164","0.2521","14.463700000000003","2.0835","False","18.1952","14.7073","12.0867","5.3674","19.8838","8","1","1","False","0"
"11480","2017220847104","1830279477093","1830279632565","15.830400000000001","15.5472","0.2832","16.0964","2.3666","False","12.111600000000001","15.7993","18.1952","7.7633","23.3105","8","1","1","False","0"
"11480","2017220847104","1830279635397","1830279781024","14.8488","14.562700000000001","0.2861","15.7644","3.2875","False","18.1946","14.8459","12.111600000000001","5.029","19.5917","8","1","1","False","0"
"11480","2017220847104","1830279783885","1830279931347","15.0054","14.7462","0.2592","13.837400000000002","2.1139","False","12.1004","15.032300000000001","18.1946","8.1913","22.9375","8","1","1","False","0"
"11480","2017220847104","1830279933939","1830280085805","15.4869","15.1866","0.3003","15.505","2.1203000000000003","False","18.174400000000002","15.4458","12.1004","4.8459","20.032500000000002","8","1","1","False","0"
"11480","2017220847104","1830280088808","1830280284059","19.869300000000003","19.525100000000002","0.3442","19.970200000000002","2.3179000000000003","False","12.1814","19.825400000000002","18.174400000000002","3.1949","22.720000000000002","8","1","1","False","0"
"11480","2017220847104","1830280287501","1830280389050","10.370500000000002","10.154900000000001","0.2156","10.6272","2.4555000000000002","False","18.1704","10.4991","12.1814","4.8772","15.032100000000002","8","1","1","False","0"
"11480","2017220847104","1830280391206","1830280555090","16.6397","16.3884","0.2513","17.4857","3.3288","False","24.212400000000002","16.604","18.1704","6.4436","22.832","8","1","1","False","0"
"11480","2017220847104","1830280557603","1830280770035","21.494500000000002","21.2432","0.2513","24.086000000000002","5.924","False","12.134400000000001","21.494500000000002","24.212400000000002","9.1615","30.404700000000002","8","1","1","False","0"
"11480","2017220847104","1830280772548","1830280918046","14.825400000000002","14.549800000000001","0.2756","11.5388","2.6343","False","18.1772","14.8011","12.134400000000001","6.494800000000001","21.044600000000003","8","1","1","False","0"
"11480","2017220847104","1830280920802","1830281093722","17.5136","17.292","0.22160000000000002","17.6141","2.7159","False","12.1178","17.567600000000002","18.1772","7.1044","24.3964","8","1","1","False","0"
"11480","2017220847104","1830281095938","1830281215228","12.175600000000001","11.929","0.2466","12.2795","2.8215000000000003","False","18.1877","12.1506","12.1178","7.0716","19.000600000000002","8","1","1","False","0"
"11480","2017220847104","1830281217694","1830281369973","15.4793","15.2279","0.2514","17.7501","5.1159","False","12.1143","15.4745","18.1877","9.7848","25.012700000000002","8","1","1","False","0"
"11480","2017220847104","1830281372487","1830281520961","15.1313","14.8474","0.28390000000000004","12.5873","2.5980000000000003","False","12.087100000000001","15.0988","12.1143","6.8003","21.6477","8","1","1","False","0"
"11480","2017220847104","1830281523800","1830281675679","15.4052","15.1879","0.21730000000000002","14.729000000000001","2.2677","False","18.1967","15.4718","12.087100000000001","3.4156","18.6035","8","1","1","False","0"
"11480","2017220847104","1830281677852","1830281828910","15.361","15.1058","0.25520000000000004","16.9664","3.4869000000000003","False","18.2082","15.3231","18.1967","6.2892","21.395","8","1","1","False","0"
"11480","2017220847104","1830281831462","1830281990669","16.1923","15.9207","0.2716","15.064499999999999","2.3952","False","12.0745","16.175900000000002","18.2082","8.3215","24.2422","8","1","1","False","0"
"11480","2017220847104","1830281993385","1830282160473","16.892","16.7088","0.1832","16.5169","1.9576","False","18.205000000000002","16.9804","12.0745","3.4156","20.1244","8","1","1","False","0"
"11480","2017220847104","1830282162305","1830282330652","17.1456","16.8347","0.3109","18.3912","3.258","False","18.183","17.0179","18.205000000000002","4.6027000000000005","21.4374","8","1","1","False","0"
"11480","2017220847104","1830282333761","1830282483497","15.2438","14.973600000000001","0.2702","14.527800000000001","2.5352","False","12.1014","15.284500000000001","18.183","7.501200000000001","22.474800000000002","8","1","1","False","0"
"11480","2017220847104","1830282486199","1830282652619","16.8862","16.642","0.2442","16.682000000000002","2.3142","False","18.1766","16.912200000000002","12.1014","2.6904000000000003","19.3324","8","1","1","False","0"
"11480","2017220847104","1830282655061","1830282824512","17.195","16.9451","0.2499","18.313200000000002","3.4332000000000003","False","18.191100000000002","17.1893","18.1766","3.6777","20.6228","8","1","1","False","0"
"11480","2017220847104","1830282827011","1830282983479","15.851","15.6468","0.20420000000000002","16.816000000000003","4.3642","False","18.1934","15.896700000000001","18.191100000000002","5.9721","21.6189","8","1","1","False","0"
"11480","2017220847104","1830282985521","1830283159078","17.600400000000004","17.355700000000002","0.2447","16.7575","3.5543","False","12.1682","17.559900000000003","18.1934","6.6056","23.9613","8","1","1","False","0"
"11480","2017220847104","1830283161525","1830283310716","15.1807","14.9191","0.2616","13.8382","2.2251000000000003","False","18.124100000000002","15.1638","12.1682","3.6100000000000003","18.5291","8","1","1","False","0"
"11480","2017220847104","1830283313332","1830283483731","17.332","17.0399","0.2921","18.3905","3.2973000000000003","False","18.181800000000003","17.3015","18.124100000000002","4.4326","21.4725","8","1","1","False","0"
"11480","2017220847104","1830283486652","1830283647146","16.2693","16.049400000000002","0.2199","16.473100000000002","3.4337","False","18.1892","16.3415","18.181800000000003","6.2729","22.322300000000002","8","1","1","False","0"
"11480","2017220847104","1830283649345","1830283815742","16.9174","16.6397","0.2777","16.980800000000002","3.5484","False","18.200200000000002","16.8596","18.1892","7.6025","24.2422","8","1","1","False","0"
"11480","2017220847104","1830283818519","1830283998446","18.1856","17.9927","0.19290000000000002","16.4711","2.1946","False","12.0921","18.270400000000002","18.200200000000002","7.5323","25.525000000000002","8","1","1","False","0"
"11480","2017220847104","1830284000375","1830284160790","16.282999999999998","16.0415","0.24150000000000002","16.552400000000002","2.0962","False","18.232300000000002","16.2344","12.0921","3.39","19.4315","8","1","1","False","0"
"11480","2017220847104","1830284163205","1830284332557","17.211000000000002","16.935200000000002","0.2758","18.411","3.2950000000000004","False","36.354600000000005","17.1767","18.232300000000002","4.4456","21.3808","8","1","1","False","0"
"11480","2017220847104","1830284335315","1830284662140","32.941100000000006","32.682500000000005","0.2586","32.9281","3.2840000000000003","False","12.0884","32.9583","36.354600000000005","7.841900000000001","40.5244","8","1","1","False","0"
"11480","2017220847104","1830284664726","1830284814836","15.2741","15.011000000000001","0.2631","14.057300000000001","2.0616","False","18.202","15.2696","12.0884","4.6607","19.6717","8","1","1","False","0"
"11480","2017220847104","1830284817467","1830284962479","14.989","14.5012","0.4878","17.6658","4.8236","False","12.116800000000001","14.7643","18.202","8.0984","22.599600000000002","8","1","1","False","0"
"11480","2017220847104","1830284967357","1830285109841","14.5271","14.2484","0.2787","11.7757","2.0107","False","12.113000000000001","14.7362","12.116800000000001","5.479","19.7274","8","1","1","False","0"
"11480","2017220847104","1830285112628","1830285261706","15.095","14.9078","0.1872","15.3541","2.2172","False","30.3384","15.1865","12.113000000000001","2.4055","17.3133","8","1","1","False","0"
"11480","2017220847104","1830285263578","1830285493315","23.2343","22.9737","0.2606","24.4508","3.468","False","12.114600000000001","23.1609","30.3384","9.583","32.5567","8","1","1","False","0"
"11480","2017220847104","1830285495921","1830285643916","15.0064","14.7995","0.2069","14.111600000000001","2.539","False","12.0862","15.0601","12.114600000000001","6.6375","21.437","8","1","1","False","0"
"11480","2017220847104","1830285645985","1830285776557","13.3104","13.0572","0.25320000000000004","14.642000000000001","3.9128000000000003","False","18.2011","13.264100000000001","12.0862","5.4596","18.5168","8","1","1","False","0"
"11480","2017220847104","1830285779089","1830285931817","15.527000000000001","15.2728","0.25420000000000004","13.605900000000002","1.9859","False","12.121400000000001","15.526000000000002","18.2011","8.1347","23.407500000000002","8","1","1","False","0"
"11480","2017220847104","1830285934359","1830286077152","14.532000000000002","14.279300000000001","0.25270000000000004","14.622499999999999","2.069","False","12.1036","14.5335","12.121400000000001","5.7226","20.001900000000003","8","1","1","False","0"
"11480","2017220847104","1830286079679","1830286222935","14.5317","14.325600000000001","0.2061","14.390600000000001","1.8978000000000002","False","18.2009","14.5783","12.1036","3.2479","17.5735","8","1","1","False","0"
"11480","2017220847104","1830286224996","1830286364540","14.114200000000002","13.954400000000001","0.1598","16.9179","5.0099","False","12.1088","14.1605","18.2009","7.2883000000000004","21.2427","8","1","1","False","0"
"11480","2017220847104","1830286366138","1830286507183","14.3672","14.1045","0.2627","11.568000000000001","1.9596","False","12.1052","14.2643","12.1088","5.1328000000000005","19.2373","8","1","1","False","0"
"11480","2017220847104","1830286509810","1830286650014","14.2786","14.0204","0.2582","14.634500000000003","2.2938","False","24.283800000000003","14.283100000000001","12.1052","2.9549000000000003","16.9753","8","1","1","False","0"
"11480","2017220847104","1830286652596","1830286827944","17.816","17.5348","0.2812","18.953","3.4308","False","12.1476","17.793","24.283800000000003","9.4457","26.980500000000003","8","1","1","False","0"
"11480","2017220847104","1830286830756","1830286988752","16.0485","15.799600000000002","0.2489","14.9863","2.3704","False","18.111900000000002","16.0808","12.1476","5.5125","21.3121","8","1","1","False","0"
"11480","2017220847104","1830286991241","1830287155560","16.6822","16.431900000000002","0.2503","17.8186","3.4938000000000002","False","18.2243","16.6808","18.111900000000002","6.9436","23.375500000000002","8","1","1","False","0"
"11480","2017220847104","1830287158063","1830287335066","17.9445","17.700300000000002","0.2442","16.6976","2.2511","False","12.0751","17.9506","18.2243","7.217300000000001","24.9176","8","1","1","False","0"
"11480","2017220847104","1830287337508","1830287484335","14.9529","14.6827","0.2702","14.8659","2.1704","False","18.1782","14.9269","12.0751","4.3655","19.0482","8","1","1","False","0"
"11480","2017220847104","1830287487037","1830287652329","16.8105","16.5292","0.2813","17.8765","3.2648","False","18.2213","16.799400000000002","18.1782","5.7443","22.273500000000002","8","1","1","False","0"
"11480","2017220847104","1830287655142","1830287818010","16.5495","16.2868","0.2627","16.9296","3.6189","False","18.1772","16.5681","18.2213","7.3975","23.6843","8","1","1","False","0"
"11480","2017220847104","1830287820637","1830287982660","16.4636","16.2023","0.26130000000000003","15.9848","3.1432","False","12.092500000000001","16.465","18.1772","9.1097","25.312","8","1","1","False","0"
"11480","2017220847104","1830287985273","1830288158493","17.6013","17.322","0.2793","16.6526","2.1831","False","18.1813","17.5833","12.092500000000001","3.6189","20.940900000000003","8","1","1","False","0"
"11480","2017220847104","1830288161286","1830288323023","16.4358","16.1737","0.2621","17.4237","3.1668000000000003","False","18.1886","16.453","18.1813","5.3472","21.5209","8","1","1","False","0"
"11480","2017220847104","1830288325644","1830288496665","17.2986","17.1021","0.1965","17.5421","3.3515","False","18.2175","17.3642","18.1886","6.171600000000001","23.2737","8","1","1","False","0"
"11480","2017220847104","1830288498630","1830288662555","16.640600000000003","16.392500000000002","0.24810000000000001","14.7988","2.0122","False","12.0809","16.589000000000002","18.2175","7.8001000000000005","24.192600000000002","8","1","1","False","0"
"11480","2017220847104","1830288665036","1830288829411","16.6976","16.4375","0.2601","17.4679","2.3443","False","18.1947","16.6856","12.0809","3.1954000000000002","19.6329","8","1","1","False","0"
"11480","2017220847104","1830288832012","1830288986294","15.645100000000001","15.4282","0.2169","17.043200000000002","3.7374","False","18.183500000000002","15.6883","18.1947","5.7018","21.130000000000003","8","1","1","False","0"
"11480","2017220847104","1830288988463","1830289143796","15.7752","15.5333","0.2419","14.1873","2.1537","False","18.1909","15.750200000000001","18.183500000000002","8.1351","23.668400000000002","8","1","1","False","0"
"11480","2017220847104","1830289146215","1830289326276","18.2704","18.0061","0.26430000000000003","18.060200000000002","1.9457","False","12.0952","18.248","18.1909","8.078000000000001","26.084100000000003","8","1","1","False","0"
"11480","2017220847104","1830289328919","1830289493850","16.770400000000002","16.493100000000002","0.2773","17.1464","2.3567","False","18.1838","16.7574","12.0952","3.4158","19.908900000000003","8","1","1","False","0"
"11480","2017220847104","1830289496623","1830289657318","16.322000000000003","16.0695","0.2525","17.2478","3.2569000000000004","False","18.1873","16.3468","18.1838","5.252800000000001","21.322300000000002","8","1","1","False","0"
"11480","2017220847104","1830289659843","1830289826696","16.953000000000003","16.6853","0.2677","17.1448","3.4564000000000004","False","18.2072","16.9378","18.1873","6.5023","23.1876","8","1","1","False","0"
"11480","2017220847104","1830289829373","1830289991757","16.5303","16.238400000000002","0.2919","15.4726","2.3946","False","12.087100000000001","16.5061","18.2072","8.2034","24.4418","8","1","1","False","0"
"11480","2017220847104","1830289994676","1830290148654","15.6561","15.3978","0.25830000000000003","15.4268","2.1499","False","18.1888","15.6897","12.087100000000001","4.6008000000000004","19.9986","8","1","1","False","0"
"11480","2017220847104","1830290151237","1830290312489","16.4173","16.1252","0.2921","17.9629","3.7142000000000004","False","24.2828","16.3835","18.1888","6.4061","22.5313","8","1","1","False","0"
"11480","2017220847104","1830290315410","1830290524074","21.079","20.866400000000002","0.2126","20.893","3.4801","False","6.0152","21.1585","24.2828","9.5304","30.396800000000002","8","1","1","False","0"
"11480","2017220847104","1830290526200","1830290652884","12.8653","12.6684","0.19690000000000002","11.672500000000001","2.2932","False","18.2192","12.881","6.0152","2.6646","15.333","8","1","1","False","0"
"11480","2017220847104","1830290654853","1830290823411","17.044300000000003","16.855800000000002","0.1885","17.0993","2.3362000000000003","False","18.143900000000002","17.0527","18.2192","3.8311","20.6869","8","1","1","False","0"
"11480","2017220847104","1830290825296","1830290981494","15.771","15.619800000000001","0.1512","17.6099","4.4697000000000005","False","18.216900000000003","15.808300000000001","18.143900000000002","6.1667000000000005","21.7865","8","1","1","False","0"
"11480","2017220847104","1830290983006","1830291145345","16.5054","16.233900000000002","0.2715","15.4062","3.1145","False","12.085600000000001","16.3851","18.216900000000003","7.9985","24.232400000000002","8","1","1","False","0"
"11480","2017220847104","1830291148060","1830291299748","15.420000000000002","15.168800000000001","0.25120000000000003","14.3084","2.0089","False","18.187900000000003","15.4403","12.085600000000001","4.643800000000001","19.8126","8","1","1","False","0"
"11480","2017220847104","1830291302260","1830291478784","17.8968","17.6524","0.2444","19.0106","3.1094","False","18.1907","17.9036","18.187900000000003","4.928100000000001","22.5805","8","1","1","False","0"
"11480","2017220847104","1830291481228","1830291629588","15.036900000000001","14.836","0.20090000000000002","15.1018","3.1605000000000003","False","12.1083","15.080400000000001","18.1907","8.038400000000001","22.8744","8","1","1","False","0"
"11480","2017220847104","1830291631597","1830291802865","17.3264","17.1268","0.1996","16.2107","2.0288","False","18.229300000000002","17.3277","12.1083","2.819","19.945800000000002","8","1","1","False","0"
"11480","2017220847104","1830291804861","1830291955619","15.257200000000001","15.075800000000001","0.1814","16.4693","3.2414","False","18.218500000000002","15.275400000000001","18.229300000000002","5.7729","20.8487","8","1","1","False","0"
"11480","2017220847104","1830291957433","1830292135146","18.0349","17.7713","0.2636","18.244400000000002","3.5029000000000003","False","18.1582","17.9527","18.218500000000002","6.0387","23.810000000000002","8","1","1","False","0"
"11480","2017220847104","1830292137782","1830292305981","17.0731","16.8199","0.25320000000000004","17.4309","3.8463000000000003","False","18.1326","17.0835","18.1582","7.1134","23.933300000000003","8","1","1","False","0"
"11480","2017220847104","1830292308513","1830292512743","20.701","20.423000000000002","0.278","20.1886","3.3349","False","18.2012","20.6762","18.1326","4.5698","24.992800000000003","8","1","1","False","0"
"11480","2017220847104","1830292515523","1830292662120","14.945300000000001","14.6597","0.2856","13.549300000000002","1.9599000000000002","False","12.1531","14.937700000000001","18.2012","7.8333","22.493000000000002","8","1","1","False","0"
"11480","2017220847104","1830292664976","1830292819406","15.682500000000001","15.443000000000001","0.23950000000000002","16.0985","2.3489","False","18.160600000000002","15.7286","12.1531","4.2578000000000005","19.7008","8","1","1","False","0"
"11480","2017220847104","1830292821801","1830292996950","17.7989","17.5149","0.28400000000000003","18.6215","3.1985","False","18.185100000000002","17.7544","18.160600000000002","4.664000000000001","22.178900000000002","8","1","1","False","0"
"11480","2017220847104","1830292999790","1830293164982","16.6959","16.5192","0.1767","16.98","3.7364","False","12.074900000000001","16.8032","18.185100000000002","6.0459000000000005","22.5651","8","1","1","False","0"
"11480","2017220847104","1830293166749","1830293311301","14.7504","14.455200000000001","0.2952","13.5608","2.2718000000000003","False","18.1815","14.6319","12.074900000000001","3.4889","17.944100000000002","8","1","1","False","0"
"11480","2017220847104","1830293314253","1830293487233","17.5516","17.298000000000002","0.2536","18.780900000000003","3.5036","False","18.1856","17.5932","18.1815","4.0772","21.3752","8","1","1","False","0"
"11480","2017220847104","1830293489769","1830293650101","16.3858","16.0332","0.3526","16.1832","3.3647","False","24.2509","16.2868","18.1856","5.976","22.0092","8","1","1","False","0"
"11480","2017220847104","1830293653627","1830293891365","24.0498","23.7738","0.276","24.2388","3.4912","False","18.2243","24.1264","24.2509","6.1005","29.8743","8","1","1","False","0"
"11480","2017220847104","1830293894125","1830294051644","16.018700000000003","15.751900000000001","0.26680000000000004","14.5983","2.0752","False","12.077200000000001","16.027900000000002","18.2243","8.2969","24.0488","8","1","1","False","0"
"11480","2017220847104","1830294054312","1830294223279","17.158099999999997","16.8967","0.2614","17.1374","2.0442","False","12.114700000000001","17.1635","12.077200000000001","3.2106000000000003","20.107300000000002","8","1","1","False","0"
"11480","2017220847104","1830294225893","1830294350664","12.7532","12.4771","0.2761","12.8086","2.0981","False","24.2815","12.7385","12.114700000000001","2.5868","15.0639","8","1","1","False","0"
"11480","2017220847104","1830294353425","1830294536146","18.4602","18.272100000000002","0.18810000000000002","19.5132","3.1189","False","6.0224","18.5482","24.2815","8.3201","26.592200000000002","8","1","1","False","0"
"11480","2017220847104","1830294538027","1830294650534","11.5035","11.2507","0.2528","10.7543","2.4016","False","24.3013","11.4388","6.0224","2.9037","14.1544","8","1","1","False","0"
"11480","2017220847104","1830294653062","1830294842487","19.201300000000003","18.942500000000003","0.25880000000000003","18.7357","1.9546000000000001","False","12.048200000000001","19.1953","24.3013","8.0097","26.9522","8","1","1","False","0"
"11480","2017220847104","1830294845075","1830295021302","17.837200000000003","17.622700000000002","0.21450000000000002","17.9144","1.9869","False","18.1954","17.881500000000003","12.048200000000001","2.1764","19.7991","8","1","1","False","0"
"11480","2017220847104","1830295023447","1830295164948","14.4403","14.1501","0.2902","15.786000000000001","3.3758000000000004","False","18.2208","14.364600000000001","18.1954","6.0072","20.1573","8","1","1","False","0"
"11480","2017220847104","1830295167850","1830295353653","18.8529","18.5803","0.2726","18.6748","3.1981","False","12.0827","18.8705","18.2208","5.3575","23.937800000000003","8","1","1","False","0"
"11480","2017220847104","1830295356379","1830295490203","13.577","13.3824","0.19460000000000002","12.2865","2.2919","False","30.3231","13.655000000000001","12.0827","3.7852","17.1676","8","1","1","False","0"
"11480","2017220847104","1830295492149","1830295749246","26.009800000000002","25.7097","0.30010000000000003","27.2754","3.1741","False","12.0961","25.904300000000003","30.3231","8.204","33.9137","8","1","1","False","0"
"11480","2017220847104","1830295752247","1830295916952","16.7662","16.4705","0.2957","15.936100000000003","2.3533","False","18.1859","16.7706","12.0961","3.5295","20","8","1","1","False","0"
"11480","2017220847104","1830295919909","1830296073663","15.629000000000001","15.3754","0.2536","16.7253","3.4261000000000004","False","18.2479","15.671100000000001","18.1859","6.044300000000001","21.419700000000002","8","1","1","False","0"
"11480","2017220847104","1830296076199","1830296251161","17.7726","17.4962","0.27640000000000003","18.142","3.8175000000000003","False","18.1334","17.7498","18.2479","6.542400000000001","24.038600000000002","8","1","1","False","0"
"11480","2017220847104","1830296253925","1830296425487","17.445100000000004","17.156200000000002","0.2889","17.3488","3.7009000000000003","False","12.0984","17.4326","18.1334","7.243200000000001","24.3994","8","1","1","False","0"
"11480","2017220847104","1830296428376","1830296591696","16.5975","16.332","0.2655","14.953100000000003","2.0575","False","18.2396","16.620900000000002","12.0984","2.7207000000000003","19.0527","8","1","1","False","0"
"11480","2017220847104","1830296594351","1830296750419","15.885500000000002","15.606800000000002","0.2787","16.987000000000002","3.1651000000000002","False","18.1297","15.872300000000001","18.2396","5.088","20.6948","8","1","1","False","0"
"11480","2017220847104","1830296753206","1830296942484","19.230800000000002","18.9278","0.303","19.3326","3.2812","False","24.2386","19.206500000000002","18.1297","4.0112000000000005","22.939","8","1","1","False","0"
"11480","2017220847104","1830296945514","1830297142197","19.9402","19.668300000000002","0.27190000000000003","19.839200000000005","3.1790000000000003","False","18.2328","19.9713","24.2386","8.278500000000001","27.9468","8","1","1","False","0"
"11480","2017220847104","1830297144916","1830297343718","20.184800000000003","19.880200000000002","0.30460000000000004","20.3838","3.3679","False","18.1762","20.1521","18.2328","6.3592","26.2394","8","1","1","False","0"
"11480","2017220847104","1830297346764","1830297542844","19.8135","19.608","0.20550000000000002","19.6907","3.2097","False","24.2195","19.9126","18.1762","4.6228","24.230800000000002","8","1","1","False","0"
"11480","2017220847104","1830297544899","1830297739725","19.785","19.4826","0.3024","19.6634","3.1325000000000003","False","18.1751","19.688100000000002","24.2195","9.154200000000001","28.6368","8","1","1","False","0"
"11480","2017220847104","1830297742749","1830297943818","20.3678","20.1069","0.2609","19.7471","2.4925","False","18.1786","20.4093","18.1751","6.92","27.0269","8","1","1","False","0"
"11480","2017220847104","1830297946427","1830298126836","18.276500000000002","18.0409","0.2356","18.0864","2.311","False","18.1709","18.3018","18.1786","6.7968","24.8377","8","1","1","False","0"
"11480","2017220847104","1830298129192","1830298312959","18.6356","18.3767","0.2589","18.542","2.2055000000000002","False","18.182100000000002","18.6123","18.1709","6.3554","24.732100000000003","8","1","1","False","0"
"11480","2017220847104","1830298315548","1830298514583","20.1647","19.9035","0.2612","20.6402","3.1387","False","24.262500000000003","20.1624","18.182100000000002","4.3751","24.2786","8","1","1","False","0"
"11480","2017220847104","1830298517195","1830298717434","20.282300000000003","20.0239","0.2584","20.686099999999996","3.0967000000000002","False","18.1609","20.2851","24.262500000000003","8.352500000000001","28.3764","8","1","1","False","0"
"11480","2017220847104","1830298720018","1830298907591","19.0163","18.7573","0.259","18.4088","2.4882","False","18.2621","19.015700000000002","18.1609","7.4977","26.255000000000003","8","1","1","False","0"
"11480","2017220847104","1830298910181","1830299112708","20.535800000000002","20.2527","0.2831","20.0186","1.9607","False","18.0985","20.5117","18.2621","5.2481","25.5008","8","1","1","False","0"
"11480","2017220847104","1830299115539","1830299297665","18.4064","18.212600000000002","0.1938","19.590600000000002","3.1146000000000003","False","24.2771","18.4957","18.0985","4.8509","23.0635","8","1","1","False","0"
"11480","2017220847104","1830299299603","1830299492692","19.5879","19.3089","0.279","19.947100000000002","3.5092000000000003","False","18.1787","19.5027","24.2771","9.625300000000001","28.9342","8","1","1","False","0"
"11480","2017220847104","1830299495482","1830299690956","19.796499999999998","19.5474","0.24910000000000002","18.4293","2.1369000000000002","False","18.1555","19.8264","18.1787","7.977600000000001","27.525000000000002","8","1","1","False","0"
"11480","2017220847104","1830299693447","1830299884368","19.3154","19.092100000000002","0.2233","19.775999999999996","2.5723000000000003","False","18.1751","19.3412","18.1555","6.7919","25.884","8","1","1","False","0"
"11480","2017220847104","1830299886601","1830300093115","20.9095","20.651400000000002","0.2581","21.7544","3.4370000000000003","False","30.3363","20.8747","18.1751","4.0923","24.7437","8","1","1","False","0"
"11480","2017220847104","1830300095696","1830300375030","28.2691","27.933400000000002","0.3357","29.0636","4.254300000000001","False","18.1478","28.1915","30.3363","6.2371","34.170500000000004","8","1","1","False","0"
"11480","2017220847104","1830300378387","1830300568382","19.239900000000002","18.9995","0.2404","19.2051","4.200200000000001","False","18.1906","19.3352","18.1478","5.0497000000000005","24.049200000000003","8","1","1","False","0"
"11480","2017220847104","1830300570786","1830300747745","17.913300000000003","17.6959","0.2174","16.9005","3.1714","False","24.2375","17.9363","18.1906","5.304","22.9999","8","1","1","False","0"
"11480","2017220847104","1830300749919","1830300961117","21.390500000000003","21.1198","0.2707","24.181200000000004","5.9823","False","18.200400000000002","21.3372","24.2375","8.2043","29.3241","8","1","1","False","0"
"11480","2017220847104","1830300963824","1830301147704","18.6273","18.388","0.2393","14.2568","2.0558","False","18.1872","18.6587","18.200400000000002","7.746","26.134","8","1","1","False","0"
"11480","2017220847104","1830301150097","1830301331411","18.4168","18.1314","0.2854","18.741300000000003","1.9376","False","18.1671","18.3707","18.1872","7.5625","25.693900000000003","8","1","1","False","0"
"11480","2017220847104","1830301334265","1830301518917","18.7419","18.4652","0.2767","19.475100000000005","2.6715","False","18.1724","18.750600000000002","18.1671","6.979","25.444200000000002","8","1","1","False","0"
"11480","2017220847104","1830301521684","1830301695954","17.633499999999998","17.427","0.20650000000000002","17.3446","2.3557","False","18.1779","17.7037","18.1724","7.4477","24.8747","8","1","1","False","0"
"11480","2017220847104","1830301698019","1830301907485","21.2745","20.9466","0.3279","22.044900000000002","3.1734","False","24.2722","21.153100000000002","18.1779","4.4725","25.4191","8","1","1","False","0"
"11480","2017220847104","1830301910764","1830302103605","19.553900000000002","19.284100000000002","0.26980000000000004","19.8929","3.494","False","12.098600000000001","19.612000000000002","24.2722","9.1327","28.416800000000002","8","1","1","False","0"
"11480","2017220847104","1830302106303","1830302283552","17.919500000000003","17.7249","0.19460000000000002","16.7453","2.2866","False","24.2635","17.9947","12.098600000000001","3.2366","20.9615","8","1","1","False","0"
"11480","2017220847104","1830302285498","1830302472560","19.011400000000002","18.706200000000003","0.3052","20.195","3.5072","False","12.0889","18.9008","24.2635","8.599300000000001","27.305500000000002","8","1","1","False","0"
"11480","2017220847104","1830302475612","1830302644765","17.1064","16.915300000000002","0.19110000000000002","15.9296","2.2903000000000002","False","18.1947","17.2205","12.0889","3.4677000000000002","20.383000000000003","8","1","1","False","0"
"11480","2017220847104","1830302646676","1830302822308","17.818600000000004","17.563200000000002","0.2554","19.01","3.5072","False","24.279400000000003","17.7543","18.1947","3.9081","21.4713","8","1","1","False","0"
"11480","2017220847104","1830302824862","1830303015964","19.330900000000003","19.110200000000003","0.2207","18.9194","3.0912","False","12.1295","19.3656","24.279400000000003","8.821900000000001","27.932100000000002","8","1","1","False","0"
"11480","2017220847104","1830303018171","1830303192017","17.652300000000004","17.384600000000002","0.2677","16.6587","2.1089","False","24.2344","17.6053","12.1295","3.3461000000000003","20.730700000000002","8","1","1","False","0"
"11480","2017220847104","1830303194694","1830303381519","18.956300000000002","18.6825","0.2738","20.2059","3.3643","False","18.163500000000003","18.950200000000002","24.2344","8.6303","27.312800000000003","8","1","1","False","0"
"11480","2017220847104","1830303384257","1830303569328","18.7868","18.5071","0.2797","20.0664","4.6534","False","12.0959","18.780900000000003","18.163500000000003","8.0129","26.52","8","1","1","False","0"
"11480","2017220847104","1830303572125","1830303725264","15.5942","15.3139","0.2803","13.083300000000001","2.1225","False","30.314300000000003","15.5936","12.0959","4.5152","19.8291","8","1","1","False","0"
"11480","2017220847104","1830303728067","1830304011493","28.5482","28.3426","0.2056","29.895400000000002","3.4383000000000004","False","18.19","28.6229","30.314300000000003","6.2066","34.5492","8","1","1","False","0"
"11480","2017220847104","1830304013549","1830304193364","18.172900000000002","17.9815","0.19140000000000001","17.1248","2.7511","False","18.177300000000002","18.1871","18.19","6.2095","24.191000000000003","8","1","1","False","0"
"11480","2017220847104","1830304195278","1830304360214","16.7501","16.4936","0.2565","18.7376","4.4215","False","18.1685","16.685000000000002","18.177300000000002","7.7018","24.195400000000003","8","1","1","False","0"
"11480","2017220847104","1830304362779","1830304565670","20.5931","20.2891","0.304","20.6065","4.4664","False","18.187900000000003","20.5456","18.1685","5.3247","25.6138","8","1","1","False","0"
"11480","2017220847104","1830304568710","1830304733516","16.834799999999998","16.4806","0.3542","14.702200000000001","2.3744","False","18.2146","16.7846","18.187900000000003","6.728000000000001","23.2086","8","1","1","False","0"
"11480","2017220847104","1830304737058","1830304914032","18.1489","17.697400000000002","0.4515","18.357300000000002","2.6827","False","18.1401","18.0516","18.2146","6.891","24.5884","8","1","1","False","0"
"11480","2017220847104","1830304918547","1830305106673","19.0469","18.8126","0.2343","18.787100000000002","2.2520000000000002","False","30.3349","19.264100000000003","18.1401","5.767","24.579600000000003","8","1","1","False","0"
"11480","2017220847104","1830305109016","1830305414864","30.9315","30.5848","0.3467","31.854100000000003","3.2191","False","18.1627","30.819100000000002","30.3349","5.2828","35.8676","8","1","1","False","0"
"11480","2017220847104","1830305418331","1830305583480","16.858900000000002","16.5149","0.34400000000000003","16.8805","3.2511","False","18.1749","16.8616","18.1627","6.583900000000001","23.0988","8","1","1","False","0"
"11480","2017220847104","1830305586920","1830305778998","19.509600000000002","19.207800000000002","0.3018","18.7861","2.5132000000000003","False","18.1966","19.5518","18.1749","5.207","24.4148","8","1","1","False","0"
"11480","2017220847104","1830305782016","1830305957247","17.750799999999998","17.5231","0.2277","18.608700000000002","3.3251","False","18.1671","17.8249","18.1966","5.5787","23.1018","8","1","1","False","0"
"11480","2017220847104","1830305959524","1830306140894","18.4694","18.137","0.33240000000000003","17.215400000000002","2.1205000000000003","False","18.230900000000002","18.3647","18.1671","5.3811","23.5181","8","1","1","False","0"
"11480","2017220847104","1830306144218","1830306319118","17.7997","17.490000000000002","0.30970000000000003","18.995900000000002","3.317","False","18.1327","17.822400000000002","18.230900000000002","5.7896","23.279600000000002","8","1","1","False","0"
"11480","2017220847104","1830306322215","1830306519153","20.1333","19.6938","0.4395","20.1038","3.4419","False","18.180300000000003","20.003500000000003","18.1327","3.9188","23.6126","8","1","1","False","0"
"11480","2017220847104","1830306523548","1830306691682","17.0547","16.8134","0.24130000000000001","16.956300000000002","3.1491000000000002","False","18.182000000000002","17.2529","18.180300000000003","4.8462000000000005","21.6596","8","1","1","False","0"
"11480","2017220847104","1830306694095","1830306877184","18.607100000000003","18.3089","0.2982","18.1128","3.1301","False","24.2694","18.5502","18.182000000000002","4.478000000000001","22.786900000000003","8","1","1","False","0"
"11480","2017220847104","1830306880166","1830307074065","19.822","19.3899","0.43210000000000004","20.4387","3.4450000000000003","False","12.094700000000001","19.688100000000002","24.2694","9.0593","28.4492","8","1","1","False","0"
"11480","2017220847104","1830307078386","1830307254661","18.1019","17.6275","0.47440000000000004","17.0118","2.3799","False","24.2746","18.0596","12.094700000000001","3.0944000000000003","20.7219","8","1","1","False","0"
"11480","2017220847104","1830307259405","1830307437548","18.3345","17.8143","0.5202","19.406100000000002","3.476","False","12.0892","18.288700000000002","24.2746","9.080300000000001","26.8946","8","1","1","False","0"
"11480","2017220847104","1830307442750","1830307623482","18.3913","18.0732","0.3181","17.079700000000003","1.9815","False","24.2584","18.593400000000003","12.0892","2.5761000000000003","20.6493","8","1","1","False","0"
"11480","2017220847104","1830307626663","1830307808609","18.5328","18.1946","0.3382","20.0176","3.4722","False","12.1058","18.512700000000002","24.2584","8.3218","26.5164","8","1","1","False","0"
"11480","2017220847104","1830307811991","1830307984963","17.630300000000002","17.2972","0.3331","16.4339","2.2734","False","18.1732","17.6354","12.1058","2.7922000000000002","20.0894","8","1","1","False","0"
"11480","2017220847104","1830307988294","1830308147814","16.2843","15.952","0.33230000000000004","17.2542","3.2463","False","18.2025","16.2851","18.1732","4.6803","20.6323","8","1","1","False","0"
"11480","2017220847104","1830308151137","1830308327688","17.901","17.6551","0.2459","18.03","3.3292","False","18.1768","17.9874","18.2025","4.8954","22.5505","8","1","1","False","0"
"11480","2017220847104","1830308330147","1830308511862","18.480300000000003","18.1715","0.3088","17.2152","2.1096","False","18.2075","18.4174","18.1768","4.6548","22.8263","8","1","1","False","0"
"11480","2017220847104","1830308514950","1830308680455","16.8653","16.5505","0.3148","17.1541","2.3826","False","18.1863","16.8593","18.2075","6.003","22.5535","8","1","1","False","0"
"11480","2017220847104","1830308683603","1830308844737","16.555500000000002","16.113400000000002","0.44210000000000005","16.3744","2.3531","False","12.082600000000001","16.4282","18.1863","7.761100000000001","23.8745","8","1","1","False","0"
"11480","2017220847104","1830308849158","1830309008108","16.207800000000002","15.895000000000001","0.3128","15.9175","1.9292","False","24.242800000000003","16.3371","12.082600000000001","3.5066","19.401600000000002","8","1","1","False","0"
"11480","2017220847104","1830309011236","1830309194992","18.689600000000002","18.375600000000002","0.314","19.882","3.1103","False","18.2129","18.6884","24.242800000000003","9.061","27.436600000000002","8","1","1","False","0"
"11480","2017220847104","1830309198132","1830309408781","21.3793","21.0649","0.3144","20.092600000000004","2.2644","False","18.167","21.3789","18.2129","5.8950000000000005","26.9599","8","1","1","False","0"
"11480","2017220847104","1830309411925","1830309580758","17.134500000000003","16.883300000000002","0.25120000000000003","18.8744","3.5231000000000003","False","12.1026","17.1977","18.167","6.8643","23.747600000000002","8","1","1","False","0"
"11480","2017220847104","1830309583270","1830309742386","16.1451","15.9116","0.2335","14.804","2.1835","False","18.1853","16.1628","12.1026","2.8041","18.715700000000002","8","1","1","False","0"
"11480","2017220847104","1830309744721","1830309906569","16.4421","16.1848","0.25730000000000003","17.5226","3.262","False","18.2025","16.418300000000002","18.1853","4.5711","20.7559","8","1","1","False","0"
"11480","2017220847104","1830309909142","1830310075258","16.8475","16.6116","0.2359","15.800500000000001","2.2178","False","18.1786","16.8689","18.2025","5.9047","22.5163","8","1","1","False","0"
"11480","2017220847104","1830310077617","1830310260622","18.5947","18.3005","0.2942","18.4509","2.1063","False","24.2645","18.5364","18.1786","5.5469","23.8474","8","1","1","False","0"
"11480","2017220847104","1830310263564","1830310475600","21.7376","21.2036","0.534","21.759","2.3032","False","12.0944","21.4978","24.2645","8.313600000000001","29.517200000000003","8","1","1","False","0"
"11480","2017220847104","1830310480940","1830310600905","12.237300000000001","11.996500000000001","0.24080000000000001","12.1136","1.9594","False","18.1982","12.5305","12.0944","7.8775","19.874000000000002","8","1","1","False","0"
"11480","2017220847104","1830310603313","1830310788316","18.8284","18.5003","0.3281","18.8596","2.0852","False","12.0934","18.7411","18.1982","7.3346","25.8349","8","1","1","False","0"
"11480","2017220847104","1830310791597","1830310955736","16.640700000000002","16.4139","0.2268","16.6374","1.989","False","36.397800000000004","16.742","12.0934","2.686","19.0999","8","1","1","False","0"
"11480","2017220847104","1830310958004","1830311266583","31.1521","30.8579","0.2942","32.630900000000004","3.4811","False","12.082500000000001","31.0847","36.397800000000004","7.9991","38.857","8","1","1","False","0"
"11480","2017220847104","1830311269525","1830311434935","16.7983","16.541","0.25730000000000003","15.638","2.3023000000000002","False","18.2039","16.8352","12.082500000000001","3.2464","19.7874","8","1","1","False","0"
"11480","2017220847104","1830311437508","1830311597067","16.225700000000003","15.955900000000002","0.26980000000000004","15.9114","2.0218000000000003","False","18.1671","16.2132","18.2039","5.2371","21.193","8","1","1","False","0"
"11480","2017220847104","1830311599765","1830311785941","18.854","18.6176","0.2364","19.6778","3.23","False","18.1962","18.8874","18.1671","4.5168","23.1344","8","1","1","False","0"
"11480","2017220847104","1830311788305","1830311952066","16.6235","16.3761","0.2474","16.0394","2.2274000000000003","False","18.1921","16.6125","18.1962","6.1005","22.4766","8","1","1","False","0"
"11480","2017220847104","1830311954540","1830312122674","17.0683","16.8134","0.2549","16.9864","2.1566","False","12.0839","17.0608","18.1921","7.231800000000001","24.0452","8","1","1","False","0"
"11480","2017220847104","1830312125223","1830312289587","16.707700000000003","16.436400000000003","0.2713","16.544","1.9962000000000002","False","18.1753","16.691300000000002","12.0839","2.6244","19.0608","8","1","1","False","0"
"11480","2017220847104","1830312292300","1830312463463","17.413500000000003","17.116300000000003","0.2972","18.5513","3.1303","False","18.2287","17.387600000000003","18.1753","3.4121","20.5284","8","1","1","False","0"
"11480","2017220847104","1830312466435","1830312619793","15.634400000000001","15.3358","0.29860000000000003","14.7409","2.2282","False","24.2264","15.633000000000001","18.2287","6.0078000000000005","21.343600000000002","8","1","1","False","0"
"11480","2017220847104","1830312622779","1830312855216","23.4863","23.2437","0.2426","25.072200000000002","3.8094","False","12.1134","23.5423","24.2264","6.6919","29.9356","8","1","1","False","0"
"11480","2017220847104","1830312857642","1830312999333","14.4718","14.1691","0.3027","12.6843","2.0683000000000002","False","18.2196","14.411700000000002","12.1134","4.3936","18.5627","8","1","1","False","0"
"11480","2017220847104","1830313002360","1830313148530","14.894200000000001","14.617","0.2772","14.8367","1.9761000000000002","False","12.0877","14.9197","18.2196","7.6935","22.3105","8","1","1","False","0"
"11480","2017220847104","1830313151302","1830313302691","15.367600000000001","15.138900000000001","0.22870000000000001","15.5379","2.1503","False","18.2007","15.4161","12.0877","4.3651","19.504","8","1","1","False","0"
"11480","2017220847104","1830313304978","1830313471135","16.8646","16.6157","0.2489","16.9216","2.1916","False","18.250600000000002","16.8444","18.2007","5.7214","22.3371","8","1","1","False","0"
"11480","2017220847104","1830313473624","1830313640319","17.0204","16.6695","0.3509","17.5088","2.7068000000000003","False","12.0402","16.918400000000002","18.250600000000002","7.0536","23.723100000000002","8","1","1","False","0"
"11480","2017220847104","1830313643828","1830313780234","13.8855","13.640600000000001","0.2449","13.1867","1.9872","False","18.1966","13.9915","12.0402","5.1023000000000005","18.742900000000002","8","1","1","False","0"
"11480","2017220847104","1830313782683","1830313936372","15.5138","15.3689","0.1449","15.3421","2.0602","False","12.1068","15.613800000000001","18.1966","7.6851","23.054000000000002","8","1","1","False","0"
"11480","2017220847104","1830313937821","1830314078197","14.288900000000002","14.037600000000001","0.2513","14.6536","2.1743","False","18.2251","14.182500000000001","12.1068","5.6094","19.647000000000002","8","1","1","False","0"
"11480","2017220847104","1830314080710","1830314243393","16.5226","16.2683","0.2543","17.0088","2.6686","False","12.134300000000001","16.5196","18.2251","7.314900000000001","23.5832","8","1","1","False","0"
"11480","2017220847104","1830314245936","1830314382047","13.8998","13.6111","0.2887","13.3361","2.1035","False","24.1934","13.865400000000001","12.134300000000001","5.5838","19.1949","8","1","1","False","0"
"11480","2017220847104","1830314384934","1830314577826","19.550800000000002","19.2892","0.2616","21.509800000000002","4.063400000000001","False","12.140400000000001","19.5779","24.1934","10.199300000000001","29.488500000000002","8","1","1","False","0"
"11480","2017220847104","1830314580442","1830314726588","14.9053","14.614600000000001","0.2907","13.007000000000001","2.1932","False","12.0868","14.8762","12.140400000000001","7.463500000000001","22.078100000000003","8","1","1","False","0"
"11480","2017220847104","1830314729495","1830314877436","15.0764","14.7941","0.2823","14.9617","2.0631","False","18.1859","15.084800000000001","12.0868","4.4655000000000005","19.259600000000002","8","1","1","False","0"
"11480","2017220847104","1830314880259","1830315035022","15.7848","15.4763","0.3085","16.4429","2.7254","False","12.1088","15.758600000000001","18.1859","6.8928","22.3691","8","1","1","False","0"
"11480","2017220847104","1830315038107","1830315188658","15.304800000000002","15.055100000000001","0.2497","14.594600000000002","1.9998","False","18.2163","15.3636","12.1088","3.6380000000000003","18.6931","8","1","1","False","0"
"11480","2017220847104","1830315191155","1830315332075","14.281","14.092","0.189","14.601500000000001","2.2887","False","12.1022","14.341700000000001","18.2163","7.5126","21.6046","8","1","1","False","0"
"11480","2017220847104","1830315333965","1830315482690","15.1264","14.8725","0.2539","14.884","2.0713","False","18.1975","15.0615","12.1022","4.5533","19.425800000000002","8","1","1","False","0"
"11480","2017220847104","1830315485229","1830315634141","15.097500000000002","14.891200000000001","0.2063","15.417000000000002","2.3584","False","12.1018","15.145100000000001","18.1975","7.605700000000001","22.4969","8","1","1","False","0"
"11480","2017220847104","1830315636204","1830315789278","15.611900000000002","15.307400000000001","0.3045","15.4905","2.3032","False","12.1037","15.5137","12.1018","4.1938","19.5012","8","1","1","False","0"
"11480","2017220847104","1830315792323","1830315924793","13.4285","13.247","0.18150000000000002","13.1818","1.987","False","18.211000000000002","13.5515","12.1037","2.746","15.993","8","1","1","False","0"
"11480","2017220847104","1830315926608","1830316069299","14.5283","14.2691","0.2592","15.142900000000001","2.6539","False","18.1885","14.450600000000001","18.211000000000002","6.5064","20.7755","8","1","1","False","0"
"11480","2017220847104","1830316071891","1830316253806","18.508100000000002","18.1915","0.3166","17.9361","2.6212","False","12.1094","18.4507","18.1885","6.2442","24.4357","8","1","1","False","0"
"11480","2017220847104","1830316256972","1830316385049","13.0347","12.8077","0.227","12.9663","2.0095","False","18.207900000000002","13.1243","12.1094","5.2293","18.037000000000003","8","1","1","False","0"
"11480","2017220847104","1830316387319","1830316545817","16.1915","15.8498","0.3417","16.485400000000002","2.3882000000000003","False","12.0813","16.076800000000002","18.207900000000002","7.3604","23.2102","8","1","1","False","0"
"11480","2017220847104","1830316549234","1830316698159","15.08","14.8925","0.1875","15.169400000000003","2.3457","False","18.2046","15.234200000000001","12.0813","4.2075000000000005","19.1","8","1","1","False","0"
"11480","2017220847104","1830316700034","1830316844152","14.680900000000001","14.411800000000001","0.2691","14.6414","2.3395","False","12.0852","14.599300000000001","18.2046","7.8128","22.224600000000002","8","1","1","False","0"
"11480","2017220847104","1830316846843","1830316989710","14.549800000000001","14.286700000000002","0.2631","14.2408","2.044","False","24.2533","14.555800000000001","12.0852","5.3422","19.6289","8","1","1","False","0"
"11480","2017220847104","1830316992341","1830317235062","24.5452","24.272100000000002","0.2731","25.6398","3.133","False","12.097000000000001","24.5352","24.2533","5.060300000000001","29.3324","8","1","1","False","0"
"11480","2017220847104","1830317237793","1830317382831","14.7943","14.5038","0.29050000000000004","13.805800000000001","2.1455","False","36.404","14.776900000000001","12.097000000000001","2.3804000000000003","16.8842","8","1","1","False","0"
"11480","2017220847104","1830317385736","1830317678472","29.482100000000003","29.273600000000002","0.20850000000000002","30.822200000000002","3.4426","False","12.1174","29.5641","36.404","9.2203","38.493900000000004","8","1","1","False","0"
"11480","2017220847104","1830317680557","1830317825521","14.748800000000001","14.496400000000001","0.2524","13.8359","2.5679000000000003","False","12.094800000000001","14.7049","12.1174","6.6328000000000005","21.1292","8","1","1","False","0"
"11480","2017220847104","1830317828045","1830317969573","14.4235","14.152800000000001","0.2707","15.7347","3.8764000000000003","False","18.2158","14.4052","12.094800000000001","4.3224","18.4752","8","1","1","False","0"
"11480","2017220847104","1830317972280","1830318119495","14.959200000000001","14.7215","0.23770000000000002","13.0311","1.9680000000000002","False","12.126900000000001","14.9922","18.2158","7.546","22.267500000000002","8","1","1","False","0"
"11480","2017220847104","1830318121872","1830318260846","14.1789","13.897400000000001","0.28150000000000003","14.2741","2.0572","False","12.0776","14.135100000000001","12.126900000000001","5.5378","19.435200000000002","8","1","1","False","0"
"11480","2017220847104","1830318263661","1830318413112","15.1485","14.9451","0.2034","14.9174","2.1904","False","30.3306","15.226600000000001","12.0776","2.3888000000000003","17.3339","8","1","1","False","0"
"11480","2017220847104","1830318415146","1830318670668","25.819100000000002","25.552200000000003","0.2669","27.8124","3.8212","False","12.1155","25.7556","30.3306","6.9638","32.516","8","1","1","False","0"
"11480","2017220847104","1830318673337","1830318822966","15.254800000000001","14.962900000000001","0.2919","13.5722","2.1350000000000002","False","18.191000000000003","15.229800000000001","12.1155","3.8495000000000004","18.8124","8","1","1","False","0"
"11480","2017220847104","1830318825885","1830318963812","14.0426","13.7927","0.2499","16.3065","4.390000000000001","False","12.1297","14.0846","18.191000000000003","7.955900000000001","21.7486","8","1","1","False","0"
"11480","2017220847104","1830318966311","1830319107159","14.272100000000002","14.084800000000001","0.18730000000000002","12.0579","2.1395","False","18.180300000000003","14.334700000000002","12.1297","5.750900000000001","19.8357","8","1","1","False","0"
"11480","2017220847104","1830319109032","1830319282020","17.568","17.2988","0.2692","17.9087","2.5226","False","12.1203","17.4861","18.180300000000003","6.4451","23.7439","8","1","1","False","0"
"11480","2017220847104","1830319284712","1830319413760","13.097199999999999","12.9048","0.19240000000000002","12.6613","2.0497","False","18.1678","13.174000000000001","12.1203","5.3914","18.296200000000002","8","1","1","False","0"
"11480","2017220847104","1830319415684","1830319565366","15.168300000000002","14.968200000000001","0.2001","17.9499","4.822500000000001","False","12.130700000000001","15.1606","18.1678","8.3986","23.3668","8","1","1","False","0"
"11480","2017220847104","1830319567367","1830319708831","14.4052","14.1464","0.25880000000000003","11.7961","2.2611","False","12.1053","14.3465","12.130700000000001","6.1828","20.3292","8","1","1","False","0"
"11480","2017220847104","1830319711419","1830319861126","15.1629","14.9707","0.1922","14.9602","2.0206","False","18.2031","15.229500000000002","12.1053","3.0586","18.0293","8","1","1","False","0"
"11480","2017220847104","1830319863048","1830320012364","15.233900000000002","14.931600000000001","0.3023","15.422699999999999","2.2732","False","12.1111","15.123800000000001","18.2031","6.1379","21.0695","8","1","1","False","0"
"11480","2017220847104","1830320015387","1830320158882","14.614400000000002","14.3495","0.2649","14.3435","1.9694","False","18.1893","14.651800000000001","12.1111","3.5972","17.9467","8","1","1","False","0"
"11480","2017220847104","1830320161531","1830320314518","15.5399","15.2987","0.2412","15.873700000000001","2.2941000000000003","False","12.0921","15.563600000000001","18.1893","6.2229","21.5216","8","1","1","False","0"
"11480","2017220847104","1830320316930","1830320470321","15.5364","15.3391","0.1973","15.5495","2.2844","False","18.2061","15.580300000000001","12.0921","2.7347","18.073800000000002","8","1","1","False","0"
"11480","2017220847104","1830320472294","1830320617418","14.7261","14.512400000000001","0.2137","14.296300000000002","2.2937000000000003","False","18.2151","14.709700000000002","18.2061","6.2311000000000005","20.7435","8","1","1","False","0"
"11480","2017220847104","1830320619555","1830320778758","16.136200000000002","15.920300000000001","0.2159","16.6023","2.3253","False","12.0738","16.134","18.2151","8.3122","24.2325","8","1","1","False","0"
"11480","2017220847104","1830320780917","1830320936933","15.843600000000002","15.601600000000001","0.24200000000000002","15.6639","2.1678","False","18.194300000000002","15.8175","12.0738","4.5685","20.1701","8","1","1","False","0"
"11480","2017220847104","1830320939353","1830321094244","15.6818","15.4891","0.1927","16.223200000000002","2.6802","False","12.1052","15.731100000000001","18.194300000000002","7.031700000000001","22.5208","8","1","1","False","0"
"11480","2017220847104","1830321096171","1830321235432","14.1267","13.9261","0.2006","13.387400000000001","1.9583000000000002","False","18.206","14.1188","12.1052","5.0181000000000004","18.944200000000002","8","1","1","False","0"
"11480","2017220847104","1830321237438","1830321393111","15.842200000000002","15.567300000000001","0.27490000000000003","16.4369","2.5689","False","18.178","15.767900000000001","18.206","7.4562","23.023500000000002","8","1","1","False","0"
"11480","2017220847104","1830321395860","1830321583217","19.0106","18.7357","0.27490000000000003","19.188900000000004","2.7706","False","12.114500000000001","19.0106","18.178","6.623600000000001","25.3593","8","1","1","False","0"
"11480","2017220847104","1830321585966","1830321721646","13.8259","13.568000000000001","0.2579","13.5264","2.4506","False","18.1458","13.8429","12.114500000000001","4.8952","18.4632","8","1","1","False","0"
"11480","2017220847104","1830321724225","1830321874371","15.206000000000001","15.014600000000002","0.19140000000000001","15.0686","2.2796000000000003","False","30.3382","15.2725","18.1458","7.7685","22.7831","8","1","1","False","0"
"11480","2017220847104","1830321876285","1830322163963","29.035","28.7678","0.2672","30.2206","3.4927","False","18.1915","28.959200000000003","30.3382","9.1475","37.9153","8","1","1","False","0"
"11480","2017220847104","1830322166635","1830322349527","18.5333","18.2892","0.2441","20.1734","5.1321","False","18.163800000000002","18.5564","18.1915","8.7826","27.0718","8","1","1","False","0"
"11480","2017220847104","1830322351968","1830322548845","19.9297","19.6877","0.24200000000000002","17.1845","2.3847","False","18.1661","19.931800000000003","18.163800000000002","7.014600000000001","26.7023","8","1","1","False","0"
"11480","2017220847104","1830322551265","1830322729570","18.1567","17.8305","0.3262","18.041","2.322","False","36.382600000000004","18.0725","18.1661","7.1082","24.9387","8","1","1","False","0"
"11480","2017220847104","1830322732832","1830323096378","36.5508","36.354600000000005","0.1962","38.1435","3.8353","False","18.168200000000002","36.680800000000005","36.382600000000004","6.8100000000000005","43.1646","8","1","1","False","0"
"11480","2017220847104","1830323098340","1830323288596","19.2228","19.0256","0.19720000000000001","17.235200000000003","2.2585","False","18.1689","19.2218","18.168200000000002","5.7564","24.782","8","1","1","False","0"
"11480","2017220847104","1830323290568","1830323473661","18.5807","18.3093","0.27140000000000003","18.736900000000002","2.0325","False","24.2497","18.506500000000003","18.1689","5.4188","23.7281","8","1","1","False","0"
"11480","2017220847104","1830323476375","1830323675560","20.188200000000002","19.9185","0.2697","21.581300000000002","3.4384","False","30.3148","20.1899","24.2497","9.4786","29.397100000000002","8","1","1","False","0"
"11480","2017220847104","1830323678257","1830324036728","36.059400000000004","35.847100000000005","0.21230000000000002","36.109","3.4465000000000003","False","24.251900000000003","36.116800000000005","30.3148","3.6766","39.523700000000005","8","1","1","False","0"
"11480","2017220847104","1830324038851","1830324243424","20.7573","20.4573","0.3","21.094","3.842","False","18.187900000000003","20.669600000000003","24.251900000000003","7.258900000000001","27.7162","8","1","1","False","0"
"11480","2017220847104","1830324246424","1830324413759","17.1541","16.7335","0.42060000000000003","15.517300000000002","2.373","False","18.1945","17.0335","18.187900000000003","8.4133","25.146800000000002","8","1","1","False","0"
"11480","2017220847104","1830324417965","1830324601732","18.7429","18.3767","0.3662","18.4531","1.9617","False","18.177400000000002","18.7973","18.1945","7.8105","26.1872","8","1","1","False","0"
"11480","2017220847104","1830324605394","1830324765394","16.2457","16","0.2457","17.9632","3.6272","False","12.1327","16.3662","18.177400000000002","9.6217","25.6217","8","1","1","False","0"
"11480","2017220847104","1830324767851","1830324948753","18.4594","18.0902","0.36920000000000003","16.8045","2.0373","False","24.2371","18.335900000000002","12.1327","3.4185000000000003","21.5087","8","1","1","False","0"
"11480","2017220847104","1830324952445","1830325129650","18.046300000000002","17.7205","0.32580000000000003","19.4539","3.4343000000000004","False","12.0876","18.0897","24.2371","9.565900000000001","27.2864","8","1","1","False","0"
"11480","2017220847104","1830325132908","1830325299504","16.917","16.6596","0.2574","15.536700000000002","1.991","False","24.2524","16.985400000000002","12.0876","4.6681","21.3277","8","1","1","False","0"
"11480","2017220847104","1830325302078","1830325497621","19.7935","19.5543","0.23920000000000002","20.948","3.1438","False","18.1929","19.811700000000002","24.2524","9.1088","28.6631","8","1","1","False","0"
"11480","2017220847104","1830325500013","1830325696579","20.1187","19.6566","0.4621","19.43","2.6455","False","12.0974","19.8958","18.1929","7.4059","27.0625","8","1","1","False","0"
"11480","2017220847104","1830325701200","1830325856056","15.924400000000002","15.485600000000002","0.4388","15.6541","2.3312","False","24.275000000000002","15.947700000000001","12.0974","3.5556","19.0412","8","1","1","False","0"
"11480","2017220847104","1830325860444","1830326040578","18.5042","18.0134","0.4908","19.5347","3.4394","False","12.1273","18.4522","24.275000000000002","9.378400000000001","27.3918","8","1","1","False","0"
"11480","2017220847104","1830326045486","1830326219376","17.6378","17.389","0.24880000000000002","16.476","2.3806000000000003","False","24.228","17.8798","12.1273","3.6259","21.0149","8","1","1","False","0"
"11480","2017220847104","1830326221864","1830326403639","18.641900000000003","18.177500000000002","0.46440000000000003","19.854400000000002","3.4586","False","18.1694","18.4263","24.228","9.4276","27.6051","8","1","1","False","0"
"11480","2017220847104","1830326408283","1830326599239","19.4505","19.0956","0.3549","18.1049","1.9822000000000002","False","18.1875","19.560000000000002","18.1694","8.037","27.1326","8","1","1","False","0"
"11480","2017220847104","1830326602788","1830326792508","19.2866","18.972","0.3146","19.6983","2.3795","False","18.1961","19.326900000000002","18.1875","6.897600000000001","25.869600000000002","8","1","1","False","0"
"11480","2017220847104","1830326795654","1830326971656","17.9294","17.6002","0.3292","17.7652","2.2141","False","18.1853","17.9148","18.1961","7.1789000000000005","24.7791","8","1","1","False","0"
"11480","2017220847104","1830326974948","1830327144455","17.2661","16.9507","0.3154","17.029","1.9636","False","12.0861","17.2799","18.1853","8.0843","25.035","8","1","1","False","0"
"11480","2017220847104","1830327147609","1830327304903","16.1799","15.7294","0.4505","16.3737","2.3122000000000003","False","18.1767","16.044800000000002","12.0861","4.1256","19.855","8","1","1","False","0"
"11480","2017220847104","1830327309408","1830327491639","18.559300000000004","18.223100000000002","0.3362","19.5156","3.1548000000000003","False","24.302100000000003","18.6736","18.1767","3.6287000000000003","21.8518","8","1","1","False","0"
"11480","2017220847104","1830327495001","1830327675006","18.4414","18.000500000000002","0.4409","18.6679","3.487","False","12.066600000000001","18.3367","24.302100000000003","9.594100000000001","27.5946","8","1","1","False","0"
"11480","2017220847104","1830327679415","1830327854666","18.052000000000003","17.525100000000002","0.5269","16.7742","2.3053","False","18.2148","17.966","12.066600000000001","3.6947","21.2198","8","1","1","False","0"
"11480","2017220847104","1830327859935","1830328017870","16.0313","15.7935","0.2378","17.245900000000002","3.2426000000000004","False","24.2502","16.3204","18.2148","5.5891","21.3826","8","1","1","False","0"
"11480","2017220847104","1830328020248","1830328219785","20.212200000000003","19.9537","0.2585","20.442800000000002","3.4703000000000004","False","12.0988","20.1915","24.2502","9.6478","29.6015","8","1","1","False","0"
"11480","2017220847104","1830328222370","1830328382165","16.2451","15.979500000000002","0.2656","14.895700000000001","2.1135","False","18.166700000000002","16.238","12.0988","5.5086","21.4881","8","1","1","False","0"
"11480","2017220847104","1830328384821","1830328558209","17.587","17.3388","0.2482","19.608900000000002","4.1332","False","18.1909","17.604400000000002","18.166700000000002","6.0709","23.4097","8","1","1","False","0"
"11480","2017220847104","1830328560691","1830328724285","16.6223","16.3594","0.2629","14.564900000000002","2.0848","False","18.1858","16.6076","18.1909","7.6542","24.0136","8","1","1","False","0"
"11480","2017220847104","1830328726914","1830328908588","18.4254","18.1674","0.258","18.1848","2.2708","False","18.1847","18.430300000000003","18.1858","7.4097","25.5771","8","1","1","False","0"
"11480","2017220847104","1830328911168","1830329091734","18.3538","18.0566","0.2972","19.078400000000002","2.5732","False","18.1798","18.314600000000002","18.1847","7.279800000000001","25.3364","8","1","1","False","0"
"11480","2017220847104","1830329094706","1830329272957","18.088700000000003","17.825100000000003","0.2636","18.0772","2.5518","False","18.209300000000002","18.1223","18.1798","7.3373","25.1624","8","1","1","False","0"
"11480","2017220847104","1830329275593","1830329444690","17.1025","16.9097","0.1928","16.8367","2.2559","False","12.1577","17.1733","18.209300000000002","8.3733","25.283","8","1","1","False","0"
"11480","2017220847104","1830329446618","1830329611688","16.727","16.507","0.22","16.742800000000003","2.2793","False","24.1983","16.6998","12.1577","3.8312000000000004","20.3382","8","1","1","False","0"
"11480","2017220847104","1830329613888","1830329799706","18.846500000000002","18.5818","0.2647","19.686600000000002","3.1558","False","12.1813","18.8018","24.1983","9.2277","27.8095","8","1","1","False","0"
"11480","2017220847104","1830329802353","1830329978941","17.8476","17.6588","0.1888","17.0262","2.2896","False","24.148400000000002","17.9235","12.1813","3.4855","21.1443","8","1","1","False","0"
"11480","2017220847104","1830329980829","1830330170943","19.203500000000002","19.011400000000002","0.19210000000000002","20.0047","3.0883000000000003","False","18.1654","19.200200000000002","24.148400000000002","8.4337","27.4451","8","1","1","False","0"
"11480","2017220847104","1830330172864","1830330380589","21.111700000000003","20.7725","0.3392","20.038900000000005","2.1043000000000003","False","18.189500000000002","20.9646","18.1654","5.6345","26.407","8","1","1","False","0"
"11480","2017220847104","1830330383981","1830330584483","20.2472","20.0502","0.197","21.329100000000004","3.1013","False","24.2683","20.389400000000002","18.189500000000002","3.4346","23.4848","8","1","1","False","0"
"11480","2017220847104","1830330586453","1830330772688","18.9185","18.6235","0.29500000000000004","19.6188","3.8463000000000003","False","18.1477","18.820500000000003","24.2683","8.8824","27.5059","8","1","1","False","0"
"11480","2017220847104","1830330775638","1830330956756","18.383900000000004","18.111800000000002","0.2721","19.292","4.7459","False","18.253700000000002","18.4068","18.1477","8.6233","26.735100000000003","8","1","1","False","0"
"11480","2017220847104","1830330959477","1830331174993","21.8265","21.5516","0.27490000000000003","20.311300000000003","3.2203","False","24.2222","21.823700000000002","18.253700000000002","5.0533","26.6049","8","1","1","False","0"
"11480","2017220847104","1830331177742","1830331366871","19.1158","18.9129","0.2029","20.175700000000003","4.2583","False","18.1649","19.1878","24.2222","10.0877","29.000600000000002","8","1","1","False","0"
"11480","2017220847104","1830331368900","1830331568267","20.192800000000002","19.936700000000002","0.2561","20.142500000000002","4.2376000000000005","False","12.092400000000001","20.1396","18.1649","8.113","28.0497","8","1","1","False","0"
"11480","2017220847104","1830331570828","1830331740692","17.1344","16.9864","0.14800000000000002","14.595099999999999","1.9485000000000001","False","24.2638","17.2425","12.092400000000001","2.9629000000000003","19.9493","8","1","1","False","0"
"11480","2017220847104","1830331742172","1830331950551","21.1412","20.8379","0.3033","22.9475","3.5213","False","18.1722","20.9859","24.2638","6.2408","27.0787","8","1","1","False","0"
"11480","2017220847104","1830331953584","1830332134647","18.3472","18.1063","0.2409","17.267400000000002","2.4162","False","18.1924","18.4096","18.1722","6.0034","24.1097","8","1","1","False","0"
"11480","2017220847104","1830332137056","1830332315770","18.121000000000002","17.8714","0.24960000000000002","18.0057","2.3116000000000003","False","18.182000000000002","18.1123","18.1924","6.0835","23.954900000000002","8","1","1","False","0"
"11480","2017220847104","1830332318266","1830332509714","19.328500000000002","19.1448","0.1837","19.0574","2.0003","False","12.0982","19.3944","18.182000000000002","4.8711","24.015900000000002","8","1","1","False","0"
"11480","2017220847104","1830332511551","1830332647688","13.827300000000001","13.613700000000001","0.2136","13.850200000000001","2.0307","False","24.291600000000003","13.797400000000001","12.0982","3.1719","16.785600000000002","8","1","1","False","0"
"11480","2017220847104","1830332649824","1830332825080","17.776500000000002","17.5256","0.2509","19.3002","3.5838","False","12.0731","17.7392","24.291600000000003","9.724300000000001","27.2499","8","1","1","False","0"
"11480","2017220847104","1830332827589","1830332989881","16.493900000000004","16.229200000000002","0.2647","14.9069","2.0033000000000003","False","24.2572","16.4801","12.0731","5.3173","21.5465","8","1","1","False","0"
"11480","2017220847104","1830332992528","1830333235979","24.6095","24.345100000000002","0.2644","25.742600000000003","3.1242","False","18.2074","24.6098","24.2572","4.964700000000001","29.309800000000003","8","1","1","False","0"
"11480","2017220847104","1830333238623","1830333401564","16.566200000000002","16.2941","0.2721","15.735600000000002","2.3152","False","12.0783","16.558500000000002","18.2074","6.6136","22.907700000000002","8","1","1","False","0"
"11480","2017220847104","1830333404285","1830333546446","14.4784","14.2161","0.26230000000000003","14.1814","2.0146","False","24.2801","14.4882","12.0783","4.2037","18.419800000000002","8","1","1","False","0"
"11480","2017220847104","1830333549069","1830333760055","21.3535","21.0986","0.2549","24.2143","4.8575","False","12.1074","21.3609","24.2801","7.1229000000000005","28.221500000000002","8","1","1","False","0"
"11480","2017220847104","1830333762604","1830333906955","14.6456","14.4351","0.21050000000000002","11.9032","2.0838","False","12.0959","14.690000000000001","12.1074","4.5403","18.9754","8","1","1","False","0"
"11480","2017220847104","1830333909060","1830334054872","14.7774","14.5812","0.1962","14.296100000000001","2.0045","False","18.1916","14.7917","12.0959","1.8445","16.4257","8","1","1","False","0"
"11480","2017220847104","1830334056834","1830334211058","15.6201","15.422400000000001","0.19770000000000001","17.2616","3.2489000000000003","False","18.2039","15.6186","18.1916","4.4175","19.8399","8","1","1","False","0"
"11480","2017220847104","1830334213035","1830334351619","14.140900000000002","13.858400000000001","0.28250000000000003","15.7132","4.8722","False","12.1165","14.0561","18.2039","8.5653","22.4237","8","1","1","False","0"
"11480","2017220847104","1830334354444","1830334506435","15.4875","15.199100000000001","0.2884","12.593399999999999","1.9683000000000002","False","12.101700000000001","15.4816","12.1165","5.200200000000001","20.3993","8","1","1","False","0"
"11480","2017220847104","1830334509319","1830334645963","13.8652","13.6644","0.2008","14.232600000000001","2.3040000000000003","False","18.231","13.9528","12.101700000000001","3.3491","17.0135","8","1","1","False","0"
"11480","2017220847104","1830334647971","1830334801874","15.6623","15.3903","0.272","15.574000000000002","2.2364","False","12.0846","15.5911","18.231","5.989","21.3793","8","1","1","False","0"
"11480","2017220847104","1830334804594","1830334949131","14.735400000000002","14.453700000000001","0.2817","14.531500000000001","2.0176000000000003","False","30.327900000000003","14.725700000000002","12.0846","3.3479","17.8016","8","1","1","False","0"
"11480","2017220847104","1830334951948","1830335189233","23.9438","23.7285","0.21530000000000002","25.475900000000003","3.5353000000000003","False","12.123700000000001","24.0102","30.327900000000003","9.665600000000001","33.3941","8","1","1","False","0"
"11480","2017220847104","1830335191386","1830335339752","15.1227","14.8366","0.2861","14.0446","2.5016000000000003","False","18.1843","15.0519","12.123700000000001","6.7374","21.574","8","1","1","False","0"
"11480","2017220847104","1830335342613","1830335520467","18.0952","17.7854","0.3098","17.9332","2.3473","False","12.098600000000001","18.0715","18.1843","6.8502","24.6356","8","1","1","False","0"
"11480","2017220847104","1830335523565","1830335658794","13.802","13.5229","0.2791","13.4533","1.9824000000000002","False","18.2074","13.8327","12.098600000000001","5.1161","18.639","8","1","1","False","0"
"11480","2017220847104","1830335661585","1830335807201","14.8566","14.5616","0.29500000000000004","15.210500000000001","2.3253","False","12.0839","14.8407","18.2074","8.482800000000001","23.0444","8","1","1","False","0"
"11480","2017220847104","1830335810151","1830335956132","14.8092","14.5981","0.2111","16.965600000000002","4.4518","False","12.1126","14.8931","12.0839","5.6736","20.271700000000003","8","1","1","False","0"
"11480","2017220847104","1830335958243","1830336110601","15.535900000000002","15.235800000000001","0.30010000000000003","13.0221","1.994","False","18.2053","15.446900000000001","12.1126","2.3393","17.575100000000003","8","1","1","False","0"
"11480","2017220847104","1830336113602","1830336267547","15.610600000000002","15.3945","0.21610000000000001","15.2346","2.0078","False","12.1127","15.694600000000001","18.2053","4.8500000000000005","20.244500000000002","8","1","1","False","0"
"11480","2017220847104","1830336269708","1830336411516","14.379600000000002","14.180800000000001","0.1988","15.0784","2.2545","False","18.1998","14.3969","12.1127","2.5658000000000003","16.7466","8","1","1","False","0"
"11480","2017220847104","1830336413504","1830336553968","14.251900000000001","14.0464","0.20550000000000002","16.378600000000002","4.401","False","12.0972","14.2452","18.1998","6.5204","20.5668","8","1","1","False","0"
"11480","2017220847104","1830336556023","1830336710972","15.676300000000001","15.494900000000001","0.1814","13.621","2.3333","False","18.2116","15.7004","12.0972","2.9172000000000002","18.412100000000002","8","1","1","False","0"
"11480","2017220847104","1830336712786","1830336854881","14.4652","14.2095","0.25570000000000004","14.46","2.3558","False","12.074900000000001","14.3909","18.2116","6.737900000000001","20.947400000000002","8","1","1","False","0"
"11480","2017220847104","1830336857438","1830337014548","15.9186","15.711","0.2076","15.9072","2.3143000000000002","False","18.220100000000002","15.966700000000001","12.074900000000001","2.8461000000000003","18.557100000000002","8","1","1","False","0"
"11480","2017220847104","1830337016624","1830337161843","14.8335","14.5219","0.3116","14.717099999999999","2.2717","False","12.098700000000001","14.729500000000002","18.220100000000002","6.3367","20.858600000000003","8","1","1","False","0"
"11480","2017220847104","1830337164959","1830337304512","14.268500000000001","13.955300000000001","0.31320000000000003","14.324800000000002","2.3054","False","18.216","14.266900000000001","12.098700000000001","4.1685","18.1238","8","1","1","False","0"
"11480","2017220847104","1830337307644","1830337448032","14.2917","14.0388","0.2529","14.045900000000001","2.0389","False","12.0843","14.352","18.216","8.0325","22.0713","8","1","1","False","0"
"11480","2017220847104","1830337450561","1830337610019","16.1719","15.9458","0.22610000000000002","16.1356","1.9788000000000001","False","12.1121","16.198700000000002","12.0843","3.9181000000000004","19.8639","8","1","1","False","0"
"11480","2017220847104","1830337612280","1830337741768","13.228","12.9488","0.2792","13.253400000000001","2.0459","False","18.1831","13.174900000000001","12.1121","2.8553","15.8041","8","1","1","False","0"
"11480","2017220847104","1830337744560","1830337914994","17.2421","17.043400000000002","0.19870000000000002","18.3599","3.1228000000000002","False","12.127600000000001","17.3226","18.1831","3.7158","20.7592","8","1","1","False","0"
"11480","2017220847104","1830337916981","1830338048835","13.433800000000002","13.185400000000001","0.2484","12.3478","2.0659","False","18.189","13.3841","12.127600000000001","2.4593000000000003","15.6447","8","1","1","False","0"
"11480","2017220847104","1830338051319","1830338201082","15.1755","14.9763","0.19920000000000002","15.181799999999999","2.0324","False","18.2112","15.2247","18.189","5.4236","20.399900000000002","8","1","1","False","0"
"11480","2017220847104","1830338203074","1830338353544","15.3129","15.047","0.2659","17.8022","4.566800000000001","False","12.1068","15.2462","18.2112","8.3886","23.4356","8","1","1","False","0"
"11480","2017220847104","1830338356203","1830338513464","15.9434","15.7261","0.21730000000000002","12.9548","1.9983000000000002","False","12.087100000000001","15.992","12.1068","4.5034","20.2295","8","1","1","False","0"
"11480","2017220847104","1830338515637","1830338656513","14.366200000000001","14.0876","0.2786","14.756400000000003","1.9676","False","18.2297","14.3049","12.087100000000001","2.2856","16.3732","8","1","1","False","0"
"11480","2017220847104","1830338659299","1830338809927","15.2703","15.062800000000001","0.20750000000000002","15.2591","1.9128","False","30.3016","15.3414","18.2297","5.173900000000001","20.236700000000003","8","1","1","False","0"
"11480","2017220847104","1830338812002","1830339077536","26.7483","26.5534","0.19490000000000002","27.9554","3.1274","False","12.120800000000001","26.760900000000003","30.3016","8.7146","35.268","8","1","1","False","0"
"11480","2017220847104","1830339079485","1830339222118","14.502600000000001","14.263300000000001","0.2393","13.6028","2.2516000000000003","False","12.0905","14.458200000000001","12.120800000000001","6.3772","20.6405","8","1","1","False","0"
"11480","2017220847104","1830339224511","1830339368839","14.617700000000001","14.4328","0.1849","15.142700000000001","2.7463","False","18.2178","14.6721","12.0905","3.7956000000000003","18.2284","8","1","1","False","0"
"11480","2017220847104","1830339370688","1830339516472","14.8389","14.5784","0.2605","14.258700000000001","2.1966","False","12.0867","14.763300000000001","18.2178","7.250100000000001","21.828500000000002","8","1","1","False","0"
"11480","2017220847104","1830339519077","1830339668318","15.121200000000002","14.924100000000001","0.1971","15.2405","2.299","False","12.117700000000001","15.184600000000001","12.0867","4.152200000000001","19.0763","8","1","1","False","0"
"11480","2017220847104","1830339670289","1830339802996","13.462100000000001","13.270700000000001","0.19140000000000001","13.133000000000003","1.9584000000000001","False","18.164","13.4678","12.117700000000001","2.8021000000000003","16.0728","8","1","1","False","0"
"11480","2017220847104","1830339804910","1830339960513","15.744200000000001","15.560300000000002","0.1839","17.776400000000002","3.9914","False","24.271","15.751700000000001","18.164","5.2144","20.7747","8","1","1","False","0"
"11480","2017220847104","1830339962352","1830340193038","23.2908","23.0686","0.2222","22.582700000000003","3.2828","False","12.116200000000001","23.2525","24.271","6.2329","29.3015","8","1","1","False","0"
"11480","2017220847104","1830340195260","1830340340968","14.8351","14.5708","0.26430000000000003","13.5206","2.0135","False","18.1951","14.793000000000001","12.116200000000001","3.5561000000000003","18.1269","8","1","1","False","0"
"11480","2017220847104","1830340343611","1830340492261","15.1206","14.865","0.2556","15.641000000000002","2.5239000000000003","False","12.111600000000001","15.1293","18.1951","6.6219","21.486900000000002","8","1","1","False","0"
"11480","2017220847104","1830340494817","1830340629558","13.6613","13.4741","0.1872","13.1349","1.9637","False","18.2075","13.729700000000001","12.111600000000001","5.0038","18.4779","8","1","1","False","0"
"11480","2017220847104","1830340631430","1830340790801","16.2053","15.937100000000001","0.2682","16.5359","2.3224","False","12.0946","16.1243","18.2075","7.087000000000001","23.0241","8","1","1","False","0"
"11480","2017220847104","1830340793483","1830340924127","13.2977","13.064400000000001","0.2333","12.982600000000001","2.4244000000000003","False","18.1869","13.332600000000001","12.0946","5.849","18.9134","8","1","1","False","0"
"11480","2017220847104","1830340926460","1830341098911","17.439","17.2451","0.19390000000000002","18.0481","2.5917000000000003","False","12.1197","17.4784","18.1869","6.5575","23.8026","8","1","1","False","0"
"11480","2017220847104","1830341100850","1830341243017","14.484300000000001","14.216700000000001","0.2676","14.1928","2.3278000000000003","False","18.1755","14.4106","12.1197","4.2666","18.4833","8","1","1","False","0"
"11480","2017220847104","1830341245693","1830341391602","14.868900000000002","14.590900000000001","0.278","14.900300000000001","2.362","False","24.250400000000003","14.858500000000001","18.1755","7.583600000000001","22.174500000000002","8","1","1","False","0"
"11480","2017220847104","1830341394382","1830341648743","25.6865","25.4361","0.2504","26.6341","3.3085","False","12.0999","25.714100000000002","24.250400000000003","6.1199","31.556","8","1","1","False","0"
"11480","2017220847104","1830341651247","1830341802955","15.4167","15.1708","0.2459","14.1409","2.0192","False","36.4013","15.4212","12.0999","2.7986","17.9694","8","1","1","False","0"
"11480","2017220847104","1830341805414","1830342108004","30.5371","30.259","0.2781","31.680000000000003","3.1584000000000003","False","12.111","30.504900000000003","36.4013","8.695","38.954","8","1","1","False","0"
"11480","2017220847104","1830342110785","1830342251398","14.254600000000002","14.061300000000001","0.1933","13.465700000000002","2.3472","False","12.1194","14.339400000000001","12.111","6.466600000000001","20.527900000000002","8","1","1","False","0"
"11480","2017220847104","1830342253331","1830342389905","13.8696","13.6574","0.2122","13.465900000000001","1.9749","False","18.1918","13.8507","12.1194","4.7353000000000005","18.3927","8","1","1","False","0"
"11480","2017220847104","1830342392027","1830342537787","14.8329","14.576","0.2569","14.8945","2.0489","False","12.1228","14.788200000000002","18.1918","8.1389","22.7149","8","1","1","False","0"
"11480","2017220847104","1830342540356","1830342668679","13.0274","12.8323","0.1951","13.5911","2.5757000000000003","False","12.083300000000001","13.0892","12.1228","7.1725","20.0048","8","1","1","False","0"
"11480","2017220847104","1830342670630","1830342804706","13.614600000000001","13.4076","0.20700000000000002","13.1963","2.1562","False","30.3409","13.6027","12.083300000000001","5.6531","19.0607","8","1","1","False","0"
"11480","2017220847104","1830342806776","1830343069012","26.4269","26.2236","0.2033","27.7022","3.4363","False","12.128","26.430600000000002","30.3409","9.5634","35.787","8","1","1","False","0"
"11480","2017220847104","1830343071045","1830343204663","13.5504","13.3618","0.18860000000000002","12.318200000000001","2.1985","False","12.109200000000001","13.565100000000001","12.128","8.1263","21.4881","8","1","1","False","0"
"11480","2017220847104","1830343206549","1830343336706","13.2217","13.0157","0.20600000000000002","13.2794","2.2569","False","12.094800000000001","13.2043","12.109200000000001","7.0312","20.0469","8","1","1","False","0"
"11480","2017220847104","1830343338766","1830343488478","15.2261","14.971200000000001","0.2549","15.255000000000003","2.3243","False","18.2083","15.177200000000001","12.094800000000001","3.9488000000000003","18.92","8","1","1","False","0"
"11480","2017220847104","1830343491027","1830343643452","15.444200000000002","15.242500000000001","0.20170000000000002","15.753400000000003","2.6062000000000003","False","12.109200000000001","15.4974","18.2083","6.6597","21.9022","8","1","1","False","0"
"11480","2017220847104","1830343645469","1830343774646","13.1128","12.9177","0.1951","12.5395","2.4224","False","12.092400000000001","13.1194","12.109200000000001","5.649500000000001","18.5672","8","1","1","False","0"
"11480","2017220847104","1830343776597","1830343929067","15.4967","15.247","0.2497","15.5098","2.0509","False","18.2057","15.4421","12.092400000000001","2.2998000000000003","17.5468","8","1","1","False","0"
"11480","2017220847104","1830343931564","1830344078973","15.0012","14.7409","0.26030000000000003","16.218","3.2760000000000002","False","12.135200000000001","14.9906","18.2057","5.5149","20.2558","8","1","1","False","0"
"11480","2017220847104","1830344081576","1830344215147","13.5424","13.3571","0.18530000000000002","12.574200000000001","2.282","False","18.1739","13.6174","12.135200000000001","4.0327","17.3898","8","1","1","False","0"
"11480","2017220847104","1830344217000","1830344361212","14.6155","14.4212","0.1943","17.11","4.7774","False","12.087","14.6065","18.1739","7.6001","22.0213","8","1","1","False","0"
"11480","2017220847104","1830344363155","1830344536625","17.5348","17.347","0.18780000000000002","14.7386","1.9858","False","18.2183","17.5413","12.087","2.1458","19.492800000000003","8","1","1","False","0"
"11480","2017220847104","1830344538503","1830344674316","13.875200000000001","13.5813","0.2939","15.507000000000001","3.6599000000000004","False","12.095600000000001","13.7691","18.2183","6.595000000000001","20.1763","8","1","1","False","0"
"11480","2017220847104","1830344677255","1830344831027","15.6766","15.3772","0.2994","14.376100000000001","2.3483","False","18.197200000000002","15.671100000000001","12.095600000000001","3.0195000000000003","18.3967","8","1","1","False","0"
"11480","2017220847104","1830344834021","1830344980840","14.8757","14.6819","0.1938","15.972700000000001","3.4091","False","12.1317","14.981300000000001","18.197200000000002","6.2354","20.9173","8","1","1","False","0"
"11480","2017220847104","1830344982778","1830345111695","13.1405","12.8917","0.24880000000000002","11.7032","2.0039000000000002","False","18.2076","13.085500000000001","12.1317","5.2816","18.1733","8","1","1","False","0"
"11480","2017220847104","1830345114183","1830345261168","14.9724","14.698500000000001","0.27390000000000003","15.3036","2.3448","False","12.094800000000001","14.9473","18.2076","8.5419","23.2404","8","1","1","False","0"
"11480","2017220847104","1830345263907","1830345409618","14.854000000000001","14.571100000000001","0.28290000000000004","14.604000000000001","2.0856","False","18.1826","14.845","12.094800000000001","5.7917000000000005","20.3628","8","1","1","False","0"
"11480","2017220847104","1830345412447","1830345559563","14.9715","14.7116","0.2599","17.372700000000002","4.480700000000001","False","12.1195","14.9945","18.1826","8.979800000000001","23.6914","8","1","1","False","0"
"11480","2017220847104","1830345562162","1830345709425","14.9252","14.7263","0.19890000000000002","12.6958","2.2271","False","12.0908","14.9862","12.1195","6.1131","20.8394","8","1","1","False","0"
"11480","2017220847104","1830345711414","1830345857366","14.8892","14.5952","0.29400000000000004","14.6196","2.0062","False","18.1863","14.7941","12.0908","3.4098","18.005000000000003","8","1","1","False","0"
"11480","2017220847104","1830345860306","1830346008295","15.156600000000001","14.798900000000001","0.3577","16.0579","3.4262","False","24.2851","15.0929","18.1863","6.5032000000000005","21.3021","8","1","1","False","0"
"11480","2017220847104","1830346011872","1830346221146","21.125400000000003","20.927400000000002","0.198","21.697400000000002","3.436","False","12.1088","21.2851","24.2851","9.5032","30.430600000000002","8","1","1","False","0"
"11480","2017220847104","1830346223126","1830346373090","15.294800000000002","14.996400000000001","0.2984","14.4037","2.6009","False","12.0927","15.1944","12.1088","6.4176","21.414","8","1","1","False","0"
"11480","2017220847104","1830346376074","1830346529057","15.588500000000002","15.298300000000001","0.2902","15.1315","2.122","False","18.215700000000002","15.5967","12.0927","2.9136","18.2119","8","1","1","False","0"
"11480","2017220847104","1830346531959","1830346669759","13.977500000000001","13.780000000000001","0.1975","15.648499999999999","3.7548000000000004","False","12.114700000000001","14.0702","18.215700000000002","7.0591","20.839100000000002","8","1","1","False","0"
"11480","2017220847104","1830346671734","1830346804254","13.4413","13.252","0.1893","11.793100000000003","2.1063","False","12.1104","13.4495","12.114700000000001","5.7243","18.976300000000002","8","1","1","False","0"
"11480","2017220847104","1830346806147","1830346936170","13.2529","13.0023","0.2506","13.162","2.0578000000000003","False","18.2066","13.191600000000001","12.1104","4.6431000000000004","17.645400000000002","8","1","1","False","0"
"11480","2017220847104","1830346938676","1830347085183","14.855500000000001","14.6507","0.2048","15.1155","2.2720000000000002","False","12.118300000000001","14.9013","18.2066","7.9484","22.5991","8","1","1","False","0"
"11480","2017220847104","1830347087231","1830347215829","13.0755","12.8598","0.2157","13.1143","2.321","False","12.0936","13.0646","12.118300000000001","7.0021","19.861900000000002","8","1","1","False","0"
"11480","2017220847104","1830347217986","1830347352024","13.6533","13.4038","0.2495","15.6711","4.3721000000000005","False","12.135","13.6195","12.0936","5.4762","18.880000000000003","8","1","1","False","0"
"11480","2017220847104","1830347354519","1830347483776","13.1651","12.9257","0.2394","10.9404","2.1338","False","12.0954","13.1752","12.135","4.436","17.361700000000003","8","1","1","False","0"
"11480","2017220847104","1830347486170","1830347625895","14.1608","13.9725","0.1883","14.0683","2.013","False","18.2058","14.2119","12.0954","2.3195","16.292","8","1","1","False","0"
"11480","2017220847104","1830347627778","1830347756221","13.103","12.8443","0.2587","14.814900000000002","3.7377000000000002","False","12.1317","13.0326","18.2058","7.4927","20.337","8","1","1","False","0"
"11480","2017220847104","1830347758808","1830347898463","14.1502","13.9655","0.1847","12.5024","2.076","False","12.1219","14.224200000000002","12.1317","5.4002","19.3657","8","1","1","False","0"
"11480","2017220847104","1830347900310","1830348027155","12.8769","12.6845","0.19240000000000002","12.427100000000001","2.0279000000000003","False","12.1075","12.869200000000001","12.1219","4.6529","17.337400000000002","8","1","1","False","0"
"11480","2017220847104","1830348029079","1830348164057","13.7033","13.4978","0.20550000000000002","14.0902","2.0293","False","18.2088","13.6902","12.1075","3.0702000000000003","16.568","8","1","1","False","0"
"11480","2017220847104","1830348166112","1830348300787","13.7405","13.467500000000001","0.273","14.091800000000001","2.4289","False","12.0912","13.673","18.2088","7.606000000000001","21.073500000000003","8","1","1","False","0"
"11480","2017220847104","1830348303517","1830348454048","15.296000000000001","15.0531","0.2429","15.121","2.1897","False","12.148200000000001","15.3261","12.0912","4.3711","19.424200000000003","8","1","1","False","0"
"11480","2017220847104","1830348456477","1830348585329","13.073300000000001","12.885200000000001","0.18810000000000002","13.1681","2.2874000000000003","False","18.1716","13.1281","12.148200000000001","3.3912","16.276400000000002","8","1","1","False","0"
"11480","2017220847104","1830348587210","1830348741249","15.6019","15.4039","0.198","16.745","3.4325","False","12.132900000000001","15.592","18.1716","5.9708000000000006","21.3747","8","1","1","False","0"
"11480","2017220847104","1830348743229","1830348871629","13.026299999999999","12.84","0.18630000000000002","11.552100000000001","1.9544000000000001","False","12.087","13.038","12.132900000000001","5.0657000000000005","17.9057","8","1","1","False","0"
"11480","2017220847104","1830348873492","1830349014214","14.357000000000001","14.0722","0.2848","14.694","2.3297000000000003","False","18.1717","14.258500000000002","12.087","2.8942","16.9664","8","1","1","False","0"
"11480","2017220847104","1830349017062","1830349163622","14.894200000000001","14.656","0.23820000000000002","14.8489","2.2749","False","24.271","14.940800000000001","18.1717","6.125100000000001","20.781100000000002","8","1","1","False","0"
"11480","2017220847104","1830349166004","1830349383896","22.056900000000002","21.7892","0.2677","23.2215","3.4413","False","12.1426","22.0274","24.271","8.3687","30.1579","8","1","1","False","0"
"11480","2017220847104","1830349386573","1830349525568","14.1727","13.899500000000002","0.2732","12.9799","2.267","False","12.0867","14.167200000000001","12.1426","6.3441","20.2436","8","1","1","False","0"
"11480","2017220847104","1830349528300","1830349667334","14.1094","13.903400000000001","0.20600000000000002","14.2406","2.3452","False","12.1227","14.1766","12.0867","4.2542","18.157600000000002","8","1","1","False","0"
"11480","2017220847104","1830349669394","1830349794755","12.814800000000002","12.536100000000001","0.2787","12.306700000000001","1.8871","False","18.175800000000002","12.7421","12.1227","3.6348000000000003","16.1709","8","1","1","False","0"
"11480","2017220847104","1830349797542","1830349946951","15.1248","14.940900000000001","0.1839","17.93","4.6407","False","12.140600000000001","15.219600000000002","18.175800000000002","6.591","21.5319","8","1","1","False","0"
"11480","2017220847104","1830349948790","1830350082929","13.6557","13.4139","0.24180000000000001","10.9923","1.9964000000000002","False","12.100900000000001","13.597800000000001","12.140600000000001","5.1338","18.547700000000003","8","1","1","False","0"
"11480","2017220847104","1830350085347","1830350225089","14.136500000000002","13.974200000000002","0.1623","13.8689","2.0109","False","18.2025","14.216000000000001","12.100900000000001","3.0187","16.992900000000002","8","1","1","False","0"
"11480","2017220847104","1830350226712","1830350361168","13.700800000000001","13.4456","0.25520000000000004","15.456000000000001","3.5058000000000002","False","12.1087","13.6079","18.2025","7.613300000000001","21.0589","8","1","1","False","0"
"11480","2017220847104","1830350363720","1830350515689","15.491800000000001","15.196900000000001","0.2949","14.044699999999999","2.0629","False","12.134","15.452100000000002","12.1087","4.2699","19.4668","8","1","1","False","0"
"11480","2017220847104","1830350518638","1830350632077","11.547300000000002","11.343900000000001","0.2034","11.533100000000001","2.0185","False","12.0867","11.6388","12.134","4.7651","16.109","8","1","1","False","0"
"11480","2017220847104","1830350634111","1830350771063","13.9403","13.6952","0.2451","14.2268","2.329","False","18.2208","13.8986","12.0867","2.9532000000000003","16.648400000000002","8","1","1","False","0"
"11480","2017220847104","1830350773514","1830350922033","15.138","14.8519","0.2861","15.062100000000001","2.2556000000000003","False","12.081800000000001","15.097000000000001","18.2208","6.077","20.928900000000002","8","1","1","False","0"
"11480","2017220847104","1830350924894","1830351052764","12.999500000000001","12.787","0.21250000000000002","12.720500000000001","1.9526000000000001","False","24.2775","13.0731","12.081800000000001","5.0857","17.872700000000002","8","1","1","False","0"
"11480","2017220847104","1830351054889","1830351263108","21.0204","20.8219","0.1985","22.5209","3.4451","False","12.120600000000001","21.0344","24.2775","8.328800000000001","29.1507","8","1","1","False","0"
"11480","2017220847104","1830351265093","1830351392887","12.9625","12.7794","0.1831","12.018500000000001","2.4878","False","12.126800000000001","12.9779","12.120600000000001","7.471500000000001","20.2509","8","1","1","False","0"
"11480","2017220847104","1830351394718","1830351525909","13.39","13.119100000000001","0.27090000000000003","13.1213","2.2536","False","12.0771","13.302200000000001","12.126800000000001","6.2961","19.415200000000002","8","1","1","False","0"
"11480","2017220847104","1830351528618","1830351669694","14.293700000000001","14.107600000000001","0.18610000000000002","14.3321","2.2659000000000002","False","24.247","14.3785","12.0771","3.9947000000000004","18.1023","8","1","1","False","0"
"11480","2017220847104","1830351671555","1830351915332","24.6375","24.3777","0.25980000000000003","25.385","3.0582000000000003","False","18.2097","24.5638","24.247","3.6779","28.055600000000002","8","1","1","False","0"
"11480","2017220847104","1830351917930","1830352053472","13.7886","13.5542","0.23440000000000003","12.7302","1.9819","False","12.1163","13.814","18.2097","8.0736","21.6278","8","1","1","False","0"
"11480","2017220847104","1830352055816","1830352189722","13.598","13.390600000000001","0.2074","13.9982","2.3539000000000003","False","12.1288","13.625","12.1163","6.564900000000001","19.9555","8","1","1","False","0"
"11480","2017220847104","1830352191796","1830352325257","13.533","13.3461","0.1869","13.262","2.0868","False","12.105","13.553500000000001","12.1288","5.1402","18.4863","8","1","1","False","0"
"11480","2017220847104","1830352327126","1830352464045","13.837200000000001","13.6919","0.1453","13.7743","2.299","False","18.220200000000002","13.8788","12.105","3.3664","17.0583","8","1","1","False","0"
"11480","2017220847104","1830352465498","1830352607240","14.4588","14.1742","0.2846","15.064","2.6992000000000003","False","12.101","14.319500000000001","18.220200000000002","7.2671","21.441300000000002","8","1","1","False","0"
"11480","2017220847104","1830352610086","1830352738738","13.1569","12.8652","0.2917","12.870000000000001","2.3728000000000002","False","12.093300000000001","13.1498","12.101","6.2183","19.0835","8","1","1","False","0"
"11480","2017220847104","1830352741655","1830352887759","14.8758","14.6104","0.2654","14.8078","2.3137000000000003","False","12.1049","14.9021","12.093300000000001","3.4095","18.0199","8","1","1","False","0"
"11480","2017220847104","1830352890413","1830353006301","11.870800000000001","11.5888","0.28200000000000003","11.7589","2.2227","False","18.1938","11.8542","12.1049","3.6602","15.249","8","1","1","False","0"
"11480","2017220847104","1830353009121","1830353186058","17.8919","17.6937","0.19820000000000002","19.1261","3.3987000000000003","False","18.222","17.9757","18.1938","3.8783000000000003","21.572000000000003","8","1","1","False","0"
"11480","2017220847104","1830353188040","1830353325494","13.9325","13.7454","0.18710000000000002","12.563200000000002","2.0254000000000003","False","12.1369","13.9436","18.222","8.1567","21.9021","8","1","1","False","0"
"11480","2017220847104","1830353327365","1830353465197","14.0523","13.7832","0.2691","14.2569","2.2582","False","12.083400000000001","13.9703","12.1369","6.323300000000001","20.1065","8","1","1","False","0"
"11480","2017220847104","1830353467888","1830353608422","14.2445","14.0534","0.19110000000000002","14.299900000000001","2.2907","False","18.1923","14.322500000000002","12.083400000000001","4.0842","18.137600000000003","8","1","1","False","0"
"11480","2017220847104","1830353610333","1830353743519","13.5098","13.3186","0.1912","16.3296","5.1059","False","12.1187","13.5097","18.1923","8.7668","22.0854","8","1","1","False","0"
"11480","2017220847104","1830353745431","1830353881693","13.808200000000001","13.6262","0.182","11.4052","2.6953","False","12.1308","13.817400000000001","12.1187","7.0681","20.694300000000002","8","1","1","False","0"
"11480","2017220847104","1830353883513","1830354010959","12.9466","12.7446","0.202","12.4916","2.2448","False","12.099300000000001","12.9266","12.1308","6.2723","19.0169","8","1","1","False","0"
"11480","2017220847104","1830354012979","1830354155050","14.4135","14.2071","0.2064","14.3345","2.1792000000000002","False","18.2105","14.4091","12.099300000000001","3.9625000000000004","18.169600000000003","8","1","1","False","0"
"11480","2017220847104","1830354157114","1830354299202","14.4868","14.2088","0.278","14.666","2.3872","False","12.1094","14.4152","18.2105","7.7578000000000005","21.9666","8","1","1","False","0"
"11480","2017220847104","1830354301982","1830354433666","13.3127","13.1684","0.1443","13.305900000000001","2.6177","False","12.1182","13.4464","12.1094","6.420800000000001","19.5892","8","1","1","False","0"
"11480","2017220847104","1830354435109","1830354570333","13.801800000000002","13.522400000000001","0.27940000000000004","13.645600000000002","2.2191","False","12.104000000000001","13.6667","12.1182","4.8723","18.3947","8","1","1","False","0"
"11480","2017220847104","1830354573127","1830354710835","13.978100000000001","13.770800000000001","0.2073","13.8313","2.0237000000000003","False","18.2132","14.0502","12.104000000000001","2.9261","16.6969","8","1","1","False","0"
"11480","2017220847104","1830354712908","1830354851395","14.1087","13.848700000000001","0.26","14.2346","2.2128","False","18.1523","14.056000000000001","18.2132","7.0833","20.932000000000002","8","1","1","False","0"
"11480","2017220847104","1830354853995","1830355063526","21.1398","20.953100000000003","0.1867","22.4378","3.4587000000000003","False","12.109900000000001","21.2131","18.1523","4.0225","24.9756","8","1","1","False","0"
"11480","2017220847104","1830355065393","1830355196112","13.318700000000002","13.071900000000001","0.24680000000000002","11.813","1.9862000000000002","False","18.2212","13.258600000000001","12.109900000000001","2.8738","15.9457","8","1","1","False","0"
"11480","2017220847104","1830355198580","1830355333727","13.751800000000001","13.514700000000001","0.2371","13.999500000000001","2.2168","False","12.1156","13.7615","18.2212","7.3335","20.848200000000002","8","1","1","False","0"
"11480","2017220847104","1830355336098","1830355469205","13.5","13.3107","0.1893","13.4237","2.1264000000000003","False","12.097800000000001","13.5478","12.1156","5.9013","19.212","8","1","1","False","0"
"11480","2017220847104","1830355471098","1830355610198","14.0967","13.91","0.1867","14.2682","2.2972","False","18.2167","14.099300000000001","12.097800000000001","3.8998000000000004","17.8098","8","1","1","False","0"
"11480","2017220847104","1830355612065","1830355749009","13.9715","13.6944","0.2771","13.7888","2.1486","False","12.1004","13.8811","18.2167","8.2354","21.9298","8","1","1","False","0"
"11480","2017220847104","1830355751780","1830355893825","14.410200000000001","14.204500000000001","0.20570000000000002","14.445","2.1486","False","12.1303","14.4816","12.1004","5.8542000000000005","20.0587","8","1","1","False","0"
"11480","2017220847104","1830355895882","1830356023288","12.9754","12.7406","0.2348","12.7684","1.9705000000000001","False","12.0943","12.9463","12.1303","5.038200000000001","17.7788","8","1","1","False","0"
"11480","2017220847104","1830356025636","1830356165683","14.202300000000001","14.004700000000001","0.1976","14.208200000000001","1.9485000000000001","False","18.2137","14.239500000000001","12.0943","2.8930000000000002","16.8977","8","1","1","False","0"
"11480","2017220847104","1830356167659","1830356300155","13.526700000000002","13.249600000000001","0.2771","13.0211","1.9634","False","12.119200000000001","13.4472","18.2137","7.6595","20.909100000000002","8","1","1","False","0"
"11480","2017220847104","1830356302926","1830356435682","13.538","13.2756","0.2624","14.304300000000001","2.2621","False","12.1132","13.552700000000002","12.119200000000001","6.226","19.5016","8","1","1","False","0"
"11480","2017220847104","1830356438306","1830356567122","13.1523","12.8816","0.2707","13.335700000000001","2.4323","False","12.101600000000001","13.144","12.1132","5.1952","18.076800000000002","8","1","1","False","0"
"11480","2017220847104","1830356569829","1830356706880","13.891","13.7051","0.1859","13.4852","1.9901000000000002","False","18.2084","13.975800000000001","12.101600000000001","3.321","17.0261","8","1","1","False","0"
"11480","2017220847104","1830356708739","1830356839314","13.346200000000001","13.057500000000001","0.2887","13.460500000000001","2.1477","False","12.1243","13.243400000000001","18.2084","8.286","21.343500000000002","8","1","1","False","0"
"11480","2017220847104","1830356842201","1830356978987","13.989700000000001","13.678600000000001","0.3111","14.074100000000001","2.2796000000000003","False","12.116900000000001","13.9673","12.1243","6.4430000000000005","20.1216","8","1","1","False","0"
"11480","2017220847104","1830356982098","1830357091748","11.1663","10.965","0.2013","11.533700000000001","2.5531","False","12.1167","11.276100000000001","12.116900000000001","7.2838","18.2488","8","1","1","False","0"
"11480","2017220847104","1830357093761","1830357236251","14.5206","14.249","0.2716","13.951600000000001","2.016","False","12.1105","14.4503","12.1167","4.950200000000001","19.1992","8","1","1","False","0"
"11480","2017220847104","1830357238967","1830357364942","12.7926","12.5975","0.1951","12.805700000000002","2.0042","False","12.116200000000001","12.869100000000001","12.1105","4.1916","16.7891","8","1","1","False","0"
"11480","2017220847104","1830357366893","1830357494063","13.013300000000001","12.717","0.2963","12.836400000000001","1.9073","False","18.198800000000002","12.9121","12.116200000000001","3.3957","16.1127","8","1","1","False","0"
"11480","2017220847104","1830357497026","1830357630194","13.5046","13.3168","0.18780000000000002","13.729000000000001","2.0447","False","12.1293","13.613100000000001","18.198800000000002","7.981400000000001","21.2982","8","1","1","False","0"
"11480","2017220847104","1830357632072","1830357754855","12.5534","12.2783","0.2751","14.408700000000001","3.9298","False","12.1065","12.4661","12.1293","7.6446000000000005","19.922900000000002","8","1","1","False","0"
"11480","2017220847104","1830357757606","1830357888349","13.268600000000001","13.074300000000001","0.1943","11.877","2.5055","False","12.1294","13.349400000000001","12.1065","6.4017","19.476000000000003","8","1","1","False","0"
"11480","2017220847104","1830357890292","1830358015427","12.703100000000001","12.5135","0.18960000000000002","12.3591","2.1701","False","12.119","12.7078","12.1294","5.823300000000001","18.3368","8","1","1","False","0"
"11480","2017220847104","1830358017323","1830358143855","12.8478","12.6532","0.19460000000000002","12.7466","2.4524","False","12.082","12.8428","12.119","5.0995","17.7527","8","1","1","False","0"
"11480","2017220847104","1830358145801","1830358290082","14.6134","14.4281","0.18530000000000002","14.9007","2.3476","False","12.1379","14.6227","12.082","2.5588","16.986900000000002","8","1","1","False","0"
"11480","2017220847104","1830358291935","1830358411626","12.2596","11.969100000000001","0.29050000000000004","12.0717","2.1954000000000002","False","18.1856","12.1544","12.1379","2.5423","14.5114","8","1","1","False","0"
"11480","2017220847104","1830358414531","1830358542918","13.121900000000002","12.838700000000001","0.2832","17.0638","6.169700000000001","False","12.1416","13.1292","18.1856","7.5987","20.4374","8","1","1","False","0"
"11480","2017220847104","1830358545750","1830358681488","13.757900000000001","13.5738","0.1841","9.7842","2.1312","False","12.1081","13.857000000000001","12.1416","5.8833","19.4571","8","1","1","False","0"
"11480","2017220847104","1830358683329","1830358805761","12.4805","12.2432","0.2373","12.496","2.1754000000000002","False","18.184900000000003","12.4273","12.1081","5.5641","17.8073","8","1","1","False","0"
"11480","2017220847104","1830358808134","1830358957161","15.191500000000001","14.902700000000001","0.2888","17.0746","4.0766","False","12.1392","15.14","18.184900000000003","8.609","23.5117","8","1","1","False","0"
"11480","2017220847104","1830358960049","1830359080524","12.285700000000002","12.047500000000001","0.23820000000000002","10.5098","2.2807","False","12.1228","12.336300000000001","12.1392","8.411900000000001","20.459400000000002","8","1","1","False","0"
"11480","2017220847104","1830359082906","1830359217890","13.7393","13.4984","0.2409","14.1401","2.6750000000000003","False","12.1012","13.736600000000001","12.1228","6.798100000000001","20.2965","8","1","1","False","0"
"11480","2017220847104","1830359220299","1830359352890","13.5459","13.2591","0.2868","13.8895","3.0586","False","12.1027","13.5","12.1012","5.3993","18.6584","8","1","1","False","0"
"11480","2017220847104","1830359355758","1830359468076","11.5056","11.2318","0.2738","10.6097","2.1474","False","18.1752","11.518600000000001","12.1027","5.9834000000000005","17.2152","8","1","1","False","0"
"11480","2017220847104","1830359470814","1830359645568","17.7153","17.4754","0.2399","19.3692","3.7718000000000003","False","18.1794","17.749200000000002","18.1752","6.409400000000001","23.884800000000002","8","1","1","False","0"
"11480","2017220847104","1830359647967","1830359807069","16.099500000000003","15.910200000000001","0.1893","15.7856","3.4413","False","18.2211","16.150100000000002","18.1794","8.4387","24.3489","8","1","1","False","0"
"11480","2017220847104","1830359808962","1830359984798","17.886400000000002","17.5836","0.3028","17.825400000000002","3.4423000000000004","False","12.0805","17.7729","18.2211","8.8869","26.4705","8","1","1","False","0"
"11480","2017220847104","1830359987826","1830360129542","14.315400000000002","14.171600000000002","0.1438","13.0424","2.3868","False","18.229100000000003","14.474400000000001","12.0805","6.493","20.6646","8","1","1","False","0"
"11480","2017220847104","1830360130980","1830360305225","17.7022","17.424500000000002","0.2777","18.9325","3.3721","False","18.1573","17.5683","18.229100000000003","7.1538","24.578300000000002","8","1","1","False","0"
"11480","2017220847104","1830360308002","1830360469334","16.326100000000004","16.133200000000002","0.19290000000000002","16.413800000000002","3.4275","False","12.174800000000001","16.4109","18.1573","8.9002","25.0334","8","1","1","False","0"
"11480","2017220847104","1830360471263","1830360637391","16.8784","16.6128","0.2656","15.765","2.3574","False","18.1126","16.8057","12.174800000000001","4.2693","20.8821","8","1","1","False","0"
"11480","2017220847104","1830360640047","1830360811166","17.300900000000002","17.111900000000002","0.189","18.171400000000002","3.1822000000000004","False","18.2341","17.3775","18.1126","5.0044","22.116300000000003","8","1","1","False","0"
"11480","2017220847104","1830360813056","1830360967074","15.641000000000002","15.401800000000001","0.23920000000000002","15.7566","3.3195","False","18.1358","15.590800000000002","18.2341","7.6477","23.049500000000002","8","1","1","False","0"
"11480","2017220847104","1830360969466","1830361132923","16.549400000000002","16.3457","0.20370000000000002","16.4895","3.24","False","12.1059","16.5849","18.1358","9.1986","25.5443","8","1","1","False","0"
"11480","2017220847104","1830361134960","1830361305127","17.2028","17.0167","0.18610000000000002","15.9974","2.0275000000000003","False","18.1907","17.2204","12.1059","4.0841","21.1008","8","1","1","False","0"
"11480","2017220847104","1830361306988","1830361484987","18.143","17.7999","0.3431","19.453200000000002","3.3902","False","18.1761","17.986","18.1907","4.2888","22.0887","8","1","1","False","0"
"11480","2017220847104","1830361488418","1830361643617","15.717700000000002","15.519900000000002","0.1978","16.223100000000002","3.8531","False","12.1241","15.863000000000001","18.1761","6.6019000000000005","22.1218","8","1","1","False","0"
"11480","2017220847104","1830361645595","1830361786405","14.272800000000002","14.081000000000001","0.1918","13.821900000000003","3.399","False","18.178","14.2788","12.1241","4.4472000000000005","18.528200000000002","8","1","1","False","0"
"11480","2017220847104","1830361788323","1830361949166","16.358200000000004","16.084300000000002","0.27390000000000003","18.0955","5.175400000000001","False","18.267300000000002","16.2761","18.178","6.3491","22.433400000000002","8","1","1","False","0"
"11480","2017220847104","1830361951905","1830362112484","16.3551","16.0579","0.2972","14.561900000000001","3.3850000000000002","False","18.0954","16.3318","18.267300000000002","8.284600000000001","24.3425","8","1","1","False","0"
"11480","2017220847104","1830362115456","1830362292936","17.9987","17.748","0.25070000000000003","17.6187","3.4303000000000003","False","12.1247","18.0452","18.0954","8.3348","26.082800000000002","8","1","1","False","0"
"11480","2017220847104","1830362295443","1830362454500","16.122400000000003","15.905700000000001","0.2167","16.636","3.4972000000000003","False","18.1823","16.1564","12.1247","4.303100000000001","20.2088","8","1","1","False","0"
"11480","2017220847104","1830362456667","1830362606836","15.227100000000002","15.016900000000001","0.2102","15.490300000000001","3.7458","False","18.1783","15.233600000000001","18.1823","7.2518","22.268700000000003","8","1","1","False","0"
"11480","2017220847104","1830362608938","1830362773793","16.7127","16.485500000000002","0.2272","16.0792","3.1161000000000003","False","18.1902","16.695700000000002","18.1783","8.7344","25.219900000000003","8","1","1","False","0"
"11480","2017220847104","1830362776065","1830362951358","17.749399999999998","17.5293","0.22010000000000002","19.6063","4.9762","False","12.1152","17.756500000000003","18.1902","9.1681","26.697400000000002","8","1","1","False","0"
"11480","2017220847104","1830362953559","1830363106353","15.550400000000002","15.2794","0.271","12.6965","2.1485000000000003","False","18.259","15.499500000000001","12.1152","5.7838","21.063200000000002","8","1","1","False","0"
"11480","2017220847104","1830363109063","1830363271896","16.5658","16.2833","0.28250000000000003","18.0164","3.6218000000000004","False","18.1081","16.5543","18.259","7.4885","23.771800000000002","8","1","1","False","0"
"11480","2017220847104","1830363274721","1830363445786","17.5551","17.1065","0.4486","17.2607","3.4525","False","18.175700000000003","17.389","18.1081","8.207600000000001","25.3141","8","1","1","False","0"
"11480","2017220847104","1830363450272","1830363613452","16.5939","16.318","0.27590000000000003","16.8122","3.5398","False","12.1235","16.7666","18.175700000000003","9.6167","25.934700000000003","8","1","1","False","0"
"11480","2017220847104","1830363616211","1830363781513","16.7227","16.5302","0.1925","16.344","3.1093","False","18.1807","16.8061","12.1235","4.9341","21.4643","8","1","1","False","0"
"11480","2017220847104","1830363783438","1830363951953","17.0534","16.8515","0.2019","18.8335","4.888","False","18.2214","17.044","18.1807","6.0708","22.9223","8","1","1","False","0"
"11480","2017220847104","1830363953972","1830364100911","14.929400000000001","14.693900000000001","0.23550000000000001","13.4297","3.3963","False","12.1434","14.895800000000001","18.2214","9.3964","24.090300000000003","8","1","1","False","0"
"11480","2017220847104","1830364103266","1830364270302","16.9079","16.7036","0.2043","16.6526","3.1405000000000003","False","18.121100000000002","16.9391","12.1434","4.6007","21.3043","8","1","1","False","0"
"11480","2017220847104","1830364272345","1830364441599","17.0815","16.9254","0.15610000000000002","16.8865","3.2282","False","18.1737","17.1297","18.121100000000002","5.5921","22.517500000000002","8","1","1","False","0"
"11480","2017220847104","1830364443160","1830364608238","16.7273","16.5078","0.2195","17.3651","3.5743","False","18.221500000000002","16.6639","18.1737","7.1019000000000005","23.6097","8","1","1","False","0"
"11480","2017220847104","1830364610433","1830364778757","17.1017","16.8324","0.26930000000000004","16.974600000000002","3.486","False","18.148500000000002","17.0519","18.221500000000002","8.2715","25.1039","8","1","1","False","0"
"11480","2017220847104","1830364781450","1830364940607","16.1719","15.915700000000001","0.25620000000000004","18.8836","6.2123","False","12.163400000000001","16.185000000000002","18.148500000000002","10.235000000000001","26.1507","8","1","1","False","0"
"11480","2017220847104","1830364943169","1830365109648","16.9077","16.6479","0.25980000000000003","13.986500000000001","3.2745","False","18.1399","16.9041","12.163400000000001","5.4943","22.142200000000003","8","1","1","False","0"
"11480","2017220847104","1830365112246","1830365267682","15.765400000000001","15.543600000000001","0.2218","15.9398","3.4168000000000003","False","18.2039","15.8034","18.1399","7.8308","23.3744","8","1","1","False","0"
"11480","2017220847104","1830365269900","1830365436045","16.8205","16.6145","0.20600000000000002","16.84","3.4382","False","18.1647","16.8363","18.2039","9.198400000000001","25.812900000000003","8","1","1","False","0"
"11480","2017220847104","1830365438105","1830365613197","17.8017","17.5092","0.29250000000000004","17.831400000000002","3.5116","False","12.1163","17.7152","18.1647","9.6479","27.1571","8","1","1","False","0"
"11480","2017220847104","1830365616122","1830365771881","15.7657","15.5759","0.1898","14.3352","2.0288","False","18.1751","15.868400000000001","12.1163","5.8958","21.471700000000002","8","1","1","False","0"
"11480","2017220847104","1830365773779","1830365936995","16.5531","16.3216","0.2315","20.5747","6.056","False","18.188200000000002","16.511400000000002","18.1751","7.559500000000001","23.8811","8","1","1","False","0"
"11480","2017220847104","1830365939310","1830366107112","16.9845","16.7802","0.2043","14.0099","3.0814000000000004","False","12.1277","17.0117","18.188200000000002","8.736","25.5162","8","1","1","False","0"
"11480","2017220847104","1830366109155","1830366271797","16.560800000000004","16.264200000000002","0.29660000000000003","16.6823","3.2560000000000002","False","18.179100000000002","16.468500000000002","12.1277","4.3952","20.6594","8","1","1","False","0"
"11480","2017220847104","1830366274763","1830366441270","16.8509","16.6507","0.20020000000000002","16.918100000000003","3.266","False","18.1795","16.947300000000002","18.179100000000002","5.627000000000001","22.2777","8","1","1","False","0"
"11480","2017220847104","1830366443272","1830366604860","16.464399999999998","16.1588","0.30560000000000004","16.2922","3.1292","False","18.1763","16.359","18.1795","7.447500000000001","23.6063","8","1","1","False","0"
"11480","2017220847104","1830366607916","1830366774077","16.7833","16.6161","0.16720000000000002","16.563000000000002","3.1777","False","18.2241","16.9217","18.1763","8.7021","25.3182","8","1","1","False","0"
"11480","2017220847104","1830366775749","1830366942817","16.9071","16.7068","0.2003","20.054100000000002","6.014","False","12.0869","16.874000000000002","18.2241","10.052200000000001","26.759","8","1","1","False","0"
"11480","2017220847104","1830366944820","1830367108119","16.5622","16.329900000000002","0.2323","13.907900000000001","3.3686000000000003","False","18.2347","16.5302","12.0869","5.6089","21.9388","8","1","1","False","0"
"11480","2017220847104","1830367110442","1830367271426","16.299100000000003","16.0984","0.20070000000000002","16.026400000000002","3.0986000000000002","False","18.131700000000002","16.3307","18.2347","7.5129","23.6113","8","1","1","False","0"
"11480","2017220847104","1830367273433","1830367441284","16.9931","16.7851","0.20800000000000002","17.213900000000002","3.3193","False","12.1088","16.9858","18.131700000000002","8.658800000000001","25.443900000000003","8","1","1","False","0"
"11480","2017220847104","1830367443364","1830367606538","16.6094","16.3174","0.29200000000000004","16.4022","3.1626000000000003","False","24.27","16.5254","12.1088","4.2422","20.5596","8","1","1","False","0"
"11480","2017220847104","1830367609458","1830367830080","22.2785","22.0622","0.21630000000000002","22.3445","3.1799","False","12.1592","22.354200000000002","24.27","6.158","28.220200000000002","8","1","1","False","0"
"11480","2017220847104","1830367832243","1830367963578","13.4044","13.133500000000002","0.27090000000000003","12.544400000000001","2.3453","False","18.1116","13.3498","12.1592","4.9674000000000005","18.1009","8","1","1","False","0"
"11480","2017220847104","1830367966287","1830368132470","16.8035","16.6183","0.1852","17.7273","3.2334","False","12.1287","16.889200000000002","18.1116","6.1898","22.8081","8","1","1","False","0"
"11480","2017220847104","1830368134322","1830368279200","14.6849","14.4878","0.1971","14.8853","3.4386","False","36.377700000000004","14.673","12.1287","3.6455","18.133300000000002","8","1","1","False","0"
"11480","2017220847104","1830368281171","1830368517419","23.9339","23.6248","0.30910000000000004","30.6367","10.2637","False","6.069500000000001","23.8219","36.377700000000004","16.2013","39.826100000000004","8","1","1","False","0"
"11480","2017220847104","1830368520510","1830368705408","18.640400000000003","18.489800000000002","0.1506","11.0443","2.527","False","12.103200000000001","18.7989","6.069500000000001","3.4719","21.9617","8","1","1","False","0"
"11480","2017220847104","1830368706914","1830368835909","13.0519","12.8995","0.1524","12.3711","1.8497000000000001","False","24.2819","13.0501","12.103200000000001","2.525","15.4245","8","1","1","False","0"
"11480","2017220847104","1830368837433","1830368999043","16.3136","16.161","0.1526","19.698800000000002","5.2431","False","12.0935","16.3134","24.2819","10.493500000000001","26.654500000000002","8","1","1","False","0"
"11480","2017220847104","1830369000569","1830369129150","13.0128","12.8581","0.1547","11.1362","3.3497000000000003","False","12.1155","13.0107","12.0935","9.5763","22.4344","8","1","1","False","0"
"11480","2017220847104","1830369130697","1830369311758","18.2327","18.1061","0.12660000000000002","17.5076","2.9454000000000002","False","24.270100000000003","18.2608","12.1155","3.431","21.537100000000002","8","1","1","False","0"
"11480","2017220847104","1830369313024","1830369493905","18.2585","18.0881","0.1704","19.0546","3.4377","False","12.089400000000001","18.2147","24.270100000000003","9.4864","27.5745","8","1","1","False","0"
"11480","2017220847104","1830369495609","1830369639705","14.5828","14.409600000000001","0.17320000000000002","16.884700000000002","5.7518","False","18.184900000000003","14.58","12.089400000000001","6.9958","21.4054","8","1","1","False","0"
"11480","2017220847104","1830369641437","1830369808782","16.9082","16.7345","0.17370000000000002","13.916400000000001","2.7426","False","18.2178","16.907700000000002","18.184900000000003","8.273","25.0075","8","1","1","False","0"
"11480","2017220847104","1830369810519","1830369956958","14.818100000000001","14.6439","0.17420000000000002","17.8172","5.7519","False","12.085600000000001","14.8176","18.2178","11.673200000000001","26.3171","8","1","1","False","0"
"11480","2017220847104","1830369958700","1830370102121","14.4967","14.3421","0.15460000000000002","11.9259","3.1714","False","12.119800000000001","14.516300000000001","12.085600000000001","9.2425","23.584600000000002","8","1","1","False","0"
"11480","2017220847104","1830370103667","1830370270327","16.987000000000002","16.666","0.321","17.317700000000002","3.6432","False","18.1876","16.820600000000002","12.119800000000001","4.5417000000000005","21.207700000000003","8","1","1","False","0"
"11480","2017220847104","1830370273537","1830370442261","17.062300000000004","16.872400000000003","0.1899","18.8455","5.2815","False","18.174200000000003","17.1934","18.1876","5.535900000000001","22.4083","8","1","1","False","0"
"11480","2017220847104","1830370444160","1830370625155","18.268600000000003","18.099500000000003","0.1691","18.093500000000002","5.113300000000001","False","18.169700000000002","18.2894","18.174200000000003","5.4207","23.520200000000003","8","1","1","False","0"
"11480","2017220847104","1830370626846","1830370775970","15.0707","14.9124","0.1583","13.1601","3.2019","False","18.1977","15.0815","18.169700000000002","8.5089","23.421300000000002","8","1","1","False","0"
"11480","2017220847104","1830370777553","1830370961055","18.505100000000002","18.3502","0.1549","18.272100000000002","2.9659","False","18.207","18.5085","18.1977","8.1981","26.5483","8","1","1","False","0"
"11480","2017220847104","1830370962604","1830371132763","17.1838","17.015900000000002","0.16790000000000002","17.361800000000002","3.1406","False","12.0967","17.1708","18.207","9.234300000000001","26.2502","8","1","1","False","0"
"11480","2017220847104","1830371134442","1830371309650","17.665200000000002","17.5208","0.1444","16.401","1.8741","False","18.1812","17.6887","12.0967","3.6423","21.1631","8","1","1","False","0"
"11480","2017220847104","1830371311094","1830371470006","16.086100000000002","15.891200000000001","0.19490000000000002","19.3274","5.1343000000000005","False","18.1755","16.035600000000002","18.1812","5.7879000000000005","21.679100000000002","8","1","1","False","0"
"11480","2017220847104","1830371471955","1830371621710","15.168000000000001","14.9755","0.1925","13.4435","3.4080000000000004","False","12.1166","15.1704","18.1755","8.793000000000001","23.7685","8","1","1","False","0"
"11480","2017220847104","1830371623635","1830371786258","16.7154","16.2623","0.4531","16.467100000000002","3.4433000000000002","False","24.2975","16.454800000000002","12.1166","4.4548000000000005","20.717100000000002","8","1","1","False","0"
"11480","2017220847104","1830371790789","1830371959737","17.0694","16.8948","0.1746","19.6051","5.6877","False","12.083300000000001","17.3479","24.2975","11.4044","28.299200000000003","8","1","1","False","0"
"11480","2017220847104","1830371961483","1830372121033","16.0931","15.955","0.1381","12.2226","2.0914","False","18.1768","16.1296","12.083300000000001","7.3581","23.313100000000002","8","1","1","False","0"
"11480","2017220847104","1830372122414","1830372296058","17.5432","17.3644","0.17880000000000001","20.864","5.1352","False","18.1878","17.5025","18.1768","8.0324","25.396800000000002","8","1","1","False","0"
"11480","2017220847104","1830372297846","1830372499439","20.327800000000003","20.1593","0.1685","20.573700000000002","5.3829","False","12.1134","20.3381","18.1878","5.8821","26.041400000000003","8","1","1","False","0"
"11480","2017220847104","1830372501124","1830372647025","14.749100000000002","14.590100000000001","0.159","11.287500000000001","1.9226","False","18.1807","14.758600000000001","12.1134","3.2369000000000003","17.827","8","1","1","False","0"
"11480","2017220847104","1830372648615","1830372823931","17.6753","17.5316","0.1437","18.849","3.0855","False","18.1798","17.6906","18.1807","3.7270000000000003","21.2586","8","1","1","False","0"
"11480","2017220847104","1830372825368","1830373001072","17.7879","17.5704","0.2175","17.5568","2.8664","False","18.2083","17.714100000000002","18.1798","4.1927","21.7631","8","1","1","False","0"
"11480","2017220847104","1830373003247","1830373139253","13.7533","13.6006","0.1527","14.0333","3.1387","False","12.0989","13.818100000000001","18.2083","8.5829","22.183500000000002","8","1","1","False","0"
"11480","2017220847104","1830373140780","1830373322329","18.304100000000002","18.1549","0.1492","17.1216","1.957","False","18.1826","18.3076","12.0989","2.3742","20.5291","8","1","1","False","0"
"11480","2017220847104","1830373323821","1830373455875","13.376600000000002","13.205400000000001","0.17120000000000002","16.6937","5.2824","False","18.2289","13.354600000000001","18.1826","7.2022","20.407600000000002","8","1","1","False","0"
"11480","2017220847104","1830373457587","1830373667789","21.2463","21.020200000000003","0.22610000000000002","18.8514","2.8743000000000003","False","18.1448","21.1914","18.2289","4.2397","25.259900000000002","8","1","1","False","0"
"11480","2017220847104","1830373670050","1830373827534","15.9101","15.7484","0.1617","18.192800000000002","5.163600000000001","False","12.1057","15.9745","18.1448","6.41","22.1584","8","1","1","False","0"
"11480","2017220847104","1830373829151","1830373976628","14.9353","14.7477","0.18760000000000002","12.913400000000001","3.1751","False","18.1738","14.909400000000002","12.1057","3.6063","18.354","8","1","1","False","0"
"11480","2017220847104","1830373978504","1830374126855","15.0076","14.8351","0.17250000000000001","17.192800000000002","5.3364","False","18.186600000000002","15.0227","18.1738","6.7574000000000005","21.5925","8","1","1","False","0"
"11480","2017220847104","1830374128580","1830374313841","18.7424","18.5261","0.21630000000000002","19.0466","5.6564000000000005","False","18.2102","18.698600000000003","18.186600000000002","6.2454","24.7715","8","1","1","False","0"
"11480","2017220847104","1830374316004","1830374484855","17.0512","16.8851","0.1661","16.2165","4.7994","False","12.1393","17.1014","18.2102","7.3542000000000005","24.2393","8","1","1","False","0"
"11480","2017220847104","1830374486516","1830374626170","14.120800000000001","13.9654","0.1554","12.255400000000002","2.9263000000000003","False","18.137900000000002","14.1315","12.1393","5.362","19.3274","8","1","1","False","0"
"11480","2017220847104","1830374627724","1830374772334","14.6013","14.461","0.1403","15.0972","3.7249000000000003","False","18.177","14.6164","18.137900000000002","8.8835","23.3445","8","1","1","False","0"
"11480","2017220847104","1830374773737","1830374947939","17.616200000000003","17.4202","0.196","19.299400000000002","5.117900000000001","False","12.1286","17.5605","18.177","9.5","26.9202","8","1","1","False","0"
"11480","2017220847104","1830374949899","1830375127678","18.025000000000002","17.777900000000002","0.24710000000000001","16.0574","3.1996","False","18.186700000000002","17.9739","12.1286","3.6547","21.4326","8","1","1","False","0"
"11480","2017220847104","1830375130149","1830375296180","16.818900000000003","16.6031","0.21580000000000002","16.8754","3.2457000000000003","False","18.178900000000002","16.8502","18.186700000000002","4.9912","21.5943","8","1","1","False","0"
"11480","2017220847104","1830375298338","1830375475617","17.9663","17.7279","0.2384","17.938200000000002","3.2285000000000004","False","18.182100000000002","17.9437","18.178900000000002","5.2264","22.9543","8","1","1","False","0"
"11480","2017220847104","1830375478001","1830375632047","15.8496","15.4046","0.445","15.8833","3.4486000000000003","False","12.112400000000001","15.643","18.182100000000002","7.7655","23.1701","8","1","1","False","0"
"11480","2017220847104","1830375636497","1830375788646","15.443","15.2149","0.2281","15.2851","3.1049","False","18.1965","15.6599","12.112400000000001","4.218","19.4329","8","1","1","False","0"
"11480","2017220847104","1830375790927","1830375943119","15.4509","15.2192","0.23170000000000002","17.679000000000002","5.331300000000001","False","18.2289","15.4473","18.1965","6.9672","22.186400000000003","8","1","1","False","0"
"11480","2017220847104","1830375945436","1830376117895","17.468700000000002","17.245900000000002","0.2228","15.4486","3.3078000000000003","False","18.1435","17.477600000000002","18.2289","7.718500000000001","24.9644","8","1","1","False","0"
"11480","2017220847104","1830376120123","1830376284815","16.8958","16.4692","0.42660000000000003","16.8454","3.4378","False","12.1081","16.692","18.1435","9.17","25.639200000000002","8","1","1","False","0"
"11480","2017220847104","1830376289081","1830376439592","15.2649","15.0511","0.21380000000000002","14.332","2.3191","False","18.1802","15.4777","12.1081","5.800400000000001","20.8515","8","1","1","False","0"
"11480","2017220847104","1830376441730","1830376613452","17.6114","17.1722","0.43920000000000003","18.767200000000003","3.6694","False","18.1655","17.386","18.1802","6.594600000000001","23.7668","8","1","1","False","0"
"11480","2017220847104","1830376617844","1830376791904","17.8944","17.406000000000002","0.4884","17.9726","3.8001","False","18.2036","17.845200000000002","18.1655","6.9149","24.3209","8","1","1","False","0"
"11480","2017220847104","1830376796788","1830376963201","16.8779","16.6413","0.2366","16.7615","3.4571","False","12.1852","17.1297","18.2036","7.9888","24.630100000000002","8","1","1","False","0"
"11480","2017220847104","1830376965567","1830377106074","14.272400000000001","14.0507","0.2217","13.030800000000001","2.2018","False","18.1081","14.2873","12.1852","5.8867","19.9374","8","1","1","False","0"
"11480","2017220847104","1830377108291","1830377287863","18.1777","17.9572","0.2205","19.354","3.3755","False","18.197200000000002","18.178900000000002","18.1081","5.8159","23.7731","8","1","1","False","0"
"11480","2017220847104","1830377290068","1830377440402","15.5075","15.0334","0.4741","15.395900000000001","3.4915000000000003","False","18.1596","15.253900000000002","18.197200000000002","8.7592","23.7926","8","1","1","False","0"
"11480","2017220847104","1830377445143","1830377661037","21.7697","21.5894","0.18030000000000002","21.5025","3.2910000000000004","False","12.1232","22.0635","18.1596","4.855300000000001","26.4447","8","1","1","False","0"
"11480","2017220847104","1830377662840","1830377797015","13.6026","13.4175","0.18510000000000001","13.7604","3.1146000000000003","False","18.2677","13.597800000000001","12.1232","3.3807","16.7982","8","1","1","False","0"
"11480","2017220847104","1830377798866","1830377951902","15.4823","15.303600000000001","0.1787","16.8105","4.439","False","18.0959","15.488700000000001","18.2677","6.1597","21.4633","8","1","1","False","0"
"11480","2017220847104","1830377953689","1830378109851","15.820900000000002","15.616200000000001","0.20470000000000002","14.491200000000001","3.1149","False","12.122","15.7949","18.0959","8.460700000000001","24.076900000000002","8","1","1","False","0"
"11480","2017220847104","1830378111898","1830378274294","16.4347","16.2396","0.1951","16.4111","3.0993","False","18.2423","16.444300000000002","12.122","4.1384","20.378","8","1","1","False","0"
"11480","2017220847104","1830378276245","1830378448395","17.397","17.215","0.182","17.5226","3.2167000000000003","False","18.1249","17.4101","18.2423","4.9706","22.1856","8","1","1","False","0"
"11480","2017220847104","1830378450215","1830378640011","19.166700000000002","18.9796","0.18710000000000002","19.2419","3.3013000000000003","False","18.201800000000002","19.1616","18.1249","3.9339000000000004","22.913500000000003","8","1","1","False","0"
"11480","2017220847104","1830378641882","1830378770199","13.031400000000001","12.831700000000001","0.19970000000000002","13.0751","3.3444000000000003","False","18.2397","13.0188","18.201800000000002","9.116900000000001","21.948600000000003","8","1","1","False","0"
"11480","2017220847104","1830378772196","1830378956828","18.6584","18.4632","0.1952","19.2059","3.8893","False","12.0448","18.6629","18.2397","8.6937","27.1569","8","1","1","False","0"
"11480","2017220847104","1830378958780","1830379130469","17.3493","17.1689","0.1804","16.5788","3.1099","False","18.216","17.3641","12.0448","3.3744","20.543300000000002","8","1","1","False","0"
"11480","2017220847104","1830379132273","1830379285005","15.476500000000001","15.273200000000001","0.2033","15.7222","3.3545000000000003","False","18.1463","15.453600000000002","18.216","6.1368","21.41","8","1","1","False","0"
"11480","2017220847104","1830379287038","1830379465859","18.067800000000002","17.8821","0.1857","17.9592","3.2499000000000002","False","18.2305","18.0854","18.1463","6.1977","24.079800000000002","8","1","1","False","0"
"11480","2017220847104","1830379467716","1830379635338","16.958","16.7622","0.1958","17.1492","3.4518","False","12.0736","16.9479","18.2305","7.480300000000001","24.2425","8","1","1","False","0"
"11480","2017220847104","1830379637296","1830379780633","14.518","14.3337","0.18430000000000002","14.290600000000001","3.2128","False","18.182100000000002","14.5295","12.0736","5.0244","19.3581","8","1","1","False","0"
"11480","2017220847104","1830379782476","1830379955044","17.4705","17.256800000000002","0.2137","18.1182","3.8738","False","18.1768","17.441100000000002","18.182100000000002","5.7654000000000005","23.0222","8","1","1","False","0"
"11480","2017220847104","1830379957181","1830380150025","19.4526","19.2844","0.16820000000000002","18.7051","3.1038","False","18.1858","19.4981","18.1768","4.444100000000001","23.7285","8","1","1","False","0"
"11480","2017220847104","1830380151707","1830380304397","15.4501","15.269","0.1811","15.4131","3.0781","False","12.1241","15.4372","18.1858","7.1927","22.4617","8","1","1","False","0"
"11480","2017220847104","1830380306208","1830380456616","15.2171","15.0408","0.1763","15.265600000000001","3.1209000000000002","False","18.1641","15.221900000000002","12.1241","4.0949","19.1357","8","1","1","False","0"
"11480","2017220847104","1830380458379","1830380628688","17.221400000000003","17.030900000000003","0.1905","17.416800000000002","3.301","False","18.1991","17.2072","18.1641","5.0518","22.082700000000003","8","1","1","False","0"
"11480","2017220847104","1830380630593","1830380791960","16.3274","16.1367","0.1907","16.7178","3.7148000000000003","False","18.2878","16.3272","18.1991","6.9237","23.0604","8","1","1","False","0"
"11480","2017220847104","1830380793867","1830380945364","15.3952","15.149700000000001","0.24550000000000002","16.993100000000002","5.362900000000001","False","12.01","15.3404","18.2878","9.8711","25.0208","8","1","1","False","0"
"11480","2017220847104","1830380947819","1830381111838","16.6386","16.4019","0.23670000000000002","14.7788","3.5005","False","18.1719","16.6474","12.01","5.233700000000001","21.6356","8","1","1","False","0"
"11480","2017220847104","1830381114205","1830381285365","17.2773","17.116","0.1613","17.1856","3.6532","False","18.2472","17.352700000000002","18.1719","6.0529","23.1689","8","1","1","False","0"
"11480","2017220847104","1830381286978","1830381441152","15.6026","15.4174","0.1852","15.3436","3.0969","False","12.0668","15.578700000000001","18.2472","8.721400000000001","24.1388","8","1","1","False","0"
"11480","2017220847104","1830381443004","1830381610261","16.9087","16.7257","0.183","17.2985","3.4883","False","18.1824","16.9109","12.0668","3.8773","20.603","8","1","1","False","0"
"11480","2017220847104","1830381612091","1830381788171","17.8045","17.608","0.1965","17.430400000000002","3.1057","False","18.2334","17.791","18.1824","4.2687","21.8767","8","1","1","False","0"
"11480","2017220847104","1830381790136","1830381941386","15.3163","15.125","0.1913","15.446800000000001","3.2444","False","18.1371","15.3215","18.2334","7.1806","22.305600000000002","8","1","1","False","0"
"11480","2017220847104","1830381943299","1830382119022","17.7543","17.572300000000002","0.182","17.6783","3.1658","False","18.1809","17.7636","18.1371","7.5541","25.1264","8","1","1","False","0"
"11480","2017220847104","1830382120842","1830382325848","20.6929","20.500600000000002","0.1923","20.7843","3.2708000000000004","False","12.114600000000001","20.6826","18.1809","5.0524000000000004","25.553","8","1","1","False","0"
"11480","2017220847104","1830382327771","1830382467932","14.1978","14.016100000000002","0.1817","13.250900000000001","2.3028","False","18.186","14.208400000000001","12.114600000000001","2.9586","16.974700000000002","8","1","1","False","0"
"11480","2017220847104","1830382469749","1830382635990","16.804100000000002","16.624100000000002","0.18000000000000002","17.506","3.0102","False","18.1793","16.8058","18.186","4.3388","20.9629","8","1","1","False","0"
"11480","2017220847104","1830382637790","1830382805451","16.951600000000003","16.7661","0.1855","17.2411","3.3061000000000003","False","18.1715","16.9461","18.1793","5.572","22.3381","8","1","1","False","0"
"11480","2017220847104","1830382807306","1830382983867","17.8195","17.656100000000002","0.16340000000000002","17.918400000000002","3.3933","False","12.133700000000001","17.8416","18.1715","5.9019","23.558","8","1","1","False","0"
"11480","2017220847104","1830382985501","1830383107184","12.3676","12.1683","0.1993","12.4467","3.4815","False","24.2968","12.331700000000001","12.133700000000001","5.7039","17.8722","8","1","1","False","0"
"11480","2017220847104","1830383109177","1830383328005","22.0604","21.8828","0.1776","21.6936","3.1140000000000003","False","5.998200000000001","22.0821","24.2968","7.9186000000000005","29.8014","8","1","1","False","0"
"11480","2017220847104","1830383329781","1830383433574","10.5553","10.3793","0.17600000000000002","9.739700000000001","2.2962000000000002","False","24.2493","10.5569","5.998200000000001","3.3599","13.7392","8","1","1","False","0"
"11480","2017220847104","1830383435334","1830383628297","19.4947","19.296300000000002","0.19840000000000002","19.441500000000005","2.2629","False","18.2022","19.4723","24.2493","8.1369","27.433200000000003","8","1","1","False","0"
"11480","2017220847104","1830383630281","1830383799631","17.147000000000002","16.935000000000002","0.21200000000000002","18.3341","3.4392","False","12.179","17.1334","18.2022","9.2057","26.140700000000002","8","1","1","False","0"
"11480","2017220847104","1830383801751","1830383972851","17.2408","17.11","0.1308","15.4998","1.9918","False","12.036800000000001","17.322","12.179","4.0627","21.172700000000003","8","1","1","False","0"
"11480","2017220847104","1830383974159","1830384099952","12.7589","12.5793","0.1796","14.2409","3.1694","False","18.234","12.7101","12.036800000000001","3.3894","15.9687","8","1","1","False","0"
"11480","2017220847104","1830384101748","1830384271364","17.1629","16.9616","0.2013","17.1065","3.1187","False","18.1893","17.1412","18.234","4.482200000000001","21.4438","8","1","1","False","0"
"11480","2017220847104","1830384273377","1830384444267","17.268500000000003","17.089000000000002","0.17950000000000002","17.5727","3.4106","False","18.1261","17.290300000000002","18.1893","5.381200000000001","22.470200000000002","8","1","1","False","0"
"11480","2017220847104","1830384446062","1830384613440","16.932","16.7378","0.1942","17.2955","3.7925","False","18.267300000000002","16.9173","18.1261","6.590000000000001","23.3278","8","1","1","False","0"
"11480","2017220847104","1830384615382","1830384787209","17.3633","17.1827","0.1806","17.212","3.6342000000000003","False","18.0962","17.3769","18.267300000000002","7.4804","24.6631","8","1","1","False","0"
"11480","2017220847104","1830384789015","1830384940312","15.351200000000002","15.129700000000001","0.2215","17.3257","5.625500000000001","False","12.1242","15.310300000000002","18.0962","10.266300000000001","25.396","8","1","1","False","0"
"11480","2017220847104","1830384942527","1830385109331","16.853900000000003","16.680400000000002","0.17350000000000002","13.4824","2.2319","False","18.2304","16.9019","12.1242","5.4886","22.169","8","1","1","False","0"
"11480","2017220847104","1830385111066","1830385288998","18.025100000000002","17.793200000000002","0.23190000000000002","19.084300000000002","3.3412","False","18.1984","17.9667","18.2304","5.7523","23.5455","8","1","1","False","0"
"11480","2017220847104","1830385291317","1830385440938","15.144900000000002","14.962100000000001","0.18280000000000002","15.004000000000001","3.1586000000000003","False","12.0533","15.194","18.1984","8.7567","23.7188","8","1","1","False","0"
"11480","2017220847104","1830385442766","1830385607683","16.6902","16.4917","0.1985","16.703300000000002","3.1667","False","18.1802","16.674500000000002","12.0533","4.1355","20.627200000000002","8","1","1","False","0"
"11480","2017220847104","1830385609668","1830385771403","16.351100000000002","16.1735","0.1776","16.5912","3.4077","False","18.175800000000002","16.372","18.1802","5.943700000000001","22.1172","8","1","1","False","0"
"11480","2017220847104","1830385773179","1830385942279","17.1368","16.91","0.2268","18.8869","5.174","False","18.2418","17.087600000000002","18.175800000000002","7.0319","23.9419","8","1","1","False","0"
"11480","2017220847104","1830385944547","1830386116864","17.3934","17.2317","0.1617","15.169900000000002","3.2328","False","18.1212","17.4585","18.2418","7.815200000000001","25.0469","8","1","1","False","0"
"11480","2017220847104","1830386118481","1830386281199","16.491600000000002","16.271800000000002","0.21980000000000002","16.963900000000002","3.4188","False","12.128","16.433500000000002","18.1212","9.5029","25.774700000000003","8","1","1","False","0"
"11480","2017220847104","1830386283397","1830386455378","17.4392","17.1981","0.2411","17.1113","3.1153","False","18.1839","17.4179","12.128","4.213","21.4111","8","1","1","False","0"
"11480","2017220847104","1830386457789","1830386617307","16.268900000000002","15.9518","0.3171","16.633100000000002","3.4431000000000003","False","18.1786","16.1929","18.1839","6.204000000000001","22.155800000000003","8","1","1","False","0"
"11480","2017220847104","1830386620478","1830386785170","16.6922","16.4692","0.223","16.3278","3.0949","False","18.1855","16.7863","18.1786","7.5963","24.0655","8","1","1","False","0"
"11480","2017220847104","1830386787400","1830386957691","17.2795","17.0291","0.2504","17.8702","3.6975000000000002","False","12.1765","17.252100000000002","18.1855","8.5297","25.5588","8","1","1","False","0"
"11480","2017220847104","1830386960195","1830387108659","15.0189","14.846400000000001","0.17250000000000001","13.6576","2.3023000000000002","False","18.1197","15.0968","12.1765","5.6094","20.4558","8","1","1","False","0"
"11480","2017220847104","1830387110384","1830387275715","16.715300000000003","16.5331","0.1822","18.2178","3.8107","False","18.239","16.7056","18.1197","7.0235","23.5566","8","1","1","False","0"
"11480","2017220847104","1830387277537","1830387458252","18.2719","18.0715","0.20040000000000002","18.2984","3.8361","False","12.069","18.253700000000002","18.239","7.0088","25.0803","8","1","1","False","0"
"11480","2017220847104","1830387460256","1830387606951","14.853200000000001","14.669500000000001","0.1837","14.109300000000001","3.1009","False","18.1809","14.869900000000001","12.069","4.2079","18.8774","8","1","1","False","0"
"11480","2017220847104","1830387608788","1830387774790","16.782","16.6002","0.18180000000000002","17.2288","3.539","False","18.180500000000002","16.7839","18.1809","5.604900000000001","22.2051","8","1","1","False","0"
"11480","2017220847104","1830387776608","1830387943514","16.9601","16.6906","0.2695","18.5957","5.212400000000001","False","18.185100000000002","16.872400000000003","18.180500000000002","6.913","23.6036","8","1","1","False","0"
"11480","2017220847104","1830387946209","1830388106560","16.2723","16.0351","0.23720000000000002","14.1917","3.1123000000000003","False","12.109300000000001","16.3046","18.185100000000002","8.7935","24.8286","8","1","1","False","0"
"11480","2017220847104","1830388108932","1830388275153","16.7756","16.6221","0.1535","16.4767","3.1008","False","18.191100000000002","16.8593","12.109300000000001","4.0435","20.6656","8","1","1","False","0"
"11480","2017220847104","1830388276688","1830388449028","17.482000000000003","17.234","0.248","17.826800000000002","3.1721000000000004","False","18.182100000000002","17.3875","18.191100000000002","4.8471","22.0811","8","1","1","False","0"
"11480","2017220847104","1830388451508","1830388632724","18.3093","18.1216","0.1877","18.289","3.1244","False","18.2466","18.369600000000002","18.182100000000002","4.6596","22.781200000000002","8","1","1","False","0"
"11480","2017220847104","1830388634601","1830388796130","16.375000000000004","16.152900000000002","0.22210000000000002","17.1978","3.9559","False","18.1189","16.340600000000002","18.2466","6.5656","22.718500000000002","8","1","1","False","0"
"11480","2017220847104","1830388798351","1830388963265","16.7663","16.491400000000002","0.27490000000000003","15.9482","3.2017","False","12.1165","16.7135","18.1189","7.971","24.462400000000002","8","1","1","False","0"
"11480","2017220847104","1830388966014","1830389120238","15.616900000000001","15.422400000000001","0.1945","15.782699999999998","3.293","False","18.194100000000002","15.6973","12.1165","4.3902","19.8126","8","1","1","False","0"
"11480","2017220847104","1830389122183","1830389296655","17.647900000000003","17.447200000000002","0.20070000000000002","17.5932","3.2354000000000003","False","18.1715","17.6417","18.194100000000002","4.9426000000000005","22.3898","8","1","1","False","0"
"11480","2017220847104","1830389298662","1830389463731","16.703300000000002","16.5069","0.19640000000000002","17.2267","3.7669","False","18.183500000000002","16.7076","18.1715","6.4065","22.9134","8","1","1","False","0"
"11480","2017220847104","1830389465695","1830389635279","17.1464","16.9584","0.188","16.9512","3.5696000000000003","False","18.1938","17.1548","18.183500000000002","7.4352","24.393600000000003","8","1","1","False","0"
"11480","2017220847104","1830389637159","1830389807668","17.245700000000003","17.050900000000002","0.1948","17.1017","3.4330000000000003","False","12.117600000000001","17.2389","18.1938","8.3901","25.441000000000003","8","1","1","False","0"
"11480","2017220847104","1830389809616","1830389969933","16.2523","16.0317","0.22060000000000002","14.7879","1.9691","False","24.257900000000003","16.2265","12.117600000000001","4.2812","20.312900000000003","8","1","1","False","0"
"11480","2017220847104","1830389972139","1830390164572","19.4415","19.2433","0.19820000000000002","20.9354","3.4574000000000003","False","12.0997","19.463900000000002","24.257900000000003","9.0752","28.3185","8","1","1","False","0"
"11480","2017220847104","1830390166554","1830390320978","15.6394","15.442400000000001","0.197","14.466700000000001","2.2911","False","18.1967","15.640600000000001","12.0997","5.5343","20.9767","8","1","1","False","0"
"11480","2017220847104","1830390322948","1830390483356","16.1853","16.0408","0.14450000000000002","16.7259","3.1029","False","12.0927","16.2378","18.1967","7.493200000000001","23.534000000000002","8","1","1","False","0"
"11480","2017220847104","1830390484801","1830390652055","16.925","16.7254","0.1996","16.406100000000002","2.2979000000000003","False","18.1904","16.8699","12.0927","2.716","19.4414","8","1","1","False","0"
"11480","2017220847104","1830390654051","1830390818643","16.6531","16.4592","0.19390000000000002","17.4751","3.1238","False","18.1751","16.6588","18.1904","4.2476","20.7068","8","1","1","False","0"
"11480","2017220847104","1830390820582","1830391004136","18.5457","18.3554","0.1903","18.4329","3.0096000000000003","False","18.1981","18.549300000000002","18.1751","3.8734","22.2288","8","1","1","False","0"
"11480","2017220847104","1830391006039","1830391141452","13.7443","13.541300000000001","0.203","14.2133","3.4879000000000002","False","12.104600000000001","13.7316","18.1981","8.3399","21.8812","8","1","1","False","0"
"11480","2017220847104","1830391143482","1830391319926","17.858700000000002","17.6444","0.21430000000000002","16.4562","2.08","False","18.1872","17.8474","12.104600000000001","2.5971","20.241500000000002","8","1","1","False","0"
"11480","2017220847104","1830391322069","1830391479811","15.9648","15.7742","0.19060000000000002","17.0758","3.1871","False","18.181","15.9885","18.1872","4.7958","20.57","8","1","1","False","0"
"11480","2017220847104","1830391481717","1830391651075","17.1739","16.9358","0.2381","17.2053","3.2631","False","24.2881","17.1264","18.181","5.8504000000000005","22.7862","8","1","1","False","0"
"11480","2017220847104","1830391653456","1830391856690","20.535999999999998","20.3234","0.2126","20.8014","3.4919000000000002","False","12.0922","20.561500000000002","24.2881","9.577","29.9004","8","1","1","False","0"
"11480","2017220847104","1830391858816","1830392028043","17.116300000000003","16.922700000000003","0.19360000000000002","15.6034","1.9596","False","24.2755","17.1353","12.0922","4.5339","21.4566","8","1","1","False","0"
"11480","2017220847104","1830392029979","1830392231125","20.3098","20.1146","0.1952","20.719","2.3817","False","12.097100000000001","20.3082","24.2755","8.5012","28.6158","8","1","1","False","0"
"11480","2017220847104","1830392233077","1830392386170","15.4864","15.3093","0.1771","15.209000000000001","2.1003000000000003","False","18.1812","15.5045","12.097100000000001","5.0938","20.403100000000002","8","1","1","False","0"
"11480","2017220847104","1830392387941","1830392571428","18.5628","18.3487","0.2141","18.4461","1.9934","False","12.108","18.5258","18.1812","4.7492","23.097900000000003","8","1","1","False","0"
"11480","2017220847104","1830392573569","1830392695466","12.3602","12.1897","0.1705","12.324100000000001","1.9446","False","18.1625","12.4038","12.108","4.4534","16.6431","8","1","1","False","0"
"11480","2017220847104","1830392697171","1830392881577","18.5812","18.4406","0.1406","19.436","3.0841000000000003","False","18.198","18.6111","18.1625","4.0048","22.4454","8","1","1","False","0"
"11480","2017220847104","1830392882983","1830393053161","17.2105","17.0178","0.1927","17.6397","3.2445","False","12.122200000000001","17.1584","18.198","5.0444","22.0622","8","1","1","False","0"
"11480","2017220847104","1830393055088","1830393195444","14.2469","14.0356","0.21130000000000002","13.3178","2.3076000000000003","False","30.3332","14.2283","12.122200000000001","2.9383000000000004","16.9739","8","1","1","False","0"
"11480","2017220847104","1830393197557","1830393432119","23.649600000000003","23.456200000000003","0.19340000000000002","24.8782","3.5402","False","12.1213","23.6675","30.3332","9.604000000000001","33.0602","8","1","1","False","0"
"11480","2017220847104","1830393434053","1830393559710","12.737700000000002","12.565700000000001","0.17200000000000001","12.0698","2.8601","False","12.0867","12.7591","12.1213","8.9662","21.5319","8","1","1","False","0"
"11480","2017220847104","1830393561430","1830393714308","15.463000000000001","15.2878","0.1752","14.8838","2.2846","False","24.2894","15.459800000000001","12.0867","5.593100000000001","20.8809","8","1","1","False","0"
"11480","2017220847104","1830393716060","1830393920918","20.6769","20.4858","0.19110000000000002","21.6327","3.2351","False","12.1091","20.661","24.2894","9.2215","29.7073","8","1","1","False","0"
"11480","2017220847104","1830393922829","1830394062433","14.1388","13.9604","0.1784","13.1484","2.25","False","18.145500000000002","14.1515","12.1091","7.1791","21.1395","8","1","1","False","0"
"11480","2017220847104","1830394064217","1830394284574","22.216400000000004","22.035700000000002","0.1807","22.2879","2.3225000000000002","False","18.2011","22.214100000000002","18.145500000000002","3.1105","25.1462","8","1","1","False","0"
"11480","2017220847104","1830394286381","1830394450005","16.6341","16.3624","0.2717","16.2885","2.0436","False","18.1947","16.5431","18.2011","4.7685","21.1309","8","1","1","False","0"
"11480","2017220847104","1830394452722","1830394626476","17.596799999999998","17.3754","0.2214","17.7884","2.2088","False","18.1723","17.647100000000002","18.1947","5.3161000000000005","22.6915","8","1","1","False","0"
"11480","2017220847104","1830394628690","1830394810362","18.3367","18.1672","0.1695","18.3337","2.1566","False","18.1887","18.3886","18.1723","5.0998","23.267","8","1","1","False","0"
"11480","2017220847104","1830394812057","1830394978961","16.9148","16.6904","0.22440000000000002","17.2738","2.5487","False","12.106900000000001","16.8599","18.1887","6.4286","23.119","8","1","1","False","0"
"11480","2017220847104","1830394981205","1830395109598","13.053400000000002","12.839300000000001","0.2141","12.820300000000001","2.2840000000000003","False","18.1916","13.0637","12.106900000000001","5.4718","18.3111","8","1","1","False","0"
"11480","2017220847104","1830395111739","1830395296067","18.573","18.4328","0.14020000000000002","18.2181","2.2139","False","18.1815","18.646900000000002","18.1916","5.016500000000001","23.4493","8","1","1","False","0"
"11480","2017220847104","1830395297469","1830395469646","17.3956","17.2177","0.1779","17.723200000000002","2.2634000000000003","False","18.195","17.3579","18.1815","5.8401000000000005","23.0578","8","1","1","False","0"
"11480","2017220847104","1830395471425","1830395627639","15.8267","15.621400000000001","0.2053","15.7696","2.2221","False","12.1128","15.7993","18.195","8.235800000000001","23.857200000000002","8","1","1","False","0"
"11480","2017220847104","1830395629692","1830395753616","12.607000000000001","12.3924","0.2146","12.656400000000001","2.2726","False","18.1659","12.597700000000001","12.1128","7.750900000000001","20.1433","8","1","1","False","0"
"11480","2017220847104","1830395755762","1830395944183","19.017100000000003","18.842100000000002","0.17500000000000002","20.5031","3.7372","False","12.114600000000001","19.0567","18.1659","6.8601","25.7022","8","1","1","False","0"
"11480","2017220847104","1830395945933","1830396098221","15.409100000000002","15.228800000000001","0.18030000000000002","13.645100000000001","1.9727000000000001","False","18.1726","15.4038","12.114600000000001","3.5709","18.7997","8","1","1","False","0"
"11480","2017220847104","1830396100024","1830396285528","18.7526","18.5504","0.20220000000000002","18.7987","2.0347","False","18.2107","18.730700000000002","18.1726","3.0128","21.563200000000002","8","1","1","False","0"
"11480","2017220847104","1830396287550","1830396434858","14.9444","14.7308","0.2136","15.2614","2.3473","False","12.1142","14.933","18.2107","6.290500000000001","21.0213","8","1","1","False","0"
"11480","2017220847104","1830396436994","1830396555012","11.9827","11.8018","0.1809","12.513","2.8704","False","18.178800000000003","12.015400000000001","12.1142","6.3893","18.191100000000002","8","1","1","False","0"
"11480","2017220847104","1830396556821","1830396746226","19.1156","18.9405","0.1751","19.1265","2.8778","False","12.1129","19.1214","18.178800000000003","5.4467","24.3872","8","1","1","False","0"
"11480","2017220847104","1830396747977","1830396864631","11.8405","11.6654","0.1751","11.175","2.2131000000000003","False","18.2086","11.8405","12.1129","5.7191","17.3845","8","1","1","False","0"
"11480","2017220847104","1830396866382","1830397024645","16.047400000000003","15.826300000000002","0.22110000000000002","16.0995","2.281","False","12.0995","16.0014","18.2086","7.9263","23.7526","8","1","1","False","0"
"11480","2017220847104","1830397026856","1830397175279","15.0808","14.8423","0.23850000000000002","14.8979","2.0891","False","12.1057","15.063400000000001","12.0995","4.962400000000001","19.8047","8","1","1","False","0"
"11480","2017220847104","1830397177664","1830397321945","14.6136","14.4281","0.1855","14.535799999999998","2.0094000000000003","False","18.1823","14.6666","12.1057","2.4015","16.8296","8","1","1","False","0"
"11480","2017220847104","1830397323800","1830397484850","16.2998","16.105","0.1948","17.2988","3.0131","False","24.293100000000003","16.2905","18.1823","4.2933","20.398300000000003","8","1","1","False","0"
"11480","2017220847104","1830397486798","1830397680875","19.5607","19.407700000000002","0.153","19.7086","3.4372000000000003","False","18.1508","19.602500000000003","24.293100000000003","8.9839","28.3916","8","1","1","False","0"
"11480","2017220847104","1830397682405","1830397898443","21.7784","21.6038","0.1746","21.0621","2.4378","False","12.0984","21.756800000000002","18.1508","5.3779","26.9817","8","1","1","False","0"
"11480","2017220847104","1830397900189","1830398048283","14.985","14.8094","0.1756","14.8817","2.3297000000000003","False","18.217100000000002","14.984","12.0984","2.4923","17.3017","8","1","1","False","0"
"11480","2017220847104","1830398050039","1830398187351","13.923900000000001","13.731200000000001","0.1927","13.972900000000001","2.3802000000000003","False","18.186400000000003","13.9068","18.217100000000002","6.8026","20.5338","8","1","1","False","0"
"11480","2017220847104","1830398189278","1830398335397","14.8005","14.6119","0.18860000000000002","16.881600000000002","4.4737","False","12.0966","14.8046","18.186400000000003","10.1844","24.796300000000002","8","1","1","False","0"
"11480","2017220847104","1830398337283","1830398516810","18.1212","17.9527","0.1685","15.737400000000001","2.0758","False","18.2056","18.1413","12.0966","4.1397","22.0924","8","1","1","False","0"
"11480","2017220847104","1830398518495","1830398665184","14.8451","14.6689","0.1762","15.199300000000001","2.4364","False","18.180400000000002","14.8374","18.2056","7.5079","22.1768","8","1","1","False","0"
"11480","2017220847104","1830398666946","1830398845901","18.0877","17.895500000000002","0.1922","18.047900000000002","2.3924000000000003","False","12.154200000000001","18.0717","18.180400000000002","7.6166","25.5121","8","1","1","False","0"
"11480","2017220847104","1830398847823","1830399006140","16.0087","15.831700000000001","0.17700000000000002","15.7079","2.0938","False","18.1207","16.0239","12.154200000000001","3.7469","19.5786","8","1","1","False","0"
"11480","2017220847104","1830399007910","1830399188586","18.242700000000003","18.067600000000002","0.1751","19.287200000000002","3.1338000000000004","False","24.285800000000002","18.244600000000002","18.1207","3.623","21.6906","8","1","1","False","0"
"11480","2017220847104","1830399190337","1830399384986","19.6418","19.4649","0.1769","18.773600000000002","2.2707","False","12.1067","19.64","24.285800000000002","8.2688","27.733700000000002","8","1","1","False","0"
"11480","2017220847104","1830399386755","1830399527335","14.2618","14.058","0.2038","14.3855","2.3969","False","18.167","14.234900000000001","12.1067","6.1406","20.198600000000003","8","1","1","False","0"
"11480","2017220847104","1830399529373","1830399722956","19.700499999999998","19.3583","0.3422","19.3717","2.1662","False","18.1597","19.5621","18.167","4.7455","24.1038","8","1","1","False","0"
"11480","2017220847104","1830399726378","1830399881018","15.6316","15.464","0.1676","16.2151","2.6457","False","24.2787","15.8062","18.1597","7.099","22.563000000000002","8","1","1","False","0"
"11480","2017220847104","1830399882694","1830400127602","24.6821","24.4908","0.1913","25.8046","4.1287","False","12.088000000000001","24.6584","24.2787","6.7193000000000005","31.2101","8","1","1","False","0"
"11480","2017220847104","1830400129515","1830400280141","15.287600000000001","15.062600000000002","0.225","13.7908","2.2987","False","18.2045","15.253900000000002","12.088000000000001","3.5534000000000003","18.616","8","1","1","False","0"
"11480","2017220847104","1830400282391","1830400445877","16.5215","16.3486","0.1729","16.4263","2.1773000000000002","False","18.1975","16.573600000000003","18.2045","5.1843","21.5329","8","1","1","False","0"
"11480","2017220847104","1830400447606","1830400596952","15.108500000000001","14.934600000000001","0.1739","15.229000000000001","2.2962000000000002","False","18.1924","15.1075","18.1975","8.2743","23.2089","8","1","1","False","0"
"11480","2017220847104","1830400598691","1830400792861","19.680200000000003","19.417","0.2632","20.015","2.6604","False","12.107700000000001","19.5909","18.1924","6.8758","26.2928","8","1","1","False","0"
"11480","2017220847104","1830400795493","1830400921103","12.738","12.561","0.17700000000000002","12.3892","2.2863","False","18.149","12.824200000000001","12.107700000000001","6.1593","18.7203","8","1","1","False","0"
"11480","2017220847104","1830400922873","1830401129123","20.8069","20.625","0.1819","20.6857","2.1712000000000002","False","24.2619","20.802","18.149","3.5063","24.1313","8","1","1","False","0"
"11480","2017220847104","1830401130942","1830401331101","20.242700000000003","20.015900000000002","0.2268","23.7388","5.6717","False","12.128300000000001","20.1978","24.2619","7.5704","27.5863","8","1","1","False","0"
"11480","2017220847104","1830401333369","1830401477342","14.660100000000002","14.397300000000001","0.26280000000000003","11.0037","2.0547","False","24.2624","14.6241","12.128300000000001","5.0746","19.4719","8","1","1","False","0"
"11480","2017220847104","1830401479970","1830401692823","21.4769","21.2853","0.19160000000000002","21.450300000000002","1.9893","False","12.101600000000001","21.5481","24.2624","7.7889","29.0742","8","1","1","False","0"
"11480","2017220847104","1830401694739","1830401829161","13.619800000000001","13.442200000000001","0.1776","13.9074","2.2657000000000003","False","18.1918","13.6338","12.101600000000001","6.2567","19.698900000000002","8","1","1","False","0"
"11480","2017220847104","1830401830937","1830401993261","16.4267","16.232400000000002","0.1943","16.323600000000003","2.1607000000000003","False","18.1919","16.41","18.1918","8.0385","24.2709","8","1","1","False","0"
"11480","2017220847104","1830401995204","1830402178001","18.464000000000002","18.279700000000002","0.18430000000000002","18.181800000000003","1.8791","False","18.1664","18.474","18.1919","7.7564","26.0361","8","1","1","False","0"
"11480","2017220847104","1830402179844","1830402333994","15.5777","15.415000000000001","0.1627","17.984","4.279100000000001","False","12.1278","15.599300000000001","18.1664","10.323500000000001","25.738500000000002","8","1","1","False","0"
"11480","2017220847104","1830402335621","1830402480360","14.667","14.4739","0.19310000000000002","12.6844","2.3111","False","12.113100000000001","14.636600000000001","12.1278","7.8147","22.288600000000002","8","1","1","False","0"
"11480","2017220847104","1830402482291","1830402633173","15.2481","15.0882","0.15990000000000001","14.701400000000001","2.057","False","18.154","15.2813","12.113100000000001","4.6465000000000005","19.7347","8","1","1","False","0"
"11480","2017220847104","1830402634772","1830402829758","19.6532","19.4986","0.15460000000000002","20.2161","2.3091","False","18.1855","19.6585","18.154","3.1420000000000003","22.640600000000003","8","1","1","False","0"
"11480","2017220847104","1830402831304","1830402977698","14.8228","14.6394","0.1834","14.786900000000001","2.2868","False","24.2698","14.794","18.1855","6.5335","21.172900000000002","8","1","1","False","0"
"11480","2017220847104","1830402979532","1830403206096","22.840700000000002","22.6564","0.18430000000000002","22.736700000000003","2.1742","False","24.2176","22.8398","24.2698","7.963500000000001","30.6199","8","1","1","False","0"
"11480","2017220847104","1830403207939","1830403458554","25.242600000000003","25.061500000000002","0.1811","25.6709","2.6094","False","30.3286","25.245800000000003","24.2176","6.935300000000001","31.9968","8","1","1","False","0"
"11480","2017220847104","1830403460365","1830403747494","28.8949","28.7129","0.182","29.269000000000005","2.9855","False","18.1783","28.894000000000002","30.3286","8.369900000000001","37.0828","8","1","1","False","0"
"11480","2017220847104","1830403749314","1830403948608","20.1641","19.9294","0.23470000000000002","20.1425","2.9732000000000003","False","18.1599","20.1114","18.1783","6.436800000000001","26.366200000000003","8","1","1","False","0"
"11480","2017220847104","1830403950955","1830404156495","20.738400000000002","20.554000000000002","0.1844","19.7517","1.9822000000000002","False","24.270400000000002","20.788700000000002","18.1599","3.8080000000000003","24.362000000000002","8","1","1","False","0"
"11480","2017220847104","1830404158339","1830404370830","21.5027","21.249100000000002","0.2536","21.729400000000002","2.2775000000000003","False","12.075700000000001","21.433500000000002","24.270400000000002","6.644900000000001","27.894000000000002","8","1","1","False","0"
"11480","2017220847104","1830404373366","1830404524457","15.284300000000002","15.109100000000002","0.1752","15.2584","2.1675","False","30.3565","15.3627","12.075700000000001","3.3579000000000003","18.467000000000002","8","1","1","False","0"
"11480","2017220847104","1830404526209","1830404767553","24.3476","24.1344","0.2132","25.4307","3.2743","False","12.115400000000001","24.3096","30.3565","9.4048","33.5392","8","1","1","False","0"
"11480","2017220847104","1830404769685","1830404918487","15.0502","14.8802","0.17","14.030100000000001","2.2326","False","18.1493","15.0934","12.115400000000001","6.4268","21.307000000000002","8","1","1","False","0"
"11480","2017220847104","1830404920187","1830405119051","20.1","19.886400000000002","0.2136","19.9185","2.0639000000000003","False","24.2404","20.0564","18.1493","4.5197","24.406100000000002","8","1","1","False","0"
"11480","2017220847104","1830405121187","1830405295586","17.605400000000003","17.4399","0.1655","20.974800000000002","5.4233","False","12.129800000000001","17.6535","24.2404","11.1066","28.5465","8","1","1","False","0"
"11480","2017220847104","1830405297241","1830405477536","18.2129","18.029500000000002","0.1834","13.0982","0.3146","False","12.0992","18.195","12.129800000000001","5.0414","23.0709","8","1","1","False","0"
"11480","2017220847104","1830405479370","1830405601024","12.3092","12.1654","0.1438","12.1971","0.263","False","12.1045","12.3488","12.0992","4.7918","16.9572","8","1","1","False","0"
"11480","2017220847104","1830405602462","1830405764157","16.3663","16.1695","0.1968","16.4252","0.25670000000000004","False","18.191300000000002","16.3133","12.1045","0.5830000000000001","16.7525","8","1","1","False","0"
"11480","2017220847104","1830405766125","1830405931211","16.6827","16.5086","0.1741","16.7835","0.3514","False","24.268700000000003","16.7054","18.191300000000002","2.0689","18.5775","8","1","1","False","0"
"11480","2017220847104","1830405932952","1830406135259","20.3715","20.230700000000002","0.1408","20.4357","0.4063","False","18.21","20.4048","24.268700000000003","5.9328","26.163500000000003","8","1","1","False","0"
"11480","2017220847104","1830406136667","1830406321249","18.656000000000002","18.4582","0.1978","18.485200000000003","0.2451","False","24.1885","18.599","18.21","5.5438","24.002000000000002","8","1","1","False","0"
"11480","2017220847104","1830406323227","1830406602365","28.0984","27.913800000000002","0.18460000000000001","28.1672","0.32430000000000003","False","24.241300000000003","28.111600000000003","24.1885","1.6207","29.5345","8","1","1","False","0"
"11480","2017220847104","1830406604211","1830406813526","21.1064","20.9315","0.1749","21.1258","0.33430000000000004","False","24.247500000000002","21.1161","24.241300000000003","4.7459","25.677400000000002","8","1","1","False","0"
"11480","2017220847104","1830406815275","1830407082376","26.9068","26.7101","0.1967","26.9085","0.3417","False","18.2015","26.885","24.247500000000002","2.1084","28.8185","8","1","1","False","0"
"11480","2017220847104","1830407084343","1830407221442","14.136700000000001","13.709900000000001","0.4268","13.8224","0.21710000000000002","False","12.0898","13.906600000000001","18.2015","6.403300000000001","20.113200000000003","8","1","1","False","0"
"11480","2017220847104","1830407225710","1830407395712","17.1741","17.0002","0.1739","17.456200000000003","0.2928","False","24.2862","17.427","12.0898","1.0661","18.066300000000002","8","1","1","False","0"
"11480","2017220847104","1830407397451","1830407596383","20.0865","19.8932","0.1933","20.111800000000002","0.33180000000000004","False","12.087900000000001","20.0671","24.2862","5.285200000000001","25.1784","8","1","1","False","0"
"11480","2017220847104","1830407598316","1830407760854","16.4268","16.253800000000002","0.17300000000000001","16.3392","0.2457","False","18.1724","16.447100000000002","12.087900000000001","0.926","17.1798","8","1","1","False","0"
"11480","2017220847104","1830407762584","1830407945891","18.524","18.3307","0.1933","18.5274","0.2602","False","18.2045","18.503700000000002","18.1724","0.5947","18.9254","8","1","1","False","0"
"11480","2017220847104","1830407947824","1830408108406","16.2415","16.0582","0.18330000000000002","16.323800000000002","0.3342","False","18.1734","16.2515","18.2045","2.5477000000000003","18.605900000000002","8","1","1","False","0"
"11480","2017220847104","1830408110239","1830408299113","19.0994","18.8874","0.21200000000000002","18.9815","0.22840000000000002","False","18.186600000000002","19.070700000000002","18.1734","1.6504","20.5378","8","1","1","False","0"
"11480","2017220847104","1830408301233","1830408490362","19.1391","18.9129","0.2262","19.1247","0.3296","False","18.182100000000002","19.1249","18.186600000000002","0.7121000000000001","19.625","8","1","1","False","0"
"11480","2017220847104","1830408492624","1830408639341","14.8694","14.671700000000001","0.19770000000000001","15.016200000000001","0.35700000000000004","False","18.1626","14.8979","18.182100000000002","3.9963","18.668","8","1","1","False","0"
"11480","2017220847104","1830408641318","1830408847764","20.913","20.6446","0.2684","20.811600000000002","0.272","False","18.1893","20.8423","18.1626","1.3166","21.9612","8","1","1","False","0"
"11480","2017220847104","1830408850448","1830409033557","18.5004","18.3109","0.1895","18.502200000000002","0.2594","False","18.1937","18.5793","18.1893","0.9266000000000001","19.2375","8","1","1","False","0"
"11480","2017220847104","1830409035452","1830409202229","16.8578","16.6777","0.1801","16.8537","0.24300000000000002","False","18.1798","16.8672","18.1937","2.2531000000000003","18.9308","8","1","1","False","0"
"11480","2017220847104","1830409204030","1830409381362","17.9131","17.7332","0.1799","17.982","0.3153","False","12.1034","17.9133","18.1798","2.5196","20.2528","8","1","1","False","0"
"11480","2017220847104","1830409383161","1830409512641","13.1389","12.948","0.19090000000000001","13.082","0.2533","False","24.2787","13.1279","12.1034","1.4951","14.443100000000001","8","1","1","False","0"
"11480","2017220847104","1830409514550","1830409706286","19.4072","19.1736","0.2336","19.4955","0.3703","False","12.102500000000001","19.3645","24.2787","6.4093","25.582900000000002","8","1","1","False","0"
"11480","2017220847104","1830409708622","1830409859164","15.227400000000001","15.054200000000002","0.17320000000000002","15.219700000000001","0.33330000000000004","False","12.1109","15.2878","12.102500000000001","3.224","18.278200000000002","8","1","1","False","0"
"11480","2017220847104","1830409860896","1830409990430","13.1407","12.9534","0.18730000000000002","13.017700000000001","0.2255","False","18.175900000000002","13.1266","12.1109","2.2083","15.161700000000002","8","1","1","False","0"
"11480","2017220847104","1830409992303","1830410175177","18.491400000000002","18.2874","0.20400000000000001","18.6182","0.3407","False","12.113000000000001","18.474700000000002","18.175900000000002","1.9095000000000002","20.1969","8","1","1","False","0"
"11480","2017220847104","1830410177217","1830410309009","13.3665","13.1792","0.18730000000000002","13.3689","0.3467","False","24.28","13.3832","12.113000000000001","0.6393","13.8185","8","1","1","False","0"
"11480","2017220847104","1830410310882","1830410518334","20.9789","20.7452","0.23370000000000002","20.972","0.3685","False","12.1304","20.9325","24.28","3.9868","24.732000000000003","8","1","1","False","0"
"11480","2017220847104","1830410520671","1830410634064","11.5156","11.3393","0.1763","11.4192","0.2383","False","18.1566","11.573","12.1304","4.5442","15.883500000000002","8","1","1","False","0"
"11480","2017220847104","1830410635827","1830410834516","20.0179","19.8689","0.149","19.9932","0.2737","False","18.1874","20.0452","18.1566","2.6556","22.5245","8","1","1","False","0"
"11480","2017220847104","1830410836006","1830410996397","16.25","16.0391","0.2109","16.2451","0.2336","False","18.1934","16.188100000000002","18.1874","4.6549000000000005","20.694000000000003","8","1","1","False","0"
"11480","2017220847104","1830410998506","1830411175244","17.9428","17.6738","0.269","17.9616","0.28400000000000003","False","12.090200000000001","17.884700000000002","18.1934","4.9636000000000005","22.6374","8","1","1","False","0"
"11480","2017220847104","1830411177934","1830411319987","14.3908","14.205300000000001","0.1855","14.3766","0.2255","False","24.2741","14.474300000000001","12.090200000000001","2.5795","16.7848","8","1","1","False","0"
"11480","2017220847104","1830411321842","1830411548933","22.9169","22.7091","0.2078","23.046","0.3481","False","18.162200000000002","22.8946","24.2741","3.959","26.668100000000003","8","1","1","False","0"
"11480","2017220847104","1830411551011","1830411753810","20.498800000000003","20.2799","0.2189","20.5062","0.3673","False","18.1846","20.4877","18.162200000000002","1.6335000000000002","21.9134","8","1","1","False","0"
"11480","2017220847104","1830411755999","1830411936014","18.1719","18.0015","0.1704","18.067700000000002","0.2422","False","24.267500000000002","18.2204","18.1846","1.5977000000000001","19.5992","8","1","1","False","0"
"11480","2017220847104","1830411937718","1830412137127","20.1265","19.9409","0.18560000000000001","20.115000000000002","0.22740000000000002","False","18.1672","20.1113","24.267500000000002","5.753900000000001","25.6948","8","1","1","False","0"
"11480","2017220847104","1830412138983","1830412344813","20.768800000000002","20.583000000000002","0.18580000000000002","20.782400000000003","0.2457","False","18.1707","20.7686","18.1672","3.1525000000000003","23.735500000000002","8","1","1","False","0"
"11480","2017220847104","1830412346671","1830412542199","19.7681","19.5528","0.21530000000000002","19.843","0.34750000000000003","False","24.2606","19.7386","18.1707","1.5846","21.1374","8","1","1","False","0"
"11480","2017220847104","1830412544352","1830412747759","20.535","20.340700000000002","0.1943","20.4492","0.24130000000000001","False","18.1833","20.556","24.2606","5.2892","25.629900000000003","8","1","1","False","0"
"11480","2017220847104","1830412749702","1830412951934","20.453000000000003","20.223200000000002","0.2298","20.4951","0.33030000000000004","False","18.1521","20.4175","18.1833","3.055","23.278200000000002","8","1","1","False","0"
"11480","2017220847104","1830412954232","1830413155889","20.337600000000002","20.1657","0.1719","20.3778","0.31970000000000004","False","24.2844","20.395500000000002","18.1521","0.8116","20.9773","8","1","1","False","0"
"11480","2017220847104","1830413157608","1830413386800","23.1199","22.9192","0.20070000000000002","23.034000000000002","0.2379","False","24.2224","23.0911","24.2844","2.0049","24.924100000000003","8","1","1","False","0"
"11480","2017220847104","1830413388807","1830413635208","25.023","24.6401","0.3829","25.1311","0.4272","False","30.288600000000002","24.8408","24.2224","1.3865","26.026600000000002","8","1","1","False","0"
"11480","2017220847104","1830413639037","1830413936171","29.9286","29.7134","0.2152","30.088800000000003","0.6606000000000001","False","24.2786","30.096300000000003","30.288600000000002","1.5788","31.2922","8","1","1","False","0"
"11480","2017220847104","1830413938323","1830414142322","21.233000000000004","20.399900000000002","0.8331000000000001","21.0426","0.3663","False","18.142200000000003","20.6151","24.2786","5.2423","25.642200000000003","8","1","1","False","0"
"11480","2017220847104","1830414150653","1830414346501","19.802300000000002","19.5848","0.2175","19.7929","0.322","False","24.2776","20.4179","18.142200000000003","2.9666","22.5514","8","1","1","False","0"
"11480","2017220847104","1830414348676","1830414561197","21.488000000000003","21.252100000000002","0.2359","21.4921","0.3305","False","12.130500000000001","21.4696","24.2776","5.7746","27.0267","8","1","1","False","0"
"11480","2017220847104","1830414563556","1830414715925","15.386000000000001","15.2369","0.1491","15.274600000000001","0.3247","False","18.1326","15.472800000000001","12.130500000000001","2.4323","17.6692","8","1","1","False","0"
"11480","2017220847104","1830414717416","1830414885026","16.955299999999998","16.761","0.1943","17.157600000000002","0.3876","False","24.2913","16.9101","18.1326","3.6548000000000003","20.4158","8","1","1","False","0"
"11480","2017220847104","1830414886969","1830415096930","21.211100000000002","20.996100000000002","0.215","21.3705","0.5688","False","12.0807","21.1904","24.2913","6.7557","27.751800000000003","8","1","1","False","0"
"11480","2017220847104","1830415099080","1830415266049","16.881","16.6969","0.1841","16.639","0.31470000000000004","False","18.1919","16.9119","12.0807","1.9245","18.6214","8","1","1","False","0"
"11480","2017220847104","1830415267890","1830415446328","18.0451","17.8438","0.2013","18.0262","0.2982","False","18.1962","18.027900000000002","18.1919","2.0885000000000002","19.9323","8","1","1","False","0"
"11480","2017220847104","1830415448341","1830415597666","15.173900000000001","14.932500000000001","0.2414","15.165700000000001","0.3181","False","12.0858","15.1338","18.1962","5.1509","20.0834","8","1","1","False","0"
"11480","2017220847104","1830415600080","1830415753032","15.563100000000002","15.295200000000001","0.2679","15.5066","0.3024","False","18.189600000000002","15.5366","12.0858","1.7001000000000002","16.9953","8","1","1","False","0"
"11480","2017220847104","1830415755711","1830415906706","15.353800000000001","15.0995","0.2543","15.4566","0.3695","False","18.1935","15.3674","18.189600000000002","4.5223","19.6218","8","1","1","False","0"
"11480","2017220847104","1830415909249","1830416075763","16.952","16.651400000000002","0.30060000000000003","16.9811","0.4268","False","12.1888","16.9057","18.1935","5.8101","22.4615","8","1","1","False","0"
"11480","2017220847104","1830416078769","1830416234762","15.796400000000002","15.599300000000001","0.1971","15.7649","0.33430000000000004","False","24.1871","15.8999","12.1888","2.099","17.6983","8","1","1","False","0"
"11480","2017220847104","1830416236733","1830416469329","23.428900000000002","23.259600000000002","0.1693","23.4998","0.3977","False","18.1769","23.4567","24.1871","2.8294","26.089000000000002","8","1","1","False","0"
"11480","2017220847104","1830416471022","1830416647203","17.867600000000003","17.618100000000002","0.2495","17.735","0.29560000000000003","False","12.100100000000001","17.7874","18.1769","3.2189","20.837","8","1","1","False","0"
"11480","2017220847104","1830416649698","1830416788309","14.085600000000001","13.8611","0.2245","14.2086","0.4067","False","24.2729","14.1106","12.100100000000001","1.2084000000000001","15.069500000000001","8","1","1","False","0"
"11480","2017220847104","1830416790554","1830416996512","20.8038","20.5958","0.20800000000000002","20.7757","0.386","False","12.0905","20.8203","24.2729","4.6610000000000005","25.256800000000002","8","1","1","False","0"
"11480","2017220847104","1830416998592","1830417155888","16.0069","15.729600000000001","0.2773","15.916300000000001","0.3264","False","18.2304","15.937600000000002","12.0905","0.8139000000000001","16.5435","8","1","1","False","0"
"11480","2017220847104","1830417158661","1830417326699","17.053500000000003","16.803800000000003","0.2497","17.1406","0.38420000000000004","False","18.1243","17.0811","18.2304","1.9632","18.767","8","1","1","False","0"
"11480","2017220847104","1830417329196","1830417516869","19.006300000000003","18.767300000000002","0.23900000000000002","18.8156","0.4632","False","18.200200000000002","19.017","18.1243","1.0705","19.8378","8","1","1","False","0"
"11480","2017220847104","1830417519259","1830417675483","15.8522","15.6224","0.2298","16.0254","0.3628","False","18.2067","15.861400000000001","18.200200000000002","3.4093","19.0317","8","1","1","False","0"
"11480","2017220847104","1830417677781","1830417847453","17.193600000000004","16.967200000000002","0.22640000000000002","17.1127","0.2968","False","18.162200000000002","17.197","18.2067","4.4190000000000005","21.386200000000002","8","1","1","False","0"
"11480","2017220847104","1830417849717","1830418040776","19.371100000000002","19.105900000000002","0.2652","19.3721","0.29460000000000003","False","18.1662","19.3323","18.162200000000002","3.2489000000000003","22.3548","8","1","1","False","0"
"11480","2017220847104","1830418043428","1830418214256","17.3149","17.082800000000002","0.2321","17.2815","0.264","False","24.26","17.348000000000003","18.1662","4.0671","21.149900000000002","8","1","1","False","0"
"11480","2017220847104","1830418216577","1830418471243","25.6602","25.4666","0.19360000000000002","25.8194","0.39430000000000004","False","12.116000000000001","25.698700000000002","24.26","2.6284","28.095000000000002","8","1","1","False","0"
"11480","2017220847104","1830418473179","1830418599931","12.8521","12.6752","0.1769","12.8063","0.3378","False","18.2281","12.8688","12.116000000000001","1.8756000000000002","14.5508","8","1","1","False","0"
"11480","2017220847104","1830418601700","1830418769983","17.067200000000003","16.828300000000002","0.2389","17.1219","0.4131","False","18.207","17.005200000000002","18.2281","3.0985","19.9268","8","1","1","False","0"
"11480","2017220847104","1830418772372","1830418959519","18.978","18.7147","0.26330000000000003","18.915300000000002","0.3819","False","18.1675","18.9536","18.207","2.3519","21.0666","8","1","1","False","0"
"11480","2017220847104","1830418962152","1830419113536","15.306700000000001","15.1384","0.1683","15.3682","0.3855","False","18.139300000000002","15.4017","18.1675","5.1177","20.2561","8","1","1","False","0"
"11480","2017220847104","1830419115219","1830419313178","19.9685","19.7959","0.1726","20.0304","0.4307","False","12.1051","19.9642","18.139300000000002","3.2928","23.0887","8","1","1","False","0"
"11480","2017220847104","1830419314904","1830419424859","11.1608","10.9955","0.1653","11.017800000000001","0.3035","False","24.2693","11.1681","12.1051","4.2298","15.2253","8","1","1","False","0"
"11480","2017220847104","1830419426512","1830419647667","22.3159","22.1155","0.20040000000000002","22.411","0.4198","False","12.104800000000001","22.280800000000003","24.2693","6.2183","28.3338","8","1","1","False","0"
"11480","2017220847104","1830419649671","1830419794145","14.6082","14.4474","0.1608","14.511000000000001","0.30160000000000003","False","18.1599","14.6478","12.104800000000001","3.6753","18.122700000000002","8","1","1","False","0"
"11480","2017220847104","1830419795753","1830419998675","20.5343","20.2922","0.2421","20.6291","0.4304","False","18.2114","20.453","18.1599","1.3822","21.674400000000002","8","1","1","False","0"
"11480","2017220847104","1830420001096","1830420153202","15.3518","15.210600000000001","0.14120000000000002","15.3207","0.3433","False","12.0972","15.4527","18.2114","4.1409","19.3515","8","1","1","False","0"
"11480","2017220847104","1830420154614","1830420253552","10.280100000000001","9.8938","0.38630000000000003","10.1426","0.2931","False","12.1211","10.035","12.0972","6.2031","16.0969","8","1","1","False","0"
"11480","2017220847104","1830420257415","1830420420943","16.5408","16.352800000000002","0.188","16.741400000000002","0.43970000000000004","False","18.194200000000002","16.7391","12.1211","1.5851000000000002","17.937900000000003","8","1","1","False","0"
"11480","2017220847104","1830420422823","1830420579325","15.8101","15.6502","0.15990000000000001","15.5698","0.4349","False","18.1725","15.8382","18.194200000000002","3.9411","19.5913","8","1","1","False","0"
"11480","2017220847104","1830420580924","1830420749398","17.0595","16.8474","0.2121","17.3336","0.49210000000000004","False","12.1073","17.0073","18.1725","5.1063","21.9537","8","1","1","False","0"
"11480","2017220847104","1830420751519","1830420912906","16.3422","16.1387","0.20350000000000001","16.3137","0.4491","False","24.2622","16.3508","12.1073","0.8628","17.0015","8","1","1","False","0"
"11480","2017220847104","1830420914941","1830421131127","21.7946","21.6186","0.17600000000000002","21.7601","0.4002","False","12.1082","21.822100000000002","24.2622","3.3029","24.9215","8","1","1","False","0"
"11480","2017220847104","1830421132887","1830421227180","9.7312","9.4293","0.3019","9.6109","0.3357","False","12.124500000000001","9.6053","12.1082","5.8058000000000005","15.235100000000001","8","1","1","False","0"
"11480","2017220847104","1830421230199","1830421379216","15.1048","14.9017","0.2031","15.1918","0.3871","False","18.1769","15.203600000000002","12.124500000000001","2.7267","17.6284","8","1","1","False","0"
"11480","2017220847104","1830421381247","1830421561929","18.2921","18.0682","0.22390000000000002","18.278100000000002","0.4046","False","18.1949","18.2713","18.1769","2.6323000000000003","20.7005","8","1","1","False","0"
"11480","2017220847104","1830421564168","1830421725758","16.338700000000003","16.159000000000002","0.1797","16.380300000000002","0.3932","False","18.1734","16.3829","18.1949","4.4443","20.6033","8","1","1","False","0"
"11480","2017220847104","1830421727555","1830421915073","18.938299999999998","18.7518","0.1865","18.9485","0.4041","False","18.1767","18.9315","18.1734","3.6862000000000004","22.438000000000002","8","1","1","False","0"
"11480","2017220847104","1830421916938","1830422106782","19.2236","18.9844","0.23920000000000002","19.2099","0.42360000000000003","False","18.2259","19.1709","18.1767","2.692","21.6764","8","1","1","False","0"
"11480","2017220847104","1830422109174","1830422272004","16.46","16.283","0.17700000000000002","16.464100000000002","0.4026","False","18.1372","16.5222","18.2259","4.395700000000001","20.678700000000003","8","1","1","False","0"
"11480","2017220847104","1830422273774","1830422432724","16.2165","15.895000000000001","0.3215","16.173000000000002","0.434","False","18.2007","16.072","18.1372","6.4609000000000005","22.355900000000002","8","1","1","False","0"
"11480","2017220847104","1830422435939","1830422613325","18.028000000000002","17.7386","0.2894","18.110200000000003","0.4893","False","12.1136","18.060100000000002","18.2007","6.601500000000001","24.3401","8","1","1","False","0"
"11480","2017220847104","1830422616219","1830422773467","15.9437","15.7248","0.2189","15.9113","0.42150000000000004","False","18.1832","16.014200000000002","12.1136","2.7009000000000003","18.425700000000003","8","1","1","False","0"
"11480","2017220847104","1830422775656","1830422952925","17.9483","17.7269","0.2214","17.6769","0.4466","False","18.1746","17.945800000000002","18.1832","2.9383000000000004","20.665200000000002","8","1","1","False","0"
"11480","2017220847104","1830422955139","1830423102898","15.0747","14.7759","0.2988","15.2931","0.4369","False","12.1179","14.997300000000001","18.1746","6.115600000000001","20.8915","8","1","1","False","0"
"11480","2017220847104","1830423105886","1830423269497","16.5657","16.3611","0.2046","16.6385","0.4369","False","18.1825","16.6599","12.1179","1.5736","17.9347","8","1","1","False","0"
"11480","2017220847104","1830423271543","1830423428069","15.843100000000002","15.652600000000001","0.1905","15.830200000000001","0.4214","False","18.245900000000002","15.8572","18.1825","3.8989000000000003","19.5515","8","1","1","False","0"
"11480","2017220847104","1830423429974","1830423600184","17.3232","17.021","0.3022","17.2694","0.4026","False","12.047","17.2115","18.245900000000002","4.9333","21.9543","8","1","1","False","0"
"11480","2017220847104","1830423603206","1830423760228","15.953800000000001","15.702200000000001","0.2516","15.941400000000002","0.368","False","24.250500000000002","16.0044","12.047","0.9759000000000001","16.6781","8","1","1","False","0"
"11480","2017220847104","1830423762744","1830423951193","19.042","18.844900000000003","0.1971","19.0135","0.3276","False","18.1965","19.096500000000002","24.250500000000002","6.1299","24.974800000000002","8","1","1","False","0"
"11480","2017220847104","1830423953164","1830424130009","17.975","17.6845","0.29050000000000004","17.9262","0.3302","False","12.0975","17.881600000000002","18.1965","6.444800000000001","24.1293","8","1","1","False","0"
"11480","2017220847104","1830424132914","1830424288493","15.8631","15.5579","0.3052","15.7811","0.24350000000000002","False","18.2728","15.848400000000002","12.0975","2.6939","18.2518","8","1","1","False","0"
"11480","2017220847104","1830424291545","1830424445242","15.6901","15.3697","0.3204","15.853000000000002","0.40640000000000004","False","18.1009","15.674900000000001","18.2728","5.2918","20.6615","8","1","1","False","0"
"11480","2017220847104","1830424448446","1830424626148","18.0428","17.7702","0.2726","18.039","0.3905","False","12.106","18.090600000000002","18.1009","5.3021","23.072300000000002","8","1","1","False","0"
"11480","2017220847104","1830424628874","1830424792871","16.665499999999998","16.3997","0.26580000000000004","16.5389","0.26330000000000003","False","18.2327","16.6723","12.106","0.7358","17.1355","8","1","1","False","0"
"11480","2017220847104","1830424795529","1830424931171","13.784300000000002","13.564200000000001","0.22010000000000002","13.8933","0.3412","False","18.1858","13.83","18.2327","5.1385000000000005","18.7027","8","1","1","False","0"
"11480","2017220847104","1830424933372","1830425112532","18.1545","17.916","0.23850000000000002","18.1228","0.3287","False","12.0667","18.136100000000003","18.1858","5.1882","23.104200000000002","8","1","1","False","0"
"11480","2017220847104","1830425114917","1830425270079","15.780100000000001","15.516200000000001","0.2639","15.684600000000001","0.2485","False","18.194200000000002","15.754700000000001","12.0667","1.5002","17.0164","8","1","1","False","0"
"11480","2017220847104","1830425272718","1830425445671","17.5261","17.2953","0.2308","17.502000000000002","0.4005","False","18.1735","17.5592","18.194200000000002","2.1352","19.430500000000002","8","1","1","False","0"
"11480","2017220847104","1830425447979","1830425640693","19.6174","19.2714","0.34600000000000003","19.6778","0.33330000000000004","False","18.2229","19.502200000000002","18.1735","0.8065","20.0779","8","1","1","False","0"
"11480","2017220847104","1830425644153","1830425769518","12.7361","12.5365","0.1996","12.815800000000001","0.3287","False","12.0854","12.8825","18.2229","6.1469000000000005","18.683400000000002","8","1","1","False","0"
"11480","2017220847104","1830425771514","1830425930559","16.0824","15.9045","0.1779","15.990400000000001","0.23240000000000002","False","18.1872","16.104100000000003","12.0854","2.1282","18.032700000000002","8","1","1","False","0"
"11480","2017220847104","1830425932338","1830426103893","17.5216","17.1555","0.36610000000000004","17.6036","0.35750000000000004","False","18.180300000000003","17.3334","18.1872","2.982","20.1375","8","1","1","False","0"
"11480","2017220847104","1830426107554","1830426300930","19.6457","19.337600000000002","0.30810000000000004","19.7438","0.4621","False","18.187900000000003","19.7037","18.180300000000003","1.4586000000000001","20.796200000000002","8","1","1","False","0"
"11480","2017220847104","1830426304011","1830426482035","18.1182","17.802400000000002","0.3158","17.8689","0.24080000000000001","False","24.2542","18.110500000000002","18.187900000000003","1.536","19.3384","8","1","1","False","0"
"11480","2017220847104","1830426485193","1830426712594","23.0015","22.7401","0.2614","23.2636","0.4632","False","18.160500000000003","23.0559","24.2542","2.7343","25.474400000000003","8","1","1","False","0"
"11480","2017220847104","1830426715208","1830426914227","20.218500000000002","19.9019","0.3166","20.2194","0.4953","False","18.1768","20.1633","18.160500000000003","0.7315","20.6334","8","1","1","False","0"
"11480","2017220847104","1830426917393","1830427097735","18.317800000000002","18.034200000000002","0.2836","18.180400000000002","0.3382","False","24.2554","18.3508","18.1768","0.5575","18.5917","8","1","1","False","0"
"11480","2017220847104","1830427100571","1830427333218","23.445600000000002","23.2647","0.1809","23.503400000000003","0.3442","False","24.2472","23.5483","24.2554","1.2646000000000002","24.529300000000003","8","1","1","False","0"
"11480","2017220847104","1830427335027","1830427537660","20.5681","20.2633","0.3048","20.5765","0.4233","False","18.1721","20.444200000000002","24.2472","5.0676000000000005","25.3309","8","1","1","False","0"
"11480","2017220847104","1830427540708","1830427724990","18.6416","18.4282","0.2134","18.5956","0.3068","False","18.2052","18.733","18.1721","4.5067","22.934900000000003","8","1","1","False","0"
"11480","2017220847104","1830427727124","1830427922484","19.7529","19.536","0.2169","19.7664","0.3317","False","18.2025","19.7494","18.2052","2.9625000000000004","22.4985","8","1","1","False","0"
"11480","2017220847104","1830427924653","1830428082334","15.9315","15.7681","0.16340000000000002","15.9124","0.2808","False","18.181800000000003","15.985000000000001","18.2025","5.180000000000001","20.9481","8","1","1","False","0"
"11480","2017220847104","1830428083968","1830428272737","19.0709","18.876900000000003","0.194","19.075300000000002","0.3104","False","18.174","19.040300000000002","18.181800000000003","4.3215","23.1984","8","1","1","False","0"
"11480","2017220847104","1830428274677","1830428463079","19.1392","18.8402","0.299","19.142300000000002","0.3435","False","18.145","19.034200000000002","18.174","3.4613","22.3015","8","1","1","False","0"
"11480","2017220847104","1830428466069","1830428658142","19.4147","19.2073","0.2074","19.261300000000002","0.3422","False","18.1781","19.5063","18.145","2.1","21.3073","8","1","1","False","0"
"11480","2017220847104","1830428660216","1830428841653","18.2937","18.143700000000003","0.15","18.5347","0.3814","False","24.2699","18.351100000000002","18.1781","1.927","20.070700000000002","8","1","1","False","0"
"11480","2017220847104","1830428843153","1830429044457","20.458000000000002","20.1304","0.3276","20.4405","0.4369","False","12.0982","20.2804","24.2699","5.9165","26.0469","8","1","1","False","0"
"11480","2017220847104","1830429047733","1830429215307","17.0716","16.7574","0.31420000000000003","17.0103","0.391","False","18.1885","17.085","12.0982","0.9297000000000001","17.6871","8","1","1","False","0"
"11480","2017220847104","1830429218449","1830429392931","17.7209","17.4482","0.2727","17.7234","0.3687","False","18.180300000000003","17.7624","18.1885","1.3558000000000001","18.804000000000002","8","1","1","False","0"
"11480","2017220847104","1830429395658","1830429578052","18.4382","18.2394","0.1988","18.4543","0.33990000000000004","False","24.2753","18.5121","18.180300000000003","1.024","19.2634","8","1","1","False","0"
"11480","2017220847104","1830429580040","1830429772817","19.5441","19.2777","0.2664","19.5485","0.3811","False","12.0859","19.4765","24.2753","5.8228","25.1005","8","1","1","False","0"
"11480","2017220847104","1830429775481","1830429941319","16.7673","16.5838","0.1835","16.747","0.3395","False","30.3336","16.8502","12.0859","1.0585","17.642300000000002","8","1","1","False","0"
"11480","2017220847104","1830429943154","1830430197513","25.6616","25.4359","0.2257","25.7927","0.6464000000000001","False","18.1762","25.619400000000002","30.3336","5.7727","31.2086","8","1","1","False","0"
"11480","2017220847104","1830430199770","1830430381427","18.3565","18.1657","0.1908","18.3275","0.40950000000000003","False","12.1091","18.3914","18.1762","5.5575","23.723200000000002","8","1","1","False","0"
"11480","2017220847104","1830430383335","1830430512332","13.036100000000001","12.899700000000001","0.1364","12.9205","0.2908","False","18.209500000000002","13.0905","12.1091","4.5761","17.4758","8","1","1","False","0"
"11480","2017220847104","1830430513696","1830430676133","16.4005","16.2437","0.1568","16.4101","0.30870000000000003","False","12.089","16.380100000000002","18.209500000000002","6.4055","22.6492","8","1","1","False","0"
"11480","2017220847104","1830430677701","1830430826318","15.011500000000002","14.8617","0.14980000000000002","15.000300000000001","0.2963","False","18.1963","15.018500000000001","12.089","3.476","18.3377","8","1","1","False","0"
"11480","2017220847104","1830430827816","1830430984871","15.859900000000001","15.7055","0.1544","15.8833","0.321","False","12.093","15.855300000000002","18.1963","5.817","21.5225","8","1","1","False","0"
"11480","2017220847104","1830430986415","1830431123067","13.8267","13.6652","0.1615","14.0004","0.4872","False","18.2198","13.819600000000001","12.093","4.0904","17.7556","8","1","1","False","0"
"11480","2017220847104","1830431124682","1830431280894","15.8064","15.6212","0.1852","16.064","0.7644000000000001","False","12.1193","15.7827","18.2198","6.527500000000001","22.1487","8","1","1","False","0"
"11480","2017220847104","1830431282746","1830431412859","13.1646","13.0113","0.15330000000000002","12.747200000000001","0.5543","False","12.077300000000001","13.1965","12.1193","5.4503","18.4616","8","1","1","False","0"
"11480","2017220847104","1830431414392","1830431578876","16.6002","16.4484","0.15180000000000002","16.7866","0.5178","False","18.201900000000002","16.6017","12.077300000000001","0.9259000000000001","17.3743","8","1","1","False","0"
"11480","2017220847104","1830431580394","1830431737649","15.9224","15.7255","0.19690000000000002","16.168","0.7939","False","18.2161","15.8773","18.201900000000002","3.2505","18.976000000000003","8","1","1","False","0"
"11480","2017220847104","1830431739618","1830431892191","15.414200000000001","15.2573","0.1569","15.167900000000001","0.5209","False","12.09","15.4542","18.2161","6.0124","21.2697","8","1","1","False","0"
"11480","2017220847104","1830431893760","1830432031759","13.980200000000002","13.799900000000001","0.18030000000000002","13.9463","0.49910000000000004","False","18.2343","13.956800000000001","12.09","4.1456","17.9455","8","1","1","False","0"
"11480","2017220847104","1830432033562","1830432194924","16.3915","16.136200000000002","0.2553","16.3777","0.525","False","12.0774","16.3165","18.2343","6.063400000000001","22.1996","8","1","1","False","0"
"11480","2017220847104","1830432197477","1830432315587","11.9968","11.811","0.18580000000000002","12.051","0.5292","False","12.1012","12.0663","12.0774","6.0745000000000005","17.8855","8","1","1","False","0"
"11480","2017220847104","1830432317445","1830432475556","15.965600000000002","15.811100000000001","0.1545","15.968","0.5314","False","18.209500000000002","15.9969","12.1012","2.1788000000000003","17.989900000000002","8","1","1","False","0"
"11480","2017220847104","1830432477101","1830432617807","14.3399","14.0706","0.26930000000000004","14.481900000000001","0.7623000000000001","False","12.119200000000001","14.225100000000001","18.209500000000002","6.163200000000001","20.233800000000002","8","1","1","False","0"
"11480","2017220847104","1830432620500","1830432778818","15.998500000000002","15.831800000000001","0.16670000000000001","15.8711","0.5416000000000001","False","18.1763","16.101100000000002","12.119200000000001","2.1813000000000002","18.0131","8","1","1","False","0"
"11480","2017220847104","1830432780485","1830432948660","17.041700000000002","16.817500000000003","0.2242","17.011","0.5357000000000001","False","18.212300000000003","16.9842","18.1763","3.3734","20.190900000000003","8","1","1","False","0"
"11480","2017220847104","1830432950902","1830433103175","15.385500000000002","15.227300000000001","0.1582","15.394900000000002","0.5222","False","12.105","15.451500000000001","18.212300000000003","6.1342","21.3615","8","1","1","False","0"
"11480","2017220847104","1830433104757","1830433218338","11.5276","11.3581","0.1695","11.588700000000001","0.5916","False","18.180600000000002","11.516300000000001","12.105","6.7229","18.081","8","1","1","False","0"
"11480","2017220847104","1830433220033","1830433410264","19.160999999999998","19.0231","0.1379","18.9339","0.5814","False","12.1171","19.192600000000002","18.180600000000002","5.7109000000000005","24.734","8","1","1","False","0"
"11480","2017220847104","1830433411643","1830433545241","13.5182","13.3598","0.1584","13.6585","0.4888","False","12.080300000000001","13.4977","12.1171","4.3303","17.6901","8","1","1","False","0"
"11480","2017220847104","1830433546825","1830433695303","15.007800000000001","14.847800000000001","0.16","15.072500000000002","0.5626","False","18.198900000000002","15.006200000000002","12.080300000000001","1.4044","16.252200000000002","8","1","1","False","0"
"11480","2017220847104","1830433696903","1830433873763","17.8522","17.686","0.16620000000000001","18.0591","0.781","False","12.1189","17.846","18.198900000000002","1.7573","19.4433","8","1","1","False","0"
"11480","2017220847104","1830433875425","1830433980956","10.7062","10.5531","0.1531","10.489600000000001","0.5502","False","24.287300000000002","10.7193","12.1189","3.1569000000000003","13.71","8","1","1","False","0"
"11480","2017220847104","1830433982487","1830434189637","20.8989","20.715","0.1839","21.1734","0.8303","False","12.092600000000001","20.868100000000002","24.287300000000002","6.5761","27.2911","8","1","1","False","0"
"11480","2017220847104","1830434191476","1830434314587","12.4808","12.3111","0.16970000000000002","12.191","0.5449","False","18.2012","12.495000000000001","12.092600000000001","6.1737","18.4848","8","1","1","False","0"
"11480","2017220847104","1830434316284","1830434506075","19.121900000000004","18.979100000000003","0.1428","19.3136","0.7188","False","12.100200000000001","19.1488","18.2012","5.226100000000001","24.2052","8","1","1","False","0"
"11480","2017220847104","1830434507503","1830434636998","13.087100000000001","12.9495","0.1376","12.8907","0.5244","False","18.2066","13.0923","12.100200000000001","4.234","17.183500000000002","8","1","1","False","0"
"11480","2017220847104","1830434638374","1830434811775","17.5469","17.3401","0.2068","17.5413","0.5497000000000001","False","12.1059","17.477700000000002","18.2066","4.9629","22.303","8","1","1","False","0"
"11480","2017220847104","1830434813843","1830434937954","12.546500000000002","12.411100000000001","0.13540000000000002","12.569","0.5376000000000001","False","18.177300000000002","12.6179","12.1059","4.4509","16.862000000000002","8","1","1","False","0"
"11480","2017220847104","1830434939308","1830435096646","15.899000000000001","15.7338","0.1652","15.9229","0.5854","False","12.0967","15.869200000000001","18.177300000000002","6.759","22.492800000000003","8","1","1","False","0"
"11480","2017220847104","1830435098298","1830435260194","16.340000000000003","16.189600000000002","0.1504","16.3109","0.5425","False","18.202","16.3548","12.0967","2.5009","18.6905","8","1","1","False","0"
"11480","2017220847104","1830435261698","1830435415766","15.6012","15.4068","0.19440000000000002","15.909600000000001","0.8597","False","12.1028","15.5572","18.202","5.145700000000001","20.552500000000002","8","1","1","False","0"
"11480","2017220847104","1830435417710","1830435557883","14.169","14.0173","0.1517","13.8681","0.549","False","18.2072","14.2117","12.1028","3.0368","17.054100000000002","8","1","1","False","0"
"11480","2017220847104","1830435559400","1830435711652","15.3673","15.225200000000001","0.1421","15.382000000000001","0.8575","False","12.084200000000001","15.376900000000001","18.2072","5.867100000000001","21.0923","8","1","1","False","0"
"11480","2017220847104","1830435713073","1830435878895","16.741600000000002","16.5822","0.15940000000000001","16.7575","0.5831000000000001","False","12.120800000000001","16.7243","12.084200000000001","1.227","17.8092","8","1","1","False","0"
"11480","2017220847104","1830435880489","1830435996553","11.798900000000001","11.6064","0.1925","12.0966","0.8819","False","18.2107","11.7658","12.120800000000001","1.582","13.188400000000001","8","1","1","False","0"
"11480","2017220847104","1830435998478","1830436172856","17.5911","17.4378","0.15330000000000002","17.5807","0.8682000000000001","False","12.0927","17.630300000000002","18.2107","2.1624000000000003","19.6002","8","1","1","False","0"
"11480","2017220847104","1830436174389","1830436291508","11.9057","11.7119","0.1938","11.592500000000001","0.5760000000000001","False","18.1783","11.8652","12.0927","2.3899","14.1018","8","1","1","False","0"
"11480","2017220847104","1830436293446","1830436486805","19.557000000000002","19.335900000000002","0.22110000000000002","19.725","0.756","False","12.1448","19.529700000000002","18.1783","1.0385","20.3744","8","1","1","False","0"
"11480","2017220847104","1830436489016","1830436579980","9.3274","9.096400000000001","0.231","9.01","0.44380000000000003","False","18.2091","9.3175","12.1448","3.8658","12.962200000000001","8","1","1","False","0"
"11480","2017220847104","1830436582290","1830436738920","15.8648","15.663","0.2018","16.155","0.7097","False","12.1173","15.894","18.2091","6.1809","21.8439","8","1","1","False","0"
"11480","2017220847104","1830436740938","1830436856827","11.769","11.5889","0.1801","11.5073","0.45030000000000003","False","12.1011","11.790700000000001","12.1173","6.5075","18.0964","8","1","1","False","0"
"11480","2017220847104","1830436858628","1830436999493","14.2521","14.086500000000001","0.1656","14.240400000000001","0.42700000000000005","False","12.098500000000001","14.2666","12.1011","4.3420000000000005","18.4285","8","1","1","False","0"
"11480","2017220847104","1830437001149","1830437131118","13.1785","12.9969","0.1816","13.1795","0.43660000000000004","False","18.2209","13.162500000000001","12.098500000000001","3.278","16.274900000000002","8","1","1","False","0"
"11480","2017220847104","1830437132934","1830437275745","14.5375","14.2811","0.2564","14.8702","0.7853","False","12.117700000000001","14.4627","18.2209","7.0362","21.3173","8","1","1","False","0"
"11480","2017220847104","1830437278309","1830437414587","13.803","13.6278","0.1752","13.445400000000001","0.4157","False","12.0873","13.8842","12.117700000000001","5.2697","18.8975","8","1","1","False","0"
"11480","2017220847104","1830437416339","1830437553756","13.8748","13.7417","0.1331","13.879000000000001","0.46840000000000004","False","12.113100000000001","13.9169","12.0873","3.4401","17.1818","8","1","1","False","0"
"11480","2017220847104","1830437555087","1830437694394","14.1131","13.9307","0.1824","14.4756","0.7774000000000001","False","18.210900000000002","14.0638","12.113100000000001","1.4894","15.420100000000001","8","1","1","False","0"
"11480","2017220847104","1830437696218","1830437843226","14.8855","14.700800000000001","0.1847","14.871300000000002","0.7631","False","12.0966","14.8832","18.210900000000002","4.8171","19.5179","8","1","1","False","0"
"11480","2017220847104","1830437845073","1830437974105","13.0912","12.9032","0.188","12.7859","0.45480000000000004","False","12.1255","13.087900000000001","12.0966","3.8258","16.729","8","1","1","False","0"
"11480","2017220847104","1830437975985","1830438117825","14.3673","14.184000000000001","0.18330000000000002","14.698400000000001","0.7894","False","18.230800000000002","14.372","12.1255","1.5793000000000001","15.763300000000001","8","1","1","False","0"
"11480","2017220847104","1830438119658","1830438249222","13.1323","12.9564","0.1759","13.1022","0.7579","False","12.0617","13.139700000000001","18.230800000000002","6.6704","19.6268","8","1","1","False","0"
"11480","2017220847104","1830438250981","1830438420776","17.1519","16.9795","0.1724","16.868100000000002","0.47140000000000004","False","12.1225","17.1554","12.0617","1.5767","18.5562","8","1","1","False","0"
"11480","2017220847104","1830438422500","1830438545039","12.5101","12.2539","0.25620000000000004","12.733600000000001","0.7565000000000001","False","18.216900000000003","12.426300000000001","12.1225","1.2729000000000001","13.526800000000001","8","1","1","False","0"
"11480","2017220847104","1830438547601","1830438682179","13.6249","13.4578","0.1671","13.6856","0.7515000000000001","False","12.0945","13.714","18.216900000000003","5.7758","19.233600000000003","8","1","1","False","0"
"11480","2017220847104","1830438683850","1830438828443","14.629800000000001","14.4593","0.1705","14.3293","0.4575","False","18.224600000000002","14.6264","12.0945","3.2439","17.703200000000002","8","1","1","False","0"
"11480","2017220847104","1830438830148","1830438978405","15.007600000000002","14.825700000000001","0.1819","15.297500000000001","0.7506","False","12.0884","14.9962","18.224600000000002","6.472300000000001","21.298000000000002","8","1","1","False","0"
"11480","2017220847104","1830438980224","1830439118986","14.0686","13.8762","0.19240000000000002","13.7804","0.4572","False","18.2193","14.058100000000001","12.0884","4.5026","18.378800000000002","8","1","1","False","0"
"11480","2017220847104","1830439120910","1830439276521","15.739","15.561100000000001","0.1779","16.0995","0.7703","False","12.0852","15.7535","18.2193","6.9684","22.529500000000002","8","1","1","False","0"
"11480","2017220847104","1830439278300","1830439416627","13.9678","13.8327","0.1351","13.58","0.4918","False","18.2176","14.0106","12.0852","5.043","18.875700000000002","8","1","1","False","0"
"11480","2017220847104","1830439417978","1830439579374","16.310000000000002","16.1396","0.1704","16.748900000000003","0.8679","False","12.092","16.2747","18.2176","6.9859","23.125500000000002","8","1","1","False","0"
"11480","2017220847104","1830439581078","1830439711583","13.229600000000001","13.050500000000001","0.1791","12.813500000000001","0.46290000000000003","False","12.1027","13.2209","12.092","5.857","18.907500000000002","8","1","1","False","0"
"11480","2017220847104","1830439713374","1830439873738","16.2361","16.0364","0.19970000000000002","16.2727","0.49210000000000004","False","18.2274","16.215500000000002","12.1027","1.7442","17.7806","8","1","1","False","0"
"11480","2017220847104","1830439875735","1830440017546","14.361500000000001","14.1811","0.1804","14.681000000000001","0.809","False","12.106300000000001","14.3808","18.2274","5.590800000000001","19.771900000000002","8","1","1","False","0"
"11480","2017220847104","1830440019350","1830440151517","13.384500000000001","13.216700000000001","0.1678","13.0585","0.4817","False","12.0905","13.3971","12.106300000000001","4.3","17.5167","8","1","1","False","0"
"11480","2017220847104","1830440153195","1830440302512","15.106300000000001","14.931700000000001","0.1746","15.122900000000001","0.5006","False","30.2968","15.0995","12.0905","1.2910000000000001","16.2227","8","1","1","False","0"
"11480","2017220847104","1830440304258","1830440605879","30.3591","30.162100000000002","0.197","30.6813","0.8244","False","24.2852","30.3367","30.2968","1.2511","31.4132","8","1","1","False","0"
"11480","2017220847104","1830440607849","1830440790324","18.4917","18.247500000000002","0.2442","18.52","0.8824000000000001","False","12.1273","18.4445","24.2852","7.0918","25.3393","8","1","1","False","0"
"11480","2017220847104","1830440792766","1830440922863","13.1773","13.0097","0.1676","12.8126","0.4843","False","12.1114","13.2539","12.1273","5.9652","18.9749","8","1","1","False","0"
"11480","2017220847104","1830440924539","1830441060379","13.773900000000001","13.584000000000001","0.1899","13.7432","0.466","False","12.1258","13.7516","12.1114","4.325","17.909000000000002","8","1","1","False","0"
"11480","2017220847104","1830441062278","1830441172793","11.233600000000001","11.0515","0.1821","11.2561","0.47340000000000004","False","18.1811","11.2414","12.1258","5.2094000000000005","16.2609","8","1","1","False","0"
"11480","2017220847104","1830441174614","1830441349522","17.6537","17.4908","0.16290000000000002","17.6535","0.4723","False","12.1066","17.672900000000002","18.1811","5.7176","23.2084","8","1","1","False","0"
"11480","2017220847104","1830441351151","1830441478385","12.8499","12.7234","0.1265","12.821900000000001","0.5002","False","12.100800000000001","12.8863","12.1066","4.9379","17.6613","8","1","1","False","0"
"11480","2017220847104","1830441479650","1830441632447","15.4566","15.2797","0.1769","15.5196","0.5147","False","18.1846","15.4062","12.100800000000001","1.6325","16.912200000000002","8","1","1","False","0"
"11480","2017220847104","1830441634216","1830441780457","14.8111","14.6241","0.187","15.179","0.8751","False","18.2147","14.801","18.1846","5.016100000000001","19.6402","8","1","1","False","0"
"11480","2017220847104","1830441782327","1830441948232","16.777300000000004","16.590500000000002","0.18680000000000002","16.4058","0.5164","False","6.0212","16.7775","18.2147","6.4533000000000005","23.0438","8","1","1","False","0"
"11480","2017220847104","1830441950100","1830442061271","11.3642","11.1171","0.24710000000000001","11.3353","0.5286000000000001","False","24.291700000000002","11.3039","6.0212","1.1706","12.287700000000001","8","1","1","False","0"
"11480","2017220847104","1830442063742","1830442250419","19.0013","18.6677","0.3336","19.2985","0.8763000000000001","False","6.0227","18.9148","24.291700000000002","6.5475","25.215200000000003","8","1","1","False","0"
"11480","2017220847104","1830442253755","1830442349310","9.727400000000001","9.5555","0.1719","9.471300000000001","0.5191","False","18.1874","9.889100000000001","6.0227","2.6811000000000003","12.236600000000001","8","1","1","False","0"
"11480","2017220847104","1830442351029","1830442514572","16.546400000000002","16.354300000000002","0.19210000000000002","16.9053","0.8795000000000001","False","12.1053","16.5262","18.1874","4.3423","20.6966","8","1","1","False","0"
"11480","2017220847104","1830442516493","1830442642564","12.7771","12.6071","0.17","12.4151","0.513","False","18.1933","12.7992","12.1053","3.6484","16.2555","8","1","1","False","0"
"11480","2017220847104","1830442644264","1830442834988","19.2483","19.072400000000002","0.1759","19.6418","0.9122","False","18.2085","19.2424","18.1933","2.5993","21.6717","8","1","1","False","0"
"11480","2017220847104","1830442836747","1830442982330","14.7461","14.558300000000001","0.18780000000000002","14.3177","0.48610000000000003","False","12.097100000000001","14.734200000000001","18.2085","6.0736","20.6319","8","1","1","False","0"
"11480","2017220847104","1830442984208","1830443124668","14.229400000000002","14.046000000000001","0.1834","14.2611","0.5111","False","18.203200000000002","14.2338","12.097100000000001","3.9369","17.9829","8","1","1","False","0"
"11480","2017220847104","1830443126502","1830443287630","16.28","16.1128","0.16720000000000002","16.2824","0.5132","False","12.1266","16.296200000000002","18.203200000000002","5.8439000000000005","21.9567","8","1","1","False","0"
"11480","2017220847104","1830443289302","1830443400818","11.3824","11.1516","0.2308","11.347100000000001","0.5419","False","12.094000000000001","11.318800000000001","12.1266","6.6517","17.8033","8","1","1","False","0"
"11480","2017220847104","1830443403126","1830443573422","17.160100000000003","17.029600000000002","0.1305","17.165200000000002","0.5474","False","12.099400000000001","17.2604","12.094000000000001","1.4853","18.5149","8","1","1","False","0"
"11480","2017220847104","1830443574727","1830443701877","12.9031","12.715","0.18810000000000002","12.985100000000001","0.5685","False","18.2005","12.845500000000001","12.099400000000001","0.7392000000000001","13.4542","8","1","1","False","0"
"11480","2017220847104","1830443703758","1830443857383","15.550500000000001","15.3625","0.188","15.958200000000001","0.9825","False","12.1292","15.550600000000001","18.2005","3.3891","18.7516","8","1","1","False","0"
"11480","2017220847104","1830443859263","1830443954440","9.686499999999999","9.5177","0.1688","9.247300000000001","0.5353","False","18.1955","9.7057","12.1292","5.812600000000001","15.330300000000001","8","1","1","False","0"
"11480","2017220847104","1830443956128","1830444137576","18.3829","18.1448","0.2381","18.3568","0.5702","False","6.0343","18.3136","18.1955","5.694500000000001","23.8393","8","1","1","False","0"
"11480","2017220847104","1830444139957","1830444230003","9.1876","9.0046","0.183","9.2291","0.5569000000000001","False","18.1919","9.242700000000001","6.0343","2.4861","11.4907","8","1","1","False","0"
"11480","2017220847104","1830444231833","1830444390048","16.1256","15.8215","0.30410000000000004","16.416700000000002","0.9531000000000001","False","12.1066","16.0045","18.1919","4.673500000000001","20.495","8","1","1","False","0"
"11480","2017220847104","1830444393089","1830444520336","12.9068","12.7247","0.1821","12.801","0.7448","False","12.1202","13.0288","12.1066","3.7513","16.476","8","1","1","False","0"
"11480","2017220847104","1830444522157","1830444659788","13.9425","13.763100000000001","0.1794","14.1819","0.9779","False","12.111500000000001","13.9452","12.1202","1.9263000000000001","15.689400000000001","8","1","1","False","0"
"11480","2017220847104","1830444661582","1830444785347","12.5732","12.3765","0.1967","12.5466","0.9661000000000001","False","18.2105","12.555900000000001","12.111500000000001","1.4819","13.858400000000001","8","1","1","False","0"
"11480","2017220847104","1830444787314","1830444918965","13.468100000000002","13.1651","0.303","13.351","0.9395","False","12.1091","13.3618","18.2105","6.3306000000000004","19.4957","8","1","1","False","0"
"11480","2017220847104","1830444921995","1830445036743","11.6485","11.4748","0.17370000000000002","11.4084","0.5952000000000001","False","12.1513","11.777800000000001","12.1091","6.6619","18.1367","8","1","1","False","0"
"11480","2017220847104","1830445038480","1830445169519","13.275400000000001","13.103900000000001","0.1715","13.2142","0.5335","False","12.0931","13.277600000000001","12.1513","5.5356000000000005","18.6395","8","1","1","False","0"
"11480","2017220847104","1830445171234","1830445306313","13.6881","13.507900000000001","0.1802","13.699","0.5479","False","12.1152","13.679400000000001","12.0931","3.9493","17.4572","8","1","1","False","0"
"11480","2017220847104","1830445308115","1830445435682","12.896","12.7567","0.1393","13.0084","0.9372","False","12.1133","12.936900000000001","12.1152","3.1276","15.884300000000001","8","1","1","False","0"
"11480","2017220847104","1830445437075","1830445564186","12.9385","12.7111","0.22740000000000002","13.2057","0.9432","False","18.2282","12.8504","12.1133","2.3905000000000003","15.101600000000001","8","1","1","False","0"
"11480","2017220847104","1830445566460","1830445711423","14.6735","14.496300000000002","0.1772","15.6491","1.8911","False","6.0201","14.723700000000001","18.2282","5.8950000000000005","20.3913","8","1","1","False","0"
"11480","2017220847104","1830445713195","1830445814519","10.306700000000001","10.1324","0.1743","9.3126","0.9045000000000001","False","12.1216","10.3096","6.0201","1.6055000000000001","11.7379","8","1","1","False","0"
"11480","2017220847104","1830445816262","1830445936012","12.157200000000001","11.975000000000001","0.1822","12.579400000000001","1.3317","False","12.1232","12.1493","12.1216","1.5778","13.552800000000001","8","1","1","False","0"
"11480","2017220847104","1830445937834","1830446054583","11.8541","11.674900000000001","0.1792","11.866200000000001","1.3382","False","12.131300000000001","11.8571","12.1232","1.8439","13.5188","8","1","1","False","0"
"11480","2017220847104","1830446056375","1830446147760","9.342600000000001","9.1385","0.2041","9.6333","1.6348","False","12.1456","9.3177","12.131300000000001","4.657500000000001","13.796000000000001","8","1","1","False","0"
"11480","2017220847104","1830446149801","1830446265634","11.757200000000001","11.583300000000001","0.1739","11.2979","1.1700000000000002","False","12.127600000000001","11.7874","12.1456","5.0157","16.599","8","1","1","False","0"
"11480","2017220847104","1830446267373","1830446369881","10.4245","10.2508","0.17370000000000002","10.1232","0.8687","False","6.0391","10.4247","12.127600000000001","6.7186","16.9694","8","1","1","False","0"
"11480","2017220847104","1830446371618","1830446464350","9.457","9.273200000000001","0.18380000000000002","9.4312","0.8570000000000001","False","12.1292","9.446900000000001","6.0391","3.3108","12.584000000000001","8","1","1","False","0"
"11480","2017220847104","1830446466188","1830446560606","9.612300000000001","9.4418","0.1705","10.0252","1.2543","False","12.1273","9.6256","12.1292","5.8144","15.256200000000002","8","1","1","False","0"
"11480","2017220847104","1830446562311","1830446678013","11.7412","11.5702","0.171","11.824","1.3386","False","12.0859","11.7407","12.1273","6.2010000000000005","17.7712","8","1","1","False","0"
"11480","2017220847104","1830446679723","1830446794487","11.6693","11.4764","0.19290000000000002","11.199","0.8699","False","12.128","11.647400000000001","12.0859","6.6395","18.1159","8","1","1","False","0"
"11480","2017220847104","1830446796416","1830446951371","15.668400000000002","15.495500000000002","0.1729","16.1035","1.3011000000000001","False","18.1822","15.688400000000001","12.128","3.0791","18.5746","8","1","1","False","0"
"11480","2017220847104","1830446953100","1830447109650","15.841600000000001","15.655000000000001","0.18660000000000002","16.2437","1.7154","False","18.1802","15.827900000000001","18.1822","5.433400000000001","21.0884","8","1","1","False","0"
"11480","2017220847104","1830447111516","1830447283358","17.5197","17.1842","0.3355","17.2134","1.5549000000000002","False","18.1807","17.3708","18.1802","6.2428","23.427","8","1","1","False","0"
"11480","2017220847104","1830447286713","1830447457786","17.324600000000004","17.107300000000002","0.21730000000000002","17.090700000000002","1.1722000000000001","False","12.1736","17.442800000000002","18.1807","6.980700000000001","24.088","8","1","1","False","0"
"11480","2017220847104","1830447459959","1830447624649","16.6583","16.469","0.1893","16.6746","1.1962000000000002","False","18.131700000000002","16.6863","12.1736","2.468","18.937","8","1","1","False","0"
"11480","2017220847104","1830447626542","1830447772823","14.8178","14.6281","0.1897","15.145000000000001","1.5168000000000001","False","18.1792","14.817400000000001","18.131700000000002","5.7823","20.4104","8","1","1","False","0"
"11480","2017220847104","1830447774720","1830447940382","16.7615","16.566200000000002","0.1953","16.419","1.1787","False","12.1167","16.7559","18.1792","7.2056000000000004","23.771800000000002","8","1","1","False","0"
"11480","2017220847104","1830447942335","1830448113954","17.375899999999998","17.1619","0.21400000000000002","17.4036","1.1986","False","18.192","17.357200000000002","12.1167","1.9651","19.127000000000002","8","1","1","False","0"
"11480","2017220847104","1830448116094","1830448291000","17.6841","17.4906","0.1935","17.7819","1.2842","False","18.1747","17.7046","18.192","2.4525","19.9431","8","1","1","False","0"
"11480","2017220847104","1830448292935","1830448441086","14.997200000000001","14.815100000000001","0.1821","15.171600000000002","1.4706000000000001","False","18.1799","15.008600000000001","18.1747","5.618600000000001","20.4337","8","1","1","False","0"
"11480","2017220847104","1830448442907","1830448616146","17.5256","17.323900000000002","0.20170000000000002","17.436400000000003","1.3865","False","12.118300000000001","17.506","18.1799","6.2925","23.616400000000002","8","1","1","False","0"
"11480","2017220847104","1830448618163","1830448786450","17.0363","16.8287","0.2076","16.8438","1.1917","False","18.1906","17.0304","12.118300000000001","1.3804","18.2091","8","1","1","False","0"
"11480","2017220847104","1830448788526","1830448939739","15.3129","15.121300000000002","0.19160000000000002","15.3969","1.2841","False","18.180600000000002","15.3289","18.1906","4.2421","19.363400000000002","8","1","1","False","0"
"11480","2017220847104","1830448941655","1830449111509","17.177400000000002","16.985400000000002","0.192","17.39","1.4866000000000001","False","18.1798","17.177","18.180600000000002","5.2457","22.2311","8","1","1","False","0"
"11480","2017220847104","1830449113429","1830449281593","17.047900000000002","16.8164","0.2315","16.8586","1.3039","False","12.1278","17.0084","18.1798","6.4171000000000005","23.2335","8","1","1","False","0"
"11480","2017220847104","1830449283908","1830449452031","16.9968","16.8123","0.1845","16.8993","1.1984000000000001","False","18.1764","17.0438","12.1278","1.5011","18.3134","8","1","1","False","0"
"11480","2017220847104","1830449453876","1830449611536","15.9518","15.766","0.18580000000000002","16.0019","1.2505000000000002","False","18.1856","15.9505","18.1764","3.7270000000000003","19.493000000000002","8","1","1","False","0"
"11480","2017220847104","1830449613394","1830449807958","19.629800000000003","19.456400000000002","0.1734","19.6517","1.2654","False","12.113800000000001","19.642200000000003","18.1856","2.2704","21.7268","8","1","1","False","0"
"11480","2017220847104","1830449809692","1830449937392","12.981300000000001","12.770000000000001","0.21130000000000002","12.9619","1.2542","False","18.232400000000002","12.9434","12.113800000000001","1.4408","14.2108","8","1","1","False","0"
"11480","2017220847104","1830449939505","1830450109384","17.1697","16.9879","0.18180000000000002","17.1886","1.2692","False","18.134800000000002","17.1992","18.232400000000002","2.474","19.4619","8","1","1","False","0"
"11480","2017220847104","1830450111202","1830450286358","17.7256","17.5156","0.21000000000000002","17.6723","1.233","False","18.1798","17.697400000000002","18.134800000000002","2.9114","20.427","8","1","1","False","0"
"11480","2017220847104","1830450288458","1830450435498","14.850800000000001","14.704","0.1468","14.6957","1.3385","False","18.1798","14.914000000000001","18.1798","6.1772","20.8812","8","1","1","False","0"
"11480","2017220847104","1830450436966","1830450613713","17.883000000000003","17.6747","0.2083","18.1412","1.3241","False","18.1861","17.8215","18.1798","6.535500000000001","24.2102","8","1","1","False","0"
"11480","2017220847104","1830450615796","1830450788384","17.4361","17.2588","0.1773","17.434900000000003","1.3171000000000002","False","12.1239","17.467100000000002","18.1861","7.2545","24.5133","8","1","1","False","0"
"11480","2017220847104","1830450790157","1830450943467","15.518600000000001","15.331000000000001","0.18760000000000002","15.525300000000001","1.3295000000000001","False","18.1786","15.5083","12.1239","3.8701000000000003","19.2011","8","1","1","False","0"
"11480","2017220847104","1830450945343","1830451115523","17.1979","17.018","0.1799","17.4694","1.5824","False","18.1858","17.2056","18.1786","4.843100000000001","21.8611","8","1","1","False","0"
"11480","2017220847104","1830451117322","1830451292010","17.671200000000002","17.4688","0.2024","17.645500000000002","1.5702","False","12.1195","17.6487","18.1858","5.3802","22.849","8","1","1","False","0"
"11480","2017220847104","1830451294034","1830451434134","14.2008","14.01","0.1908","13.890400000000001","1.2639","False","18.1787","14.2124","12.1195","3.2873","17.2973","8","1","1","False","0"
"11480","2017220847104","1830451436042","1830451601329","16.7325","16.5287","0.2038","17.2336","1.7788000000000002","False","18.186500000000002","16.7195","18.1787","4.7465","21.2752","8","1","1","False","0"
"11480","2017220847104","1830451603367","1830451780280","17.890700000000002","17.691300000000002","0.19940000000000002","18.1885","2.057","False","18.2134","17.8951","18.186500000000002","5.0379000000000005","22.729200000000002","8","1","1","False","0"
"11480","2017220847104","1830451782274","1830451940880","16.061600000000002","15.860600000000002","0.201","15.965300000000001","1.9738","False","18.1441","16.060000000000002","18.2134","7.1913","23.0519","8","1","1","False","0"
"11480","2017220847104","1830451942890","1830452111386","17.0407","16.849600000000002","0.19110000000000002","17.3184","2.246","False","12.1302","17.0506","18.1441","8.2848","25.134400000000003","8","1","1","False","0"
"11480","2017220847104","1830452113297","1830452284892","17.346300000000003","17.1595","0.18680000000000002","16.9795","1.8753000000000002","False","18.178","17.3506","12.1302","3.0644","20.2239","8","1","1","False","0"
"11480","2017220847104","1830452286760","1830452446598","16.180600000000002","15.9838","0.1968","16.4284","2.12","False","18.1777","16.1706","18.178","5.0718000000000005","21.055600000000002","8","1","1","False","0"
"11480","2017220847104","1830452448566","1830452613545","16.6977","16.4979","0.1998","17.0607","2.4947","False","18.1808","16.6947","18.1777","6.5548","23.0527","8","1","1","False","0"
"11480","2017220847104","1830452615543","1830452784300","17.146","16.875700000000002","0.27030000000000004","16.6457","2.0665","False","12.1311","17.0755","18.1808","7.660100000000001","24.535800000000002","8","1","1","False","0"
"11480","2017220847104","1830452787003","1830452936067","15.111100000000002","14.906400000000001","0.20470000000000002","15.2109","2.0997","False","18.183","15.1767","12.1311","4.6145000000000005","19.5209","8","1","1","False","0"
"11480","2017220847104","1830452938114","1830453100569","16.4596","16.2455","0.2141","16.502100000000002","2.137","False","18.1735","16.450200000000002","18.183","6.347300000000001","22.5928","8","1","1","False","0"
"11480","2017220847104","1830453102710","1830453288801","18.8018","18.6091","0.1927","18.918200000000002","2.2443","False","18.2586","18.8232","18.1735","5.6976","24.306700000000003","8","1","1","False","0"
"11480","2017220847104","1830453290728","1830453448601","15.9839","15.7873","0.1966","15.5502","1.8169000000000002","False","12.107700000000001","15.98","18.2586","7.9762","23.7635","8","1","1","False","0"
"11480","2017220847104","1830453450567","1830453613832","16.5158","16.3265","0.1893","16.2533","1.5513000000000001","False","18.1237","16.5231","12.107700000000001","3.5608","19.8873","8","1","1","False","0"
"11480","2017220847104","1830453615725","1830453775303","16.1666","15.9578","0.2088","16.7525","2.1345","False","18.1783","16.147100000000002","18.1237","5.5374","21.4952","8","1","1","False","0"
"11480","2017220847104","1830453777391","1830453949293","17.3805","17.1902","0.1903","17.4843","2.2427","False","18.2268","17.399","18.1783","6.3167","23.5069","8","1","1","False","0"
"11480","2017220847104","1830453951196","1830454106934","15.764800000000001","15.5738","0.191","16.1395","2.6167000000000002","False","12.1425","15.764100000000001","18.2268","8.7794","24.3532","8","1","1","False","0"
"11480","2017220847104","1830454108844","1830454272446","16.789300000000004","16.360200000000003","0.42910000000000004","15.7764","1.8253000000000001","False","18.1139","16.5512","12.1425","4.3707","20.730900000000002","8","1","1","False","0"
"11480","2017220847104","1830454276737","1830454435221","16.0454","15.848400000000002","0.197","16.610300000000002","2.1711","False","18.184900000000003","16.2775","18.1139","6.2071000000000005","22.055500000000002","8","1","1","False","0"
"11480","2017220847104","1830454437191","1830454615246","18.0131","17.805500000000002","0.2076","19.003500000000003","3.1765000000000003","False","18.1822","18.0025","18.184900000000003","6.3895","24.195","8","1","1","False","0"
"11480","2017220847104","1830454617322","1830454784416","17.111300000000004","16.709400000000002","0.40190000000000003","16.0309","2.2843","False","12.1706","16.917","18.1822","7.6547","24.3641","8","1","1","False","0"
"11480","2017220847104","1830454788435","1830454945926","16.0082","15.7491","0.2591","15.978800000000003","2.0864000000000003","False","18.2204","16.151","12.1706","3.6743","19.4234","8","1","1","False","0"
"11480","2017220847104","1830454948517","1830455104085","15.792900000000001","15.5568","0.2361","16.076","2.3413","False","18.142500000000002","15.815900000000001","18.2204","6.0788","21.6356","8","1","1","False","0"
"11480","2017220847104","1830455106446","1830455272222","16.9914","16.5776","0.4138","16.646900000000002","2.2009000000000003","False","12.0729","16.8137","18.142500000000002","7.4076","23.985200000000003","8","1","1","False","0"
"11480","2017220847104","1830455276360","1830455441135","16.8899","16.4775","0.41240000000000004","16.9048","2.2188000000000003","False","18.1715","16.8913","12.0729","2.5892","19.0667","8","1","1","False","0"
"11480","2017220847104","1830455445259","1830455613615","17.1095","16.8356","0.27390000000000003","16.954900000000002","1.9016000000000002","False","18.1887","17.248","18.1715","3.5127","20.348300000000002","8","1","1","False","0"
"11480","2017220847104","1830455616354","1830455781401","16.7439","16.5047","0.23920000000000002","17.0306","2.1798","False","18.186500000000002","16.7786","18.1887","4.9228000000000005","21.427500000000002","8","1","1","False","0"
"11480","2017220847104","1830455783793","1830455949987","16.870900000000002","16.619400000000002","0.2515","17.055500000000002","2.3773","False","12.1203","16.8586","18.186500000000002","6.2507","22.8701","8","1","1","False","0"
"11480","2017220847104","1830455952502","1830456099408","14.9201","14.6906","0.2295","14.7256","2.1662","False","24.239700000000003","14.9421","12.1203","3.4289","18.119500000000002","8","1","1","False","0"
"11480","2017220847104","1830456101703","1830456295674","19.637400000000003","19.397100000000002","0.2403","19.7118","2.2329000000000003","False","12.1224","19.6266","24.239700000000003","8.042","27.4391","8","1","1","False","0"
"11480","2017220847104","1830456298077","1830456435130","13.936000000000002","13.705300000000001","0.23070000000000002","13.5205","1.8218","False","18.1772","13.9456","12.1224","6.2188","19.9241","8","1","1","False","0"
"11480","2017220847104","1830456437437","1830456608224","17.482200000000002","17.0787","0.4035","18.0518","2.5671","False","18.1831","17.3094","18.1772","7.086600000000001","24.165300000000002","8","1","1","False","0"
"11480","2017220847104","1830456612259","1830456777532","16.9523","16.5273","0.42500000000000004","16.7357","2.3529","False","12.125","16.9308","18.1831","8.3389","24.866200000000003","8","1","1","False","0"
"11480","2017220847104","1830456781782","1830456954189","17.4825","17.2407","0.24180000000000001","17.212600000000002","1.9226","False","18.186700000000002","17.6657","12.125","2.7982","20.0389","8","1","1","False","0"
"11480","2017220847104","1830456956607","1830457121045","16.7019","16.4438","0.2581","16.7289","1.9571","False","18.1756","16.6856","18.186700000000002","4.299300000000001","20.743100000000002","8","1","1","False","0"
"11480","2017220847104","1830457123626","1830457291104","16.9297","16.7478","0.1819","17.5635","2.5243","False","18.1755","17.0059","18.1756","5.469","22.216800000000003","8","1","1","False","0"
"11480","2017220847104","1830457292923","1830457446270","15.585600000000001","15.334700000000002","0.2509","15.059000000000001","1.9644000000000001","False","12.1241","15.5166","18.1755","8.1279","23.462600000000002","8","1","1","False","0"
"11480","2017220847104","1830457448779","1830457619475","17.2559","17.0696","0.18630000000000002","17.0135","2.0738000000000003","False","18.2756","17.3205","12.1241","2.9315","20.0011","8","1","1","False","0"
"11480","2017220847104","1830457621338","1830457785470","16.6552","16.4132","0.24200000000000002","16.9239","2.0755","False","18.1308","16.5995","18.2756","4.607600000000001","21.0208","8","1","1","False","0"
"11480","2017220847104","1830457787890","1830457935241","14.969500000000002","14.735100000000001","0.23440000000000003","15.9747","3.0578000000000003","False","18.1388","14.9771","18.1308","7.7613","22.4964","8","1","1","False","0"
"11480","2017220847104","1830457937585","1830458114243","17.910700000000002","17.6658","0.2449","19.3591","4.5177000000000005","False","12.1227","17.9002","18.1388","7.9999","25.6657","8","1","1","False","0"
"11480","2017220847104","1830458116692","1830458287403","17.3674","17.0711","0.2963","15.052700000000002","2.2744","False","18.186700000000002","17.316000000000003","12.1227","2.8066","19.8777","8","1","1","False","0"
"11480","2017220847104","1830458290366","1830458437334","14.9395","14.696800000000001","0.2427","15.177200000000001","2.4423","False","18.215500000000002","14.9931","18.186700000000002","6.0002","20.697000000000003","8","1","1","False","0"
"11480","2017220847104","1830458439761","1830458605541","16.9926","16.578","0.4146","16.722","2.3537","False","12.0859","16.820700000000002","18.215500000000002","7.3950000000000005","23.973000000000003","8","1","1","False","0"
"11480","2017220847104","1830458609687","1830458769975","16.4523","16.0288","0.42350000000000004","16.476300000000002","2.3694","False","18.1701","16.4434","12.0859","3.0375","19.066300000000002","8","1","1","False","0"
"11480","2017220847104","1830458774210","1830458957314","18.5315","18.3104","0.22110000000000002","18.5666","2.226","False","18.192500000000003","18.733900000000002","18.1701","2.4737","20.784100000000002","8","1","1","False","0"
"11480","2017220847104","1830458959525","1830459100900","14.389400000000002","14.137500000000001","0.2519","14.4882","2.3527","False","18.1761","14.358600000000001","18.192500000000003","6.3076","20.4451","8","1","1","False","0"
"11480","2017220847104","1830459103419","1830459278595","17.764400000000002","17.5176","0.24680000000000002","17.8045","2.3695","False","18.1962","17.7695","18.1761","6.7142","24.2318","8","1","1","False","0"
"11480","2017220847104","1830459281063","1830459456571","17.779700000000002","17.550800000000002","0.22890000000000002","17.421","2.0146","False","12.1128","17.7976","18.1962","7.1128","24.663600000000002","8","1","1","False","0"
"11480","2017220847104","1830459458860","1830459616490","16.0051","15.763","0.2421","16.2548","2.2742","False","18.2465","15.991900000000001","12.1128","3.2337000000000002","18.9967","8","1","1","False","0"
"11480","2017220847104","1830459618911","1830459776134","15.9509","15.7223","0.2286","16.1723","2.4794","False","18.1571","15.964400000000001","18.2465","5.5158000000000005","21.2381","8","1","1","False","0"
"11480","2017220847104","1830459778420","1830459960353","18.4373","18.1933","0.24400000000000002","18.415300000000002","2.4588","False","18.1414","18.4219","18.1571","5.251","23.444300000000002","8","1","1","False","0"
"11480","2017220847104","1830459962793","1830460147852","18.7482","18.5059","0.24230000000000002","18.5728","2.2956000000000003","False","12.1236","18.7499","18.1414","4.6425","23.148400000000002","8","1","1","False","0"
"11480","2017220847104","1830460150275","1830460273783","12.5385","12.350800000000001","0.1877","12.453800000000001","2.16","False","18.1842","12.5931","12.1236","4.173","16.5238","8","1","1","False","0"
"11480","2017220847104","1830460275660","1830460453612","18.0275","17.7952","0.2323","17.9739","2.1454","False","18.1798","17.9829","18.1842","4.3743","22.1695","8","1","1","False","0"
"11480","2017220847104","1830460455935","1830460622549","16.8995","16.6614","0.2381","17.1765","2.4183","False","18.1855","16.8937","18.1798","5.6604","22.3218","8","1","1","False","0"
"11480","2017220847104","1830460624930","1830460774999","15.419599999999999","15.0069","0.4127","15.376100000000001","2.5595000000000003","False","12.1087","15.245000000000001","18.1855","8.600900000000001","23.6078","8","1","1","False","0"
"11480","2017220847104","1830460779126","1830460948170","17.330000000000002","16.904400000000003","0.42560000000000003","17.218600000000002","2.4561","False","18.1893","17.3171","12.1087","3.3925","20.2969","8","1","1","False","0"
"11480","2017220847104","1830460952426","1830461103859","15.3751","15.1433","0.2318","15.793600000000001","2.6841","False","18.1763","15.568900000000001","18.1893","6.0129","21.156200000000002","8","1","1","False","0"
"11480","2017220847104","1830461106177","1830461278560","17.4355","17.238300000000002","0.19720000000000001","17.425900000000002","2.6179","False","12.1262","17.470100000000002","18.1763","6.7191","23.9574","8","1","1","False","0"
"11480","2017220847104","1830461280532","1830461432984","15.4373","15.2452","0.19210000000000002","15.251999999999999","2.4562","False","18.1761","15.442400000000001","12.1262","3.4029000000000003","18.6481","8","1","1","False","0"
"11480","2017220847104","1830461434905","1830461608595","17.5614","17.369","0.19240000000000002","17.4749","2.3687","False","18.225","17.5611","18.1761","4.0179","21.3869","8","1","1","False","0"
"11480","2017220847104","1830461610519","1830461783564","17.5047","17.3045","0.20020000000000002","17.5194","2.3797","False","18.1386","17.4969","18.225","4.746","22.0505","8","1","1","False","0"
"11480","2017220847104","1830461785566","1830461940129","15.635900000000001","15.4563","0.1796","15.6912","2.4138","False","18.1873","15.656500000000001","18.1386","7.2281","22.6844","8","1","1","False","0"
"11480","2017220847104","1830461941925","1830462142423","20.2056","20.0498","0.1558","20.392500000000002","2.6039000000000003","False","18.1884","20.229400000000002","18.1873","5.186","25.2358","8","1","1","False","0"
"11480","2017220847104","1830462143981","1830462297071","15.505700000000001","15.309000000000001","0.1967","15.215300000000001","2.3355","False","18.1816","15.4648","18.1884","7.9096","23.218600000000002","8","1","1","False","0"
"11480","2017220847104","1830462299038","1830462482306","18.5118","18.326800000000002","0.185","18.532400000000003","2.3436","False","12.119200000000001","18.523500000000002","18.1816","7.5677","25.8945","8","1","1","False","0"
"11480","2017220847104","1830462484156","1830462621172","13.989","13.701600000000001","0.2874","13.302399999999999","1.7641","False","18.1858","13.886600000000001","12.119200000000001","5.8003","19.501900000000003","8","1","1","False","0"
"11480","2017220847104","1830462624046","1830462773062","15.1471","14.9016","0.24550000000000002","16.1183","2.6976","False","12.112","15.189","18.1858","8.7971","23.698700000000002","8","1","1","False","0"
"11480","2017220847104","1830462775517","1830462955479","18.1783","17.9962","0.1821","17.883100000000002","2.346","False","24.2788","18.2417","12.112","2.6674","20.663600000000002","8","1","1","False","0"
"11480","2017220847104","1830462957300","1830463139215","18.39","18.1915","0.1985","18.5257","2.4758","False","18.1782","18.3736","24.2788","8.5726","26.764100000000003","8","1","1","False","0"
"11480","2017220847104","1830463141200","1830463320826","18.146600000000003","17.962600000000002","0.184","19.7133","4.0417000000000005","False","12.080300000000001","18.1611","18.1782","8.5897","26.552300000000002","8","1","1","False","0"
"11480","2017220847104","1830463322666","1830463508456","18.754","18.579","0.17500000000000002","16.2758","1.5544","False","24.271700000000003","18.763","12.080300000000001","1.907","20.486","8","1","1","False","0"
"11480","2017220847104","1830463510206","1830463733194","22.5502","22.2988","0.2514","23.632900000000003","2.6998","False","18.185200000000002","22.4738","24.271700000000003","3.7049000000000003","26.003700000000002","8","1","1","False","0"
"11480","2017220847104","1830463735708","1830463897533","16.355700000000002","16.1825","0.17320000000000002","16.6752","2.9513000000000003","False","12.1142","16.4339","18.185200000000002","5.4562","21.6387","8","1","1","False","0"
"11480","2017220847104","1830463899265","1830464042916","14.5358","14.3651","0.17070000000000002","13.2653","1.6874","False","18.2086","14.538300000000001","12.1142","3.0321000000000002","17.3972","8","1","1","False","0"
"11480","2017220847104","1830464044623","1830464189043","14.675","14.442","0.233","15.9449","3.0158","False","12.0875","14.6127","18.2086","6.628","21.07","8","1","1","False","0"
"11480","2017220847104","1830464191373","1830464337059","14.7687","14.5686","0.2001","13.3428","1.5445","False","18.198700000000002","14.8016","12.0875","3.9139000000000004","18.4825","8","1","1","False","0"
"11480","2017220847104","1830464339060","1830464481998","14.4862","14.293800000000001","0.19240000000000002","15.2851","2.3484000000000003","False","12.0847","14.4939","18.198700000000002","7.6187000000000005","21.9125","8","1","1","False","0"
"11480","2017220847104","1830464483922","1830464650970","16.8684","16.704800000000002","0.1636","16.3809","1.8425","False","18.1883","16.8972","12.0847","2.8062","19.511","8","1","1","False","0"
"11480","2017220847104","1830464652606","1830464820599","16.967900000000004","16.799300000000002","0.1686","17.4803","2.3552","False","18.2519","16.9629","18.1883","4.0316","20.8309","8","1","1","False","0"
"11480","2017220847104","1830464822285","1830464995640","17.5784","17.3355","0.2429","17.665300000000002","2.4957000000000003","False","18.1183","17.5041","18.2519","4.7794","22.114900000000002","8","1","1","False","0"
"11480","2017220847104","1830464998069","1830465142214","14.620000000000001","14.4145","0.20550000000000002","14.4852","2.3419000000000003","False","12.112400000000001","14.6574","18.1183","8.2403","22.6548","8","1","1","False","0"
"11480","2017220847104","1830465144269","1830465312924","17.0224","16.8655","0.1569","17.2313","2.511","False","30.3429","17.071","12.112400000000001","3.2817000000000003","20.1472","8","1","1","False","0"
"11480","2017220847104","1830465314493","1830465484128","17.1178","16.9635","0.15430000000000002","25.567600000000002","10.9565","False","6.003","17.1204","30.3429","16.5042","33.4677","8","1","1","False","0"
"11480","2017220847104","1830465485671","1830465674371","19.057000000000002","18.87","0.187","8.499500000000001","0.39540000000000003","False","12.1234","19.0243","6.003","3.4829000000000003","22.3529","8","1","1","False","0"
"11480","2017220847104","1830465676241","1830465822503","14.7969","14.6262","0.17070000000000002","14.6098","0.22030000000000002","False","18.188100000000002","14.8132","12.1234","0.7931","15.419300000000002","8","1","1","False","0"
"11480","2017220847104","1830465824210","1830465947101","12.483100000000002","12.289100000000001","0.194","12.6331","0.38580000000000003","False","18.181","12.459800000000001","18.188100000000002","6.521400000000001","18.8105","8","1","1","False","0"
"11480","2017220847104","1830465949041","1830466140785","19.338700000000003","19.174400000000002","0.1643","19.296","0.328","False","12.117","19.3684","18.181","5.3340000000000005","24.5084","8","1","1","False","0"
"11480","2017220847104","1830466142428","1830466291970","15.134","14.9542","0.17980000000000002","15.0896","0.29500000000000004","False","18.1894","15.118500000000001","12.117","2.3325","17.2867","8","1","1","False","0"
"11480","2017220847104","1830466293768","1830466449040","15.709800000000001","15.5272","0.1826","15.8238","0.3976","False","18.182000000000002","15.707","18.1894","4.814900000000001","20.342100000000002","8","1","1","False","0"
"11480","2017220847104","1830466450866","1830466644244","19.518700000000003","19.3378","0.1809","19.437900000000003","0.3246","False","30.3027","19.520400000000002","18.182000000000002","3.4765","22.8143","8","1","1","False","0"
"11480","2017220847104","1830466646053","1830466954394","31.034700000000004","30.834100000000003","0.2006","31.0421","0.33190000000000003","False","18.1823","31.015","30.3027","2.7642","33.5983","8","1","1","False","0"
"11480","2017220847104","1830466956400","1830467100016","14.555000000000001","14.361600000000001","0.19340000000000002","14.553","0.3347","False","12.1125","14.5622","18.1823","6.3843000000000005","20.745900000000002","8","1","1","False","0"
"11480","2017220847104","1830467101950","1830467273125","17.3082","17.1175","0.1907","17.3074","0.3301","False","18.2366","17.3109","12.1125","1.1859","18.3034","8","1","1","False","0"
"11480","2017220847104","1830467275032","1830467440052","16.698700000000002","16.502000000000002","0.1967","16.684","0.3256","False","18.1764","16.692700000000002","18.2366","2.7298","19.2318","8","1","1","False","0"
"11480","2017220847104","1830467442019","1830467622728","18.271400000000003","18.0709","0.2005","18.3171","0.35950000000000004","False","18.2258","18.2676","18.1764","2.6386000000000003","20.709500000000002","8","1","1","False","0"
"11480","2017220847104","1830467624733","1830467787028","16.3944","16.2295","0.16490000000000002","16.2288","0.38580000000000003","False","18.1475","16.43","18.2258","4.4344","20.6639","8","1","1","False","0"
"11480","2017220847104","1830467788677","1830467955901","16.9042","16.7224","0.18180000000000002","17.043100000000003","0.3325","False","18.128","16.8873","18.1475","5.6946","22.417","8","1","1","False","0"
"11480","2017220847104","1830467957719","1830468140885","18.497500000000002","18.3166","0.1809","18.496100000000002","0.3272","False","12.1239","18.4984","18.128","5.3242","23.640800000000002","8","1","1","False","0"
"11480","2017220847104","1830468142694","1830468275812","13.5413","13.3118","0.2295","13.5235","0.328","False","18.182000000000002","13.492700000000001","12.1239","3.9554","17.267200000000003","8","1","1","False","0"
"11480","2017220847104","1830468278107","1830468437258","16.104200000000002","15.9151","0.18910000000000002","16.0897","0.305","False","12.123700000000001","16.1446","18.182000000000002","5.9928","21.9079","8","1","1","False","0"
"11480","2017220847104","1830468439149","1830468611382","17.532400000000003","17.223300000000002","0.30910000000000004","17.5604","0.3916","False","18.1771","17.4124","12.123700000000001","0.7041000000000001","17.927400000000002","8","1","1","False","0"
"11480","2017220847104","1830468614473","1830468778502","16.599000000000004","16.402900000000002","0.1961","16.590600000000002","0.3272","False","24.2394","16.712","18.1771","2.1692","18.572100000000002","8","1","1","False","0"
"11480","2017220847104","1830468780463","1830468998112","21.9629","21.7649","0.198","22.0558","0.406","False","12.126900000000001","21.961000000000002","24.2394","4.4476","26.212500000000002","8","1","1","False","0"
"11480","2017220847104","1830469000092","1830469110282","11.2622","11.019","0.2432","11.1068","0.31930000000000003","False","12.114","11.217","12.126900000000001","5.3575","16.3765","8","1","1","False","0"
"11480","2017220847104","1830469112714","1830469277835","16.7086","16.5121","0.1965","16.799300000000002","0.35150000000000003","False","18.1921","16.755300000000002","12.114","0.7162000000000001","17.2283","8","1","1","False","0"
"11480","2017220847104","1830469279800","1830469445426","16.7574","16.5626","0.1948","16.7524","0.3501","False","24.230600000000003","16.7591","18.1921","2.1492","18.7118","8","1","1","False","0"
"11480","2017220847104","1830469447374","1830469647095","20.174300000000002","19.9721","0.20220000000000002","20.1648","0.3321","False","12.1239","20.166900000000002","24.230600000000003","6.2129","26.185000000000002","8","1","1","False","0"
"11480","2017220847104","1830469649117","1830469816740","16.9494","16.7623","0.18710000000000002","16.9404","0.3247","False","18.250400000000003","16.9645","12.1239","1.3723","18.134600000000002","8","1","1","False","0"
"11480","2017220847104","1830469818611","1830469984324","16.7441","16.5713","0.1728","16.8181","0.3925","False","18.169700000000002","16.7584","18.250400000000003","2.8643","19.4356","8","1","1","False","0"
"11480","2017220847104","1830469986052","1830470161526","17.7271","17.5474","0.1797","17.6459","0.3138","False","18.2039","17.720200000000002","18.169700000000002","3.3138","20.8612","8","1","1","False","0"
"11480","2017220847104","1830470163323","1830470313551","15.2333","15.0228","0.21050000000000002","15.203700000000001","0.2975","False","18.121000000000002","15.2025","18.2039","6.3152","21.338","8","1","1","False","0"
"11480","2017220847104","1830470315656","1830470497570","18.386100000000003","18.1914","0.1947","18.387600000000003","0.3048","False","12.1068","18.4019","18.121000000000002","6.0343","24.2257","8","1","1","False","0"
"11480","2017220847104","1830470499517","1830470638493","14.077200000000001","13.8976","0.1796","14.015600000000001","0.2262","False","18.265700000000002","14.0923","12.1068","4.0488","17.9464","8","1","1","False","0"
"11480","2017220847104","1830470640289","1830470831327","19.3064","19.1038","0.2026","19.3889","0.311","False","18.137900000000002","19.2834","18.265700000000002","3.0311000000000003","22.134900000000002","8","1","1","False","0"
"11480","2017220847104","1830470833353","1830470985635","15.4069","15.228200000000001","0.1787","15.4032","0.30660000000000004","False","12.0867","15.430800000000001","18.137900000000002","5.7382","20.9664","8","1","1","False","0"
"11480","2017220847104","1830470987422","1830471113404","12.8241","12.5982","0.22590000000000002","12.8206","0.3292","False","18.2092","12.776900000000001","12.0867","5.048","17.6462","8","1","1","False","0"
"11480","2017220847104","1830471115663","1830471320056","20.6225","20.4393","0.1832","20.662200000000002","0.3437","False","18.1488","20.665200000000002","18.2092","2.592","23.0313","8","1","1","False","0"
"11480","2017220847104","1830471321888","1830471503104","18.3215","18.1216","0.19990000000000002","18.3184","0.33680000000000004","False","18.2298","18.3048","18.1488","2.436","20.5576","8","1","1","False","0"
"11480","2017220847104","1830471505103","1830471668833","16.5626","16.373","0.18960000000000002","16.531000000000002","0.312","False","18.1571","16.5729","18.2298","4.0929","20.4659","8","1","1","False","0"
"11480","2017220847104","1830471670729","1830471831692","16.2915","16.0963","0.1952","16.2744","0.2947","False","12.0996","16.2859","18.1571","5.9641","22.0604","8","1","1","False","0"
"11480","2017220847104","1830471833644","1830471993646","16.1986","16.0002","0.19840000000000002","16.2874","0.381","False","18.1878","16.1954","12.0996","1.8683","17.8685","8","1","1","False","0"
"11480","2017220847104","1830471995630","1830472165134","17.160600000000002","16.950400000000002","0.2102","17.0901","0.315","False","18.226200000000002","17.1488","18.1878","2.9073","19.8577","8","1","1","False","0"
"11480","2017220847104","1830472167236","1830472316822","15.1598","14.9586","0.20120000000000002","15.152800000000001","0.3124","False","18.1574","15.168800000000001","18.226200000000002","5.964700000000001","20.9233","8","1","1","False","0"
"11480","2017220847104","1830472318834","1830472498428","18.130200000000002","17.959400000000002","0.1708","18.1389","0.30360000000000004","False","12.1071","18.160600000000002","18.1574","5.9615","23.9209","8","1","1","False","0"
"11480","2017220847104","1830472500136","1830472652058","15.388200000000001","15.192200000000001","0.196","15.3861","0.32170000000000004","False","18.175700000000003","15.363000000000001","12.1071","2.7056","17.8978","8","1","1","False","0"
"11480","2017220847104","1830472654018","1830472798830","14.678","14.481200000000001","0.1968","14.757800000000001","0.3865","False","18.212600000000002","14.677200000000001","18.175700000000003","6.2041","20.6853","8","1","1","False","0"
"11480","2017220847104","1830472800798","1830472996227","19.7208","19.5429","0.1779","19.6431","0.3079","False","12.0806","19.739700000000003","18.212600000000002","4.6770000000000005","24.219900000000003","8","1","1","False","0"
"11480","2017220847104","1830472998006","1830473155585","16.000600000000002","15.757900000000001","0.2427","15.935500000000001","0.3199","False","24.2843","15.9358","12.0806","0.8218000000000001","16.579700000000003","8","1","1","False","0"
"11480","2017220847104","1830473158012","1830473378180","22.2657","22.0168","0.2489","22.4972","0.6829000000000001","False","12.0881","22.259500000000003","24.2843","2.8466","24.863400000000002","8","1","1","False","0"
"11480","2017220847104","1830473380669","1830473507988","12.979800000000001","12.731900000000001","0.2479","12.7932","0.3206","False","18.1903","12.9808","12.0881","1.9539000000000002","14.6858","8","1","1","False","0"
"11480","2017220847104","1830473510467","1830473679419","17.127299999999998","16.8952","0.2321","17.1933","0.38280000000000003","False","12.1028","17.1431","18.1903","3.0011","19.8963","8","1","1","False","0"
"11480","2017220847104","1830473681740","1830473818451","13.8762","13.671100000000001","0.2051","13.9151","0.39990000000000003","False","18.1781","13.9032","12.1028","1.2007","14.8718","8","1","1","False","0"
"11480","2017220847104","1830473820502","1830473994667","17.6112","17.4165","0.1947","17.651500000000002","0.4238","False","18.189500000000002","17.6216","18.1781","1.7572","19.1737","8","1","1","False","0"
"11480","2017220847104","1830473996614","1830474165164","17.0454","16.855","0.1904","16.9772","0.36210000000000003","False","12.1814","17.0497","18.189500000000002","2.8970000000000002","19.752000000000002","8","1","1","False","0"
"11480","2017220847104","1830474167068","1830474277497","11.315900000000001","11.042900000000001","0.273","11.337200000000001","0.3967","False","18.1213","11.2333","12.1814","3.8451","14.888","8","1","1","False","0"
"11480","2017220847104","1830474280227","1830474454269","17.523699999999998","17.4042","0.11950000000000001","17.7206","0.8044","False","18.2023","17.6772","18.1213","4.2892","21.6934","8","1","1","False","0"
"11480","2017220847104","1830474455464","1830474651528","19.8507","19.6064","0.24430000000000002","19.7106","0.46240000000000003","False","18.1566","19.7259","18.2023","2.7656","22.372","8","1","1","False","0"
"11480","2017220847104","1830474653971","1830474821491","16.916300000000003","16.752000000000002","0.1643","16.9475","0.44020000000000004","False","12.215300000000001","16.9963","18.1566","3.9259000000000004","20.6779","8","1","1","False","0"
"11480","2017220847104","1830474823134","1830474942529","12.1933","11.9395","0.2538","12.0733","0.3689","False","18.1002","12.103800000000001","12.215300000000001","4.0374","15.9769","8","1","1","False","0"
"11480","2017220847104","1830474945067","1830475118555","17.555500000000002","17.3488","0.20670000000000002","17.6261","0.43460000000000004","False","18.1749","17.602600000000002","18.1002","4.535","21.8838","8","1","1","False","0"
"11480","2017220847104","1830475120622","1830475323433","20.5054","20.281100000000002","0.2243","20.5654","0.4766","False","18.1915","20.4878","18.1749","2.2221","22.5032","8","1","1","False","0"
"11480","2017220847104","1830475325676","1830475466758","14.3542","14.1082","0.24600000000000002","14.2649","0.4233","False","18.1717","14.332500000000001","18.1915","6.0811","20.1893","8","1","1","False","0"
"11480","2017220847104","1830475469218","1830475666476","19.9573","19.7258","0.2315","19.932100000000002","0.3917","False","12.118400000000001","19.9718","18.1717","4.281000000000001","24.006800000000002","8","1","1","False","0"
"11480","2017220847104","1830475668791","1830475789233","12.2781","12.0442","0.23390000000000002","12.251100000000001","0.3788","False","12.122300000000001","12.2757","12.118400000000001","4.1237","16.1679","8","1","1","False","0"
"11480","2017220847104","1830475791572","1830475939993","15.05","14.8421","0.2079","15.15","0.439","False","24.3137","15.076","12.122300000000001","1.1700000000000002","16.0121","8","1","1","False","0"
"11480","2017220847104","1830475942072","1830476153849","21.3638","21.1777","0.18610000000000002","21.3091","0.40750000000000003","False","12.1242","21.3856","24.3137","4.0981000000000005","25.2758","8","1","1","False","0"
"11480","2017220847104","1830476155710","1830476283341","12.948400000000001","12.763100000000001","0.18530000000000002","12.9642","0.4098","False","18.1641","12.949200000000001","12.1242","3.2731000000000003","16.0362","8","1","1","False","0"
"11480","2017220847104","1830476285194","1830476458842","17.538500000000003","17.364800000000002","0.17370000000000002","17.5443","0.3916","False","18.137900000000002","17.5501","18.1641","3.8871","21.251900000000003","8","1","1","False","0"
"11480","2017220847104","1830476460579","1830476629508","17.055500000000002","16.8929","0.1626","17.0527","0.39640000000000003","False","18.226300000000002","17.0666","18.137900000000002","4.9584","21.851300000000002","8","1","1","False","0"
"11480","2017220847104","1830476631134","1830476797998","16.871000000000002","16.686400000000003","0.18460000000000001","16.877000000000002","0.4111","False","18.1445","16.849","18.226300000000002","6.3357","23.022100000000002","8","1","1","False","0"
"11480","2017220847104","1830476799844","1830476980336","18.274700000000003","18.049200000000003","0.2255","18.0305","0.5181","False","12.100800000000001","18.233800000000002","18.1445","6.2464","24.2956","8","1","1","False","0"
"11480","2017220847104","1830476982591","1830477118566","13.8149","13.5975","0.2174","14.024500000000002","0.40090000000000003","False","18.1918","13.823","12.100800000000001","4.5242","18.1217","8","1","1","False","0"
"11480","2017220847104","1830477120740","1830477325028","20.587600000000002","20.428800000000003","0.1588","20.631","0.402","False","12.1281","20.6462","18.1918","2.0698000000000003","22.4986","8","1","1","False","0"
"11480","2017220847104","1830477326616","1830477444892","12.047600000000001","11.8276","0.22","12.0622","0.4469","False","18.168100000000003","11.9864","12.1281","2.2115","14.039100000000001","8","1","1","False","0"
"11480","2017220847104","1830477447092","1830477635539","19.0321","18.8447","0.1874","19.0394","0.4409","False","24.2708","19.064700000000002","18.168100000000003","1.3149","20.1596","8","1","1","False","0"
"11480","2017220847104","1830477637413","1830477831004","19.632","19.3591","0.27290000000000003","19.574","0.4199","False","12.0953","19.5465","24.2708","6.0392","25.398300000000003","8","1","1","False","0"
"11480","2017220847104","1830477833733","1830477948917","11.7341","11.5184","0.2157","11.6964","0.3617","False","12.114","11.791300000000001","12.0953","6.3432","17.8616","8","1","1","False","0"
"11480","2017220847104","1830477951074","1830478123060","17.3974","17.198600000000003","0.1988","17.4952","0.4514","False","18.200200000000002","17.4143","12.114","1.0429000000000002","18.241500000000002","8","1","1","False","0"
"11480","2017220847104","1830478125048","1830478300586","17.758900000000004","17.553800000000003","0.2051","17.753","0.44470000000000004","False","18.201","17.7526","18.200200000000002","1.4905000000000002","19.0443","8","1","1","False","0"
"11480","2017220847104","1830478302637","1830478476777","17.6798","17.414","0.26580000000000004","17.5964","0.41050000000000003","False","18.2221","17.6191","18.201","2.0724","19.4864","8","1","1","False","0"
"11480","2017220847104","1830478479435","1830478626587","14.916100000000002","14.715200000000001","0.20090000000000002","14.987200000000001","0.4413","False","18.1054","14.981","18.2221","5.3135","20.0287","8","1","1","False","0"
"11480","2017220847104","1830478628596","1830478801082","17.4586","17.2486","0.21000000000000002","17.453500000000002","0.4254","False","18.1949","17.4495","18.1054","5.9694","23.218","8","1","1","False","0"
"11480","2017220847104","1830478803182","1830478980875","17.9921","17.7693","0.2228","17.9785","0.4166","False","12.126900000000001","17.979300000000002","18.1949","6.1850000000000005","23.9543","8","1","1","False","0"
"11480","2017220847104","1830478983103","1830479132964","15.2002","14.9861","0.2141","14.9634","0.3504","False","18.168200000000002","15.2089","12.126900000000001","3.103","18.089100000000002","8","1","1","False","0"
"11480","2017220847104","1830479135105","1830479323358","19.0866","18.825300000000002","0.26130000000000003","19.2875","0.4121","False","18.1782","19.0394","18.168200000000002","2.2318000000000002","21.057100000000002","8","1","1","False","0"
"11480","2017220847104","1830479325971","1830479479430","15.5042","15.3459","0.1583","15.5425","0.3946","False","18.1816","15.6072","18.1782","4.8028","20.1487","8","1","1","False","0"
"11480","2017220847104","1830479481013","1830479673562","19.4694","19.2549","0.21450000000000002","19.4353","0.379","False","18.2022","19.4132","18.1816","3.5712","22.8261","8","1","1","False","0"
"11480","2017220847104","1830479675707","1830479840203","16.6998","16.4496","0.25020000000000003","16.6356","0.3889","False","12.1051","16.6641","18.2022","5.1093","21.5589","8","1","1","False","0"
"11480","2017220847104","1830479842705","1830480002477","16.2238","15.977200000000002","0.2466","16.215600000000002","0.33480000000000004","False","30.327900000000003","16.2274","12.1051","0.9870000000000001","16.9642","8","1","1","False","0"
"11480","2017220847104","1830480004943","1830480250952","24.8775","24.600900000000003","0.2766","24.925","0.3904","False","12.1358","24.8475","30.327900000000003","6.4674000000000005","31.0683","8","1","1","False","0"
"11480","2017220847104","1830480253718","1830480418382","16.6884","16.4664","0.222","16.6176","0.3013","False","18.140700000000002","16.743000000000002","12.1358","1.8602","18.3266","8","1","1","False","0"
"11480","2017220847104","1830480420602","1830480580286","16.1778","15.9684","0.2094","16.270500000000002","0.3905","False","30.3057","16.1904","18.140700000000002","3.8105","19.7789","8","1","1","False","0"
"11480","2017220847104","1830480582380","1830480891431","31.1593","30.9051","0.25420000000000004","31.1659","0.39890000000000003","False","18.1945","31.114500000000003","30.3057","3.0017","33.906800000000004","8","1","1","False","0"
"11480","2017220847104","1830480893973","1830481068314","17.6552","17.4341","0.22110000000000002","17.6517","0.3919","False","18.193","17.6883","18.1945","3.5079000000000002","20.942","8","1","1","False","0"
"11480","2017220847104","1830481070525","1830481230391","16.215","15.986600000000001","0.22840000000000002","16.2943","0.47450000000000003","False","12.0908","16.2077","18.193","5.4932","21.4798","8","1","1","False","0"
"11480","2017220847104","1830481232675","1830481388617","15.7582","15.5942","0.164","15.5989","0.29300000000000004","False","18.2016","15.822600000000001","12.0908","1.7614","17.355600000000003","8","1","1","False","0"
"11480","2017220847104","1830481390257","1830481526661","13.897400000000001","13.640400000000001","0.257","13.9882","0.4117","False","18.2037","13.804400000000001","18.2016","6.1586","19.799","8","1","1","False","0"
"11480","2017220847104","1830481529231","1830481711705","18.472800000000003","18.247400000000003","0.22540000000000002","18.255100000000002","0.3645","False","12.1015","18.5044","18.2037","5.8579","24.1053","8","1","1","False","0"
"11480","2017220847104","1830481713959","1830481858952","14.73","14.4993","0.23070000000000002","14.8111","0.2763","False","18.1753","14.7247","12.1015","3.2347","17.734","8","1","1","False","0"
"11480","2017220847104","1830481861259","1830482014173","15.544500000000001","15.291400000000001","0.2531","15.5881","0.32320000000000004","False","18.1657","15.5221","18.1753","5.8879","21.1793","8","1","1","False","0"
"11480","2017220847104","1830482016704","1830482188304","17.4165","17.16","0.2565","17.5522","0.43320000000000003","False","24.247600000000002","17.4131","18.1657","6.6405","23.8005","8","1","1","False","0"
"11480","2017220847104","1830482190869","1830482468898","28.063000000000002","27.8029","0.2601","28.025600000000004","0.42300000000000004","False","18.1694","28.0594","24.247600000000002","2.8287","30.631600000000002","8","1","1","False","0"
"11480","2017220847104","1830482471499","1830482659987","19.0483","18.8488","0.1995","19.0435","0.3976","False","18.1979","19.108900000000002","18.1694","1.8892","20.738","8","1","1","False","0"
"11480","2017220847104","1830482661982","1830482837705","17.914600000000004","17.572300000000002","0.3423","17.8704","0.4101","False","18.2266","17.771800000000002","18.1979","2.3153","19.887600000000003","8","1","1","False","0"
"11480","2017220847104","1830482841128","1830482980916","14.150400000000001","13.978800000000001","0.1716","14.113900000000001","0.29560000000000003","False","12.0943","14.321100000000001","18.2266","6.2208000000000006","20.1996","8","1","1","False","0"
"11480","2017220847104","1830482982632","1830483121191","14.0681","13.8559","0.2122","14.035","0.2843","False","12.0989","14.0275","12.0943","4.2876","18.1435","8","1","1","False","0"
"11480","2017220847104","1830483123313","1830483269860","14.8516","14.6547","0.19690000000000002","14.8809","0.3154","False","18.2081","14.866900000000001","12.0989","1.5196","16.174300000000002","8","1","1","False","0"
"11480","2017220847104","1830483271829","1830483406907","13.718200000000001","13.507800000000001","0.2104","13.744100000000001","0.3259","False","12.0967","13.7047","18.2081","6.023000000000001","19.5308","8","1","1","False","0"
"11480","2017220847104","1830483409011","1830483568058","16.1218","15.9047","0.21710000000000002","16.049300000000002","0.26030000000000003","False","12.1021","16.1151","12.0967","2.0046","17.9093","8","1","1","False","0"
"11480","2017220847104","1830483570229","1830483697054","12.868200000000002","12.682500000000001","0.1857","12.9068","0.2937","False","24.3005","12.899600000000001","12.1021","1.2071","13.889600000000002","8","1","1","False","0"
"11480","2017220847104","1830483698911","1830483885584","19.035600000000002","18.6673","0.3683","19.0855","0.3743","False","12.115300000000001","18.853","24.3005","6.6546","25.321900000000003","8","1","1","False","0"
"11480","2017220847104","1830483889267","1830484039473","15.4015","15.0206","0.3809","15.238800000000001","0.2787","False","18.1875","15.388900000000001","12.115300000000001","3.3810000000000002","18.401600000000002","8","1","1","False","0"
"11480","2017220847104","1830484043282","1830484203076","16.1299","15.9794","0.1505","16.163800000000002","0.278","False","12.082600000000001","16.360300000000002","18.1875","5.208200000000001","21.1876","8","1","1","False","0"
"11480","2017220847104","1830484204581","1830484364826","16.3335","16.0245","0.309","16.3133","0.27340000000000003","False","18.186600000000002","16.175","12.082600000000001","1.1158000000000001","17.1403","8","1","1","False","0"
"11480","2017220847104","1830484367916","1830484544997","17.988500000000002","17.7081","0.28040000000000004","18.1141","0.37360000000000004","False","18.2009","18.0171","18.186600000000002","1.2853","18.9934","8","1","1","False","0"
"11480","2017220847104","1830484547801","1830484713173","16.8503","16.537200000000002","0.3131","16.7371","0.2645","False","18.1862","16.817600000000002","18.2009","2.6686","19.2058","8","1","1","False","0"
"11480","2017220847104","1830484716304","1830484883183","17.0096","16.6879","0.32170000000000004","17.0075","0.27080000000000004","False","12.1102","17.001","18.1862","3.8538","20.541700000000002","8","1","1","False","0"
"11480","2017220847104","1830484886400","1830485006079","12.2179","11.9679","0.25","12.1981","0.22410000000000002","False","18.1936","12.2896","12.1102","3.6744000000000003","15.6423","8","1","1","False","0"
"11480","2017220847104","1830485008579","1830485167825","16.242","15.924600000000002","0.3174","16.2578","0.277","False","12.084000000000001","16.1746","18.1936","5.6934000000000005","21.618000000000002","8","1","1","False","0"
"11480","2017220847104","1830485170999","1830485315179","14.6218","14.418000000000001","0.2038","14.635100000000001","0.2245","False","24.2837","14.7354","12.084000000000001","3.0420000000000003","17.46","8","1","1","False","0"
"11480","2017220847104","1830485317217","1830485528007","21.3744","21.079","0.2954","21.481","0.42450000000000004","False","12.092400000000001","21.2828","24.2837","6.0429","27.1219","8","1","1","False","0"
"11480","2017220847104","1830485530961","1830485696758","16.878400000000003","16.579700000000003","0.2987","16.767500000000002","0.26890000000000003","False","24.277800000000003","16.8751","12.092400000000001","1.2602","17.8399","8","1","1","False","0"
"11480","2017220847104","1830485699745","1830485920342","22.3776","22.0597","0.3179","22.5714","0.437","False","18.144000000000002","22.3584","24.277800000000003","3.1796","25.2393","8","1","1","False","0"
"11480","2017220847104","1830485923521","1830486118475","19.8027","19.4954","0.3073","19.709400000000002","0.37870000000000004","False","18.1769","19.8133","18.144000000000002","1.5103","21.0057","8","1","1","False","0"
"11480","2017220847104","1830486121548","1830486308793","19.041900000000002","18.724500000000003","0.3174","18.893700000000003","0.2611","False","24.2683","19.0318","18.1769","0.6554","19.3799","8","1","1","False","0"
"11480","2017220847104","1830486311967","1830486514386","20.619","20.2419","0.3771","20.7486","0.38230000000000003","False","18.1976","20.5593","24.2683","4.3644","24.6063","8","1","1","False","0"
"11480","2017220847104","1830486518157","1830486707404","19.211100000000002","18.9247","0.2864","19.1299","0.2615","False","18.1444","19.3018","18.1976","3.2602","22.184900000000003","8","1","1","False","0"
"11480","2017220847104","1830486710268","1830486915011","20.6461","20.4743","0.1718","20.611700000000003","0.5336000000000001","False","18.177400000000002","20.7607","18.1444","0.6439","21.1182","8","1","1","False","0"
"11480","2017220847104","1830486916729","1830487094259","17.9909","17.753","0.2379","18.1473","0.33640000000000003","False","24.2972","17.9248","18.177400000000002","0.8965000000000001","18.6495","8","1","1","False","0"
"11480","2017220847104","1830487096638","1830487294453","19.9956","19.7815","0.2141","20.2275","0.5678000000000001","False","18.16","20.0194","24.2972","5.174300000000001","24.9558","8","1","1","False","0"
"11480","2017220847104","1830487296594","1830487473848","17.9369","17.7254","0.21150000000000002","17.6739","0.3161","False","12.109900000000001","17.939500000000002","18.16","5.3948","23.1202","8","1","1","False","0"
"11480","2017220847104","1830487475963","1830487635873","16.2115","15.991000000000001","0.2205","16.2181","0.3291","False","18.17","16.2025","12.109900000000001","1.3022","17.293200000000002","8","1","1","False","0"
"11480","2017220847104","1830487638078","1830487812550","17.747300000000003","17.447200000000002","0.30010000000000003","17.7483","0.3649","False","18.2203","17.6677","18.17","1.8045","19.2517","8","1","1","False","0"
"11480","2017220847104","1830487815551","1830487959910","14.6544","14.4359","0.2185","14.6217","0.31470000000000004","False","12.101600000000001","14.736","18.2203","5.2888","19.724700000000002","8","1","1","False","0"
"11480","2017220847104","1830487962095","1830488076491","11.6507","11.4396","0.2111","11.6983","0.3534","False","12.1266","11.658100000000001","12.101600000000001","5.7323","17.1719","8","1","1","False","0"
"11480","2017220847104","1830488078602","1830488218341","14.1598","13.9739","0.1859","14.113700000000001","0.2901","False","12.1201","14.185","12.1266","3.6739","17.6478","8","1","1","False","0"
"11480","2017220847104","1830488220200","1830488346428","12.7909","12.6228","0.1681","12.8542","0.32080000000000003","False","18.1779","12.8087","12.1201","2.9853","15.6081","8","1","1","False","0"
"11480","2017220847104","1830488348109","1830488502914","15.692200000000001","15.480500000000001","0.2117","15.678","0.3311","False","12.1357","15.6486","18.1779","5.514600000000001","20.9951","8","1","1","False","0"
"11480","2017220847104","1830488505031","1830488616361","11.305100000000001","11.133000000000001","0.1721","11.299100000000001","0.3139","False","12.1037","11.344700000000001","12.1357","6.3056","17.4386","8","1","1","False","0"
"11480","2017220847104","1830488618082","1830488762113","14.5692","14.4031","0.1661","14.5379","0.28250000000000003","False","12.105","14.5752","12.1037","3.8341000000000003","18.2372","8","1","1","False","0"
"11480","2017220847104","1830488763774","1830488907358","14.606300000000001","14.358400000000001","0.2479","14.484300000000001","0.39030000000000004","False","18.2119","14.524500000000002","12.105","1.4146","15.773000000000001","8","1","1","False","0"
"11480","2017220847104","1830488909837","1830489049336","14.224700000000002","13.949900000000001","0.2748","14.273100000000001","0.2506","False","12.1181","14.1978","18.2119","5.4287","19.378600000000002","8","1","1","False","0"
"11480","2017220847104","1830489052084","1830489167726","11.800400000000002","11.564200000000001","0.23620000000000002","11.8068","0.2529","False","12.0927","11.839","12.1181","5.707800000000001","17.272000000000002","8","1","1","False","0"
"11480","2017220847104","1830489170088","1830489332607","16.471899999999998","16.2519","0.22","16.517500000000002","0.2959","False","12.1232","16.4881","12.0927","1.3124","17.5643","8","1","1","False","0"
"11480","2017220847104","1830489334807","1830489451682","11.9282","11.6875","0.24070000000000003","11.8823","0.25320000000000004","False","18.1978","11.9075","12.1232","1.5281","13.2156","8","1","1","False","0"
"11480","2017220847104","1830489454089","1830489614154","16.2079","16.0065","0.20140000000000002","16.2853","0.29760000000000003","False","12.1403","16.2472","18.1978","3.4787000000000003","19.485200000000003","8","1","1","False","0"
"11480","2017220847104","1830489616168","1830489721634","10.7211","10.5466","0.17450000000000002","10.6541","0.2286","False","12.0915","10.748000000000001","12.1403","4.871","15.4176","8","1","1","False","0"
"11480","2017220847104","1830489723379","1830489843077","12.232800000000001","11.969800000000001","0.263","12.256400000000001","0.2864","False","12.0957","12.144300000000001","12.0915","4.8182","16.788","8","1","1","False","0"
"11480","2017220847104","1830489845707","1830489987412","14.427000000000001","14.1705","0.2565","14.3853","0.24960000000000002","False","18.1737","14.4335","12.0957","2.4804","16.6509","8","1","1","False","0"
"11480","2017220847104","1830489989977","1830490145916","15.787","15.593900000000001","0.19310000000000002","15.9839","0.4062","False","18.1946","15.8504","18.1737","4.8037","20.3976","8","1","1","False","0"
"11480","2017220847104","1830490147847","1830490324587","17.9352","17.674","0.2612","17.9097","0.39640000000000003","False","12.118400000000001","17.8671","18.1946","5.131200000000001","22.805200000000003","8","1","1","False","0"
"11480","2017220847104","1830490327199","1830490487858","16.2751","16.0659","0.2092","16.2007","0.33240000000000003","False","18.1825","16.3271","12.118400000000001","0.9225000000000001","16.988400000000002","8","1","1","False","0"
"11480","2017220847104","1830490489950","1830490658977","17.087899999999998","16.9027","0.1852","17.1981","0.4091","False","24.294700000000002","17.111900000000002","18.1825","1.9931","18.8958","8","1","1","False","0"
"11480","2017220847104","1830490660829","1830490863055","20.4439","20.2226","0.22130000000000002","20.2053","0.381","False","12.0623","20.4078","24.294700000000002","5.88","26.102600000000002","8","1","1","False","0"
"11480","2017220847104","1830490865268","1830490980819","11.734600000000002","11.555100000000001","0.17950000000000002","11.8069","0.2561","False","12.120000000000001","11.7764","12.0623","6.165900000000001","17.721","8","1","1","False","0"
"11480","2017220847104","1830490982614","1830491146590","16.6489","16.3976","0.2513","17.2754","0.908","False","18.1894","16.5771","12.120000000000001","1.7088","18.1064","8","1","1","False","0"
"11480","2017220847104","1830491149103","1830491307612","16.098000000000003","15.850900000000001","0.24710000000000001","15.889600000000002","0.7075","False","18.1785","16.1022","18.1894","3.7960000000000003","19.646900000000002","8","1","1","False","0"
"11480","2017220847104","1830491310083","1830491509202","20.1938","19.9119","0.28190000000000004","20.1916","0.7084","False","18.1813","20.159000000000002","18.1785","1.8155000000000001","21.7274","8","1","1","False","0"
"11480","2017220847104","1830491512021","1830491643652","13.351","13.1631","0.1879","13.3924","0.7162000000000001","False","18.2121","13.445","18.1813","6.5518","19.7149","8","1","1","False","0"
"11480","2017220847104","1830491645531","1830491822874","17.9329","17.7343","0.1986","17.939700000000002","0.7317","False","12.086400000000001","17.9222","18.2121","6.8417","24.576","8","1","1","False","0"
"11480","2017220847104","1830491824860","1830491986104","16.3716","16.1244","0.2472","16.1261","0.5044000000000001","False","18.184900000000003","16.323","12.086400000000001","2.6051","18.7295","8","1","1","False","0"
"11480","2017220847104","1830491988576","1830492145454","15.8952","15.687800000000001","0.2074","16.134700000000002","0.7159","False","12.1254","15.935","18.184900000000003","4.855","20.5428","8","1","1","False","0"
"11480","2017220847104","1830492147528","1830492303157","15.842300000000002","15.5629","0.27940000000000004","15.8009","0.7349","False","18.1843","15.7703","12.1254","1.2101","16.773","8","1","1","False","0"
"11480","2017220847104","1830492305951","1830492484465","18.0442","17.8514","0.1928","18.1055","0.7365","False","24.2711","18.1308","18.1843","1.2636","19.115000000000002","8","1","1","False","0"
"11480","2017220847104","1830492486393","1830492697106","21.270300000000002","21.0713","0.199","21.2426","0.7203","False","12.0929","21.264100000000003","24.2711","4.2706","25.341900000000003","8","1","1","False","0"
"11480","2017220847104","1830492699096","1830492812437","11.536600000000002","11.334100000000001","0.2025","11.353100000000001","0.5072","False","12.1098","11.533100000000001","12.0929","4.8304","16.1645","8","1","1","False","0"
"11480","2017220847104","1830492814462","1830492973331","16.047900000000002","15.8869","0.161","15.936900000000001","0.7145","False","24.2816","16.0894","12.1098","0.8508","16.7377","8","1","1","False","0"
"11480","2017220847104","1830492974941","1830493171829","20.007","19.6888","0.31820000000000004","20.255100000000002","0.7148","False","12.1028","19.849800000000002","24.2816","5.2826","24.971400000000003","8","1","1","False","0"
"11480","2017220847104","1830493175011","1830493306719","13.415799999999999","13.1708","0.24500000000000002","13.1693","0.43210000000000004","False","18.2545","13.489","12.1028","3.8964000000000003","17.0672","8","1","1","False","0"
"11480","2017220847104","1830493309169","1830493475541","16.8563","16.6372","0.21910000000000002","17.1583","0.7171000000000001","False","18.1656","16.8822","18.2545","5.2687","21.905900000000003","8","1","1","False","0"
"11480","2017220847104","1830493477732","1830493639774","16.3937","16.2042","0.1895","16.5071","0.8288000000000001","False","18.1534","16.4233","18.1656","7.011","23.2152","8","1","1","False","0"
"11480","2017220847104","1830493641669","1830493825059","18.5986","18.339000000000002","0.2596","18.5073","0.7738","False","12.081100000000001","18.5285","18.1534","6.6359","24.9749","8","1","1","False","0"
"11480","2017220847104","1830493827655","1830493969061","14.3498","14.140600000000001","0.2092","14.086","0.4713","False","18.2394","14.4002","12.081100000000001","4.316800000000001","18.4574","8","1","1","False","0"
"11480","2017220847104","1830493971153","1830494146188","17.7905","17.503500000000003","0.28700000000000003","18.0227","0.7803","False","12.0624","17.7127","18.2394","4.843500000000001","22.347","8","1","1","False","0"
"11480","2017220847104","1830494149058","1830494303518","15.732700000000001","15.446000000000002","0.2867","15.783000000000001","0.7952","False","24.264200000000002","15.733","12.0624","1.1729","16.6189","8","1","1","False","0"
"11480","2017220847104","1830494306385","1830494488689","18.493199999999998","18.2304","0.26280000000000003","18.4724","0.7879","False","12.165600000000001","18.5171","24.264200000000002","6.92","25.1504","8","1","1","False","0"
"11480","2017220847104","1830494491317","1830494654673","16.6033","16.3356","0.2677","16.3062","0.4707","False","18.160700000000002","16.5984","12.165600000000001","2.4872","18.8228","8","1","1","False","0"
"11480","2017220847104","1830494657350","1830494806067","15.116200000000001","14.8717","0.24450000000000002","15.4192","0.7779","False","18.1311","15.1394","18.160700000000002","5.508500000000001","20.380200000000002","8","1","1","False","0"
"11480","2017220847104","1830494808512","1830494991644","18.5195","18.313200000000002","0.2063","18.6079","0.8272","False","18.2283","18.5577","18.1311","5.0819","23.395100000000003","8","1","1","False","0"
"11480","2017220847104","1830494993707","1830495159064","16.6854","16.535700000000002","0.1497","16.4235","0.9154","False","18.1823","16.742","18.2283","6.5682","23.1039","8","1","1","False","0"
"11480","2017220847104","1830495160561","1830495360568","20.209300000000002","20.000700000000002","0.2086","20.1075","0.4665","False","12.1226","20.1504","18.1823","4.6001","24.6008","8","1","1","False","0"
"11480","2017220847104","1830495362654","1830495484068","12.388900000000001","12.1414","0.24750000000000003","12.3514","0.46080000000000004","False","18.1345","12.350000000000001","12.1226","4.3727","16.5141","8","1","1","False","0"
"11480","2017220847104","1830495486543","1830495669458","18.5659","18.2915","0.27440000000000003","18.8956","0.8232","False","12.210700000000001","18.539","18.1345","3.9682000000000004","22.259700000000002","8","1","1","False","0"
"11480","2017220847104","1830495672202","1830495806353","13.693000000000001","13.4151","0.27790000000000004","13.6928","0.8247","False","18.1705","13.6895","12.210700000000001","2.4894000000000003","15.9045","8","1","1","False","0"
"11480","2017220847104","1830495809132","1830495982016","17.5836","17.2884","0.2952","17.6716","0.8874000000000001","False","18.1092","17.566300000000002","18.1705","3.0936000000000003","20.382","8","1","1","False","0"
"11480","2017220847104","1830495984968","1830496135865","15.2812","15.0897","0.1915","15.3163","0.8788","False","12.1201","15.3849","18.1092","5.8179","20.907600000000002","8","1","1","False","0"
"11480","2017220847104","1830496137780","1830496294870","15.968000000000002","15.709000000000001","0.259","15.8932","0.8461000000000001","False","18.182000000000002","15.900500000000001","12.1201","2.0375","17.7465","8","1","1","False","0"
"11480","2017220847104","1830496297460","1830496483037","18.766000000000002","18.5577","0.2083","18.875600000000002","0.9174","False","18.1749","18.8167","18.182000000000002","1.4028","19.9605","8","1","1","False","0"
"11480","2017220847104","1830496485120","1830496642629","15.944900000000002","15.750900000000001","0.194","15.862300000000001","0.8312","False","18.2542","15.959200000000001","18.1749","3.6185","19.369400000000002","8","1","1","False","0"
"11480","2017220847104","1830496644569","1830496794909","15.292900000000001","15.034","0.2589","15.2544","0.8289000000000001","False","18.1159","15.228000000000002","18.2542","6.6447","21.678700000000003","8","1","1","False","0"
"11480","2017220847104","1830496797498","1830496974399","17.9566","17.6901","0.2665","18.115000000000002","1.0055","False","12.1203","17.949","18.1159","6.8116","24.5017","8","1","1","False","0"
"11480","2017220847104","1830496977064","1830497142469","16.8244","16.5405","0.28390000000000004","16.657600000000002","0.8345","False","18.1868","16.807000000000002","12.1203","2.1249000000000002","18.6654","8","1","1","False","0"
"11480","2017220847104","1830497145308","1830497296654","15.2885","15.1346","0.1539","15.0328","0.8194","False","18.176000000000002","15.4185","18.1868","4.8932","20.027800000000003","8","1","1","False","0"
"11480","2017220847104","1830497298193","1830497475140","17.9478","17.6947","0.2531","18.276500000000002","0.8815000000000001","False","18.2115","17.8486","18.176000000000002","5.2206","22.915300000000002","8","1","1","False","0"
"11480","2017220847104","1830497477671","1830497681565","20.570200000000003","20.389400000000002","0.18080000000000002","20.605600000000003","0.895","False","12.0907","20.642500000000002","18.2115","2.7896","23.179000000000002","8","1","1","False","0"
"11480","2017220847104","1830497683373","1830497813661","13.2963","13.0288","0.2675","12.907200000000001","0.5369","False","18.188000000000002","13.2096","12.0907","1.6707","14.6995","8","1","1","False","0"
"11480","2017220847104","1830497816336","1830497959331","14.4917","14.2995","0.1922","15.057400000000001","1.0743","False","18.1647","14.567","18.188000000000002","5.2917000000000005","19.5912","8","1","1","False","0"
"11480","2017220847104","1830497961253","1830498125054","16.585600000000003","16.380100000000002","0.20550000000000002","16.3898","0.8927","False","12.1348","16.572300000000002","18.1647","6.8841","23.264200000000002","8","1","1","False","0"
"11480","2017220847104","1830498127109","1830498302692","17.830399999999997","17.5583","0.2721","17.8141","0.9173","False","18.1764","17.7638","12.1348","1.2551","18.8134","8","1","1","False","0"
"11480","2017220847104","1830498305413","1830498479657","17.742700000000003","17.424400000000002","0.3183","17.698600000000003","0.8908","False","18.258","17.6965","18.1764","1.735","19.1594","8","1","1","False","0"
"11480","2017220847104","1830498482840","1830498634377","15.4261","15.1537","0.27240000000000003","15.4669","0.9038","False","18.1091","15.472000000000001","18.258","4.521","19.6747","8","1","1","False","0"
"11480","2017220847104","1830498637101","1830498801782","16.7166","16.4681","0.2485","16.7038","0.8842000000000001","False","18.1953","16.7405","18.1091","5.889600000000001","22.3577","8","1","1","False","0"
"11480","2017220847104","1830498804267","1830498982687","18.066200000000002","17.842000000000002","0.2242","18.104100000000003","0.8847","False","12.113100000000001","18.090500000000002","18.1953","5.994400000000001","23.8364","8","1","1","False","0"
"11480","2017220847104","1830498984929","1830499143778","16.0688","15.8849","0.1839","15.8559","0.6705","False","18.1766","16.1091","12.113100000000001","1.9984000000000002","17.883300000000002","8","1","1","False","0"
"11480","2017220847104","1830499145617","1830499308590","16.488","16.2973","0.1907","16.7148","0.8946000000000001","False","18.1954","16.4812","18.1766","3.6938","19.9911","8","1","1","False","0"
"11480","2017220847104","1830499310497","1830499490389","18.214","17.9892","0.2248","18.0206","1.0502","False","18.1715","18.1799","18.1954","3.7093000000000003","21.698500000000003","8","1","1","False","0"
"11480","2017220847104","1830499492637","1830499638435","14.8007","14.5798","0.2209","15.449200000000001","1.3656000000000001","False","18.1977","14.8046","18.1715","7.0762","21.656000000000002","8","1","1","False","0"
"11480","2017220847104","1830499640644","1830499850270","21.1351","20.962600000000002","0.17250000000000001","21.9019","2.1058","False","12.1175","21.183500000000002","18.1977","4.0904","25.053","8","1","1","False","0"
"11480","2017220847104","1830499851995","1830499986039","13.576300000000002","13.4044","0.1719","12.7322","1.2491","False","18.1841","13.5769","12.1175","2.6310000000000002","16.0354","8","1","1","False","0"
"11480","2017220847104","1830499987758","1830500125588","13.980300000000002","13.783000000000001","0.1973","14.648499999999999","1.9439000000000002","False","12.1119","13.9549","18.1841","6.860200000000001","20.6432","8","1","1","False","0"
"11480","2017220847104","1830500127561","1830500292175","16.735500000000002","16.4614","0.2741","16.210900000000002","1.4506000000000001","False","18.185000000000002","16.6587","12.1119","2.3134","18.774800000000003","8","1","1","False","0"
"11480","2017220847104","1830500294916","1830500459527","16.734800000000003","16.461100000000002","0.2737","16.9247","1.6416000000000002","False","18.1778","16.735200000000003","18.185000000000002","3.7632000000000003","20.2243","8","1","1","False","0"
"11480","2017220847104","1830500462264","1830500629893","17.029000000000003","16.762900000000002","0.2661","17.0379","1.653","False","18.185000000000002","17.0366","18.1778","4.9044","21.6673","8","1","1","False","0"
"11480","2017220847104","1830500632554","1830500791238","16.063000000000002","15.868400000000001","0.19460000000000002","15.852","1.409","False","12.122100000000001","16.1345","18.185000000000002","6.9549","22.8233","8","1","1","False","0"
"11480","2017220847104","1830500793184","1830500962751","17.253500000000003","16.9567","0.2968","17.2206","1.4047","False","24.284000000000002","17.1513","12.122100000000001","1.9257000000000002","18.8824","8","1","1","False","0"
"11480","2017220847104","1830500965719","1830501174179","21.0938","20.846","0.24780000000000002","21.3072","1.6261","False","12.0751","21.1428","24.284000000000002","5.0669","25.9129","8","1","1","False","0"
"11480","2017220847104","1830501176657","1830501319419","14.464200000000002","14.276200000000001","0.188","13.8809","1.0024","False","18.1847","14.524000000000001","12.0751","2.6180000000000003","16.8942","8","1","1","False","0"
"11480","2017220847104","1830501321299","1830501472396","15.3805","15.1097","0.27080000000000004","16.1848","1.8418","False","18.186700000000002","15.2977","18.1847","5.505","20.614700000000003","8","1","1","False","0"
"11480","2017220847104","1830501475104","1830501658311","18.5467","18.320700000000002","0.226","20.203400000000002","3.8883","False","18.1823","18.5915","18.186700000000002","5.1002","23.4209","8","1","1","False","0"
"11480","2017220847104","1830501660571","1830501844627","18.5477","18.4056","0.1421","16.6801","1.5813000000000001","False","18.1705","18.631600000000002","18.1823","4.6509","23.0565","8","1","1","False","0"
"11480","2017220847104","1830501846048","1830502020298","17.5535","17.425","0.1285","18.188200000000002","2.2039","False","18.1875","17.5671","18.1705","5.254300000000001","22.6793","8","1","1","False","0"
"11480","2017220847104","1830502021583","1830502215650","19.6186","19.4067","0.2119","19.076700000000002","1.6892","False","18.180400000000002","19.5352","18.1875","3.9066","23.3133","8","1","1","False","0"
"11480","2017220847104","1830502217769","1830502397739","18.171499999999998","17.997","0.17450000000000002","18.1569","1.6783000000000001","False","18.186700000000002","18.2089","18.180400000000002","3.8781000000000003","21.8751","8","1","1","False","0"
"11480","2017220847104","1830502399484","1830502561346","16.3816","16.1862","0.19540000000000002","17.634700000000002","2.9358","False","18.1798","16.3607","18.186700000000002","5.7041","21.8903","8","1","1","False","0"
"11480","2017220847104","1830502563300","1830502743088","18.2139","17.9788","0.2351","18.014200000000002","2.7457000000000003","False","18.2092","18.174200000000003","18.1798","5.709700000000001","23.6885","8","1","1","False","0"
"11480","2017220847104","1830502745439","1830502907587","16.3636","16.2148","0.14880000000000002","14.965","1.2985","False","18.2041","16.4499","18.2092","7.469","23.6838","8","1","1","False","0"
"11480","2017220847104","1830502909075","1830503093945","18.711100000000002","18.487000000000002","0.22410000000000002","18.604200000000002","1.2619","False","12.126800000000001","18.6358","18.2041","7.0373","25.5243","8","1","1","False","0"
"11480","2017220847104","1830503096186","1830503261538","16.72","16.5352","0.18480000000000002","16.755300000000002","1.2458","False","18.1494","16.7593","12.126800000000001","2.4048000000000003","18.94","8","1","1","False","0"
"11480","2017220847104","1830503263386","1830503433401","17.3506","17.0015","0.3491","17.6151","1.5892000000000002","False","18.1916","17.1863","18.1494","3.3679","20.369400000000002","8","1","1","False","0"
"11480","2017220847104","1830503436892","1830503616012","18.091700000000003","17.912000000000003","0.1797","17.9066","1.3321","False","18.1563","18.261100000000003","18.1916","3.2984","21.2104","8","1","1","False","0"
"11480","2017220847104","1830503617809","1830503814020","19.956100000000003","19.621100000000002","0.335","19.622400000000003","1.0767","False","18.1718","19.800800000000002","18.1563","1.6539000000000001","21.275000000000002","8","1","1","False","0"
"11480","2017220847104","1830503817370","1830503999507","18.711299999999998","18.2137","0.49760000000000004","18.4537","1.0985","False","24.297900000000002","18.5487","18.1718","1.2770000000000001","19.4907","8","1","1","False","0"
"11480","2017220847104","1830504004483","1830504195226","19.483800000000002","19.0743","0.40950000000000003","20.2237","1.5245","False","18.1299","19.5719","24.297900000000002","6.003","25.0773","8","1","1","False","0"
"11480","2017220847104","1830504199321","1830504372292","17.5267","17.2971","0.2296","17.8869","1.8526","False","30.3409","17.7066","18.1299","6.4263","23.7234","8","1","1","False","0"
"11480","2017220847104","1830504374588","1830504667685","29.6883","29.309700000000003","0.3786","29.2176","1.4527","False","12.1136","29.5393","30.3409","7.2279","36.537600000000005","8","1","1","False","0"
"11480","2017220847104","1830504671471","1830504808339","14.0128","13.6868","0.326","14.100200000000001","1.5359","False","12.1342","14.0654","12.1136","5.2761000000000005","18.9629","8","1","1","False","0"
"11480","2017220847104","1830504811599","1830504934074","12.5884","12.2475","0.34090000000000004","12.228800000000001","1.1958","False","12.0951","12.573500000000001","12.1342","4.8368","17.084300000000002","8","1","1","False","0"
"11480","2017220847104","1830504937483","1830505083784","14.8537","14.6301","0.22360000000000002","14.762599999999999","1.0491000000000001","False","18.1766","14.971","12.0951","1.9609","16.591","8","1","1","False","0"
"11480","2017220847104","1830505086020","1830505217269","13.4612","13.1249","0.33630000000000004","13.5152","1.1632","False","12.1171","13.348500000000001","18.1766","6.789000000000001","19.9139","8","1","1","False","0"
"11480","2017220847104","1830505220632","1830505387659","17.0612","16.7027","0.35850000000000004","17.1933","1.2964","False","12.105400000000001","17.039","12.1171","1.8671","18.5698","8","1","1","False","0"
"11480","2017220847104","1830505391244","1830505504417","11.664200000000001","11.317300000000001","0.34690000000000004","11.365300000000001","1.0204","False","18.2158","11.6758","12.105400000000001","2.2967","13.614","8","1","1","False","0"
"11480","2017220847104","1830505507886","1830505673299","16.8537","16.5413","0.3124","17.7422","1.8376000000000001","False","12.1142","16.8882","18.2158","3.6243000000000003","20.1656","8","1","1","False","0"
"11480","2017220847104","1830505676423","1830505796380","12.310900000000002","11.995700000000001","0.31520000000000004","11.5512","1.1258000000000001","False","12.103100000000001","12.308100000000001","12.1142","3.4304","15.4261","8","1","1","False","0"
"11480","2017220847104","1830505799532","1830505936991","14.0021","13.7459","0.25620000000000004","13.9794","1.0510000000000002","False","18.2145","14.061100000000001","12.103100000000001","1.4724000000000002","15.218300000000001","8","1","1","False","0"
"11480","2017220847104","1830505939553","1830506077002","14.0029","13.744900000000001","0.258","14.5233","1.9943000000000002","False","12.0904","14.001100000000001","18.2145","5.6858","19.4307","8","1","1","False","0"
"11480","2017220847104","1830506079582","1830506238183","16.1983","15.860100000000001","0.3382","15.5495","0.9833000000000001","False","18.215600000000002","16.118100000000002","12.0904","1.6581000000000001","17.5182","8","1","1","False","0"
"11480","2017220847104","1830506241565","1830506377213","13.7978","13.5648","0.233","14.8381","1.9583000000000002","False","12.0995","13.903","18.215600000000002","5.9707","19.535500000000003","8","1","1","False","0"
"11480","2017220847104","1830506379543","1830506516242","13.9307","13.6699","0.26080000000000003","12.992600000000001","1.0359","False","18.206200000000003","13.9029","12.0995","4.1673","17.8372","8","1","1","False","0"
"11480","2017220847104","1830506518850","1830506674448","15.791200000000002","15.559800000000001","0.23140000000000002","16.651500000000002","1.8844","False","12.086300000000001","15.8206","18.206200000000003","6.5529","22.1127","8","1","1","False","0"
"11480","2017220847104","1830506676762","1830506833441","16.020300000000002","15.667900000000001","0.3524","15.854700000000001","1.7332","False","24.276200000000003","15.8993","12.086300000000001","2.7399","18.4078","8","1","1","False","0"
"11480","2017220847104","1830506836965","1830507026797","19.1657","18.9832","0.1825","19.276500000000002","1.784","False","12.1028","19.3356","24.276200000000003","7.6805","26.663700000000002","8","1","1","False","0"
"11480","2017220847104","1830507028622","1830507157541","13.233800000000002","12.891900000000001","0.34190000000000004","13.5214","2.1832000000000003","False","18.1625","13.0744","12.1028","6.708900000000001","19.6008","8","1","1","False","0"
"11480","2017220847104","1830507160960","1830507349164","19.0523","18.8204","0.23190000000000002","18.692","1.7530000000000001","False","30.340600000000002","19.162300000000002","18.1625","5.7091","24.529500000000002","8","1","1","False","0"
"11480","2017220847104","1830507351483","1830507632333","28.326900000000002","28.085","0.2419","28.5285","1.9532","False","12.1179","28.3169","30.340600000000002","7.7328","35.8178","8","1","1","False","0"
"11480","2017220847104","1830507634752","1830507775168","14.3651","14.0416","0.3235","14.005","1.6279000000000001","False","12.0967","14.2835","12.1179","5.567200000000001","19.608800000000002","8","1","1","False","0"
"11480","2017220847104","1830507778403","1830507906053","13.0105","12.765","0.24550000000000002","14.6905","3.2864","False","12.137400000000001","13.0885","12.0967","4.5754","17.340400000000002","8","1","1","False","0"
"11480","2017220847104","1830507908508","1830508036822","13.243","12.8314","0.4116","11.5679","1.7762","False","18.243000000000002","13.0769","12.137400000000001","3.6359000000000004","16.4673","8","1","1","False","0"
"11480","2017220847104","1830508040938","1830508176590","14.0549","13.5652","0.4897","14.027999999999999","1.7549000000000001","False","24.198900000000002","13.9768","18.243000000000002","7.902100000000001","21.4673","8","1","1","False","0"
"11480","2017220847104","1830508181487","1830508430754","25.1495","24.9267","0.2228","26.015900000000002","2.7895000000000003","False","12.1257","25.416400000000003","24.198900000000002","6.6846000000000005","31.6113","8","1","1","False","0"
"11480","2017220847104","1830508432982","1830508568656","13.794","13.567400000000001","0.22660000000000002","12.8667","1.5076","False","12.0723","13.7902","12.1257","5.0201","18.587500000000002","8","1","1","False","0"
"11480","2017220847104","1830508570922","1830508707662","14.007000000000001","13.674000000000001","0.333","14.994900000000001","2.5475000000000003","False","12.1226","13.9006","12.0723","3.1918","16.8658","8","1","1","False","0"
"11480","2017220847104","1830508710992","1830508830934","12.398800000000001","11.994200000000001","0.4046","11.4297","1.6991","False","30.332900000000002","12.327200000000001","12.1226","2.9872","14.9814","8","1","1","False","0"
"11480","2017220847104","1830508834980","1830509083050","25.067000000000004","24.807000000000002","0.26","25.7087","2.1677","False","12.1483","25.2116","30.332900000000002","8.108500000000001","32.9155","8","1","1","False","0"
"11480","2017220847104","1830509085650","1830509210630","12.9753","12.498000000000001","0.4773","12.3975","1.8076","False","12.0998","12.758000000000001","12.1483","7.4988","19.9968","8","1","1","False","0"
"11480","2017220847104","1830509215403","1830509344978","13.238900000000001","12.957500000000001","0.28140000000000004","13.5755","1.9154","False","12.0877","13.434800000000001","12.0998","6.1638","19.1213","8","1","1","False","0"
"11480","2017220847104","1830509347792","1830509495809","15.1142","14.8017","0.3125","14.6131","1.4714","False","18.177","15.0831","12.0877","3.1684","17.970100000000002","8","1","1","False","0"
"11480","2017220847104","1830509498934","1830509657269","16.0878","15.8335","0.2543","16.7777","2.1253","False","18.1952","16.146","18.177","5.199400000000001","21.0329","8","1","1","False","0"
"11480","2017220847104","1830509659812","1830509832714","17.547600000000003","17.290200000000002","0.2574","17.786","2.3733","False","18.2066","17.5445","18.1952","5.8501","23.1403","8","1","1","False","0"
"11480","2017220847104","1830509835288","1830509996781","16.5966","16.1493","0.44730000000000003","15.81","1.7627000000000002","False","12.1012","16.4067","18.2066","7.65","23.799300000000002","8","1","1","False","0"
"11480","2017220847104","1830510001254","1830510164054","16.553900000000002","16.28","0.27390000000000003","16.665300000000002","1.7088","False","18.285800000000002","16.7273","12.1012","3.0239000000000003","19.303900000000002","8","1","1","False","0"
"11480","2017220847104","1830510166793","1830510326035","16.266000000000002","15.9242","0.3418","16.6116","2.0908","False","18.0775","16.1981","18.285800000000002","5.1116","21.035800000000002","8","1","1","False","0"
"11480","2017220847104","1830510329453","1830510484182","15.6812","15.472900000000001","0.2083","15.4809","2.1984","False","12.104000000000001","15.8147","18.0775","7.3744000000000005","22.8473","8","1","1","False","0"
"11480","2017220847104","1830510486265","1830510655581","17.171499999999998","16.9316","0.2399","17.1267","1.7984","False","18.1838","17.1399","12.104000000000001","2.3385000000000002","19.2701","8","1","1","False","0"
"11480","2017220847104","1830510657980","1830510814639","15.908100000000001","15.6659","0.2422","16.2667","2.1477","False","18.1781","15.905800000000001","18.1838","4.6165","20.282400000000003","8","1","1","False","0"
"11480","2017220847104","1830510817061","1830510984238","17.0239","16.7177","0.3062","17.1962","2.3225000000000002","False","18.2188","16.9599","18.1781","5.834700000000001","22.552400000000002","8","1","1","False","0"
"11480","2017220847104","1830510987300","1830511173762","18.8373","18.6462","0.19110000000000002","18.6397","2.0763000000000003","False","18.178","18.9524","18.2188","5.101100000000001","23.747300000000003","8","1","1","False","0"
"11480","2017220847104","1830511175673","1830511340512","16.718600000000002","16.483900000000002","0.23470000000000002","16.6595","2.0432","False","12.0873","16.675","18.178","6.604100000000001","23.088","8","1","1","False","0"
"11480","2017220847104","1830511342859","1830511500497","16.0473","15.763800000000002","0.28350000000000003","15.5149","1.5276","False","18.1826","15.9985","12.0873","2.6929000000000003","18.4567","8","1","1","False","0"
"11480","2017220847104","1830511503332","1830511684390","18.3443","18.105800000000002","0.23850000000000002","18.971700000000002","2.1352","False","18.1969","18.389300000000002","18.1826","2.4862","20.592000000000002","8","1","1","False","0"
"11480","2017220847104","1830511686775","1830511854694","17.056400000000004","16.791900000000002","0.2645","17.305600000000002","2.4109000000000003","False","12.107700000000001","17.0304","18.1969","3.6527000000000003","20.4446","8","1","1","False","0"
"11480","2017220847104","1830511857339","1830511993700","13.8749","13.6361","0.2388","12.970099999999999","1.4851","False","18.1816","13.9006","12.107700000000001","1.8598000000000001","15.4959","8","1","1","False","0"
"11480","2017220847104","1830511996088","1830512141870","14.8818","14.5782","0.30360000000000004","15.5318","2.1488","False","18.1891","14.817","18.1816","5.2244","19.8026","8","1","1","False","0"
"11480","2017220847104","1830512144906","1830512291476","14.9214","14.657","0.2644","18.032600000000002","5.2555000000000005","False","12.1799","14.960600000000001","18.1891","8.4529","23.1099","8","1","1","False","0"
"11480","2017220847104","1830512294120","1830512453450","16.120700000000003","15.933000000000002","0.1877","13.5294","2.6255","False","18.110400000000002","16.197400000000002","12.1799","4.4354000000000005","20.3684","8","1","1","False","0"
"11480","2017220847104","1830512455327","1830512650796","19.737000000000002","19.5469","0.19010000000000002","19.107200000000006","2.3909000000000002","False","18.1837","19.7346","18.110400000000002","2.8112","22.3581","8","1","1","False","0"
"11480","2017220847104","1830512652697","1830512822118","17.1464","16.9421","0.2043","17.6509","2.4989","False","18.1855","17.1322","18.1837","3.8627000000000002","20.8048","8","1","1","False","0"
"11480","2017220847104","1830512824161","1830512957917","13.5662","13.3756","0.19060000000000002","13.5076","2.4434","False","12.120600000000001","13.5799","18.1855","8.468300000000001","21.8439","8","1","1","False","0"
"11480","2017220847104","1830512959823","1830513122540","16.4913","16.2717","0.21960000000000002","16.429100000000002","2.3905000000000003","False","18.1786","16.4623","12.120600000000001","4.1266","20.398300000000003","8","1","1","False","0"
"11480","2017220847104","1830513124736","1830513297849","17.4958","17.3113","0.1845","19.4544","4.3349","False","18.1859","17.530900000000003","18.1786","4.7743","22.0856","8","1","1","False","0"
"11480","2017220847104","1830513299694","1830513467474","17.095200000000002","16.778000000000002","0.31720000000000004","15.188500000000001","2.478","False","18.1796","16.962500000000002","18.1859","5.9977","22.7757","8","1","1","False","0"
"11480","2017220847104","1830513470646","1830513628388","16.018900000000002","15.7742","0.2447","15.8748","2.3167","False","18.2012","16.0914","18.1796","8.0859","23.860100000000003","8","1","1","False","0"
"11480","2017220847104","1830513630835","1830513841195","21.278000000000002","21.036","0.24200000000000002","21.255200000000002","2.2956000000000003","False","12.104000000000001","21.2807","18.2012","5.0064","26.0424","8","1","1","False","0"
"11480","2017220847104","1830513843615","1830513974698","13.3796","13.1083","0.2713","12.720600000000001","1.6374000000000002","False","18.207900000000002","13.3503","12.104000000000001","3.7601","16.8684","8","1","1","False","0"
"11480","2017220847104","1830513977411","1830514127146","15.175900000000002","14.973500000000001","0.2024","16.246100000000002","2.6590000000000003","False","18.1428","15.244800000000001","18.207900000000002","6.7232","21.6967","8","1","1","False","0"
"11480","2017220847104","1830514129170","1830514289773","16.3195","16.0603","0.2592","18.945","5.3251","False","12.1289","16.262700000000002","18.1428","8.6033","24.663600000000002","8","1","1","False","0"
"11480","2017220847104","1830514292365","1830514468719","17.9315","17.6354","0.29610000000000003","14.6004","2.0427","False","18.186400000000003","17.8946","12.1289","2.8376","20.473000000000003","8","1","1","False","0"
"11480","2017220847104","1830514471680","1830514632863","16.323700000000002","16.1183","0.2054","16.449","2.0921000000000003","False","18.189600000000002","16.4144","18.186400000000003","4.6096","20.7279","8","1","1","False","0"
"11480","2017220847104","1830514634917","1830514799212","16.638","16.4295","0.20850000000000002","16.976100000000002","2.8442000000000003","False","18.1724","16.634900000000002","18.189600000000002","6.1643","22.5938","8","1","1","False","0"
"11480","2017220847104","1830514801297","1830514966023","16.7183","16.4726","0.2457","16.651","2.3935","False","12.132200000000001","16.6811","18.1724","7.655600000000001","24.1282","8","1","1","False","0"
"11480","2017220847104","1830514968480","1830515124325","15.780000000000001","15.5845","0.1955","15.8114","2.4053","False","24.258200000000002","15.830200000000001","12.132200000000001","3.9576000000000002","19.5421","8","1","1","False","0"
"11480","2017220847104","1830515126280","1830515319525","19.5414","19.3245","0.2169","19.6754","2.48","False","12.0938","19.52","24.258200000000002","8.6958","28.020300000000002","8","1","1","False","0"
"11480","2017220847104","1830515321694","1830515485360","16.657300000000003","16.366600000000002","0.2907","15.770000000000001","1.6796","False","18.1959","16.5835","12.0938","4.2061","20.5727","8","1","1","False","0"
"11480","2017220847104","1830515488267","1830515628943","14.2787","14.0676","0.2111","15.1392","2.5196","False","18.206500000000002","14.3583","18.1959","8.043700000000001","22.1113","8","1","1","False","0"
"11480","2017220847104","1830515631054","1830515832221","20.340700000000002","20.1167","0.224","20.3362","2.5111000000000003","False","12.099300000000001","20.3278","18.206500000000002","5.9224000000000006","26.0391","8","1","1","False","0"
"11480","2017220847104","1830515834461","1830515954785","12.2286","12.0324","0.1962","11.574100000000001","1.8517000000000001","False","18.178900000000002","12.256400000000001","12.099300000000001","5.7653","17.797700000000003","8","1","1","False","0"
"11480","2017220847104","1830515956747","1830516129246","17.448900000000002","17.2499","0.199","18.2785","2.6816","False","18.174","17.4461","18.178900000000002","6.4981","23.748","8","1","1","False","0"
"11480","2017220847104","1830516131236","1830516311251","18.1844","18.0015","0.1829","19.2373","3.7237","False","12.1091","18.2005","18.174","6.4716000000000005","24.473100000000002","8","1","1","False","0"
"11480","2017220847104","1830516313080","1830516470038","15.9678","15.6958","0.272","13.954400000000001","1.7472","False","24.2852","15.8787","12.1091","2.702","18.3978","8","1","1","False","0"
"11480","2017220847104","1830516472758","1830516659140","18.8668","18.6382","0.2286","19.380100000000002","2.253","False","12.089400000000001","18.9102","24.2852","8.077","26.715200000000003","8","1","1","False","0"
"11480","2017220847104","1830516661426","1830516812829","15.425699999999999","15.1403","0.2854","16.3929","3.3042000000000002","False","18.171400000000002","15.3689","12.089400000000001","4.7975","19.9378","8","1","1","False","0"
"11480","2017220847104","1830516815683","1830517014559","20.028000000000002","19.887600000000003","0.1404","19.2297","2.6637","False","18.219","20.173000000000002","18.171400000000002","2.7959","22.683500000000002","8","1","1","False","0"
"11480","2017220847104","1830517015963","1830517173193","15.9456","15.723","0.22260000000000002","16.7209","3.1841000000000004","False","12.0897","15.8634","18.219","5.1515","20.8745","8","1","1","False","0"
"11480","2017220847104","1830517175419","1830517297156","12.289200000000001","12.1737","0.1155","11.719000000000001","2.5663","False","18.1831","12.3963","12.0897","4.8449","17.0186","8","1","1","False","0"
"11480","2017220847104","1830517298311","1830517452390","15.590800000000002","15.407900000000001","0.1829","17.1899","4.1968000000000005","False","18.1994","15.5234","18.1831","7.5046","22.9125","8","1","1","False","0"
"11480","2017220847104","1830517454219","1830517637420","18.4904","18.3201","0.1703","18.1664","3.8682000000000003","False","12.100100000000001","18.503","18.1994","7.2010000000000005","25.5211","8","1","1","False","0"
"11480","2017220847104","1830517639123","1830517802794","16.5176","16.3671","0.1505","14.5881","1.9038000000000002","False","18.1838","16.5374","12.100100000000001","2.7637","19.1308","8","1","1","False","0"
"11480","2017220847104","1830517804299","1830517967803","16.4761","16.3504","0.1257","17.1816","2.6229","False","18.1764","16.5009","18.1838","4.4466","20.797","8","1","1","False","0"
"11480","2017220847104","1830517969060","1830518130074","16.2815","16.1014","0.1801","17.9591","4.3256000000000006","False","18.1842","16.2271","18.1764","6.3959","22.497300000000003","8","1","1","False","0"
"11480","2017220847104","1830518131875","1830518306289","17.630300000000002","17.4414","0.1889","19.762800000000002","6.4664","False","18.1857","17.6215","18.1842","6.958600000000001","24.400000000000002","8","1","1","False","0"
"11480","2017220847104","1830518308178","1830518477695","17.2493","16.951700000000002","0.29760000000000003","15.517700000000001","4.7744","False","18.1772","17.1406","18.1857","8.0037","24.9554","8","1","1","False","0"
"11480","2017220847104","1830518480671","1830518657082","17.8076","17.6411","0.1665","15.428500000000001","2.3417","False","30.358800000000002","17.9387","18.1772","8.2422","25.883300000000002","8","1","1","False","0"
"11480","2017220847104","1830518658747","1830518962197","30.5271","30.345000000000002","0.1821","30.727","3.4515000000000002","False","12.0828","30.5115","30.358800000000002","8.089500000000001","38.4345","8","1","1","False","0"
"11480","2017220847104","1830518964018","1830519136861","17.442300000000003","17.2843","0.158","16.639","1.7365000000000002","False","24.2359","17.4664","12.0828","2.7059","19.9902","8","1","1","False","0"
"11480","2017220847104","1830519138441","1830519311582","17.442899999999998","17.3141","0.1288","19.3273","3.8921","False","6.074800000000001","17.4721","24.2359","9.469700000000001","26.783800000000003","8","1","1","False","0"
"11480","2017220847104","1830519312870","1830519443178","13.1788","13.030800000000001","0.14800000000000002","11.267100000000001","1.7089","False","18.1752","13.159600000000001","6.074800000000001","2.3849","15.415700000000001","8","1","1","False","0"
"11480","2017220847104","1830519444658","1830519608985","17.049300000000002","16.4327","0.6166","16.9827","2.0919000000000003","False","18.1939","16.5807","18.1752","3.9794","20.412100000000002","8","1","1","False","0"
"11480","2017220847104","1830519615151","1830519787882","17.4821","17.2731","0.20900000000000002","18.4226","2.6084","False","18.174","17.8897","18.1939","4.2836","21.5567","8","1","1","False","0"
"11480","2017220847104","1830519789972","1830519947389","15.911700000000002","15.741700000000002","0.17","17.9963","4.6798","False","12.120800000000001","15.950700000000001","18.174","6.5069","22.2486","8","1","1","False","0"
"11480","2017220847104","1830519949089","1830520069904","12.2447","12.0815","0.1632","12.463600000000001","4.8917","False","12.0976","12.2515","12.120800000000001","6.3762","18.457700000000003","8","1","1","False","0"
"11480","2017220847104","1830520071536","1830520226106","15.617600000000001","15.457","0.16060000000000002","12.6111","1.875","False","18.204900000000002","15.6202","12.0976","2.8536","18.3106","8","1","1","False","0"
"11480","2017220847104","1830520227712","1830520376321","15.021600000000001","14.8609","0.1607","17.2448","4.105","False","18.2151","15.021500000000001","18.204900000000002","6.037","20.8979","8","1","1","False","0"
"11480","2017220847104","1830520377928","1830520534585","15.853200000000001","15.665700000000001","0.1875","14.1033","2.4024","False","12.1005","15.826400000000001","18.2151","8.4257","24.0914","8","1","1","False","0"
"11480","2017220847104","1830520536460","1830520683665","14.896400000000002","14.720500000000001","0.1759","15.796700000000001","3.2675","False","18.2082","14.908000000000001","12.1005","5.6182","20.3387","8","1","1","False","0"
"11480","2017220847104","1830520685424","1830520855840","17.206000000000003","17.041600000000003","0.16440000000000002","17.3797","3.4244000000000003","False","18.160600000000002","17.2175","18.2082","6.6089","23.6505","8","1","1","False","0"
"11480","2017220847104","1830520857484","1830521036878","18.090899999999998","17.9394","0.1515","18.3636","3.6983","False","18.179000000000002","18.1038","18.160600000000002","6.6657","24.6051","8","1","1","False","0"
"11480","2017220847104","1830521038393","1830521218036","18.200000000000003","17.9643","0.23570000000000002","17.853","3.3984","False","18.1802","18.1158","18.179000000000002","6.7289","24.6932","8","1","1","False","0"
"11480","2017220847104","1830521220393","1830521385740","16.7362","16.5347","0.2015","15.401900000000001","2.0669","False","12.1236","16.770400000000002","18.1802","8.1387","24.6734","8","1","1","False","0"
"11480","2017220847104","1830521387755","1830521534802","14.8415","14.7047","0.1368","15.8758","3.3308","False","18.165200000000002","14.9062","12.1236","5.3561000000000005","20.0608","8","1","1","False","0"
"11480","2017220847104","1830521536170","1830521702379","16.774900000000002","16.620900000000002","0.154","17.761300000000002","4.0387","False","18.1934","16.7577","18.165200000000002","6.7636","23.384500000000003","8","1","1","False","0"
"11480","2017220847104","1830521703919","1830521891158","18.8881","18.7239","0.1642","19.491500000000002","4.6496","False","12.1304","18.8779","18.1934","6.0791","24.803","8","1","1","False","0"
"11480","2017220847104","1830521892800","1830522031576","14.015600000000001","13.877600000000001","0.138","10.7791","1.4045","False","18.1488","14.0418","12.1304","4.1677","18.0453","8","1","1","False","0"
"11480","2017220847104","1830522032956","1830522198700","16.7366","16.5744","0.1622","18.6141","3.2798000000000003","False","30.3316","16.712400000000002","18.1488","5.6041","22.1785","8","1","1","False","0"
"11480","2017220847104","1830522200322","1830522489907","29.126","28.9585","0.1675","29.9508","4.1177","False","12.0991","29.120700000000003","30.3316","6.815","35.7735","8","1","1","False","0"
"11480","2017220847104","1830522491582","1830522650946","16.0896","15.9364","0.1532","13.9519","1.9769","False","18.1863","16.1039","12.0991","2.8102","18.7466","8","1","1","False","0"
"11480","2017220847104","1830522652478","1830522819369","16.8479","16.6891","0.1588","16.1923","1.3094000000000001","False","30.318800000000003","16.8423","18.1863","4.1542","20.8433","8","1","1","False","0"
"11480","2017220847104","1830522820957","1830523081600","26.2158","26.064300000000003","0.1515","27.245","2.3431","False","12.1211","26.223100000000002","30.318800000000003","8.2499","34.3142","8","1","1","False","0"
"11480","2017220847104","1830523083115","1830523240425","15.9435","15.731","0.21250000000000002","15.0608","1.4758","False","18.1752","15.8825","12.1211","4.4885","20.2195","8","1","1","False","0"
"11480","2017220847104","1830523242550","1830523426242","18.5295","18.3692","0.1603","18.686500000000002","1.6145","False","12.0967","18.5817","18.1752","4.082","22.4512","8","1","1","False","0"
"11480","2017220847104","1830523427845","1830523560764","13.4412","13.2919","0.14930000000000002","13.4314","1.6059","False","24.262","13.452200000000001","12.0967","2.7265","16.0184","8","1","1","False","0"
"11480","2017220847104","1830523562257","1830523769402","20.8807","20.7145","0.16620000000000001","23.4816","4.2198","False","18.189700000000002","20.8638","24.262","6.124700000000001","26.8392","8","1","1","False","0"
"11480","2017220847104","1830523771064","1830523970574","20.125600000000002","19.951","0.1746","18.108","2.5581","False","18.1999","20.1172","18.189700000000002","4.1972000000000005","24.148200000000003","8","1","1","False","0"
"11480","2017220847104","1830523972320","1830524148854","17.811200000000003","17.6534","0.1578","17.2787","1.6624","False","18.1534","17.828","18.1999","4.569100000000001","22.2225","8","1","1","False","0"
"11480","2017220847104","1830524150432","1830524330591","18.150800000000004","18.015900000000002","0.13490000000000002","19.169600000000003","2.6666000000000003","False","18.1767","18.1737","18.1534","4.5488","22.564700000000002","8","1","1","False","0"
"11480","2017220847104","1830524331940","1830524521613","19.125300000000003","18.9673","0.158","19.4512","3.0038","False","24.2407","19.1022","18.1767","3.6233","22.590600000000002","8","1","1","False","0"
"11480","2017220847104","1830524523193","1830524688595","16.750700000000002","16.540200000000002","0.21050000000000002","19.0072","5.277200000000001","False","6.0617","16.6982","24.2407","11.1658","27.706000000000003","8","1","1","False","0"
"11480","2017220847104","1830524690700","1830524833525","14.4639","14.2825","0.1814","11.1721","1.9858","False","12.1411","14.493","6.0617","2.7345","17.017","8","1","1","False","0"
"11480","2017220847104","1830524835339","1830524944445","11.0684","10.9106","0.1578","10.7605","1.6618000000000002","False","18.1809","11.092","12.1411","3.7836000000000003","14.6942","8","1","1","False","0"
"11480","2017220847104","1830524946023","1830525087082","14.2689","14.1059","0.163","14.262","1.6595","False","6.0337000000000005","14.2637","18.1809","7.7008","21.8067","8","1","1","False","0"
"11480","2017220847104","1830525088712","1830525201287","11.6685","11.2575","0.41100000000000003","11.7003","1.9343000000000001","False","18.2144","11.4205","6.0337000000000005","2.314","13.5715","8","1","1","False","0"
"11480","2017220847104","1830525205397","1830525361353","15.8381","15.595600000000001","0.24250000000000002","15.7613","1.6767","False","12.0897","16.006600000000002","18.2144","4.5218","20.1174","8","1","1","False","0"
"11480","2017220847104","1830525363778","1830525497978","13.6472","13.42","0.2272","13.6304","1.6563","False","18.210800000000003","13.662500000000001","12.0897","2.9490000000000003","16.369","8","1","1","False","0"
"11480","2017220847104","1830525500250","1830525653470","15.5325","15.322000000000001","0.21050000000000002","15.975200000000001","2.0805000000000002","False","12.1112","15.5492","18.210800000000003","5.610600000000001","20.9326","8","1","1","False","0"
"11480","2017220847104","1830525655575","1830525789045","13.5858","13.347000000000001","0.2388","13.162600000000001","1.681","False","12.118500000000001","13.557500000000001","12.1112","4.1643","17.511300000000002","8","1","1","False","0"
"11480","2017220847104","1830525791433","1830525909495","12.0351","11.8062","0.22890000000000002","12.902800000000001","2.5281000000000002","False","18.2036","12.045","12.118500000000001","4.2378","16.044","8","1","1","False","0"
"11480","2017220847104","1830525911784","1830526054749","14.5023","14.2965","0.2058","13.6974","1.7198","False","18.1711","14.525400000000001","18.2036","7.916","22.212500000000002","8","1","1","False","0"
"11480","2017220847104","1830526056807","1830526242021","18.6931","18.5214","0.17170000000000002","18.8036","2.1001000000000003","False","12.130500000000001","18.7272","18.1711","7.3599000000000006","25.8813","8","1","1","False","0"
"11480","2017220847104","1830526243738","1830526385477","14.447300000000002","14.173900000000001","0.27340000000000003","14.5204","1.9652","False","12.0776","14.345600000000001","12.130500000000001","5.1448","19.3187","8","1","1","False","0"
"11480","2017220847104","1830526388211","1830526537855","15.211300000000001","14.964400000000001","0.2469","14.9509","1.6619000000000002","False","18.1954","15.2378","12.0776","1.9846000000000001","16.949","8","1","1","False","0"
"11480","2017220847104","1830526540324","1830526697316","15.917200000000001","15.699200000000001","0.218","17.9749","3.7054","False","12.102500000000001","15.946100000000001","18.1954","4.2339","19.9331","8","1","1","False","0"
"11480","2017220847104","1830526699496","1830526833698","13.823900000000002","13.420200000000001","0.4037","11.9448","2.0128","False","18.201","13.638200000000001","12.102500000000001","2.6982","16.1184","8","1","1","False","0"
"11480","2017220847104","1830526837735","1830527000622","16.4952","16.288700000000002","0.20650000000000002","17.2088","2.5365","False","18.174500000000002","16.6924","18.201","4.2068","20.4955","8","1","1","False","0"
"11480","2017220847104","1830527002687","1830527148946","15.045100000000001","14.625900000000001","0.4192","15.1552","2.8261000000000003","False","18.2015","14.832400000000002","18.174500000000002","7.548900000000001","22.1748","8","1","1","False","0"
"11480","2017220847104","1830527153138","1830527330410","17.9412","17.7272","0.21400000000000002","17.8048","2.5143","False","18.1894","18.1464","18.2015","7.604","25.331200000000003","8","1","1","False","0"
"11480","2017220847104","1830527332550","1830527520994","19.0613","18.8444","0.2169","18.775399999999998","2.2324","False","12.0843","19.058400000000002","18.1894","6.735","25.5794","8","1","1","False","0"
"11480","2017220847104","1830527523163","1830527640444","11.9236","11.728100000000001","0.1955","11.8353","2.1296","False","18.2044","11.945","12.0843","6.874300000000001","18.6024","8","1","1","False","0"
"11480","2017220847104","1830527642399","1830527859216","21.941399999999998","21.6817","0.2597","22.5591","2.7711","False","12.108","21.877200000000002","18.2044","3.2015000000000002","24.883200000000002","8","1","1","False","0"
"11480","2017220847104","1830527861813","1830527985226","12.5111","12.3413","0.1698","11.5273","1.7333","False","24.294700000000002","12.601","12.108","2.7085000000000004","15.049800000000001","8","1","1","False","0"
"11480","2017220847104","1830527986924","1830528179426","19.4253","19.2502","0.1751","20.4296","2.7391","False","12.064200000000001","19.42","24.294700000000002","7.583200000000001","26.8334","8","1","1","False","0"
"11480","2017220847104","1830528181177","1830528314956","13.517","13.3779","0.1391","13.152800000000001","2.6670000000000003","False","18.21","13.553","12.064200000000001","6.0944","19.4723","8","1","1","False","0"
"11480","2017220847104","1830528316347","1830528470930","15.6484","15.458300000000001","0.19010000000000002","15.9831","2.7188000000000003","False","18.1936","15.5974","18.21","8.707","24.165300000000002","8","1","1","False","0"
"11480","2017220847104","1830528472831","1830528662757","19.1827","18.9926","0.19010000000000002","18.1858","1.7125000000000001","False","12.0791","19.1827","18.1936","7.7179","26.7105","8","1","1","False","0"
"11480","2017220847104","1830528664658","1830528815119","15.2126","15.046100000000001","0.1665","15.2576","1.7579","False","18.1906","15.2362","12.0791","4.5608","19.6069","8","1","1","False","0"
"11480","2017220847104","1830528816784","1830528974141","15.912","15.735700000000001","0.1763","17.764400000000002","3.6119000000000003","False","12.1125","15.9022","18.1906","6.849200000000001","22.5849","8","1","1","False","0"
"11480","2017220847104","1830528975904","1830529131736","15.769800000000002","15.583200000000001","0.18660000000000002","14.904900000000001","2.7576","False","24.2988","15.759500000000001","12.1125","3.2022","18.7854","8","1","1","False","0"
"11480","2017220847104","1830529133602","1830529305403","17.403","17.1801","0.22290000000000001","18.6677","4.0121","False","12.0624","17.3667","24.2988","10.1343","27.314400000000003","8","1","1","False","0"
"11480","2017220847104","1830529307632","1830529492372","18.6411","18.474","0.1671","16.3703","1.7383000000000002","False","18.1874","18.6969","12.0624","3.4998","21.9738","8","1","1","False","0"
"11480","2017220847104","1830529494043","1830529639876","14.764600000000002","14.583300000000001","0.18130000000000002","16.1537","3.1327000000000003","False","18.2195","14.7504","18.1874","6.936800000000001","21.5201","8","1","1","False","0"
"11480","2017220847104","1830529641689","1830529812272","17.246","17.0583","0.1877","17.2366","3.1257","False","12.1547","17.2396","18.2195","7.9167000000000005","24.975","8","1","1","False","0"
"11480","2017220847104","1830529814149","1830529971016","15.8626","15.6867","0.1759","14.5557","1.8028000000000002","False","18.0989","15.874400000000001","12.1547","4.197","19.8837","8","1","1","False","0"
"11480","2017220847104","1830529972775","1830530143358","17.2316","17.0583","0.1733","18.4447","3.0242","False","18.221600000000002","17.2342","18.0989","5.0617","22.12","8","1","1","False","0"
"11480","2017220847104","1830530145091","1830530292992","14.9733","14.7901","0.1832","17.669900000000002","5.725700000000001","False","18.1734","14.9634","18.221600000000002","8.3199","23.11","8","1","1","False","0"
"11480","2017220847104","1830530294824","1830530502165","20.8825","20.7341","0.1484","19.4554","4.5798000000000005","False","18.1952","20.9173","18.1734","5.5760000000000005","26.310100000000002","8","1","1","False","0"
"11480","2017220847104","1830530503649","1830530661620","15.981200000000001","15.7971","0.1841","13.532900000000001","1.8445","False","12.0775","15.945500000000001","18.1952","7.8257","23.6228","8","1","1","False","0"
"11480","2017220847104","1830530663461","1830530837948","17.621100000000002","17.448700000000002","0.1724","17.585900000000002","1.8089000000000002","False","18.187","17.6328","12.0775","2.2704","19.7191","8","1","1","False","0"
"11480","2017220847104","1830530839672","1830530967513","12.971400000000001","12.7841","0.18730000000000002","14.0321","2.879","False","18.216900000000003","12.9565","18.187","7.500900000000001","20.285","8","1","1","False","0"
"11480","2017220847104","1830530969386","1830531137417","16.9829","16.8031","0.17980000000000002","17.217100000000002","3.108","False","18.181900000000002","16.9904","18.216900000000003","8.727400000000001","25.5305","8","1","1","False","0"
"11480","2017220847104","1830531139215","1830531323415","18.6157","18.42","0.1957","18.3383","2.8315","False","12.0897","18.599800000000002","18.181900000000002","8.3095","26.7295","8","1","1","False","0"
"11480","2017220847104","1830531325372","1830531477046","15.3377","15.1674","0.1703","14.4166","1.9062000000000001","False","18.224700000000002","15.363100000000001","12.0897","5.0361","20.203500000000002","8","1","1","False","0"
"11480","2017220847104","1830531478749","1830531653717","17.6633","17.4968","0.1665","18.929100000000002","3.1685000000000003","False","18.1524","17.6671","18.224700000000002","5.5937","23.090500000000002","8","1","1","False","0"
"11480","2017220847104","1830531655382","1830531828099","17.4607","17.2717","0.189","17.726200000000002","3.4539","False","12.194700000000001","17.438200000000002","18.1524","6.3079","23.579600000000003","8","1","1","False","0"
"11480","2017220847104","1830531829989","1830531970633","14.241900000000001","14.064400000000001","0.17750000000000002","12.6576","1.8483","False","18.101000000000003","14.253400000000001","12.194700000000001","4.2492","18.3136","8","1","1","False","0"
"11480","2017220847104","1830531972408","1830532146997","17.6383","17.4589","0.1794","18.7601","2.9781","False","18.1715","17.636400000000002","18.101000000000003","4.7138","22.172700000000003","8","1","1","False","0"
"11480","2017220847104","1830532148791","1830532329728","18.272000000000002","18.093700000000002","0.17830000000000001","18.2669","2.9726000000000004","False","18.2067","18.2731","18.1715","4.6122000000000005","22.7059","8","1","1","False","0"
"11480","2017220847104","1830532331511","1830532485837","15.6043","15.4326","0.17170000000000002","18.669700000000002","6.032500000000001","False","18.198700000000002","15.6109","18.2067","7.208","22.640600000000003","8","1","1","False","0"
"11480","2017220847104","1830532487554","1830532676053","18.990000000000002","18.8499","0.1401","14.7559","2.075","False","12.0839","19.0216","18.198700000000002","6.3851","25.235000000000003","8","1","1","False","0"
"11480","2017220847104","1830532677454","1830532808217","13.2506","13.0763","0.1743","13.3826","1.9398000000000002","False","18.1872","13.2164","12.0839","5.2526","18.3289","8","1","1","False","0"
"11480","2017220847104","1830532809960","1830532967223","15.9186","15.7263","0.1923","16.811600000000002","2.8444000000000003","False","18.218","15.9006","18.1872","7.5392","23.2655","8","1","1","False","0"
"11480","2017220847104","1830532969146","1830533160164","19.2935","19.1018","0.1917","19.8921","3.4413","False","12.113000000000001","19.2941","18.218","6.463100000000001","25.5649","8","1","1","False","0"
"11480","2017220847104","1830533162081","1830533306307","14.610100000000001","14.422600000000001","0.1875","13.9833","2.7972","False","260.56800000000004","14.6143","12.113000000000001","3.9618","18.3844","8","1","1","False","0"
"11480","2017220847104","1830533308182","1830535875541","256.935","256.7359","0.1991","256.9003","2.7488","False","6.0636","256.9234","260.56800000000004","7.606400000000001","264.3423","8","1","1","False","0"
"11480","2017220847104","1830535877532","1830535953554","7.726100000000001","7.602200000000001","0.12390000000000001","7.0098","2.0176000000000003","False","109.08840000000001","7.8013","6.0636","5.8687000000000005","13.4709","8","1","1","False","0"
"11480","2017220847104","1830535954793","1830537049173","109.65820000000001","109.438","0.2202","109.9214","2.3162000000000003","False","6.0575","109.56190000000001","109.08840000000001","5.3952","114.8332","8","1","1","False","0"
"11480","2017220847104","1830537051375","1830537127609","7.7403","7.6234","0.1169","7.3425","1.3756000000000002","False","6.074400000000001","7.8436","6.0575","3.6091","11.2325","8","1","1","False","0"
"11480","2017220847104","1830537128778","1830537168636","4.1051","3.9858000000000002","0.1193","3.5811","1.3339","False","6.0478000000000005","4.1027000000000005","6.074400000000001","5.5808","9.566600000000001","8","1","1","False","0"
