"ProcessId","SwapChain","CpuStartQpc","PresentStartQpc","CpuFrameMs","CpuBusyMs","CpuWaitMs","GpuTimeMs","GpuBusyMs","Dropped","DisplayedMs","BetweenPresentsMs","BetweenDisplayChangesMs","UntilDisplayedMs","DisplayLatencyMs","PresentMode","PresentRuntime","SyncInterval","AllowsTearing","FrameType"
"27764","1974339920048","1990959439947","1990959365666","0.30060000000000003","0","0.30060000000000003","232.1183","17.1259","True","NaN","0","NaN","NaN","NaN","4","1","1","False","0"
"27764","1974339920048","1990959368672","1990959406948","3.9795000000000003","3.8276000000000003","0.1519","4.2794","0.3069","True","NaN","4.1282000000000005","NaN","NaN","NaN","4","1","1","False","0"
"27764","1974339920048","1990959408467","1990959499794","9.2673","9.1327","0.1346","4.4404","0.6538","False","6999.985100000001","9.284600000000001","NaN","11.7323","20.865000000000002","4","1","1","False","0"
"27764","1974339920048","1990959501140","1990959615438","11.5812","11.4298","0.1514","10.2667","0.3497","True","NaN","11.564400000000001","NaN","NaN","NaN","4","1","1","False","0"
"27764","1974339920048","1990959616952","1990962165280","254.9661","254.83280000000002","0.1333","0.23720000000000002","0.23170000000000002","True","NaN","254.98420000000002","NaN","NaN","NaN","4","1","1","False","0"
"27764","1974339920048","1990962166613","1990964773357","260.8406","260.6744","0.16620000000000001","0.24780000000000002","0.2441","True","NaN","260.8077","NaN","NaN","NaN","4","1","1","False","0"
"27764","1974339920048","1990964775019","1990970178989","540.6499","540.397","0.2529","0.2189","0.2167","True","NaN","540.5632","NaN","NaN","NaN","4","1","1","False","0"
"27764","1974339920048","1990970181518","1990975562271","538.237","538.0753","0.1617","0.3914","0.2313","True","NaN","538.3282","NaN","NaN","NaN","4","1","1","False","0"
"27764","1974339920048","1990975563888","1990980915083","535.3073","535.1195","0.18780000000000002","0.4313","0.263","True","NaN","535.2812","NaN","NaN","NaN","4","1","1","False","0"
"27764","1974339920048","1990980916961","1990986349301","543.5728","543.234","0.3388","0.4974","0.3927","True","NaN","543.4218000000001","NaN","NaN","NaN","4","1","1","False","0"
"27764","1974339920048","1990986352689","1990991744159","539.356","539.147","0.20900000000000002","1.2015","1.116","True","NaN","539.4858","NaN","NaN","NaN","4","1","1","False","0"
"27764","1974339920048","1990991746249","1990997137837","539.3511000000001","539.1588","0.1923","0.5762","0.5037","True","NaN","539.3678","NaN","NaN","NaN","4","1","1","False","0"
"27764","1974339920048","1990997139760","1991002531418","539.316","539.1658","0.1502","0.5228","0.5188","True","NaN","539.3581","NaN","NaN","NaN","4","1","1","False","0"
"27764","1974339920048","1991002532920","1991007925686","539.4383","539.2766","0.1617","1.3172000000000001","1.3155000000000001","True","NaN","539.4268000000001","NaN","NaN","NaN","4","1","1","False","0"
"27764","1974339920048","1991007927303","1991013320295","539.4806000000001","539.2992","0.1814","1.1734","1.1703000000000001","True","NaN","539.4609","NaN","NaN","NaN","4","1","1","False","0"
"27764","1974339920048","1991013322109","1991018652984","533.2509","533.0875","0.16340000000000002","2.0322","2.0304","True","NaN","533.2689","NaN","NaN","NaN","4","1","1","False","0"
"27764","1974339920048","1991018654618","1991024098691","544.5871000000001","544.4073000000001","0.17980000000000002","3.4543000000000004","3.4518","True","NaN","544.5707","NaN","NaN","NaN","4","1","1","False","0"
"27764","1974339920048","1991024100489","1991029500565","540.2016","540.0076","0.194","1.1998","1.1968","False","1612.1127000000001","540.1874","6999.985100000001","11.6403","551.6479","4","1","1","False","0"
"27764","1974339920048","1991029502505","1991034895972","539.5247","539.3467","0.17800000000000002","2.9328000000000003","2.9307000000000003","True","NaN","539.5407","NaN","NaN","NaN","4","1","1","False","0"
"27764","1974339920048","1991034897752","1991040227792","533.1837","533.004","0.1797","2.7978","2.7959","True","NaN","533.182","NaN","NaN","NaN","4","1","1","False","0"
"27764","1974339920048","1991040229589","1991045621961","539.3814","539.2372","0.1442","1.5696","1.5643","False","2163.6437","539.4169","1612.1127000000001","11.6134","550.8506","4","1","1","False","0"
"27764","1974339920048","1991045623403","1991051076081","545.4305","545.2678000000001","0.1627","2.2478000000000002","2.2456","True","NaN","545.412","NaN","NaN","NaN","4","1","1","False","0"
"27764","1974339920048","1991051077708","1991056472132","539.5713000000001","539.4424","0.12890000000000001","152.51260000000002","1.9357000000000002","True","NaN","539.6051","NaN","NaN","NaN","4","1","1","False","0"
"27764","1974339920048","1991056473421","1991061852587","538.0628","537.9166","0.1462","1.9452","1.9341000000000002","True","NaN","538.0455000000001","NaN","NaN","NaN","4","1","1","False","0"
"27764","1974339920048","1991061854049","1991067258156","540.5449","540.4107","0.1342","1.465","1.4633","False","1084.8389","540.5569","2163.6437","11.6376","552.0483","4","1","1","False","0"
"27764","1974339920048","1991067259498","1991072668728","541.0799","540.923","0.1569","1.7808000000000002","1.7782","True","NaN","541.0572000000001","NaN","NaN","NaN","4","1","1","False","0"
"27764","1974339920048","1991072670297","1991078106766","543.8393000000001","543.6469000000001","0.19240000000000002","1.5271000000000001","1.5247000000000002","False","515.1625","543.8038","1084.8389","11.6155","555.2624000000001","4","1","1","False","0"
"27764","1974339920048","1991078108690","1991083257995","515.1082","514.9305","0.1777","2.0393","1.9308","False","769.6824","515.1229000000001","515.1625","11.655100000000001","526.5856","4","1","1","False","0"
"27764","1974339920048","1991083259772","1991090956706","769.9196","769.6934","0.2262","3.3218","3.3173000000000004","False","12769.6586","769.8711000000001","769.6824","11.4664","781.1598","4","1","1","False","0"
"27764","1974339920048","1991090958968","1991218633952","12767.7391","12767.4984","0.24070000000000003","12766.36","8.767000000000001","False","30.3079","12767.724600000001","12769.6586","13.400400000000001","12780.8988","4","1","1","False","0"
"27764","1974339920048","1991218636359","1991218961201","32.6911","32.4842","0.2069","28.558300000000003","3.7870000000000004","False","42.4116","32.7249","30.3079","10.983400000000001","43.467600000000004","4","1","1","False","0"
"27764","1974339920048","1991218963270","1991219354396","39.3313","39.1126","0.2187","37.561","3.8006","False","42.4487","39.319500000000005","42.4116","14.0755","53.188100000000006","4","1","1","False","0"
"27764","1974339920048","1991219356583","1991219821626","46.7445","46.5043","0.24020000000000002","41.8798","3.8419000000000003","False","18.1722","46.723","42.4487","9.8012","56.3055","4","1","1","False","0"
"27764","1974339920048","1991219824028","1991220005334","18.438200000000002","18.1306","0.30760000000000004","17.391000000000002","3.4548","False","30.311400000000003","18.3708","18.1722","9.6026","27.7332","4","1","1","False","0"
"27764","1974339920048","1991220008410","1991220301644","29.511700000000005","29.323400000000003","0.1883","29.216900000000003","3.7741000000000002","False","66.673","29.631","30.311400000000003","10.283000000000001","39.6064","4","1","1","False","0"
"27764","1974339920048","1991220303527","1991220925396","62.4671","62.1869","0.2802","61.505","4.1952","False","30.3042","62.3752","66.673","14.5808","76.7677","4","1","1","False","0"
"27764","1974339920048","1991220928198","1991221227965","30.232200000000002","29.9767","0.2555","24.6694","3.5946000000000002","False","18.1588","30.2569","30.3042","14.6281","44.604800000000004","4","1","1","False","0"
"27764","1974339920048","1991221230520","1991221448926","22.117600000000003","21.840600000000002","0.277","15.8223","5.902200000000001","False","36.385200000000005","22.0961","18.1588","10.690800000000001","32.531400000000005","4","1","1","False","0"
"27764","1974339920048","1991221451696","1991221788250","33.8102","33.6554","0.15480000000000002","33.494","5.191400000000001","False","24.2206","33.9324","36.385200000000005","13.143600000000001","46.799","4","1","1","False","0"
"27764","1974339920048","1991221789798","1991222060768","27.2715","27.097","0.17450000000000002","23.446","3.9166000000000003","False","48.483900000000006","27.251800000000003","24.2206","10.112400000000001","37.2094","4","1","1","False","0"
"27764","1974339920048","1991222062513","1991222506154","44.6644","44.3641","0.3003","43.5478","3.6119000000000003","False","42.4435","44.5386","48.483900000000006","14.0577","58.421800000000005","4","1","1","False","0"
"27764","1974339920048","1991222509157","1991222932019","42.5343","42.2862","0.24810000000000001","37.5732","4.0579","False","30.3077","42.5865","42.4435","13.9147","56.200900000000004","4","1","1","False","0"
"27764","1974339920048","1991222934500","1991223222397","29.063299999999998","28.7897","0.2736","24.2664","3.672","False","30.303600000000003","29.0378","30.3077","15.184600000000001","43.9743","4","1","1","False","0"
"27764","1974339920048","1991223225133","1991223567467","34.412000000000006","34.2334","0.1786","28.2897","3.5746","False","36.3393","34.507000000000005","30.303600000000003","10.981200000000001","45.214600000000004","4","1","1","False","0"
"27764","1974339920048","1991223569253","1991223911484","34.5039","34.2231","0.2808","32.9246","4.0466","False","48.4904","34.4017","36.3393","12.918800000000001","47.1419","4","1","1","False","0"
"27764","1974339920048","1991223914292","1991224271028","35.8994","35.6736","0.2258","42.682900000000004","16.2894","False","12.121","35.9544","48.4904","25.454800000000002","61.128400000000006","4","1","1","False","0"
"27764","1974339920048","1991224273286","1991224564880","29.369100000000003","29.1594","0.2097","1.9488","1.9432","False","30.311300000000003","29.3852","12.121","8.1906","37.35","4","1","1","False","0"
"27764","1974339920048","1991224566977","1991224817904","25.3396","25.0927","0.2469","28.9129","5.7201","False","24.235","25.302400000000002","30.311300000000003","13.1995","38.2922","4","1","1","False","0"
"27764","1974339920048","1991224820373","1991225077993","25.9983","25.762","0.2363","3.6121000000000003","3.6071","False","36.3633","26.0089","24.235","11.425600000000001","37.1876","4","1","1","False","0"
"27764","1974339920048","1991225080356","1991225383018","30.4251","30.2662","0.1589","31.140400000000003","8.908100000000001","False","30.297700000000003","30.5025","36.3633","17.2864","47.552600000000005","4","1","1","False","0"
"27764","1974339920048","1991225384607","1991225670585","28.722200000000004","28.597800000000003","0.12440000000000001","7.1812000000000005","7.1783","False","36.3589","28.756700000000002","30.297700000000003","18.8274","47.425200000000004","4","1","1","False","0"
"27764","1974339920048","1991225671829","1991225980903","31.087600000000002","30.907400000000003","0.1802","30.6733","13.0225","False","18.192800000000002","31.0318","36.3589","24.154500000000002","55.0619","4","1","1","False","0"
"27764","1974339920048","1991225982705","1991226280033","29.855700000000002","29.7328","0.12290000000000001","6.449400000000001","6.444500000000001","False","30.307100000000002","29.913","18.192800000000002","12.4343","42.167100000000005","4","1","1","False","0"
"27764","1974339920048","1991226281262","1991226573822","29.4224","29.256","0.16640000000000002","30.032500000000002","7.102200000000001","False","30.321800000000003","29.3789","30.307100000000002","13.3625","42.618500000000004","4","1","1","False","0"
"27764","1974339920048","1991226575486","1991226914272","34.0871","33.8786","0.20850000000000002","29.622700000000002","3.3465000000000003","False","36.366","34.045","30.321800000000003","9.6393","43.517900000000004","4","1","1","False","0"
"27764","1974339920048","1991226916357","1991227231731","31.698500000000003","31.5374","0.16110000000000002","30.6098","2.9896000000000003","False","66.64","31.745900000000002","36.366","14.259400000000001","45.796800000000005","4","1","1","False","0"
"27764","1974339920048","1991227233342","1991227943553","71.1765","71.0211","0.1554","64.9522","2.5691","False","18.184900000000003","71.18220000000001","66.64","9.7172","80.73830000000001","4","1","1","False","0"
"27764","1974339920048","1991227945107","1991228147414","20.3503","20.230700000000002","0.11960000000000001","1.2829000000000002","1.28","False","30.3105","20.386100000000003","18.184900000000003","7.516","27.7467","4","1","1","False","0"
"27764","1974339920048","1991228148610","1991228391412","24.3963","24.2802","0.11610000000000001","24.7944","2.3997","False","24.243100000000002","24.399800000000003","30.3105","13.4267","37.706900000000005","4","1","1","False","0"
"27764","1974339920048","1991228392573","1991228632314","24.1366","23.9741","0.1625","21.1883","5.0133","False","24.242700000000003","24.0902","24.243100000000002","13.579600000000001","37.5537","4","1","1","False","0"
"27764","1974339920048","1991228633939","1991228889022","25.666","25.508300000000002","0.1577","24.0624","6.4389","False","24.2329","25.6708","24.242700000000003","12.1515","37.659800000000004","4","1","1","False","0"
"27764","1974339920048","1991228890599","1991229131335","24.256300000000003","24.073600000000003","0.1827","21.6173","7.2152","False","24.2558","24.2313","24.2329","12.1531","36.2267","4","1","1","False","0"
"27764","1974339920048","1991229133162","1991229391708","25.9603","25.8546","0.1057","1.3132000000000001","1.3070000000000002","False","30.288500000000003","26.037300000000002","24.2558","10.3716","36.2262","4","1","1","False","0"
"27764","1974339920048","1991229392765","1991229656048","26.463400000000004","26.328300000000002","0.1351","24.503700000000002","2.9793000000000003","False","30.3149","26.434","30.288500000000003","14.2261","40.5544","4","1","1","False","0"
"27764","1974339920048","1991229657399","1991229973091","31.7144","31.569200000000002","0.1452","4.2671","4.2644","False","42.4285","31.7043","30.3149","12.8367","44.4059","4","1","1","False","0"
"27764","1974339920048","1991229974543","1991230395177","42.2364","42.0634","0.17300000000000001","39.97290000000001","5.1204","False","30.2965","42.208600000000004","42.4285","13.056600000000001","55.120000000000005","4","1","1","False","0"
"27764","1974339920048","1991230396907","1991230730820","33.556200000000004","33.3913","0.16490000000000002","28.854200000000002","2.8600000000000003","False","30.306","33.5643","30.2965","9.7888","43.1801","4","1","1","False","0"
"27764","1974339920048","1991230732469","1991231036230","30.5193","30.3761","0.1432","29.3504","3.1293","False","30.317700000000002","30.541","30.306","9.5538","39.9299","4","1","1","False","0"
"27764","1974339920048","1991231037662","1991231343113","30.7101","30.5451","0.165","29.6108","2.9634","False","30.291300000000003","30.6883","30.317700000000002","9.183200000000001","39.728300000000004","4","1","1","False","0"
"27764","1974339920048","1991231344763","1991231645846","30.2215","30.1083","0.11320000000000001","29.3617","2.7979000000000003","False","30.2741","30.273300000000003","30.291300000000003","9.2012","39.3095","4","1","1","False","0"
"27764","1974339920048","1991231646978","1991231923469","27.8293","27.6491","0.1802","29.3136","5.2171","False","30.326500000000003","27.7623","30.2741","11.713000000000001","39.362100000000005","4","1","1","False","0"
"27764","1974339920048","1991231925271","1991232242218","31.819300000000002","31.6947","0.1246","1.3259","1.3217","False","30.303500000000003","31.8749","30.326500000000003","10.1646","41.859300000000005","4","1","1","False","0"
"27764","1974339920048","1991232243464","1991232550191","30.8317","30.672700000000003","0.159","29.015","2.8912","False","30.305100000000003","30.7973","30.303500000000003","9.6708","40.3435","4","1","1","False","0"
"27764","1974339920048","1991232551781","1991232827451","27.7648","27.567","0.1978","26.4528","2.915","False","24.259800000000002","27.726000000000003","30.305100000000003","12.2499","39.816900000000004","4","1","1","False","0"
"27764","1974339920048","1991232829429","1991233090059","26.227500000000003","26.063000000000002","0.1645","22.6434","3.2562","False","24.2162","26.2608","24.259800000000002","10.2489","36.3119","4","1","1","False","0"
"27764","1974339920048","1991233091704","1991233338562","24.861","24.6858","0.1752","23.2222","3.077","False","30.300900000000002","24.8503","24.2162","9.6148","34.3006","4","1","1","False","0"
"27764","1974339920048","1991233340314","1991233580428","24.167700000000004","24.011400000000002","0.1563","24.573800000000002","4.4699","False","18.2011","24.186600000000002","30.300900000000002","15.7291","39.740500000000004","4","1","1","False","0"
"27764","1974339920048","1991233581991","1991233815645","23.4886","23.3654","0.1232","1.6003","1.5953000000000002","False","24.2191","23.521700000000003","18.2011","10.4085","33.773900000000005","4","1","1","False","0"
"27764","1974339920048","1991233816877","1991234035212","21.9799","21.8335","0.1464","3.5702000000000003","3.5645000000000002","False","24.2586","21.9567","24.2191","12.670900000000001","34.504400000000004","4","1","1","False","0"
"27764","1974339920048","1991234036676","1991234274641","23.9415","23.7965","0.14500000000000002","19.953000000000003","3.7278000000000002","False","18.1848","23.9429","24.2586","12.986600000000001","36.783100000000005","4","1","1","False","0"
"27764","1974339920048","1991234276091","1991234490627","21.5789","21.4536","0.1253","1.8967","1.8925","False","24.221700000000002","21.5986","18.1848","9.5728","31.026400000000002","4","1","1","False","0"
"27764","1974339920048","1991234491880","1991234704938","21.475800000000003","21.3058","0.17","1.8752000000000002","1.8706","False","18.1952","21.4311","24.221700000000002","12.3634","33.669200000000004","4","1","1","False","0"
"27764","1974339920048","1991234706638","1991234883429","17.8103","17.679100000000002","0.1312","2.1913","2.1882","False","18.1862","17.8491","18.1952","12.7095","30.3886","4","1","1","False","0"
"27764","1974339920048","1991234884741","1991235058306","17.4791","17.3565","0.1226","1.7886000000000002","1.7841","False","12.126800000000001","17.4877","18.1862","13.408000000000001","30.7645","4","1","1","False","0"
"27764","1974339920048","1991235059532","1991235236551","17.8516","17.701900000000002","0.1497","1.7255","1.7217","False","24.262700000000002","17.8245","12.126800000000001","7.7103","25.412200000000002","4","1","1","False","0"
"27764","1974339920048","1991235238048","1991235426288","18.9845","18.824","0.1605","19.8093","3.2242","False","18.1492","18.9737","24.262700000000002","12.9993","31.823300000000003","4","1","1","False","0"
"27764","1974339920048","1991235427893","1991235626112","19.9439","19.8219","0.12200000000000001","1.4821","1.4781","False","18.1876","19.982400000000002","18.1492","11.1661","30.988000000000003","4","1","1","False","0"
"27764","1974339920048","1991235627332","1991235794726","16.8608","16.7394","0.12140000000000001","3.5042","3.5007","False","18.1797","16.8614","18.1876","12.4923","29.2317","4","1","1","False","0"
"27764","1974339920048","1991235795940","1991236012454","21.796200000000002","21.651400000000002","0.1448","1.6541000000000001","1.6504","False","24.2407","21.7728","18.1797","8.8992","30.550600000000003","4","1","1","False","0"
"27764","1974339920048","1991236013902","1991236215741","20.4049","20.1839","0.221","20.227800000000002","3.2554000000000003","False","18.1948","20.3287","24.2407","12.811200000000001","32.9951","4","1","1","False","0"
"27764","1974339920048","1991236217951","1991236420238","20.3449","20.2287","0.11620000000000001","1.5166000000000002","1.512","False","18.1738","20.4497","18.1948","10.5563","30.785","4","1","1","False","0"
"27764","1974339920048","1991236421400","1991236614543","19.502","19.3143","0.1877","17.185000000000002","2.8077","False","18.2153","19.430500000000002","18.1738","9.2996","28.6139","4","1","1","False","0"
"27764","1974339920048","1991236616420","1991236780073","16.4917","16.3653","0.1264","1.4386","1.4355","False","12.096300000000001","16.553","18.2153","10.9619","27.3272","4","1","1","False","0"
"27764","1974339920048","1991236781337","1991236925986","14.608600000000001","14.4649","0.1437","1.4655","1.4619","False","18.1672","14.5913","12.096300000000001","8.4669","22.931800000000003","4","1","1","False","0"
"27764","1974339920048","1991236927423","1991237076953","15.127200000000002","14.953000000000001","0.17420000000000002","14.955900000000002","2.7316000000000003","False","18.200300000000002","15.0967","18.1672","11.5374","26.4904","4","1","1","False","0"
"27764","1974339920048","1991237078695","1991237285515","20.821700000000003","20.682000000000002","0.13970000000000002","1.798","1.7939","False","12.097900000000001","20.8562","18.200300000000002","8.8815","29.5635","4","1","1","False","0"
"27764","1974339920048","1991237286912","1991237403359","11.781","11.6447","0.1363","1.4792","1.4745000000000001","False","24.2618","11.7844","12.097900000000001","9.195","20.8397","4","1","1","False","0"
"27764","1974339920048","1991237404722","1991237636786","23.375500000000002","23.206400000000002","0.1691","22.7479","3.0622000000000003","False","18.1771","23.3427","24.2618","10.1141","33.3205","4","1","1","False","0"
"27764","1974339920048","1991237638477","1991237778586","14.136400000000002","14.010900000000001","0.1255","3.9759","3.9718","False","12.1365","14.180000000000001","18.1771","14.1112","28.1221","4","1","1","False","0"
"27764","1974339920048","1991237779841","1991237960192","18.1914","18.0351","0.1563","1.5112","1.5071","False","24.221700000000002","18.160600000000002","12.1365","8.0871","26.122200000000003","4","1","1","False","0"
"27764","1974339920048","1991237961755","1991238152848","19.273400000000002","19.1093","0.1641","19.8581","2.6192","False","18.1763","19.2656","24.221700000000002","13.0432","32.1525","4","1","1","False","0"
"27764","1974339920048","1991238154489","1991238331205","17.7941","17.6716","0.12250000000000001","1.5574000000000001","1.5541","False","12.128","17.8357","18.1763","13.3838","31.055400000000002","4","1","1","False","0"
"27764","1974339920048","1991238332430","1991238488530","15.739600000000001","15.610000000000001","0.1296","1.8059","1.7998","False","12.125200000000001","15.7325","12.128","9.779300000000001","25.389300000000002","4","1","1","False","0"
"27764","1974339920048","1991238489826","1991238630721","14.211900000000002","14.089500000000001","0.12240000000000001","1.4697","1.4657","False","18.2086","14.219100000000001","12.125200000000001","7.6854000000000005","21.774900000000002","4","1","1","False","0"
"27764","1974339920048","1991238631945","1991238767558","13.728200000000001","13.561300000000001","0.16690000000000002","14.501100000000001","2.6301","False","12.1051","13.6837","18.2086","12.2103","25.771600000000003","4","1","1","False","0"
"27764","1974339920048","1991238769227","1991238934317","16.7045","16.509","0.1955","1.4422000000000001","1.4394","False","18.1779","16.675900000000002","12.1051","7.6395","24.148500000000002","4","1","1","False","0"
"27764","1974339920048","1991238936272","1991239086339","15.1676","15.0067","0.16090000000000002","16.238","2.8415","False","18.1597","15.202200000000001","18.1779","10.6152","25.6219","4","1","1","False","0"
"27764","1974339920048","1991239087948","1991239262292","17.5813","17.4344","0.1469","1.4909000000000001","1.4863000000000002","False","12.1172","17.5953","18.1597","11.1796","28.614","4","1","1","False","0"
"27764","1974339920048","1991239263761","1991239393900","13.145600000000002","13.013900000000001","0.1317","1.4874","1.4844000000000002","False","18.1967","13.1608","12.1172","10.136000000000001","23.149900000000002","4","1","1","False","0"
"27764","1974339920048","1991239395217","1991239584876","19.087400000000002","18.9659","0.12150000000000001","2.6748000000000003","2.6698","False","18.1691","19.0976","18.1967","9.235100000000001","28.201","4","1","1","False","0"
"27764","1974339920048","1991239586091","1991239740058","15.5439","15.396700000000001","0.1472","1.6549","1.6497000000000002","False","12.1255","15.5182","18.1691","11.886000000000001","27.282700000000002","4","1","1","False","0"
"27764","1974339920048","1991239741530","1991239880088","13.9794","13.8558","0.1236","1.8001","1.7958","False","12.1111","14.003","12.1255","10.0085","23.8643","4","1","1","False","0"
"27764","1974339920048","1991239881324","1991240006283","12.625100000000002","12.4959","0.1292","1.497","1.4926000000000001","False","18.1963","12.6195","12.1111","9.5001","21.996000000000002","4","1","1","False","0"
"27764","1974339920048","1991240007575","1991240201892","19.5611","19.4317","0.12940000000000002","1.7365000000000002","1.7324000000000002","False","18.173000000000002","19.5609","18.1963","8.1355","27.5672","4","1","1","False","0"
"27764","1974339920048","1991240203186","1991240356746","15.4853","15.356","0.1293","1.7403000000000002","1.7364000000000002","False","12.1278","15.4854","18.173000000000002","10.8231","26.179100000000002","4","1","1","False","0"
"27764","1974339920048","1991240358039","1991240483132","12.670900000000001","12.509300000000001","0.16160000000000002","1.7216","1.7183000000000002","False","12.141200000000001","12.6386","12.1278","10.3123","22.8216","4","1","1","False","0"
"27764","1974339920048","1991240484748","1991240627976","14.4479","14.3228","0.12510000000000002","1.4591","1.4562000000000002","False","18.160800000000002","14.4844","12.141200000000001","7.9691","22.291900000000002","4","1","1","False","0"
"27764","1974339920048","1991240629227","1991240794393","16.679000000000002","16.5166","0.16240000000000002","17.1572","2.8844000000000003","False","18.1599","16.6417","18.160800000000002","9.4882","26.0048","4","1","1","False","0"
"27764","1974339920048","1991240796017","1991240940509","14.5882","14.449200000000001","0.139","1.4898","1.4852","False","12.137","14.611600000000001","18.1599","13.0365","27.4857","4","1","1","False","0"
"27764","1974339920048","1991240941899","1991241062080","12.1591","12.0181","0.14100000000000001","2.0414","2.0382000000000002","False","12.1281","12.1571","12.137","13.0164","25.0345","4","1","1","False","0"
"27764","1974339920048","1991241063490","1991241208398","14.6107","14.4908","0.1199","1.4563000000000001","1.4534","False","12.107700000000001","14.6318","12.1281","10.5127","25.003500000000003","4","1","1","False","0"
"27764","1974339920048","1991241209597","1991241342594","13.444300000000002","13.299700000000001","0.1446","1.6305","1.6265","False","18.174200000000003","13.4196","12.107700000000001","9.200800000000001","22.500500000000002","4","1","1","False","0"
"27764","1974339920048","1991241344040","1991241494986","15.224000000000002","15.094600000000002","0.12940000000000002","1.943","1.9394","False","12.145000000000001","15.2392","18.174200000000003","12.1358","27.230400000000003","4","1","1","False","0"
"27764","1974339920048","1991241496280","1991241630649","13.578000000000001","13.436900000000001","0.1411","1.796","1.7929000000000002","False","12.1217","13.5663","12.145000000000001","10.714500000000001","24.151400000000002","4","1","1","False","0"
"27764","1974339920048","1991241632060","1991241759682","12.896","12.7622","0.1338","1.5292000000000001","1.5255","False","18.160800000000002","12.9033","12.1217","9.9329","22.6951","4","1","1","False","0"
"27764","1974339920048","1991241761020","1991241909591","14.9898","14.8571","0.1327","1.7901","1.7858","False","12.142800000000001","14.9909","18.160800000000002","13.1028","27.9599","4","1","1","False","0"
"27764","1974339920048","1991241910918","1991242052970","14.332900000000002","14.205200000000001","0.1277","1.5042","1.5008000000000001","False","12.1243","14.337900000000001","12.142800000000001","10.9077","25.1129","4","1","1","False","0"
"27764","1974339920048","1991242054247","1991242201272","14.831900000000001","14.7025","0.12940000000000002","1.5129000000000001","1.5089000000000001","False","54.5715","14.830200000000001","12.1243","8.2018","22.904300000000003","4","1","1","False","0"
"27764","1974339920048","1991242202566","1991242319952","11.8919","11.7386","0.15330000000000002","1.7752000000000001","1.7734","True","NaN","11.868","NaN","NaN","NaN","4","1","1","False","0"
"27764","1974339920048","1991242321485","1991242476540","15.712500000000002","15.505500000000001","0.20700000000000002","15.7367","2.9549000000000003","True","NaN","15.658800000000001","NaN","NaN","NaN","4","1","1","False","0"
"27764","1974339920048","1991242478610","1991242619302","14.2134","14.0692","0.1442","1.6858000000000002","1.6822000000000001","True","NaN","14.276200000000001","NaN","NaN","NaN","4","1","1","False","0"
"27764","1974339920048","1991242620744","1991242776905","15.793000000000001","15.616100000000001","0.1769","1.8015","1.7955","False","12.1302","15.7603","54.5715","5.21","20.8261","8","1","1","False","0"
"27764","1974339920048","1991242778674","1991242907037","13.020800000000001","12.836300000000001","0.1845","12.658900000000001","1.4261000000000001","False","12.077900000000001","13.013200000000001","12.1302","4.327","17.1633","8","1","1","False","0"
"27764","1974339920048","1991242908882","1991243049297","14.2055","14.041500000000001","0.164","14.632900000000001","1.8514000000000002","False","18.2149","14.226","12.077900000000001","2.1789","16.2204","8","1","1","False","0"
"27764","1974339920048","1991243050937","1991243200405","15.116100000000001","14.946800000000001","0.1693","15.372499999999999","2.1117","False","12.1033","15.110800000000001","18.2149","5.283","20.2298","8","1","1","False","0"
"27764","1974339920048","1991243202098","1991243328356","12.8053","12.6258","0.17950000000000002","12.1439","1.4494","False","18.2112","12.795100000000001","12.1033","4.591200000000001","17.217000000000002","8","1","1","False","0"
"27764","1974339920048","1991243330151","1991243494633","16.6438","16.4482","0.1956","17.2191","2.0274","False","12.0768","16.6277","18.2112","6.1747000000000005","22.6229","8","1","1","False","0"
"27764","1974339920048","1991243496589","1991243625960","13.125300000000001","12.937100000000001","0.1882","12.5374","1.4549","False","24.2604","13.1327","12.0768","5.1188","18.0559","8","1","1","False","0"
"27764","1974339920048","1991243627842","1991243840139","21.3824","21.2297","0.1527","22.4393","2.2241","False","18.164","21.4179","24.2604","7.9613000000000005","29.191000000000003","8","1","1","False","0"
"27764","1974339920048","1991243841666","1991244037829","19.760900000000003","19.616300000000003","0.1446","21.0381","3.7611000000000003","False","18.1781","19.769000000000002","18.164","6.3563","25.9726","8","1","1","False","0"
"27764","1974339920048","1991244039275","1991244228619","19.1238","18.9344","0.1894","17.919900000000002","2.5665","False","18.180400000000002","19.079","18.1781","5.4554","24.3898","8","1","1","False","0"
"27764","1974339920048","1991244230513","1991244427104","19.830900000000003","19.659100000000002","0.1718","19.2807","1.9561000000000002","False","24.265700000000002","19.8485","18.180400000000002","3.7873","23.4464","8","1","1","False","0"
"27764","1974339920048","1991244428822","1991244621604","19.4658","19.278200000000002","0.18760000000000002","19.971700000000006","2.5358","False","12.100800000000001","19.45","24.265700000000002","8.603","27.8812","8","1","1","False","0"
"27764","1974339920048","1991244623480","1991244811404","18.9423","18.7924","0.1499","17.7746","1.6938","False","24.305200000000003","18.98","12.100800000000001","1.7238","20.5162","8","1","1","False","0"
"27764","1974339920048","1991244812903","1991245010104","19.9017","19.720100000000002","0.1816","21.1654","2.6234","False","18.1883","19.87","24.305200000000003","6.159000000000001","25.8791","8","1","1","False","0"
"27764","1974339920048","1991245011920","1991245196239","18.6457","18.431900000000002","0.21380000000000002","18.4019","2.399","False","18.1025","18.613500000000002","18.1883","5.7338000000000005","24.1657","8","1","1","False","0"
"27764","1974339920048","1991245198377","1991245383647","18.709200000000003","18.527","0.1822","20.5781","4.2414000000000005","False","18.188100000000002","18.7408","18.1025","5.0955","23.622500000000002","8","1","1","False","0"
"27764","1974339920048","1991245385469","1991245590759","20.7009","20.529","0.1719","18.7455","2.2929","False","24.2635","20.7112","18.188100000000002","2.5724","23.1014","8","1","1","False","0"
"27764","1974339920048","1991245592478","1991245763479","17.276600000000002","17.1001","0.17650000000000002","20.893800000000002","5.9086","False","18.165","17.272000000000002","24.2635","9.5639","26.664","8","1","1","False","0"
"27764","1974339920048","1991245765244","1991245967179","20.3721","20.1935","0.1786","18.4541","3.9898000000000002","False","24.2698","20.37","18.165","7.3589","27.552400000000002","8","1","1","False","0"
"27764","1974339920048","1991245968965","1991246217658","25.102100000000004","24.869300000000003","0.2328","23.677300000000002","2.6013","False","12.092500000000001","25.047900000000002","24.2698","6.5808","31.450100000000003","8","1","1","False","0"
"27764","1974339920048","1991246219986","1991246351169","13.315700000000001","13.118300000000001","0.19740000000000002","12.4131","1.6885000000000001","False","18.179000000000002","13.3511","12.092500000000001","5.3222000000000005","18.4405","8","1","1","False","0"
"27764","1974339920048","1991246353143","1991246537874","18.6456","18.473100000000002","0.17250000000000001","19.500700000000002","2.5149","False","18.1808","18.6705","18.179000000000002","4.8307","23.303800000000003","8","1","1","False","0"
"27764","1974339920048","1991246539599","1991246713028","17.5367","17.3429","0.1938","17.2908","2.2915","False","24.2758","17.5154","18.1808","5.4961","22.839000000000002","8","1","1","False","0"
"27764","1974339920048","1991246714966","1991246943802","23.0731","22.8836","0.1895","23.6508","2.8466","False","12.0898","23.0774","24.2758","6.694500000000001","29.578100000000003","8","1","1","False","0"
"27764","1974339920048","1991246945697","1991247100722","15.638800000000002","15.502500000000001","0.1363","14.259","1.7779","False","24.23","15.692","12.0898","3.0923000000000003","18.5948","8","1","1","False","0"
"27764","1974339920048","1991247102085","1991247316397","21.624100000000002","21.4312","0.19290000000000002","22.566200000000002","2.4261","False","18.1964","21.567500000000003","24.23","5.7548","27.186","8","1","1","False","0"
"27764","1974339920048","1991247318326","1991247503526","18.6942","18.52","0.17420000000000002","18.8962","2.6145","False","24.254","18.7129","18.1964","5.238300000000001","23.758300000000002","8","1","1","False","0"
"27764","1974339920048","1991247505268","1991247734569","23.1341","22.9301","0.20400000000000001","23.245","2.7305","False","18.1719","23.104300000000002","24.254","6.388","29.3181","8","1","1","False","0"
"27764","1974339920048","1991247736609","1991247944152","20.924300000000002","20.7543","0.17","19.8369","1.6356000000000002","False","24.241","20.9583","18.1719","3.6016000000000004","24.355900000000002","8","1","1","False","0"
"27764","1974339920048","1991247945852","1991248186488","24.2302","24.0636","0.1666","25.689","3.0903","False","18.1761","24.233600000000003","24.241","3.609","27.672600000000003","8","1","1","False","0"
"27764","1974339920048","1991248188154","1991248349582","16.342100000000002","16.1428","0.1993","14.953000000000001","1.7171","False","18.1954","16.3094","18.1761","5.475700000000001","21.6185","8","1","1","False","0"
"27764","1974339920048","1991248351575","1991248517295","16.767699999999998","16.572","0.1957","18.0124","2.9615","False","18.1722","16.7713","18.1954","6.8998","23.4718","8","1","1","False","0"
"27764","1974339920048","1991248519252","1991248737724","22.0242","21.8472","0.17700000000000002","21.3372","2.2671","False","24.256700000000002","22.0429","18.1722","3.0291","24.8763","8","1","1","False","0"
"27764","1974339920048","1991248739494","1991248937388","19.9665","19.7894","0.1771","19.8885","2.1876","False","18.1917","19.9664","24.256700000000002","7.319400000000001","27.108800000000002","8","1","1","False","0"
"27764","1974339920048","1991248939159","1991249130274","19.2674","19.1115","0.1559","18.7436","1.9706000000000001","False","18.1566","19.288600000000002","18.1917","6.2225","25.334","8","1","1","False","0"
"27764","1974339920048","1991249131833","1991249299574","16.9669","16.7741","0.1928","17.0149","1.717","False","18.1815","16.93","18.1566","7.4491000000000005","24.223200000000002","8","1","1","False","0"
"27764","1974339920048","1991249301502","1991249500979","20.130100000000002","19.9477","0.1824","20.828100000000003","2.4072","False","18.1883","20.1405","18.1815","5.4901","25.437800000000003","8","1","1","False","0"
"27764","1974339920048","1991249502803","1991249701885","20.0838","19.9082","0.1756","20.0893","2.4149000000000003","False","24.235200000000003","20.090600000000002","18.1883","3.5878","23.496000000000002","8","1","1","False","0"
"27764","1974339920048","1991249703641","1991249907588","20.6109","20.3947","0.2162","20.9972","2.8233","False","24.2908","20.5703","24.235200000000003","7.2527","27.6474","8","1","1","False","0"
"27764","1974339920048","1991249909750","1991250139575","23.164","22.9825","0.18150000000000002","22.769","2.4062","False","12.162","23.198700000000002","24.2908","8.344800000000001","31.3273","8","1","1","False","0"
"27764","1974339920048","1991250141390","1991250306336","16.6624","16.494600000000002","0.1678","15.9031","1.6457000000000002","False","24.1517","16.6761","12.162","3.8307","20.325300000000002","8","1","1","False","0"
"27764","1974339920048","1991250308014","1991250507236","20.1013","19.9222","0.1791","20.6222","2.1707","False","18.1807","20.09","24.1517","7.8924","27.814600000000002","8","1","1","False","0"
"27764","1974339920048","1991250509027","1991250701700","19.466800000000003","19.267300000000002","0.1995","19.9523","2.657","False","18.1874","19.4464","18.1807","6.6267000000000005","25.894000000000002","8","1","1","False","0"
"27764","1974339920048","1991250703695","1991250905917","20.398600000000002","20.2222","0.1764","20.666800000000002","2.9256","False","24.2563","20.4217","18.1874","4.3924","24.614600000000003","8","1","1","False","0"
"27764","1974339920048","1991250907681","1991251097586","19.1676","18.9905","0.1771","19.6776","3.4345000000000003","False","18.1945","19.166900000000002","24.2563","9.4818","28.4723","8","1","1","False","0"
"27764","1974339920048","1991251099357","1991251303166","20.53","20.3809","0.1491","19.2437","2.4582","False","18.181","20.558","18.1945","7.1183000000000005","27.499200000000002","8","1","1","False","0"
"27764","1974339920048","1991251304657","1991251478761","17.5952","17.4104","0.18480000000000002","17.6812","2.2448","False","18.1481","17.5595","18.181","7.739800000000001","25.1502","8","1","1","False","0"
"27764","1974339920048","1991251480609","1991251682082","20.3232","20.1473","0.1759","22.4524","4.357","False","18.1675","20.3321","18.1481","5.5558000000000005","25.703100000000003","8","1","1","False","0"
"27764","1974339920048","1991251683841","1991251860917","17.9008","17.7076","0.1932","16.5566","3.0259","False","18.1929","17.8835","18.1675","5.8398","23.5474","8","1","1","False","0"
"27764","1974339920048","1991251862849","1991252060232","19.929900000000004","19.738300000000002","0.19160000000000002","19.8753","2.9606000000000003","False","18.275000000000002","19.9315","18.1929","4.1012","23.8395","8","1","1","False","0"
"27764","1974339920048","1991252062148","1991252240549","18.0257","17.8401","0.18560000000000001","18.018","2.9601","False","24.182100000000002","18.0317","18.275000000000002","4.3445","22.1846","8","1","1","False","0"
"27764","1974339920048","1991252242405","1991252435685","19.499399999999998","19.328","0.1714","21.334200000000003","4.7885","False","12.1012","19.5136","24.182100000000002","9.013","28.341","8","1","1","False","0"
"27764","1974339920048","1991252437399","1991252622485","18.6768","18.5086","0.16820000000000002","15.682400000000001","1.7765000000000002","False","24.3033","18.68","12.1012","2.4342","20.942800000000002","8","1","1","False","0"
"27764","1974339920048","1991252624167","1991252799285","17.663500000000003","17.5118","0.1517","21.6404","5.764200000000001","False","18.1414","17.68","24.3033","9.057500000000001","26.569300000000002","8","1","1","False","0"
"27764","1974339920048","1991252800802","1991253034585","23.5242","23.3783","0.1459","19.5346","1.7769000000000001","False","18.178","23.53","18.1414","3.6689000000000003","27.0472","8","1","1","False","0"
"27764","1974339920048","1991253036044","1991253178187","14.387400000000001","14.214300000000001","0.1731","18.8586","6.263","False","18.189500000000002","14.3602","18.178","7.486700000000001","21.701","8","1","1","False","0"
"27764","1974339920048","1991253179918","1991253353965","17.582900000000002","17.404700000000002","0.1782","13.2628","1.9323000000000001","False","12.093","17.5778","18.189500000000002","8.0984","25.5031","8","1","1","False","0"
"27764","1974339920048","1991253355747","1991253537867","18.3304","18.212","0.1184","18.011","1.885","False","24.2411","18.3902","12.093","1.8012000000000001","20.0132","8","1","1","False","0"
"27764","1974339920048","1991253539051","1991253723465","18.6015","18.4414","0.16010000000000002","21.531200000000002","4.5354","False","18.1827","18.5598","24.2411","7.4825","25.9239","8","1","1","False","0"
"27764","1974339920048","1991253725066","1991253901723","17.843600000000002","17.6657","0.1779","18.276","4.9678","False","24.312900000000003","17.8258","18.1827","7.8394","25.505100000000002","8","1","1","False","0"
"27764","1974339920048","1991253903502","1991254118970","21.703300000000002","21.5468","0.1565","22.0825","5.3444","False","6.036300000000001","21.724700000000002","24.312900000000003","10.4276","31.974400000000003","8","1","1","False","0"
"27764","1974339920048","1991254120535","1991254259410","14.067400000000001","13.887500000000001","0.1799","10.613000000000001","1.9038000000000002","False","24.209200000000003","14.044","6.036300000000001","2.4199","16.3074","8","1","1","False","0"
"27764","1974339920048","1991254261209","1991254444115","18.510900000000003","18.2906","0.22030000000000002","19.877000000000002","3.2923","False","12.1021","18.4705","24.209200000000003","8.1586","26.4492","8","1","1","False","0"
"27764","1974339920048","1991254446318","1991254617120","17.257800000000003","17.0802","0.1776","16.2996","2.3029","False","18.2133","17.3005","12.1021","2.9602","20.0404","8","1","1","False","0"
"27764","1974339920048","1991254618896","1991254748933","13.1773","13.0037","0.1736","14.0167","3.1472","False","6.0459000000000005","13.1813","18.2133","7.9922","20.995900000000002","8","1","1","False","0"
"27764","1974339920048","1991254750669","1991254863114","11.415000000000001","11.2445","0.1705","10.4189","2.1494","False","18.2039","11.4181","6.0459000000000005","2.62","13.864500000000001","8","1","1","False","0"
"27764","1974339920048","1991254864819","1991254990551","12.7548","12.5732","0.1816","13.4607","2.8616","False","6.0254","12.7437","18.2039","8.0802","20.6534","8","1","1","False","0"
"27764","1974339920048","1991254992367","1991255104086","11.368400000000001","11.1719","0.1965","10.726700000000001","2.2218","False","18.2301","11.3535","6.0254","2.7521","13.924000000000001","8","1","1","False","0"
"27764","1974339920048","1991255106051","1991255232538","12.8461","12.6487","0.19740000000000002","12.891300000000001","2.2755","False","6.0739","12.8452","18.2301","8.137","20.785700000000002","8","1","1","False","0"
"27764","1974339920048","1991255234512","1991255345729","11.249500000000001","11.1217","0.1278","10.695400000000001","1.9954","False","18.1365","11.3191","6.0739","2.8918","14.0135","8","1","1","False","0"
"27764","1974339920048","1991255347007","1991255497927","15.2683","15.092","0.1763","18.736","5.179200000000001","False","12.1175","15.219800000000001","18.1365","5.8085","20.9005","8","1","1","False","0"
"27764","1974339920048","1991255499690","1991255643310","14.527","14.362","0.165","11.628","2.2698","False","18.2043","14.538300000000001","12.1175","3.3877","17.7497","8","1","1","False","0"
"27764","1974339920048","1991255644960","1991255764734","12.163800000000002","11.977400000000001","0.1864","14.9255","5.0339","False","6.0285","12.1424","18.2043","9.4496","21.427","8","1","1","False","0"
"27764","1974339920048","1991255766598","1991255893846","12.88","12.7248","0.1552","10.0958","2.2445","False","18.218600000000002","12.911200000000001","6.0285","2.5669","15.2917","8","1","1","False","0"
"27764","1974339920048","1991255895398","1991256021992","12.8619","12.6594","0.2025","13.420200000000001","2.8282000000000003","False","12.1018","12.8146","18.218600000000002","7.9709","20.630300000000002","8","1","1","False","0"
"27764","1974339920048","1991256024017","1991256169133","14.675900000000002","14.511600000000001","0.1643","15.706100000000001","3.8325","False","12.121500000000001","14.7141","12.1018","5.3586","19.8702","8","1","1","False","0"
"27764","1974339920048","1991256170776","1991256307385","13.842","13.6609","0.1811","12.2226","2.2177000000000002","False","18.1848","13.8252","12.121500000000001","3.6549","17.3158","8","1","1","False","0"
"27764","1974339920048","1991256309196","1991256464951","15.7479","15.5755","0.1724","15.646899999999999","2.1208","False","12.132100000000001","15.7566","18.1848","6.0831","21.6586","8","1","1","False","0"
"27764","1974339920048","1991256466675","1991256586106","12.127500000000001","11.943100000000001","0.1844","12.4427","2.4487","False","12.0877","12.1155","12.132100000000001","6.0997","18.0428","8","1","1","False","0"
"27764","1974339920048","1991256587950","1991256739569","15.3375","15.161900000000001","0.1756","14.795100000000001","1.8963","False","12.123800000000001","15.346300000000001","12.0877","2.8411","18.003","8","1","1","False","0"
"27764","1974339920048","1991256741325","1991256865663","12.6046","12.4338","0.1708","12.7157","2.0029","False","18.186500000000002","12.6094","12.123800000000001","2.3555","14.7893","8","1","1","False","0"
"27764","1974339920048","1991256867371","1991257034868","16.899900000000002","16.7497","0.1502","17.5653","2.9832","False","12.1152","16.9205","18.186500000000002","3.6215","20.3712","8","1","1","False","0"
"27764","1974339920048","1991257036370","1991257162848","12.8196","12.6478","0.1718","12.0318","1.8823","False","18.2181","12.798","12.1152","2.9387000000000003","15.586500000000001","8","1","1","False","0"
"27764","1974339920048","1991257164566","1991257308481","14.577200000000001","14.3915","0.1857","16.1564","3.4699","False","12.1011","14.5633","18.2181","6.593500000000001","20.985","8","1","1","False","0"
"27764","1974339920048","1991257310338","1991257454969","14.6315","14.4631","0.16840000000000002","13.060400000000001","1.8880000000000001","False","18.217100000000002","14.648800000000001","12.1011","4.0458","18.5089","8","1","1","False","0"
"27764","1974339920048","1991257456653","1991257597695","14.287600000000001","14.1042","0.1834","14.4734","2.0739","False","12.1018","14.2726","18.217100000000002","7.9903","22.0945","8","1","1","False","0"
"27764","1974339920048","1991257599529","1991257747675","15.028500000000001","14.8146","0.2139","14.8824","1.9589","False","12.1127","14.998000000000001","12.1018","5.0941","19.9087","8","1","1","False","0"
"27764","1974339920048","1991257749814","1991257875796","12.7668","12.5982","0.1686","12.6396","1.8008000000000002","False","18.194100000000002","12.812100000000001","12.1127","4.3947","16.992900000000002","8","1","1","False","0"
"27764","1974339920048","1991257877482","1991258023625","14.8009","14.6143","0.18660000000000002","14.8587","1.868","False","12.0898","14.782900000000001","18.194100000000002","7.8059","22.4202","8","1","1","False","0"
"27764","1974339920048","1991258025491","1991258170958","14.734900000000001","14.546700000000001","0.1882","16.557100000000002","3.6818","False","12.1362","14.7333","12.0898","5.1624","19.7091","8","1","1","False","0"
"27764","1974339920048","1991258172840","1991258288130","11.715","11.529","0.186","10.070500000000001","2.0565","False","12.0931","11.7172","12.1362","5.5814","17.110400000000002","8","1","1","False","0"
"27764","1974339920048","1991258289990","1991258437206","14.8866","14.7216","0.165","14.7469","1.8965","False","18.212400000000002","14.9076","12.0931","2.7669","17.488500000000002","8","1","1","False","0"
"27764","1974339920048","1991258438856","1991258578343","14.1243","13.9487","0.1756","16.366300000000003","4.1412","False","12.1073","14.113700000000001","18.212400000000002","6.865600000000001","20.8143","8","1","1","False","0"
"27764","1974339920048","1991258580099","1991258736254","15.762400000000001","15.6155","0.1469","13.0288","1.8705","False","12.1195","15.7911","12.1073","3.1818","18.7973","8","1","1","False","0"
"27764","1974339920048","1991258737723","1991258859242","12.3625","12.151900000000001","0.2106","13.148100000000001","2.2106","False","18.203200000000002","12.2988","12.1195","3.0025","15.1544","8","1","1","False","0"
"27764","1974339920048","1991258861348","1991259015379","15.600900000000001","15.4031","0.1978","16.386","2.9829000000000003","False","18.181","15.613700000000001","18.203200000000002","5.5920000000000005","20.9951","8","1","1","False","0"
"27764","1974339920048","1991259017357","1991259163083","14.744900000000001","14.572600000000001","0.1723","16.7436","4.9786","False","12.1293","14.7704","18.181","9.002600000000001","23.575200000000002","8","1","1","False","0"
"27764","1974339920048","1991259164806","1991259305953","14.286600000000002","14.114700000000001","0.1719","11.787500000000001","2.4743","False","12.122100000000001","14.287","12.1293","6.8449","20.959600000000002","8","1","1","False","0"
"27764","1974339920048","1991259307672","1991259436909","13.1237","12.9237","0.2","12.699300000000001","2.0464","False","12.0992","13.095600000000001","12.122100000000001","5.8714","18.7951","8","1","1","False","0"
"27764","1974339920048","1991259438909","1991259581088","14.3992","14.2179","0.18130000000000002","14.6194","2.2804","False","18.1734","14.417900000000001","12.0992","3.5527","17.7706","8","1","1","False","0"
"27764","1974339920048","1991259582901","1991259729459","14.8375","14.655800000000001","0.1817","17.0017","4.434200000000001","False","12.168600000000001","14.837100000000001","18.1734","6.889","21.544800000000002","8","1","1","False","0"
"27764","1974339920048","1991259731276","1991259859854","13.0241","12.857800000000001","0.1663","10.693200000000001","2.1055","False","12.076500000000001","13.0395","12.168600000000001","6.0181000000000004","18.8759","8","1","1","False","0"
"27764","1974339920048","1991259861517","1991260003019","14.333","14.1502","0.18280000000000002","14.1766","1.9576","False","18.182100000000002","14.316500000000001","12.076500000000001","3.7781000000000002","17.9283","8","1","1","False","0"
"27764","1974339920048","1991260004847","1991260171775","16.881600000000002","16.692800000000002","0.1888","18.639100000000003","3.7042","False","12.141","16.875600000000002","18.182100000000002","5.0846","21.7774","8","1","1","False","0"
"27764","1974339920048","1991260173663","1991260292400","12.005400000000002","11.873700000000001","0.1317","10.0004","2.0197000000000003","False","12.0905","12.0625","12.141","5.1631","17.0368","8","1","1","False","0"
"27764","1974339920048","1991260293717","1991260435593","14.358400000000001","14.187600000000002","0.1708","14.811","2.1552000000000002","False","18.2006","14.3193","12.0905","2.9343000000000004","17.1219","8","1","1","False","0"
"27764","1974339920048","1991260437301","1991260582695","14.7193","14.5394","0.1799","16.2092","3.6461","False","12.1371","14.7102","18.2006","6.4247000000000005","20.964100000000002","8","1","1","False","0"
"27764","1974339920048","1991260584494","1991260710868","12.871","12.637400000000001","0.2336","11.1312","1.9457","False","12.102500000000001","12.817300000000001","12.1371","5.7445","18.3819","8","1","1","False","0"
"27764","1974339920048","1991260713204","1991260858287","14.6777","14.5083","0.1694","14.7729","2.0007","False","18.186600000000002","14.741900000000001","12.102500000000001","3.1051","17.613400000000002","8","1","1","False","0"
"27764","1974339920048","1991260859981","1991261018341","16.0154","15.836","0.1794","16.0588","2.0474","False","12.136600000000001","16.0054","18.186600000000002","5.286300000000001","21.122300000000003","8","1","1","False","0"
"27764","1974339920048","1991261020135","1991261152615","13.423200000000001","13.248000000000001","0.1752","13.2323","1.8614000000000002","False","18.1739","13.4274","12.136600000000001","3.9955000000000003","17.2435","8","1","1","False","0"
"27764","1974339920048","1991261154367","1991261310928","15.851600000000001","15.6561","0.1955","16.3246","2.3282000000000003","False","12.1272","15.8313","18.1739","6.338100000000001","21.9942","8","1","1","False","0"
"27764","1974339920048","1991261312883","1991261442927","13.1722","13.0044","0.1678","12.8994","2.0518","False","12.0991","13.199900000000001","12.1272","5.2654000000000005","18.2698","8","1","1","False","0"
"27764","1974339920048","1991261444605","1991261580635","13.777000000000001","13.603000000000002","0.17400000000000002","14.044300000000002","2.3234","False","18.180500000000002","13.770800000000001","12.0991","3.5937","17.1967","8","1","1","False","0"
"27764","1974339920048","1991261582375","1991261733086","15.2391","15.071100000000001","0.168","17.351300000000002","4.4283","False","12.1135","15.2451","18.180500000000002","6.529100000000001","21.6002","8","1","1","False","0"
"27764","1974339920048","1991261734766","1991261865787","13.2697","13.1021","0.1676","10.9571","2.1215","False","18.215","13.270100000000001","12.1135","5.3725000000000005","18.474600000000002","8","1","1","False","0"
"27764","1974339920048","1991261867463","1991262022349","15.6725","15.4886","0.1839","15.695400000000003","2.1399","False","12.128","15.6562","18.215","7.9313","23.419900000000002","8","1","1","False","0"
"27764","1974339920048","1991262024188","1991262157500","13.4654","13.3312","0.1342","13.3461","2.3128","False","12.091800000000001","13.5151","12.128","6.5442","19.875400000000003","8","1","1","False","0"
"27764","1974339920048","1991262158842","1991262303998","14.7088","14.515600000000001","0.1932","14.5545","1.891","False","18.1677","14.6498","12.091800000000001","3.9862","18.5018","8","1","1","False","0"
"27764","1974339920048","1991262305930","1991262458094","15.3889","15.2164","0.17250000000000001","15.985800000000001","2.4685","False","36.4149","15.409600000000001","18.1677","6.7443","21.960700000000003","8","1","1","False","0"
"27764","1974339920048","1991262459819","1991262798097","34.0142","33.8278","0.1864","34.6084","3.0582000000000003","False","12.1155","34.0003","36.4149","9.158900000000001","42.9867","8","1","1","False","0"
"27764","1974339920048","1991262799961","1991262939380","14.114600000000001","13.9419","0.17270000000000002","13.2583","2.2032000000000003","False","12.099400000000001","14.128300000000001","12.1155","7.146100000000001","21.088","8","1","1","False","0"
"27764","1974339920048","1991262941107","1991263086225","14.6834","14.511800000000001","0.1716","14.3754","1.8985","False","12.0938","14.6845","12.099400000000001","4.561","19.0728","8","1","1","False","0"
"27764","1974339920048","1991263087941","1991263226948","14.0708","13.9007","0.1701","14.036800000000001","1.8595000000000002","False","18.2042","14.0723","12.0938","2.5825","16.4832","8","1","1","False","0"
"27764","1974339920048","1991263228649","1991263387775","16.107000000000003","15.912600000000001","0.19440000000000002","16.1654","1.9219000000000002","False","12.119800000000001","16.0827","18.2042","4.704000000000001","20.616600000000002","8","1","1","False","0"
"27764","1974339920048","1991263389719","1991263517748","13.008000000000001","12.802900000000001","0.2051","12.9154","1.8634000000000002","False","18.1861","12.997300000000001","12.119800000000001","3.8265000000000002","16.6294","8","1","1","False","0"
"27764","1974339920048","1991263519799","1991263673557","15.5525","15.3758","0.1767","18.1492","4.430400000000001","False","12.1022","15.580900000000002","18.1861","6.4317","21.8075","8","1","1","False","0"
"27764","1974339920048","1991263675324","1991263827654","15.4075","15.233","0.17450000000000002","13.2504","2.2647","False","18.21","15.4097","12.1022","3.1242","18.357200000000002","8","1","1","False","0"
"27764","1974339920048","1991263829399","1991263960034","13.248000000000001","13.063500000000001","0.1845","15.5515","4.5648","False","12.0954","13.238000000000001","18.21","8.0962","21.1597","8","1","1","False","0"
"27764","1974339920048","1991263961879","1991264117461","15.688600000000001","15.558200000000001","0.13040000000000002","14.829799999999999","4.0094","False","18.2016","15.742700000000001","12.0954","4.4489","20.0071","8","1","1","False","0"
"27764","1974339920048","1991264118765","1991264260035","14.2993","14.127","0.1723","12.904100000000003","2.3167","False","12.1355","14.2574","18.2016","8.3931","22.5201","8","1","1","False","0"
"27764","1974339920048","1991264261758","1991264403069","14.2982","14.1311","0.1671","14.0904","2.1074","False","30.2876","14.3034","12.1355","6.2252","20.3563","8","1","1","False","0"
"27764","1974339920048","1991264404740","1991264675703","27.304500000000004","27.096300000000003","0.2082","28.4631","3.2819000000000003","False","12.1478","27.2634","30.2876","9.2494","36.3457","8","1","1","False","0"
"27764","1974339920048","1991264677785","1991264809564","13.363100000000001","13.177900000000001","0.1852","12.0344","1.9406","False","12.1015","13.3861","12.1478","8.0111","21.189","8","1","1","False","0"
"27764","1974339920048","1991264811416","1991264945762","13.6254","13.434600000000001","0.1908","13.9251","2.2529","False","12.1476","13.619800000000001","12.1015","6.4928","19.927400000000002","8","1","1","False","0"
"27764","1974339920048","1991264947670","1991265079270","13.3367","13.16","0.1767","13.1374","2.0491","False","36.3123","13.350800000000001","12.1476","5.2896","18.4496","8","1","1","False","0"
"27764","1974339920048","1991265081037","1991265439989","36.0908","35.8952","0.1956","38.919","4.8702000000000005","False","12.119800000000001","36.0719","36.3123","5.53","41.425200000000004","8","1","1","False","0"
"27764","1974339920048","1991265441945","1991265586139","14.592200000000002","14.419400000000001","0.1728","11.674000000000001","1.9503000000000001","False","18.1663","14.615","12.119800000000001","3.0348","17.4542","8","1","1","False","0"
"27764","1974339920048","1991265587867","1991265721158","13.5013","13.3291","0.17220000000000002","13.473500000000001","1.919","False","24.267","13.501900000000001","18.1663","7.6992","21.0283","8","1","1","False","0"
"27764","1974339920048","1991265722880","1991265956622","23.5085","23.374200000000002","0.1343","27.5953","6.3062000000000005","False","12.1036","23.546400000000002","24.267","8.4198","31.794","8","1","1","False","0"
"27764","1974339920048","1991265957965","1991266108476","15.2484","15.0511","0.1973","11.3388","2.0959000000000003","False","30.3155","15.185400000000001","12.1036","5.338","20.389100000000003","8","1","1","False","0"
"27764","1974339920048","1991266110449","1991266405999","29.7449","29.555","0.1899","30.814","3.1747","False","12.134400000000001","29.7523","30.3155","5.9012","35.4562","8","1","1","False","0"
"27764","1974339920048","1991266407898","1991266534647","12.871","12.674900000000001","0.1961","11.828100000000001","2.1473","False","12.1203","12.8648","12.134400000000001","5.1708","17.8457","8","1","1","False","0"
"27764","1974339920048","1991266536608","1991266668042","13.338799999999999","13.1434","0.19540000000000002","13.129100000000001","1.9189","False","18.2162","13.339500000000001","12.1203","3.9516","17.095000000000002","8","1","1","False","0"
"27764","1974339920048","1991266669996","1991266814993","14.6959","14.4997","0.1962","15.1586","2.4048000000000003","False","12.0669","14.6951","18.2162","7.472700000000001","21.9724","8","1","1","False","0"
"27764","1974339920048","1991266816955","1991266983569","16.824","16.6614","0.1626","16.5657","2.1137","False","18.1813","16.8576","12.0669","2.682","19.343400000000003","8","1","1","False","0"
"27764","1974339920048","1991266985195","1991267124041","14.053500000000001","13.8846","0.1689","14.181600000000003","2.248","False","24.2546","14.0472","18.1813","6.8161000000000005","20.7007","8","1","1","False","0"
"27764","1974339920048","1991267125730","1991267387157","26.3316","26.1427","0.1889","27.118899999999996","3.0342000000000002","False","24.2511","26.311600000000002","24.2546","4.7591","30.9018","8","1","1","False","0"
"27764","1974339920048","1991267389046","1991267564352","17.6905","17.5306","0.15990000000000001","21.8529","7.1915000000000004","False","12.097800000000001","17.7195","24.2511","11.290700000000001","28.8213","8","1","1","False","0"
"27764","1974339920048","1991267565951","1991267716754","15.337100000000001","15.080300000000001","0.25680000000000003","11.342","3.927","False","12.1477","15.240200000000002","12.097800000000001","8.1483","23.2286","8","1","1","False","0"
"27764","1974339920048","1991267719322","1991267851158","13.3651","13.1836","0.18150000000000002","12.656","2.5046","False","12.1155","13.4404","12.1477","6.8556","20.0392","8","1","1","False","0"
"27764","1974339920048","1991267852973","1991267983151","13.2025","13.017800000000001","0.1847","12.8427","2.1279","False","12.132200000000001","13.199300000000001","12.1155","5.771800000000001","18.7896","8","1","1","False","0"
"27764","1974339920048","1991267984998","1991268115974","13.2711","13.0976","0.17350000000000002","13.0403","1.9057000000000002","False","12.0967","13.282300000000001","12.132200000000001","4.621700000000001","17.7193","8","1","1","False","0"
"27764","1974339920048","1991268117709","1991268248857","13.2939","13.1148","0.1791","13.617700000000001","2.2304","False","18.2038","13.288300000000001","12.0967","3.4301000000000004","16.544900000000002","8","1","1","False","0"
"27764","1974339920048","1991268250648","1991268409307","16.0396","15.8659","0.17370000000000002","15.9215","2.1077","False","12.109","16.045","18.2038","5.588900000000001","21.454800000000002","8","1","1","False","0"
"27764","1974339920048","1991268411044","1991268545151","13.6181","13.4107","0.2074","13.4748","1.9774","False","18.1975","13.5844","12.109","4.1135","17.5242","8","1","1","False","0"
"27764","1974339920048","1991268547225","1991268687573","14.215900000000001","14.0348","0.1811","14.424900000000001","2.1777","False","12.159600000000001","14.2422","18.1975","8.0688","22.1036","8","1","1","False","0"
"27764","1974339920048","1991268689384","1991268819958","13.224300000000001","13.057400000000001","0.16690000000000002","13.2203","2.1666000000000003","False","12.067","13.2385","12.159600000000001","6.9899000000000004","20.0473","8","1","1","False","0"
"27764","1974339920048","1991268821627","1991268973240","15.3536","15.1613","0.1923","16.1371","2.968","False","12.103800000000001","15.3282","12.067","3.7287000000000003","18.89","8","1","1","False","0"
"27764","1974339920048","1991268975163","1991269105156","13.1881","12.9993","0.1888","12.489","2.2572","False","18.210900000000002","13.191600000000001","12.103800000000001","2.6409000000000002","15.6402","8","1","1","False","0"
"27764","1974339920048","1991269107044","1991269252121","14.7006","14.5077","0.19290000000000002","14.467","2.023","False","12.093300000000001","14.6965","18.210900000000002","6.1553","20.663","8","1","1","False","0"
"27764","1974339920048","1991269254050","1991269386313","13.363","13.2263","0.13670000000000002","13.086300000000001","2.0456000000000003","False","24.2604","13.4192","12.093300000000001","4.829400000000001","18.0557","8","1","1","False","0"
"27764","1974339920048","1991269387680","1991269586935","20.0991","19.9255","0.1736","21.3658","3.0098000000000003","False","12.112400000000001","20.0622","24.2604","9.0276","28.953100000000003","8","1","1","False","0"
"27764","1974339920048","1991269588671","1991269729098","14.2098","14.0427","0.1671","15.6406","4.4395","False","18.2046","14.2163","12.112400000000001","6.9237","20.9664","8","1","1","False","0"
"27764","1974339920048","1991269730769","1991269903175","17.442700000000002","17.2406","0.2021","15.1021","2.1012","False","12.1274","17.407700000000002","18.2046","7.7206","24.9612","8","1","1","False","0"
"27764","1974339920048","1991269905196","1991270038329","13.4849","13.3133","0.1716","13.73","2.3443","False","12.0808","13.515400000000001","12.1274","6.3326","19.6459","8","1","1","False","0"
"27764","1974339920048","1991270040045","1991270194613","15.636800000000001","15.456800000000001","0.18000000000000002","15.501600000000002","2.2181","False","18.2137","15.628400000000001","12.0808","2.785","18.2418","8","1","1","False","0"
"27764","1974339920048","1991270196413","1991270339396","14.4692","14.298300000000001","0.1709","14.6258","2.3664","False","12.118300000000001","14.4783","18.2137","6.5204","20.8187","8","1","1","False","0"
"27764","1974339920048","1991270341105","1991270477252","13.791500000000001","13.614700000000001","0.1768","13.366800000000001","1.9465000000000001","False","12.0944","13.7856","12.118300000000001","4.8531","18.4678","8","1","1","False","0"
"27764","1974339920048","1991270479020","1991270621407","14.443400000000002","14.238700000000001","0.20470000000000002","14.7408","2.2496","False","18.191300000000002","14.415500000000002","12.0944","2.532","16.7707","8","1","1","False","0"
"27764","1974339920048","1991270623454","1991270775173","15.3421","15.1719","0.17020000000000002","16.4743","3.3703000000000003","False","12.1302","15.376600000000002","18.191300000000002","5.3467","20.5186","8","1","1","False","0"
"27764","1974339920048","1991270776875","1991270911762","13.616700000000002","13.488700000000001","0.128","11.8801","1.9281000000000001","False","18.191000000000003","13.658900000000001","12.1302","3.818","17.3067","8","1","1","False","0"
"27764","1974339920048","1991270913042","1991271053259","14.185500000000001","14.021700000000001","0.1638","14.4398","1.8866","False","12.1109","14.149700000000001","18.191000000000003","7.8593","21.881","8","1","1","False","0"
"27764","1974339920048","1991271054897","1991271193544","14.057","13.864700000000001","0.1923","14.2725","2.1047000000000002","False","12.1218","14.028500000000001","12.1109","5.9417","19.8064","8","1","1","False","0"
"27764","1974339920048","1991271195467","1991271331057","13.744200000000001","13.559000000000001","0.1852","13.560400000000001","1.9359000000000002","False","18.1909","13.7513","12.1218","4.3122","17.8712","8","1","1","False","0"
"27764","1974339920048","1991271332909","1991271471245","14.0138","13.8336","0.1802","14.401100000000001","2.3124000000000002","False","12.1294","14.0188","18.1909","8.484300000000001","22.3179","8","1","1","False","0"
"27764","1974339920048","1991271473047","1991271601539","13.016399999999999","12.8492","0.16720000000000002","12.5959","1.8876000000000002","False","12.0807","13.0294","12.1294","7.584300000000001","20.433500000000002","8","1","1","False","0"
"27764","1974339920048","1991271603211","1991271739901","13.841800000000001","13.669","0.1728","16.4499","4.498600000000001","False","18.198900000000002","13.8362","12.0807","5.8288","19.4978","8","1","1","False","0"
"27764","1974339920048","1991271741629","1991271934250","19.4605","19.2621","0.19840000000000002","18.017400000000002","3.0535","False","18.166900000000002","19.434900000000003","18.198900000000002","4.5928","23.8549","8","1","1","False","0"
"27764","1974339920048","1991271936234","1991272111514","17.700400000000002","17.528000000000002","0.1724","16.7282","2.0691","False","30.313000000000002","17.7264","18.166900000000002","5.0333000000000006","22.561300000000003","8","1","1","False","0"
"27764","1974339920048","1991272113238","1991272419242","30.7759","30.6004","0.17550000000000002","31.6947","3.0017","False","12.145100000000001","30.7728","30.313000000000002","4.5735","35.1739","8","1","1","False","0"
"27764","1974339920048","1991272420997","1991272549614","13.0564","12.8617","0.1947","11.968700000000002","1.9264000000000001","False","12.092500000000001","13.0372","12.145100000000001","3.6814","16.5431","8","1","1","False","0"
"27764","1974339920048","1991272551561","1991272679215","12.931400000000002","12.765400000000001","0.166","12.9106","2.2375000000000003","False","18.2311","12.9601","12.092500000000001","2.8138","15.5792","8","1","1","False","0"
"27764","1974339920048","1991272680875","1991272814202","13.498700000000001","13.3327","0.166","14.069","2.4602","False","12.106900000000001","13.498700000000001","18.2311","7.546200000000001","20.8789","8","1","1","False","0"
"27764","1974339920048","1991272815862","1991272947784","13.3579","13.192200000000001","0.16570000000000001","13.0317","2.1328","False","12.0923","13.3582","12.106900000000001","6.2949","19.4871","8","1","1","False","0"
"27764","1974339920048","1991272949441","1991273085466","13.7969","13.602500000000001","0.19440000000000002","13.5626","1.9186","False","12.1311","13.7682","12.0923","4.619000000000001","18.221500000000002","8","1","1","False","0"
"27764","1974339920048","1991273087410","1991273214501","12.897800000000002","12.709100000000001","0.1887","12.9139","1.9149","False","12.1181","12.903500000000001","12.1311","3.8466","16.5557","8","1","1","False","0"
"27764","1974339920048","1991273216388","1991273346548","13.1746","13.016","0.15860000000000002","13.375","2.1114","False","18.2043","13.2047","12.1181","2.7600000000000002","15.776000000000002","8","1","1","False","0"
"27764","1974339920048","1991273348134","1991273475633","12.927","12.7499","0.1771","12.9368","2.1334","False","12.1094","12.9085","18.2043","8.0558","20.8057","8","1","1","False","0"
"27764","1974339920048","1991273477404","1991273630243","15.446100000000001","15.283900000000001","0.1622","17.7716","4.4489","False","18.192600000000002","15.461","12.1094","4.7042","19.9881","8","1","1","False","0"
"27764","1974339920048","1991273631865","1991273779120","14.914","14.7255","0.1885","12.303700000000001","1.8591000000000002","False","12.1104","14.8877","18.192600000000002","8.0091","22.7346","8","1","1","False","0"
"27764","1974339920048","1991273781005","1991273933325","15.445500000000001","15.232000000000001","0.21350000000000002","15.503","1.9084","False","18.1765","15.4205","12.1104","4.699","19.931","8","1","1","False","0"
"27764","1974339920048","1991273935460","1991274094422","16.0741","15.8962","0.1779","18.6367","4.4679","False","12.1661","16.1097","18.1765","6.7658000000000005","22.662000000000003","8","1","1","False","0"
"27764","1974339920048","1991274096201","1991274244194","14.954600000000001","14.7993","0.1553","12.3954","1.8992","False","24.194000000000003","14.9772","12.1661","3.9547000000000003","18.754","8","1","1","False","0"
"27764","1974339920048","1991274245747","1991274461767","21.8001","21.602","0.1981","23.147100000000002","3.2538","False","12.141","21.7573","24.194000000000003","6.3914","27.9934","8","1","1","False","0"
"27764","1974339920048","1991274463748","1991274587730","12.574200000000001","12.398200000000001","0.17600000000000002","11.596799999999998","2.2687","False","18.157600000000002","12.596300000000001","12.141","5.936100000000001","18.334300000000002","8","1","1","False","0"
"27764","1974339920048","1991274589490","1991274761352","17.3187","17.1862","0.1325","19.6945","4.939","False","12.1311","17.3622","18.157600000000002","6.7315000000000005","23.9177","8","1","1","False","0"
"27764","1974339920048","1991274762677","1991274901055","14.009200000000002","13.837800000000001","0.1714","11.4098","2.0333","False","18.1832","13.9703","12.1311","4.8923000000000005","18.7301","8","1","1","False","0"
"27764","1974339920048","1991274902769","1991275072345","17.1694","16.9576","0.21180000000000002","17.2401","2.1309","False","12.1363","17.129","18.1832","5.9465","22.9041","8","1","1","False","0"
"27764","1974339920048","1991275074463","1991275203307","13.057900000000002","12.884400000000001","0.17350000000000002","12.919","1.9874","False","18.1756","13.096200000000001","12.1363","4.9866","17.871000000000002","8","1","1","False","0"
"27764","1974339920048","1991275205042","1991275366830","16.3547","16.178800000000003","0.1759","16.900100000000002","2.5301","False","12.1186","16.3523","18.1756","6.809900000000001","22.9887","8","1","1","False","0"
"27764","1974339920048","1991275368589","1991275502764","13.599400000000001","13.4175","0.1819","13.1163","2.0513","False","18.1815","13.5934","12.1186","5.335100000000001","18.7526","8","1","1","False","0"
"27764","1974339920048","1991275504583","1991275666912","16.4037","16.2329","0.1708","16.895300000000002","2.537","False","12.1201","16.4148","18.1815","7.101800000000001","23.3347","8","1","1","False","0"
"27764","1974339920048","1991275668620","1991275801890","13.5371","13.327","0.2101","13.0389","2.0388","False","18.1751","13.4978","12.1201","5.7241","19.0511","8","1","1","False","0"
"27764","1974339920048","1991275803991","1991275952340","15.0043","14.834900000000001","0.1694","18.227700000000002","5.258100000000001","False","12.1348","15.045","18.1751","8.8542","23.6891","8","1","1","False","0"
"27764","1974339920048","1991275954034","1991276117404","16.5121","16.337","0.1751","13.155600000000002","1.9076000000000002","False","18.1778","16.5064","12.1348","4.482600000000001","20.8196","8","1","1","False","0"
"27764","1974339920048","1991276119155","1991276268087","15.079","14.8932","0.18580000000000002","15.5846","2.4232","False","12.1224","15.0683","18.1778","7.5921","22.485300000000002","8","1","1","False","0"
"27764","1974339920048","1991276269945","1991276410879","14.273700000000002","14.0934","0.18030000000000002","13.989500000000001","2.1195","False","18.1706","14.279200000000001","12.1224","5.435300000000001","19.5287","8","1","1","False","0"
"27764","1974339920048","1991276412682","1991276559238","14.787300000000002","14.655600000000002","0.1317","17.1991","4.8287","False","12.126800000000001","14.8359","18.1706","8.77","23.425600000000003","8","1","1","False","0"
"27764","1974339920048","1991276560555","1991276705400","14.6546","14.4845","0.1701","12.244900000000001","2.1256","False","12.1027","14.616200000000001","12.126800000000001","6.280600000000001","20.7651","8","1","1","False","0"
"27764","1974339920048","1991276707101","1991276835139","12.9716","12.8038","0.1678","14.821000000000002","3.978","False","18.2029","12.9739","12.1027","5.409400000000001","18.2132","8","1","1","False","0"
"27764","1974339920048","1991276836817","1991276997836","16.3005","16.1019","0.1986","14.5206","2.2066","False","12.1155","16.2697","18.2029","7.3426","23.4445","8","1","1","False","0"
"27764","1974339920048","1991276999822","1991277136425","13.831100000000001","13.660300000000001","0.1708","13.8326","2.1924","False","12.0999","13.8589","12.1155","5.599200000000001","19.2595","8","1","1","False","0"
"27764","1974339920048","1991277138133","1991277283779","14.741200000000001","14.5646","0.1766","14.565700000000001","2.0114","False","18.201900000000002","14.7354","12.0999","2.9637000000000002","17.5283","8","1","1","False","0"
"27764","1974339920048","1991277285545","1991277445005","16.129","15.946000000000002","0.183","16.1414","2.0484","False","12.100200000000001","16.122600000000002","18.201900000000002","5.043","20.989","8","1","1","False","0"
"27764","1974339920048","1991277446835","1991277591491","14.6671","14.4656","0.2015","14.4566","1.8318","False","18.2057","14.6486","12.100200000000001","2.4946","16.9602","8","1","1","False","0"
"27764","1974339920048","1991277593506","1991277730055","13.826300000000002","13.654900000000001","0.1714","14.3054","2.3046","False","12.1264","13.8564","18.2057","6.8439000000000005","20.4988","8","1","1","False","0"
"27764","1974339920048","1991277731769","1991277863120","13.317700000000002","13.135100000000001","0.1826","13.015400000000001","2.0116","False","12.0836","13.3065","12.1264","5.6638","18.7989","8","1","1","False","0"
"27764","1974339920048","1991277864946","1991278014612","15.145000000000001","14.966600000000001","0.1784","15.3703","2.2325","False","18.223300000000002","15.1492","12.0836","2.5982000000000003","17.5648","8","1","1","False","0"
"27764","1974339920048","1991278016396","1991278146326","13.1639","12.993","0.1709","12.8458","1.9096000000000002","False","12.1279","13.1714","18.223300000000002","7.6501","20.6431","8","1","1","False","0"
"27764","1974339920048","1991278148035","1991278292737","14.6212","14.4702","0.151","14.5","2.1022000000000003","False","12.096","14.641100000000002","12.1279","5.136900000000001","19.607100000000003","8","1","1","False","0"
"27764","1974339920048","1991278294247","1991278429225","13.6728","13.4978","0.17500000000000002","14.0846","2.2043","False","18.2005","13.648800000000001","12.096","3.5841000000000003","17.0819","8","1","1","False","0"
"27764","1974339920048","1991278430975","1991278586113","15.696000000000002","15.513800000000002","0.1822","15.630500000000001","2.1457","False","18.1403","15.6888","18.2005","6.0958000000000006","21.6096","8","1","1","False","0"
"27764","1974339920048","1991278587935","1991278755012","16.946199999999997","16.7077","0.23850000000000002","16.9314","2.1263","False","24.2622","16.8899","18.1403","7.3462000000000005","24.053900000000002","8","1","1","False","0"
"27764","1974339920048","1991278757397","1991279023505","26.834300000000002","26.6108","0.2235","27.679000000000002","2.9736000000000002","False","12.1242","26.849300000000003","24.2622","4.7591","31.3699","8","1","1","False","0"
"27764","1974339920048","1991279025740","1991279148411","12.434500000000002","12.267100000000001","0.16740000000000002","11.3515","1.8778000000000001","False","18.1996","12.4906","12.1242","4.3927000000000005","16.6598","8","1","1","False","0"
"27764","1974339920048","1991279150085","1991279327861","17.9588","17.7776","0.1812","18.022100000000002","1.9488","False","36.3551","17.945","18.1996","4.6473","22.4249","8","1","1","False","0"
"27764","1974339920048","1991279329673","1991279644570","31.690300000000004","31.489700000000003","0.2006","33.0184","3.2798000000000003","False","12.126800000000001","31.670900000000003","36.3551","9.3315","40.821200000000005","8","1","1","False","0"
"27764","1974339920048","1991279646576","1991279801621","15.6755","15.5045","0.171","14.551400000000001","2.149","False","12.102","15.705100000000002","12.126800000000001","5.7532000000000005","21.2577","8","1","1","False","0"
"27764","1974339920048","1991279803331","1991279938579","13.7109","13.5248","0.18610000000000002","13.518800000000002","1.9752","False","18.193","13.6958","12.102","4.1594","17.6842","8","1","1","False","0"
"27764","1974339920048","1991279940440","1991280110003","17.152400000000004","16.956300000000002","0.1961","17.1838","1.9958","False","18.1955","17.142400000000002","18.193","5.21","22.1663","8","1","1","False","0"
"27764","1974339920048","1991280111964","1991280265345","15.487400000000001","15.3381","0.14930000000000002","15.139299999999999","1.9516","False","12.113700000000001","15.5342","18.1955","7.871300000000001","23.209400000000002","8","1","1","False","0"
"27764","1974339920048","1991280266838","1991280396279","13.1324","12.9441","0.1883","13.604000000000001","2.1735","False","30.273100000000003","13.0934","12.113700000000001","6.8916","19.8357","8","1","1","False","0"
"27764","1974339920048","1991280398162","1991280725421","32.892100000000006","32.7259","0.16620000000000001","32.694900000000004","1.9116000000000002","False","18.176000000000002","32.9142","30.273100000000003","4.250500000000001","36.976400000000005","8","1","1","False","0"
"27764","1974339920048","1991280727083","1991280914227","18.9132","18.7144","0.1988","20.2692","3.2733000000000003","False","24.2499","18.8806","18.176000000000002","3.5459","22.2603","8","1","1","False","0"
"27764","1974339920048","1991280916215","1991281083300","16.8761","16.7085","0.1676","18.9636","5.3525","False","12.176400000000001","16.9073","24.2499","10.8885","27.597","8","1","1","False","0"
"27764","1974339920048","1991281084976","1991281229094","14.5774","14.411800000000001","0.1656","11.5676","2.3444000000000003","False","12.0997","14.579400000000001","12.176400000000001","8.4855","22.8973","8","1","1","False","0"
"27764","1974339920048","1991281230750","1991281373088","14.530100000000001","14.2338","0.2963","14.300500000000003","2.1155","False","12.0799","14.3994","12.0997","6.1858","20.419600000000003","8","1","1","False","0"
"27764","1974339920048","1991281376051","1991281527632","15.362200000000001","15.158100000000001","0.2041","15.150300000000001","1.9146","False","18.221600000000002","15.454400000000001","12.0799","2.8113","17.9694","8","1","1","False","0"
"27764","1974339920048","1991281529673","1991281677195","14.9438","14.7522","0.19160000000000002","15.152800000000003","2.1337","False","12.1007","14.9563","18.221600000000002","6.0766","20.8288","8","1","1","False","0"
"27764","1974339920048","1991281679111","1991281819666","14.2276","14.0555","0.1721","14.033000000000001","1.9208","False","18.2117","14.247100000000001","12.1007","3.9302","17.9857","8","1","1","False","0"
"27764","1974339920048","1991281821387","1991281978320","15.864500000000001","15.6933","0.17120000000000002","16.2634","2.3173","False","12.0816","15.865400000000001","18.2117","6.2765","21.9698","8","1","1","False","0"
"27764","1974339920048","1991281980032","1991282132420","15.392700000000001","15.238800000000001","0.1539","14.6555","1.9000000000000001","False","18.2071","15.41","12.0816","2.9481","18.1869","8","1","1","False","0"
"27764","1974339920048","1991282133959","1991282271523","13.930800000000001","13.756400000000001","0.1744","14.928600000000001","2.584","False","12.1167","13.910300000000001","18.2071","7.2449","21.0013","8","1","1","False","0"
"27764","1974339920048","1991282273267","1991282418076","14.6486","14.4809","0.16770000000000002","14.011800000000001","1.9405000000000001","False","18.1556","14.6553","12.1167","4.706300000000001","19.1872","8","1","1","False","0"
"27764","1974339920048","1991282419753","1991282558129","14.013","13.8376","0.1754","16.678800000000003","4.6098","False","24.2954","14.0053","18.1556","8.8566","22.694200000000002","8","1","1","False","0"
"27764","1974339920048","1991282559883","1991282813595","25.619400000000002","25.3712","0.2482","23.9144","2.9458","False","18.151400000000002","25.5466","24.2954","7.6054","32.976600000000005","8","1","1","False","0"
"27764","1974339920048","1991282816077","1991282956162","14.178300000000002","14.008500000000002","0.1698","17.425","6.1508","False","12.1194","14.2567","18.151400000000002","11.5001","25.5086","8","1","1","False","0"
"27764","1974339920048","1991282957860","1991283105164","14.9105","14.730400000000001","0.1801","13.189200000000001","4.4315","False","12.124","14.9002","12.1194","8.7193","23.4497","8","1","1","False","0"
"27764","1974339920048","1991283106965","1991283264372","15.9153","15.7407","0.1746","13.4274","1.9456","False","12.1669","15.920800000000002","12.124","4.9225","20.6632","8","1","1","False","0"
"27764","1974339920048","1991283266118","1991283402687","13.852","13.6569","0.1951","13.8202","1.9126","False","24.1884","13.8315","12.1669","3.2579000000000002","16.9148","8","1","1","False","0"
"27764","1974339920048","1991283404638","1991283612610","20.9771","20.7972","0.1799","22.71","3.6462000000000003","False","18.203","20.9923","24.1884","6.454000000000001","27.2512","8","1","1","False","0"
"27764","1974339920048","1991283614409","1991283757610","14.4961","14.3201","0.17600000000000002","14.9616","4.1131","False","6.021100000000001","14.5","18.203","10.157","24.4771","8","1","1","False","0"
"27764","1974339920048","1991283759370","1991283894285","13.644","13.4915","0.1525","11.461300000000001","2.2355","False","18.2188","13.6675","6.021100000000001","2.5106","16.002100000000002","8","1","1","False","0"
"27764","1974339920048","1991283895810","1991284029713","13.5898","13.3903","0.1995","14.243400000000001","2.5888","False","12.0876","13.542800000000002","18.2188","7.1866","20.576900000000002","8","1","1","False","0"
"27764","1974339920048","1991284031708","1991284166913","13.6889","13.5205","0.16840000000000002","16.0974","4.982600000000001","False","12.1635","13.72","12.0876","5.554200000000001","19.0747","8","1","1","False","0"
"27764","1974339920048","1991284168597","1991284300549","13.3489","13.1952","0.1537","12.413800000000002","4.0452","False","18.169800000000002","13.3636","12.1635","4.3541","17.549300000000002","8","1","1","False","0"
"27764","1974339920048","1991284302086","1991284445273","14.4921","14.318700000000002","0.1734","12.4435","2.0060000000000002","False","12.1232","14.4724","18.169800000000002","8.0515","22.3702","8","1","1","False","0"
"27764","1974339920048","1991284447007","1991284563238","11.798100000000002","11.6231","0.17500000000000002","13.778300000000002","3.9839","False","12.107700000000001","11.7965","12.1232","8.3782","20.0013","8","1","1","False","0"
"27764","1974339920048","1991284564988","1991284706926","14.380600000000001","14.193800000000001","0.18680000000000002","12.653400000000001","2.2555","False","12.1736","14.3688","12.107700000000001","6.117100000000001","20.3109","8","1","1","False","0"
"27764","1974339920048","1991284708794","1991284820371","11.3307","11.1577","0.17300000000000001","11.374099999999999","2.3006","False","12.0616","11.3445","12.1736","6.9462","18.1039","8","1","1","False","0"
"27764","1974339920048","1991284822101","1991284967036","14.6598","14.493500000000001","0.1663","15.624600000000001","3.2645","False","12.109","14.666500000000001","12.0616","4.3413","18.8348","8","1","1","False","0"
"27764","1974339920048","1991284968699","1991285103847","13.699300000000001","13.514800000000001","0.1845","12.628699999999998","2.2076000000000002","False","18.2213","13.6811","12.109","2.7692","16.284000000000002","8","1","1","False","0"
"27764","1974339920048","1991285105692","1991285236244","13.2139","13.055200000000001","0.1587","13.8358","3.3055000000000003","False","12.0998","13.239700000000001","18.2213","7.750800000000001","20.806","8","1","1","False","0"
"27764","1974339920048","1991285237831","1991285364695","12.8412","12.6864","0.15480000000000002","14.626100000000001","4.5923","False","12.142000000000001","12.8451","12.0998","7.0055000000000005","19.6919","8","1","1","False","0"
"27764","1974339920048","1991285366243","1991285496097","13.1722","12.9854","0.18680000000000002","10.7085","2.1472","False","12.1182","13.1402","12.142000000000001","6.0073","18.9927","8","1","1","False","0"
"27764","1974339920048","1991285497965","1991285625222","12.893","12.7257","0.1673","12.8335","2.0739","False","12.1014","12.912500000000001","12.1182","5.213","17.9387","8","1","1","False","0"
"27764","1974339920048","1991285626895","1991285742517","11.727","11.5622","0.1648","11.979800000000001","2.3257000000000003","False","12.1358","11.7295","12.1014","5.5849","17.147100000000002","8","1","1","False","0"
"27764","1974339920048","1991285744165","1991285836623","9.434800000000001","9.245800000000001","0.189","9.328700000000001","2.2262","False","12.112400000000001","9.4106","12.1358","8.3101","17.5559","8","1","1","False","0"
"27764","1974339920048","1991285838513","1991285950322","11.3518","11.180900000000001","0.1709","14.3414","5.213900000000001","False","6.0372","11.369900000000001","12.112400000000001","9.0526","20.2335","8","1","1","False","0"
"27764","1974339920048","1991285952031","1991286071424","12.1179","11.939300000000001","0.1786","9.0822","2.1891000000000003","False","18.2268","12.1102","6.0372","2.9796","14.9189","8","1","1","False","0"
"27764","1974339920048","1991286073210","1991286203199","13.1699","12.9989","0.171","13.2398","2.2475","False","6.0803","13.1775","18.2268","8.0289","21.027800000000003","8","1","1","False","0"
"27764","1974339920048","1991286204909","1991286314747","11.1521","10.9838","0.1683","10.7044","1.8005","False","18.1629","11.1548","6.0803","2.9544","13.9382","8","1","1","False","0"
"27764","1974339920048","1991286316430","1991286430594","11.588600000000001","11.416400000000001","0.17220000000000002","13.139","3.351","False","12.0973","11.5847","18.1629","9.5326","20.949","8","1","1","False","0"
"27764","1974339920048","1991286432316","1991286556296","12.559600000000001","12.398000000000001","0.16160000000000002","13.8711","5.0595","False","6.0351","12.5702","12.0973","9.059700000000001","21.457700000000003","8","1","1","False","0"
"27764","1974339920048","1991286557912","1991286678404","12.295200000000001","12.0492","0.24600000000000002","9.808","2.1953","False","12.1286","12.2108","6.0351","2.8840000000000003","14.933200000000001","8","1","1","False","0"
"27764","1974339920048","1991286680864","1991286795477","11.669400000000001","11.461300000000001","0.2081","11.685500000000001","2.2254","False","12.128400000000001","11.7073","12.1286","3.3053000000000003","14.7666","8","1","1","False","0"
"27764","1974339920048","1991286797558","1991286914286","11.8465","11.6728","0.17370000000000002","12.8574","3.1819","False","18.1906","11.8809","12.128400000000001","3.5528","15.2256","8","1","1","False","0"
"27764","1974339920048","1991286916023","1991287065208","15.1261","14.9185","0.2076","15.532","3.6362","False","12.140600000000001","15.0922","18.1906","6.6512","21.5697","8","1","1","False","0"
"27764","1974339920048","1991287067284","1991287168938","10.3516","10.1654","0.1862","10.409600000000001","3.6666000000000003","False","18.143700000000003","10.373000000000001","12.140600000000001","8.418800000000001","18.5842","8","1","1","False","0"
"27764","1974339920048","1991287170800","1991287408071","23.9034","23.7271","0.1763","22.1265","1.8942","False","18.1801","23.9133","18.143700000000003","2.6492","26.3763","8","1","1","False","0"
"27764","1974339920048","1991287409834","1991287535683","12.7619","12.584900000000001","0.17700000000000002","16.2876","5.416","False","6.0655","12.7612","18.1801","8.068100000000001","20.653000000000002","8","1","1","False","0"
"27764","1974339920048","1991287537453","1991287644825","10.913599999999999","10.7372","0.1764","7.7151000000000005","2.218","False","18.2153","10.914200000000001","6.0655","3.2194000000000003","13.9566","8","1","1","False","0"
"27764","1974339920048","1991287646589","1991287782279","13.7527","13.569","0.1837","13.416","1.8772","False","6.0224","13.7454","18.2153","7.6893","21.258300000000002","8","1","1","False","0"
"27764","1974339920048","1991287784116","1991287887153","10.432200000000002","10.303700000000001","0.1285","10.4664","2.1784","False","12.137500000000001","10.487400000000001","6.0224","3.2243","13.528","8","1","1","False","0"
"27764","1974339920048","1991287888438","1991287992031","10.5394","10.359300000000001","0.1801","10.550600000000001","1.9288","False","12.1271","10.4878","12.137500000000001","4.8740000000000006","15.233300000000002","8","1","1","False","0"
"27764","1974339920048","1991287993832","1991288116833","12.48","12.3001","0.1799","12.409","1.8664","False","12.1258","12.4802","12.1271","4.5209","16.821","8","1","1","False","0"
"27764","1974339920048","1991288118632","1991288232772","11.5876","11.414","0.1736","11.731200000000001","1.9942000000000002","False","12.1235","11.593900000000001","12.1258","5.0528","16.4668","8","1","1","False","0"
"27764","1974339920048","1991288234508","1991288346277","11.3669","11.1769","0.19","11.5024","2.1343","False","12.1326","11.3505","12.1235","5.8258","17.0027","8","1","1","False","0"
"27764","1974339920048","1991288348177","1991288465527","11.9052","11.735000000000001","0.17020000000000002","11.858","2.0868","False","12.13","11.925","12.1326","6.0334","17.7684","8","1","1","False","0"
"27764","1974339920048","1991288467229","1991288561847","9.6448","9.4618","0.183","11.2996","3.7443","False","12.1095","9.632","12.13","8.5314","17.9932","8","1","1","False","0"
"27764","1974339920048","1991288563677","1991288700358","13.8405","13.6681","0.1724","13.5142","3.4166000000000003","False","12.1379","13.8511","12.1095","6.7898000000000005","20.457900000000002","8","1","1","False","0"
"27764","1974339920048","1991288702082","1991288809187","10.885","10.7105","0.17450000000000002","9.659500000000001","2.1941","False","12.106300000000001","10.882900000000001","12.1379","8.0448","18.755300000000002","8","1","1","False","0"
"27764","1974339920048","1991288810932","1991288943416","13.4221","13.2484","0.17370000000000002","13.664200000000001","2.4349000000000003","False","6.0185","13.4229","12.106300000000001","6.7282","19.9766","8","1","1","False","0"
"27764","1974339920048","1991288945153","1991289044471","10.1506","9.9318","0.21880000000000002","9.527800000000001","2.1999","False","18.2121","10.105500000000001","6.0185","2.6412","12.573","8","1","1","False","0"
"27764","1974339920048","1991289046659","1991289160970","11.6163","11.4311","0.1852","14.9861","5.1835","False","6.0343","11.6499","18.2121","9.2034","20.634500000000003","8","1","1","False","0"
"27764","1974339920048","1991289162822","1991289281490","12.040500000000002","11.866800000000001","0.17370000000000002","8.7538","1.8923","False","12.1727","12.052000000000001","6.0343","3.1857","15.0525","8","1","1","False","0"
"27764","1974339920048","1991289283227","1991289396228","11.4756","11.3001","0.17550000000000002","11.862400000000001","2.2784","False","18.1689","11.4738","12.1727","3.8846000000000003","15.184700000000001","8","1","1","False","0"
"27764","1974339920048","1991289397983","1991289509405","11.3376","11.1422","0.19540000000000002","14.917200000000001","5.881600000000001","False","12.1021","11.3177","18.1689","10.735800000000001","21.878","8","1","1","False","0"
"27764","1974339920048","1991289511359","1991289646223","13.668000000000001","13.486400000000001","0.1816","11.8667","4.0505","False","12.1303","13.6818","12.1021","9.1561","22.642500000000002","8","1","1","False","0"
"27764","1974339920048","1991289648039","1991289765144","11.880799999999999","11.7105","0.1703","11.400500000000001","3.5774000000000004","False","6.0331","11.892100000000001","12.1303","9.394300000000001","21.1048","8","1","1","False","0"
"27764","1974339920048","1991289766847","1991289888373","12.321800000000001","12.152600000000001","0.16920000000000002","10.9936","2.2430000000000003","False","12.1448","12.3229","6.0331","3.1045000000000003","15.257100000000001","8","1","1","False","0"
"27764","1974339920048","1991289890065","1991289975768","8.7615","8.5703","0.1912","9.481","2.9856000000000003","False","12.1118","8.7395","12.1448","6.5098","15.0801","8","1","1","False","0"
"27764","1974339920048","1991289977680","1991290106956","13.0918","12.9276","0.1642","12.2848","2.1599","False","12.1292","13.1188","12.1118","5.502800000000001","18.430400000000002","8","1","1","False","0"
"27764","1974339920048","1991290108598","1991290228341","12.1591","11.974300000000001","0.18480000000000002","12.145299999999999","2.1422","False","12.1175","12.1385","12.1292","5.4935","17.4678","8","1","1","False","0"
"27764","1974339920048","1991290230189","1991290358531","13.031","12.834200000000001","0.1968","12.680299999999999","1.8067000000000002","False","12.139000000000001","13.019","12.1175","4.5920000000000005","17.4262","8","1","1","False","0"
"27764","1974339920048","1991290360499","1991290460036","10.127500000000001","9.953700000000001","0.1738","10.625300000000001","2.2548","False","12.1279","10.150500000000001","12.139000000000001","6.580500000000001","16.534200000000002","8","1","1","False","0"
"27764","1974339920048","1991290461774","1991290580195","11.977500000000001","11.8421","0.13540000000000002","11.688199999999998","2.3067","False","12.1052","12.0159","12.1279","6.6925","18.5346","8","1","1","False","0"
"27764","1974339920048","1991290581549","1991290696062","11.664299999999999","11.4513","0.21300000000000002","11.6723","2.0561000000000003","False","12.145000000000001","11.5867","12.1052","7.211","18.662300000000002","8","1","1","False","0"
"27764","1974339920048","1991290698192","1991290809628","11.326400000000001","11.143600000000001","0.18280000000000002","11.5027","2.1954000000000002","False","12.0783","11.3566","12.145000000000001","7.9994000000000005","19.143","8","1","1","False","0"
"27764","1974339920048","1991290811456","1991290977849","16.830900000000003","16.639300000000002","0.19160000000000002","16.7619","2.1278","False","12.1258","16.822100000000002","12.0783","3.2556000000000003","19.8949","8","1","1","False","0"
"27764","1974339920048","1991290979765","1991291092978","11.5005","11.3213","0.1792","11.6006","2.2294","False","18.1952","11.5129","12.1258","3.8685","15.1898","8","1","1","False","0"
"27764","1974339920048","1991291094770","1991291230977","13.787600000000001","13.620700000000001","0.16690000000000002","13.811100000000001","2.2413000000000003","False","6.0422","13.799900000000001","18.1952","8.2638","21.884500000000003","8","1","1","False","0"
"27764","1974339920048","1991291232646","1991291340933","10.993100000000002","10.828700000000001","0.16440000000000002","10.6577","1.9042000000000001","False","12.1513","10.995600000000001","6.0422","3.3104","14.139100000000001","8","1","1","False","0"
"27764","1974339920048","1991291342577","1991291441627","10.080300000000001","9.905000000000001","0.1753","10.312000000000001","2.1464000000000003","False","12.092600000000001","10.0694","12.1513","5.3923000000000005","15.2973","8","1","1","False","0"
"27764","1974339920048","1991291443380","1991291555118","11.3592","11.1738","0.1854","13.155800000000003","3.9325","False","6.0514","11.3491","12.092600000000001","6.135800000000001","17.3096","8","1","1","False","0"
"27764","1974339920048","1991291556972","1991291647835","9.2511","9.0863","0.1648","7.3413","2.0252","False","18.21","9.271700000000001","6.0514","2.9155","12.001800000000001","8","1","1","False","0"
"27764","1974339920048","1991291649483","1991291760428","11.268","11.0945","0.17350000000000002","13.1064","3.8686000000000003","False","6.0277","11.259300000000001","18.21","9.866200000000001","20.960700000000003","8","1","1","False","0"
"27764","1974339920048","1991291762163","1991291887280","12.698100000000002","12.511700000000001","0.1864","11.0317","2.2124","False","12.167","12.6852","6.0277","3.2087000000000003","15.720400000000001","8","1","1","False","0"
"27764","1974339920048","1991291889144","1991292006146","11.8841","11.7002","0.1839","11.932400000000001","2.2447","False","18.1459","11.886600000000001","12.167","3.4891","15.189300000000001","8","1","1","False","0"
"27764","1974339920048","1991292007985","1991292152125","14.5652","14.414000000000001","0.1512","17.787000000000003","5.8303","False","6.0549","14.597900000000001","18.1459","7.037100000000001","21.4511","8","1","1","False","0"
"27764","1974339920048","1991292153637","1991292251347","9.943700000000002","9.771","0.17270000000000002","6.625","2.1513","False","18.2061","9.9222","6.0549","3.1698","12.940800000000001","8","1","1","False","0"
"27764","1974339920048","1991292253074","1991292368543","11.782100000000002","11.5469","0.23520000000000002","13.699","4.125","False","6.0253000000000005","11.7196","18.2061","9.6563","21.203200000000002","8","1","1","False","0"
"27764","1974339920048","1991292370895","1991292494221","12.5066","12.332600000000001","0.17400000000000002","10.659600000000001","2.2229","False","12.1403","12.5678","6.0253000000000005","3.1138000000000003","15.4464","8","1","1","False","0"
"27764","1974339920048","1991292495961","1991292596828","10.2664","10.0867","0.1797","9.9771","1.9339000000000002","False","12.1361","10.2607","12.1403","4.9934","15.0801","8","1","1","False","0"
"27764","1974339920048","1991292598625","1991292715980","11.9207","11.7355","0.1852","12.1859","2.1909","False","12.161200000000001","11.9152","12.1361","5.214300000000001","16.9498","8","1","1","False","0"
"27764","1974339920048","1991292717832","1991292824579","10.8596","10.6747","0.1849","10.8168","2.1652","False","12.0639","10.8599","12.161200000000001","6.5156","17.1903","8","1","1","False","0"
"27764","1974339920048","1991292826428","1991292932942","10.8301","10.6514","0.1787","10.7171","2.0444","False","12.1202","10.836300000000001","12.0639","7.743200000000001","18.3946","8","1","1","False","0"
"27764","1974339920048","1991292934729","1991293074695","14.174800000000001","13.9966","0.1782","16.5408","4.4118","False","12.1217","14.1753","12.1202","5.6881","19.6847","8","1","1","False","0"
"27764","1974339920048","1991293076477","1991293200369","12.560400000000001","12.3892","0.17120000000000002","10.2171","2.0602","False","12.1571","12.567400000000001","12.1217","5.2424","17.631600000000002","8","1","1","False","0"
"27764","1974339920048","1991293202081","1991293305324","10.487100000000002","10.324300000000001","0.1628","11.174700000000001","2.7473","False","6.0209","10.4955","12.1571","6.904","17.2283","8","1","1","False","0"
"27764","1974339920048","1991293306952","1991293406989","10.2022","10.0037","0.1985","9.4041","1.9566000000000001","False","12.1156","10.166500000000001","6.0209","2.7584","12.7621","8","1","1","False","0"
"27764","1974339920048","1991293408974","1991293519621","11.2516","11.0647","0.1869","12.2857","2.9928000000000003","False","12.1155","11.263200000000001","12.1156","3.6108000000000002","14.675500000000001","8","1","1","False","0"
"27764","1974339920048","1991293521490","1991293645091","12.5004","12.360100000000001","0.1403","12.487400000000001","3.286","False","18.2239","12.547","12.1155","3.1793","15.5394","8","1","1","False","0"
"27764","1974339920048","1991293646494","1991293771940","12.784600000000001","12.5446","0.24000000000000002","14.107800000000001","4.3615","False","6.0362","12.6849","18.2239","8.718300000000001","21.262900000000002","8","1","1","False","0"
"27764","1974339920048","1991293774340","1991293887305","11.48","11.2965","0.1835","9.3704","2.1975000000000002","False","12.1036","11.5365","6.0362","3.218","14.5145","8","1","1","False","0"
"27764","1974339920048","1991293889140","1991294010083","12.2912","12.0943","0.19690000000000002","12.339400000000001","2.2379000000000002","False","18.220200000000002","12.277800000000001","12.1036","3.0438","15.138100000000001","8","1","1","False","0"
"27764","1974339920048","1991294012052","1991294124948","11.4757","11.2896","0.18610000000000002","14.7309","5.4991","False","6.1004000000000005","11.486500000000001","18.220200000000002","9.7775","21.0671","8","1","1","False","0"
"27764","1974339920048","1991294126809","1991294252938","12.7812","12.6129","0.1683","8.911200000000001","1.6184","False","18.1383","12.799000000000001","6.1004000000000005","3.0789","15.6918","8","1","1","False","0"
"27764","1974339920048","1991294254621","1991294381299","12.8484","12.6678","0.1806","14.222800000000001","2.9976000000000003","False","6.0364","12.8361","18.1383","8.3811","21.0489","8","1","1","False","0"
"27764","1974339920048","1991294383105","1991294494309","11.2957","11.1204","0.1753","10.554","2.2552000000000003","False","12.1339","11.301","6.0364","3.1165000000000003","14.2369","8","1","1","False","0"
"27764","1974339920048","1991294496062","1991294604639","11.042200000000001","10.857700000000001","0.1845","10.6761","1.8854000000000002","False","12.121400000000001","11.033000000000001","12.1339","4.2174000000000005","15.0751","8","1","1","False","0"
"27764","1974339920048","1991294606484","1991294722954","11.8294","11.647","0.1824","11.835600000000001","1.9069","False","12.1333","11.8315","12.121400000000001","4.5073","16.1543","8","1","1","False","0"
"27764","1974339920048","1991294724778","1991294822758","9.9839","9.798","0.1859","10.283900000000001","2.2026","False","12.109900000000001","9.980400000000001","12.1333","6.660200000000001","16.4582","8","1","1","False","0"
"27764","1974339920048","1991294824617","1991294958100","13.5175","13.3483","0.16920000000000002","15.278500000000001","3.9504","False","12.1477","13.5342","12.109900000000001","5.2359","18.5842","8","1","1","False","0"
"27764","1974339920048","1991294959792","1991295066589","10.8229","10.6797","0.1432","9.1196","2.5616000000000003","False","12.122200000000001","10.8489","12.1477","6.5347","17.2144","8","1","1","False","0"
"27764","1974339920048","1991295068021","1991295164642","9.8693","9.6621","0.20720000000000002","11.3248","3.7418","False","6.0181000000000004","9.8053","12.122200000000001","8.851600000000001","18.5137","8","1","1","False","0"
"27764","1974339920048","1991295166714","1991295285668","12.103900000000001","11.8954","0.20850000000000002","10.6173","2.2294","False","12.1423","12.1026","6.0181000000000004","2.7671","14.662500000000001","8","1","1","False","0"
"27764","1974339920048","1991295287753","1991295391917","10.598500000000001","10.416400000000001","0.1821","10.204799999999999","1.8266","False","18.1833","10.6249","12.1423","4.2845","14.7009","8","1","1","False","0"
"27764","1974339920048","1991295393738","1991295535893","14.3881","14.2155","0.1726","14.620000000000001","2.0593","False","6.0433","14.3976","18.1833","8.0702","22.285700000000002","8","1","1","False","0"
"27764","1974339920048","1991295537619","1991295644488","10.875200000000001","10.686900000000001","0.1883","10.8622","2.064","False","18.2118","10.8595","6.0433","3.254","13.940900000000001","8","1","1","False","0"
"27764","1974339920048","1991295646371","1991295755427","11.0771","10.9056","0.1715","13.424900000000001","4.391","False","6.0347","11.0939","18.2118","10.3719","21.2775","8","1","1","False","0"
"27764","1974339920048","1991295757142","1991295888973","13.381800000000002","13.183100000000001","0.19870000000000002","11.2292","2.2437","False","12.1392","13.354600000000001","6.0347","3.052","16.2351","8","1","1","False","0"
"27764","1974339920048","1991295890960","1991295986194","9.7149","9.5234","0.1915","9.577","2.1146000000000003","False","12.103900000000001","9.722100000000001","12.1392","5.4691","14.992500000000001","8","1","1","False","0"
"27764","1974339920048","1991295988109","1991296121275","13.503300000000001","13.316600000000001","0.1867","13.4162","2.0212","False","12.144300000000001","13.5081","12.103900000000001","4.064900000000001","17.3815","8","1","1","False","0"
"27764","1974339920048","1991296123142","1991296204696","8.3337","8.1554","0.17830000000000001","8.5145","2.2030000000000003","False","6.0265","8.3421","12.144300000000001","7.867100000000001","16.0225","8","1","1","False","0"
"27764","1974339920048","1991296206479","1991296311379","10.6971","10.49","0.2071","10.402800000000001","1.935","False","12.1287","10.6683","6.0265","3.2253000000000003","13.715300000000001","8","1","1","False","0"
"27764","1974339920048","1991296313450","1991296416627","10.4617","10.3177","0.14400000000000002","10.241900000000001","1.997","False","12.1392","10.5248","12.1287","4.8292","15.1469","8","1","1","False","0"
"27764","1974339920048","1991296418067","1991296536961","12.094","11.8894","0.2046","12.3002","1.9022000000000001","False","12.1187","12.0334","12.1392","4.9350000000000005","16.8244","8","1","1","False","0"
"27764","1974339920048","1991296539007","1991296645909","10.8712","10.6902","0.18100000000000002","11.224","2.2334","False","12.122900000000001","10.8948","12.1187","6.1589","16.8491","8","1","1","False","0"
"27764","1974339920048","1991296647719","1991296754381","10.8405","10.6662","0.1743","13.2211","4.6249","False","12.1201","10.8472","12.122900000000001","7.4346000000000005","18.1008","8","1","1","False","0"
"27764","1974339920048","1991296756124","1991296895224","14.0787","13.91","0.16870000000000002","11.583300000000001","2.1271","False","12.1394","14.0843","12.1201","5.470400000000001","19.3804","8","1","1","False","0"
"27764","1974339920048","1991296896911","1991297008597","11.369100000000001","11.168600000000001","0.2005","11.350800000000001","2.1274","False","12.1294","11.3373","12.1394","6.2725","17.441100000000002","8","1","1","False","0"
"27764","1974339920048","1991297010602","1991297110305","10.1563","9.9703","0.186","10.1766","2.1259","False","6.018400000000001","10.1708","12.1294","8.2311","18.2014","8","1","1","False","0"
"27764","1974339920048","1991297112165","1991297220849","11.0409","10.868400000000001","0.17250000000000001","11.1582","2.2439","False","12.171700000000001","11.054400000000001","6.018400000000001","3.1951","14.063500000000001","8","1","1","False","0"
"27764","1974339920048","1991297222574","1991297335982","11.511","11.3408","0.17020000000000002","11.2607","1.9959","False","18.142500000000002","11.513300000000001","12.171700000000001","3.8535000000000004","15.1943","8","1","1","False","0"
"27764","1974339920048","1991297337684","1991297457124","12.130500000000001","11.944","0.1865","15.6067","5.4832","False","12.1133","12.1142","18.142500000000002","9.8818","21.8258","8","1","1","False","0"
"27764","1974339920048","1991297458989","1991297584390","12.7658","12.5401","0.2257","11.3924","4.1543","False","6.0513","12.726600000000001","12.1133","9.268500000000001","21.808600000000002","8","1","1","False","0"
"27764","1974339920048","1991297586647","1991297705205","12.0502","11.8558","0.19440000000000002","10.123000000000001","2.1723","False","12.1508","12.0815","6.0513","3.2383","15.094100000000001","8","1","1","False","0"
"27764","1974339920048","1991297707149","1991297802831","9.697400000000002","9.568200000000001","0.1292","9.6156","2.3764000000000003","False","12.1167","9.7626","12.1508","5.6265","15.194700000000001","8","1","1","False","0"
"27764","1974339920048","1991297804123","1991297905814","10.3392","10.1691","0.1701","10.7284","2.4788","False","6.0331","10.298300000000001","12.1167","7.4449000000000005","17.614","8","1","1","False","0"
"27764","1974339920048","1991297907515","1991298010622","10.4885","10.3107","0.1778","9.887500000000001","1.8824","False","12.1472","10.4808","6.0331","2.9972000000000003","13.3079","8","1","1","False","0"
"27764","1974339920048","1991298012400","1991298117126","10.6409","10.4726","0.1683","10.6395","1.8734000000000002","False","12.121400000000001","10.650400000000001","12.1472","4.494","14.966600000000001","8","1","1","False","0"
"27764","1974339920048","1991298118809","1991298224369","10.737","10.556000000000001","0.18100000000000002","10.995800000000001","2.1411000000000002","False","12.131400000000001","10.724300000000001","12.121400000000001","5.891100000000001","16.447100000000002","8","1","1","False","0"
"27764","1974339920048","1991298226179","1991298341100","11.6948","11.4921","0.20270000000000002","11.8801","2.3255","False","12.1254","11.6731","12.131400000000001","6.3494","17.8415","8","1","1","False","0"
"27764","1974339920048","1991298343127","1991298446668","10.532200000000001","10.3541","0.1781","10.4087","2.2025","False","12.105500000000001","10.5568","12.1254","7.918","18.272100000000002","8","1","1","False","0"
"27764","1974339920048","1991298448449","1991298553570","10.6852","10.5121","0.1731","12.8892","4.401400000000001","False","6.0381","10.6902","12.105500000000001","9.333300000000001","19.8454","8","1","1","False","0"
"27764","1974339920048","1991298555301","1991298674693","12.101400000000002","11.939200000000001","0.1622","9.929","2.2254","False","12.138200000000001","12.112300000000001","6.0381","3.2591","15.198300000000001","8","1","1","False","0"
"27764","1974339920048","1991298676315","1991298776538","10.1888","10.022300000000001","0.1665","10.337100000000001","2.3738","False","12.121","10.1845","12.138200000000001","5.2128000000000005","15.235100000000001","8","1","1","False","0"
"27764","1974339920048","1991298778203","1991298890757","11.5071","11.2554","0.25170000000000003","11.1564","2.1026000000000002","False","12.129900000000001","11.4219","12.121","5.9119","17.1673","8","1","1","False","0"
"27764","1974339920048","1991298893274","1991299020671","12.924900000000001","12.739700000000001","0.1852","12.8981","1.9973","False","12.141300000000001","12.9914","12.129900000000001","5.050400000000001","17.790100000000002","8","1","1","False","0"
"27764","1974339920048","1991299022523","1991299123063","10.2307","10.054","0.1767","10.5998","2.3720000000000003","False","6.0823","10.2392","12.141300000000001","6.952500000000001","17.0065","8","1","1","False","0"
"27764","1974339920048","1991299124830","1991299221300","9.801","9.647","0.154","9.3252","2.222","False","12.1258","9.8237","6.0823","3.2111","12.8581","8","1","1","False","0"
"27764","1974339920048","1991299222840","1991299342101","12.119299999999999","11.9261","0.1932","12.1036","1.8855000000000002","False","12.0568","12.0801","12.1258","3.2568","15.1829","8","1","1","False","0"
"27764","1974339920048","1991299344033","1991299453031","11.0812","10.8998","0.1814","12.1452","2.9464","False","12.1243","11.093","12.0568","4.2206","15.1204","8","1","1","False","0"
"27764","1974339920048","1991299454845","1991299559127","10.6018","10.4282","0.1736","11.9601","4.2992","False","12.1057","10.6096","12.1243","5.7353000000000005","16.1635","8","1","1","False","0"
"27764","1974339920048","1991299560863","1991299684102","12.5326","12.3239","0.2087","10.336","2.1061","False","18.180400000000002","12.4975","12.1057","5.343500000000001","17.6674","8","1","1","False","0"
"27764","1974339920048","1991299686189","1991299837690","15.333400000000001","15.1501","0.18330000000000002","16.5961","3.3417000000000003","False","18.1856","15.3588","18.180400000000002","8.1651","23.3152","8","1","1","False","0"
"27764","1974339920048","1991299839523","1991300020103","18.24","18.058","0.182","18.1284","3.2583","False","12.1851","18.241300000000003","18.1856","8.1094","26.1674","8","1","1","False","0"
"27764","1974339920048","1991300021923","1991300177588","15.741800000000001","15.566500000000001","0.1753","15.4459","2.9559","False","24.2119","15.7485","12.1851","4.546","20.1125","8","1","1","False","0"
"27764","1974339920048","1991300179341","1991300371672","19.4544","19.2331","0.22130000000000002","19.7481","3.2709","False","12.0744","19.4084","24.2119","9.3495","28.582600000000003","8","1","1","False","0"
"27764","1974339920048","1991300373885","1991300525007","15.293600000000001","15.112200000000001","0.1814","14.2636","2.2207","False","12.1311","15.3335","12.0744","6.090400000000001","21.2026","8","1","1","False","0"
"27764","1974339920048","1991300526821","1991300675173","14.9711","14.8352","0.1359","15.801","3.3397","False","18.1861","15.0166","12.1311","3.2049000000000003","18.040100000000002","8","1","1","False","0"
"27764","1974339920048","1991300676532","1991300850374","17.5645","17.3842","0.18030000000000002","17.826","3.3147","False","18.1801","17.5201","18.1861","3.8709000000000002","21.255100000000002","8","1","1","False","0"
"27764","1974339920048","1991300852177","1991301032454","18.2177","18.0277","0.19","18.176000000000002","3.2706","False","18.178","18.208000000000002","18.1801","3.843","21.8707","8","1","1","False","0"
"27764","1974339920048","1991301034354","1991301193523","16.0931","15.9169","0.1762","16.0702","3.2504","False","18.1782","16.1069","18.178","5.9141","21.831","8","1","1","False","0"
"27764","1974339920048","1991301195285","1991301342069","14.8621","14.6784","0.1837","14.7473","3.1390000000000002","False","12.156400000000001","14.854600000000001","18.1782","9.2377","23.9161","8","1","1","False","0"
"27764","1974339920048","1991301343906","1991301508893","16.6719","16.4987","0.17320000000000002","16.5932","3.0543","False","24.240000000000002","16.6824","12.156400000000001","4.7117","21.2104","8","1","1","False","0"
"27764","1974339920048","1991301510625","1991301682823","17.4626","17.2198","0.24280000000000002","19.7667","5.413600000000001","False","12.094700000000001","17.393","24.240000000000002","11.5587","28.7785","8","1","1","False","0"
"27764","1974339920048","1991301685251","1991301856313","17.288800000000002","17.1062","0.1826","14.1723","2.2474000000000003","False","18.2275","17.349","12.094700000000001","6.3044","23.410600000000002","8","1","1","False","0"
"27764","1974339920048","1991301858139","1991302011039","15.475100000000001","15.290000000000001","0.18510000000000001","16.5062","3.2772","False","12.0768","15.4726","18.2275","9.0593","24.3493","8","1","1","False","0"
"27764","1974339920048","1991302012890","1991302180338","16.9262","16.7448","0.1814","16.5975","2.9478","False","18.1752","16.9299","12.0768","4.2062","20.951","8","1","1","False","0"
"27764","1974339920048","1991302182152","1991302353643","17.313000000000002","17.1491","0.16390000000000002","17.177400000000002","3.3178","False","18.1848","17.3305","18.1752","5.0509","22.2","8","1","1","False","0"
"27764","1974339920048","1991302355282","1991302515633","16.2071","16.0351","0.17200000000000001","16.5232","3.123","False","12.1272","16.199","18.1848","7.036700000000001","23.0718","8","1","1","False","0"
"27764","1974339920048","1991302517353","1991302670940","15.5496","15.3587","0.19090000000000001","15.757000000000001","3.3457000000000003","False","18.180300000000003","15.530700000000001","12.1272","3.6332","18.9919","8","1","1","False","0"
"27764","1974339920048","1991302672849","1991302841359","17.0379","16.851","0.1869","16.6787","2.9848000000000003","False","24.2694","17.041900000000002","18.180300000000003","4.7716","21.622600000000002","8","1","1","False","0"
"27764","1974339920048","1991302843228","1991303044548","20.3291","20.132","0.1971","20.6023","3.2557","False","18.1762","20.3189","24.2694","8.722100000000001","28.854100000000003","8","1","1","False","0"
"27764","1974339920048","1991303046519","1991303220195","17.5386","17.3676","0.171","17.5502","3.2589","False","12.114","17.564700000000002","18.1762","9.3336","26.7012","8","1","1","False","0"
"27764","1974339920048","1991303221905","1991303374263","15.408100000000001","15.235800000000001","0.1723","14.4715","2.321","False","12.106300000000001","15.4068","12.114","6.0408","21.276600000000002","8","1","1","False","0"
"27764","1974339920048","1991303375986","1991303516848","14.253","14.0862","0.1668","13.8857","1.9343000000000001","False","18.238300000000002","14.258500000000002","12.106300000000001","3.8886000000000003","17.974800000000002","8","1","1","False","0"
"27764","1974339920048","1991303518516","1991303693563","17.6916","17.5047","0.1869","18.6733","2.9336","False","24.223100000000002","17.6715","18.238300000000002","4.4554","21.9601","8","1","1","False","0"
"27764","1974339920048","1991303695432","1991303889750","19.611200000000004","19.431800000000003","0.1794","19.9419","3.2691000000000003","False","6.018000000000001","19.6187","24.223100000000002","9.059800000000001","28.491600000000002","8","1","1","False","0"
"27764","1974339920048","1991303891544","1991304008635","11.9152","11.709100000000001","0.2061","10.8245","2.2095000000000002","False","18.2281","11.8885","6.018000000000001","3.1893000000000002","14.8984","8","1","1","False","0"
"27764","1974339920048","1991304010696","1991304171343","16.201400000000003","16.064700000000002","0.13670000000000002","16.226","2.5042","False","24.2177","16.2708","18.2281","5.1466","21.2113","8","1","1","False","0"
"27764","1974339920048","1991304172710","1991304373054","20.233600000000003","20.0344","0.19920000000000002","21.114","3.0938000000000003","False","12.0945","20.171100000000003","24.2177","9.193200000000001","29.227600000000002","8","1","1","False","0"
"27764","1974339920048","1991304375046","1991304515951","14.280100000000001","14.0905","0.18960000000000002","14.0165","2.817","False","18.192","14.2897","12.0945","6.998","21.0885","8","1","1","False","0"
"27764","1974339920048","1991304517847","1991304676421","16.0488","15.8574","0.19140000000000001","16.491300000000003","3.2699000000000003","False","12.1226","16.047","18.192","9.143","25.000400000000003","8","1","1","False","0"
"27764","1974339920048","1991304678335","1991304835902","15.9815","15.7567","0.2248","15.899600000000001","3.2171000000000003","False","18.1807","15.9481","12.1226","5.3175","21.0742","8","1","1","False","0"
"27764","1974339920048","1991304838150","1991305019140","18.3003","18.099","0.2013","18.2548","3.1373","False","18.175800000000002","18.323800000000002","18.1807","5.1744","23.273400000000002","8","1","1","False","0"
"27764","1974339920048","1991305021153","1991305180423","16.1047","15.927000000000001","0.1777","17.3853","4.4158","False","18.253700000000002","16.1283","18.175800000000002","7.221900000000001","23.1489","8","1","1","False","0"
"27764","1974339920048","1991305182200","1991305349123","16.8817","16.6923","0.1894","15.4562","2.9954","False","12.083300000000001","16.87","18.253700000000002","8.6056","25.297900000000002","8","1","1","False","0"
"27764","1974339920048","1991305351017","1991305509524","16.0349","15.850700000000002","0.1842","16.064700000000002","3.0101","False","18.1474","16.040100000000002","12.083300000000001","4.6488000000000005","20.4995","8","1","1","False","0"
"27764","1974339920048","1991305511366","1991305673784","16.4751","16.2418","0.2333","17.1854","3.7477","False","18.2212","16.426000000000002","18.1474","6.3702000000000005","22.612000000000002","8","1","1","False","0"
"27764","1974339920048","1991305676117","1991305841848","16.7104","16.5731","0.1373","15.9343","3.2581","False","18.147000000000002","16.8064","18.2212","7.785","24.3581","8","1","1","False","0"
"27764","1974339920048","1991305843221","1991306024836","18.3539","18.1615","0.19240000000000002","18.750700000000002","3.3587000000000002","False","12.132000000000001","18.2988","18.147000000000002","7.6332","25.794700000000002","8","1","1","False","0"
"27764","1974339920048","1991306026760","1991306184501","15.9472","15.7741","0.1731","15.9562","3.3567","False","18.163600000000002","15.9665","12.132000000000001","3.7987","19.5728","8","1","1","False","0"
"27764","1974339920048","1991306186232","1991306361772","17.7447","17.554000000000002","0.1907","17.230900000000002","2.8449","False","18.178900000000002","17.7271","18.163600000000002","4.2352","21.7892","8","1","1","False","0"
"27764","1974339920048","1991306363679","1991306496158","13.432500000000001","13.247900000000001","0.18460000000000001","13.842600000000001","3.2595","False","18.1939","13.438600000000001","18.178900000000002","8.9755","22.2234","8","1","1","False","0"
"27764","1974339920048","1991306498004","1991306680214","18.4014","18.221","0.1804","18.0791","2.9351000000000003","False","12.116900000000001","18.4056","18.1939","8.7638","26.9848","8","1","1","False","0"
"27764","1974339920048","1991306682018","1991306838528","15.815800000000001","15.651000000000002","0.1648","14.888200000000001","2.0018000000000002","False","18.1822","15.8314","12.116900000000001","5.049300000000001","20.700300000000002","8","1","1","False","0"
"27764","1974339920048","1991306840176","1991307021793","18.3783","18.1617","0.21660000000000001","19.483600000000003","3.1178000000000003","False","18.2479","18.3265","18.1822","4.905","23.0667","8","1","1","False","0"
"27764","1974339920048","1991307023959","1991307181556","16.003800000000002","15.7597","0.2441","15.9754","3.1429","False","18.1748","15.9763","18.2479","7.1766000000000005","22.936300000000003","8","1","1","False","0"
"27764","1974339920048","1991307183997","1991307330246","14.818200000000001","14.6249","0.1933","18.0046","6.282900000000001","False","12.1463","14.869000000000002","18.1748","10.4824","25.107300000000002","8","1","1","False","0"
"27764","1974339920048","1991307332179","1991307511002","18.0812","17.8823","0.19890000000000002","14.6453","2.8535","False","18.1588","18.0756","12.1463","4.553100000000001","22.4354","8","1","1","False","0"
"27764","1974339920048","1991307512991","1991307696954","18.5988","18.3963","0.2025","18.6463","2.8825000000000003","False","18.1206","18.595200000000002","18.1588","4.1167","22.513","8","1","1","False","0"
"27764","1974339920048","1991307698979","1991307855997","15.8889","15.7018","0.18710000000000002","16.3447","3.3441","False","18.1848","15.904300000000001","18.1206","6.333","22.0348","8","1","1","False","0"
"27764","1974339920048","1991307857868","1991308009466","15.344000000000001","15.1598","0.1842","15.1758","3.1738","False","12.1163","15.346900000000002","18.1848","9.1709","24.3307","8","1","1","False","0"
"27764","1974339920048","1991308011308","1991308172996","16.3615","16.1688","0.1927","16.168","2.9888000000000003","False","24.2666","16.353","12.1163","4.934200000000001","21.103","8","1","1","False","0"
"27764","1974339920048","1991308174923","1991308373430","20.0436","19.8507","0.19290000000000002","20.1832","3.1175","False","12.0898","20.043400000000002","24.2666","9.1574","29.008100000000002","8","1","1","False","0"
"27764","1974339920048","1991308375359","1991308523639","14.962000000000002","14.828000000000001","0.134","13.993500000000001","2.4445","False","18.2437","15.020900000000001","12.0898","6.2263","21.0543","8","1","1","False","0"
"27764","1974339920048","1991308524979","1991308683319","16.0091","15.834000000000001","0.1751","17.1756","3.3124000000000002","False","12.069500000000001","15.968","18.2437","8.502","24.336000000000002","8","1","1","False","0"
"27764","1974339920048","1991308685070","1991308846401","16.3089","16.133100000000002","0.1758","15.9451","2.9503","False","18.2265","16.3082","12.069500000000001","4.2633","20.3964","8","1","1","False","0"
"27764","1974339920048","1991308848159","1991309021712","17.5422","17.3553","0.1869","17.6314","3.0344","False","18.1778","17.531100000000002","18.2265","4.9587","22.314","8","1","1","False","0"
"27764","1974339920048","1991309023581","1991309187298","16.5589","16.3717","0.1872","16.898","3.3669000000000002","False","18.1359","16.558600000000002","18.1778","6.5779000000000005","22.9496","8","1","1","False","0"
"27764","1974339920048","1991309189170","1991309342496","15.7702","15.332600000000001","0.43760000000000004","15.290000000000001","3.1526","False","12.1272","15.5198","18.1359","9.194","24.526600000000002","8","1","1","False","0"
"27764","1974339920048","1991309346872","1991309520129","17.4982","17.3257","0.17250000000000001","17.457","2.8571","False","18.1767","17.7633","12.1272","3.5579","20.8836","8","1","1","False","0"
"27764","1974339920048","1991309521854","1991309678593","15.8976","15.673900000000001","0.2237","16.203","3.1761000000000004","False","18.185100000000002","15.846400000000001","18.1767","5.8882","21.5621","8","1","1","False","0"
"27764","1974339920048","1991309680830","1991309843285","16.4423","16.2455","0.1968","16.281200000000002","2.9865","False","18.1886","16.4692","18.185100000000002","7.604100000000001","23.849600000000002","8","1","1","False","0"
"27764","1974339920048","1991309845253","1991310006402","16.294","16.114900000000002","0.1791","16.672700000000003","3.3781000000000003","False","12.1182","16.311700000000002","18.1886","9.481","25.5959","8","1","1","False","0"
"27764","1974339920048","1991310008193","1991310182910","17.649500000000003","17.471700000000002","0.1778","17.2981","3.0237000000000003","False","18.1685","17.6508","12.1182","3.9484000000000004","21.4201","8","1","1","False","0"
"27764","1974339920048","1991310184688","1991310364870","18.212600000000002","18.0182","0.19440000000000002","18.186600000000002","3.0004","False","24.2971","18.196","18.1685","3.9209","21.9391","8","1","1","False","0"
"27764","1974339920048","1991310366814","1991310542554","17.765","17.574","0.191","20.715600000000002","5.9622","False","6.0966000000000005","17.7684","24.2971","10.4496","28.023600000000002","8","1","1","False","0"
"27764","1974339920048","1991310544464","1991310676697","13.4068","13.2233","0.1835","9.382","1.9238000000000002","False","24.2059","13.4143","6.0966000000000005","3.1319000000000004","16.3552","8","1","1","False","0"
"27764","1974339920048","1991310678532","1991310872560","19.5399","19.4028","0.1371","20.5293","3.2683","False","12.0761","19.5863","24.2059","7.7515","27.154300000000003","8","1","1","False","0"
"27764","1974339920048","1991310873931","1991311032782","16.080000000000002","15.885100000000001","0.19490000000000002","15.365","2.2067","False","18.1824","16.0222","12.0761","3.8054","19.6905","8","1","1","False","0"
"27764","1974339920048","1991311034731","1991311171901","13.9033","13.717","0.18630000000000002","14.9434","3.2462","False","18.174500000000002","13.911900000000001","18.1824","8.0759","21.7929","8","1","1","False","0"
"27764","1974339920048","1991311173764","1991311342911","17.1902","16.9147","0.2755","16.9674","3.1076","False","18.2014","17.101","18.174500000000002","9.1494","26.0641","8","1","1","False","0"
"27764","1974339920048","1991311345666","1991311522209","17.8155","17.6543","0.1612","20.3626","5.5602","False","12.115300000000001","17.9298","18.2014","9.421000000000001","27.075300000000002","8","1","1","False","0"
"27764","1974339920048","1991311523821","1991311676113","15.422500000000001","15.2292","0.1933","13.887","4.0274","False","24.261000000000003","15.390400000000001","12.115300000000001","6.1459","21.3751","8","1","1","False","0"
"27764","1974339920048","1991311678046","1991311894900","21.8536","21.6854","0.16820000000000002","21.1187","3.2906","False","6.0275","21.878700000000002","24.261000000000003","8.5282","30.213600000000003","8","1","1","False","0"
"27764","1974339920048","1991311896582","1991312014288","11.9951","11.7706","0.2245","10.922","2.2485","False","18.1983","11.9388","6.0275","2.6169000000000002","14.387500000000001","8","1","1","False","0"
"27764","1974339920048","1991312016533","1991312187553","17.2868","17.102","0.18480000000000002","18.1268","3.0626","False","18.231","17.3265","18.1983","3.4887","20.590700000000002","8","1","1","False","0"
"27764","1974339920048","1991312189401","1991312340412","15.336300000000001","15.1011","0.23520000000000002","15.7323","3.4803","False","18.1192","15.285900000000002","18.231","6.433800000000001","21.5349","8","1","1","False","0"
"27764","1974339920048","1991312342764","1991312512939","17.2147","17.017500000000002","0.19720000000000001","17.2786","3.5357000000000003","False","18.1793","17.2527","18.1192","7.3003","24.317800000000002","8","1","1","False","0"
"27764","1974339920048","1991312514911","1991312686856","17.3445","17.1945","0.15","16.6109","3.1306000000000003","False","12.126000000000001","17.3917","18.1793","8.087900000000001","25.282400000000003","8","1","1","False","0"
"27764","1974339920048","1991312688356","1991312851201","16.466","16.2845","0.18150000000000002","16.8194","3.1431","False","24.244400000000002","16.4345","12.126000000000001","3.7794000000000003","20.0639","8","1","1","False","0"
"27764","1974339920048","1991312853016","1991313064967","21.3718","21.1951","0.1767","23.689700000000002","5.4497","False","12.1241","21.3766","24.244400000000002","6.647200000000001","27.8423","8","1","1","False","0"
"27764","1974339920048","1991313066734","1991313211486","14.6531","14.475200000000001","0.1779","11.0799","1.8922","False","18.2374","14.651900000000001","12.1241","4.119400000000001","18.5946","8","1","1","False","0"
"27764","1974339920048","1991313213265","1991313369635","15.8264","15.637","0.1894","17.2758","3.3414","False","18.1247","15.814900000000002","18.2374","6.5419","22.178900000000002","8","1","1","False","0"
"27764","1974339920048","1991313371529","1991313575060","20.527700000000003","20.3531","0.1746","20.1724","2.9773","False","24.268600000000003","20.5425","18.1247","4.1241","24.4772","8","1","1","False","0"
"27764","1974339920048","1991313576806","1991313744358","16.979400000000002","16.755200000000002","0.2242","19.8321","5.8478","False","12.094800000000001","16.9298","24.268600000000003","11.462900000000001","28.2181","8","1","1","False","0"
"27764","1974339920048","1991313746600","1991313926096","18.1171","17.9496","0.1675","14.257200000000001","1.9708","False","18.1906","18.1738","12.094800000000001","5.383900000000001","23.3335","8","1","1","False","0"
"27764","1974339920048","1991313927771","1991314091524","16.5758","16.3753","0.2005","18.1553","3.5656000000000003","False","18.1658","16.5428","18.1906","7.031700000000001","23.407","8","1","1","False","0"
"27764","1974339920048","1991314093529","1991314287109","19.5389","19.358","0.1809","20.122500000000002","4.1313","False","24.282500000000002","19.558500000000002","18.1658","5.639","24.997","8","1","1","False","0"
"27764","1974339920048","1991314288918","1991314510969","22.344700000000003","22.2051","0.1396","21.037300000000002","3.1337","False","12.0937","22.386000000000003","24.282500000000002","7.535500000000001","29.7406","8","1","1","False","0"
"27764","1974339920048","1991314512365","1991314675019","16.4378","16.2654","0.1724","15.746300000000002","2.1366","False","18.1754","16.405","12.0937","3.2242","19.4896","8","1","1","False","0"
"27764","1974339920048","1991314676743","1991314850613","17.570800000000002","17.387","0.18380000000000002","18.4662","3.0378000000000003","False","24.2588","17.5594","18.1754","3.8402000000000003","21.2272","8","1","1","False","0"
"27764","1974339920048","1991314852451","1991315048649","19.820800000000002","19.6198","0.201","19.7241","2.9376","False","18.1751","19.8036","24.2588","8.2954","27.915200000000002","8","1","1","False","0"
"27764","1974339920048","1991315050659","1991315248437","19.954800000000002","19.777800000000003","0.17700000000000002","21.3594","4.349","False","18.172700000000003","19.9788","18.1751","6.491700000000001","26.2695","8","1","1","False","0"
"27764","1974339920048","1991315250207","1991315437881","18.951900000000002","18.767400000000002","0.1845","16.7046","2.0883000000000003","False","18.177","18.9444","18.172700000000003","5.720000000000001","24.4874","8","1","1","False","0"
"27764","1974339920048","1991315439726","1991315625305","18.7574","18.5579","0.1995","19.7909","3.1276","False","18.1899","18.7424","18.177","5.1546","23.712500000000002","8","1","1","False","0"
"27764","1974339920048","1991315627300","1991315807120","18.2101","17.982","0.2281","18.2158","3.1413","False","18.1779","18.1815","18.1899","5.163","23.145","8","1","1","False","0"
"27764","1974339920048","1991315809401","1991315990305","18.282200000000003","18.090400000000002","0.1918","18.222","3.0814000000000004","False","18.174300000000002","18.3185","18.1779","5.0224","23.1128","8","1","1","False","0"
"27764","1974339920048","1991315992223","1991316162340","17.2325","17.0117","0.22080000000000002","18.110200000000003","3.9561","False","30.3591","17.203500000000002","18.174300000000002","5.9932","23.004900000000003","8","1","1","False","0"
"27764","1974339920048","1991316164548","1991316435569","27.2382","27.1021","0.1361","26.28","3.29","False","6.0087","27.3229","30.3591","9.0294","36.1315","8","1","1","False","0"
"27764","1974339920048","1991316436930","1991316557972","12.3101","12.1042","0.2059","11.5608","2.2484","False","24.2546","12.240300000000001","6.0087","2.7978","14.902000000000001","8","1","1","False","0"
"27764","1974339920048","1991316560031","1991316764169","20.602100000000004","20.413800000000002","0.1883","21.636300000000002","3.2916000000000003","False","18.204700000000003","20.6197","24.2546","6.4327000000000005","26.846500000000002","8","1","1","False","0"
"27764","1974339920048","1991316766052","1991316936368","17.2279","17.0316","0.1963","15.886700000000001","1.9393","False","24.2478","17.2199","18.204700000000003","7.4175","24.4491","8","1","1","False","0"
"27764","1974339920048","1991316938331","1991317144467","20.792900000000003","20.6136","0.17930000000000001","23.4528","4.5974","False","12.0754","20.809900000000003","24.2478","10.855400000000001","31.469","8","1","1","False","0"
"27764","1974339920048","1991317146260","1991317330687","18.621100000000002","18.442700000000002","0.1784","15.8474","1.8836000000000002","False","18.192600000000002","18.622","12.0754","4.308800000000001","22.7515","8","1","1","False","0"
"27764","1974339920048","1991317332471","1991317497684","16.6977","16.5213","0.1764","19.5519","4.674","False","18.227800000000002","16.6997","18.192600000000002","5.8017","22.323","8","1","1","False","0"
"27764","1974339920048","1991317499448","1991317682818","18.5353","18.337","0.1983","17.0117","3.1537","False","18.1386","18.5134","18.227800000000002","5.516100000000001","23.8531","8","1","1","False","0"
"27764","1974339920048","1991317684801","1991317850660","16.771200000000004","16.585900000000002","0.18530000000000002","17.1162","3.5032","False","18.177500000000002","16.784200000000002","18.1386","6.870500000000001","23.456400000000002","8","1","1","False","0"
"27764","1974339920048","1991317852513","1991318050682","19.9924","19.8169","0.17550000000000002","19.6229","3.1270000000000002","False","18.2654","20.002200000000002","18.177500000000002","5.0458","24.8627","8","1","1","False","0"
"27764","1974339920048","1991318052437","1991318239567","18.9203","18.713","0.2073","18.7859","2.9996","False","18.0963","18.8885","18.2654","4.4227","23.1357","8","1","1","False","0"
"27764","1974339920048","1991318241640","1991318409092","16.9287","16.7452","0.1835","16.979400000000002","3.048","False","18.2028","16.9525","18.0963","5.5665000000000004","22.311700000000002","8","1","1","False","0"
"27764","1974339920048","1991318410927","1991318588698","17.9873","17.7771","0.2102","18.072200000000002","3.1316","False","18.192700000000002","17.9606","18.2028","5.8087","23.585800000000003","8","1","1","False","0"
"27764","1974339920048","1991318590800","1991318764619","17.5241","17.3819","0.1422","17.671400000000002","3.603","False","18.1802","17.592100000000002","18.192700000000002","6.4093","23.7912","8","1","1","False","0"
"27764","1974339920048","1991318766041","1991318933600","16.9511","16.7559","0.1952","15.5876","1.9154","False","12.0883","16.8981","18.1802","7.691400000000001","24.447300000000002","8","1","1","False","0"
"27764","1974339920048","1991318935552","1991319098024","16.4576","16.2472","0.2104","16.767500000000002","2.2305","False","18.1808","16.4424","12.0883","3.3373000000000004","19.584500000000002","8","1","1","False","0"
"27764","1974339920048","1991319100128","1991319274660","17.639200000000002","17.453200000000002","0.186","18.2518","2.8476000000000004","False","18.1816","17.663600000000002","18.1808","3.8545000000000003","21.3077","8","1","1","False","0"
"27764","1974339920048","1991319276520","1991319436058","16.180300000000003","15.953800000000001","0.2265","18.2699","4.9387","False","18.181800000000003","16.1398","18.1816","5.8963","21.8501","8","1","1","False","0"
"27764","1974339920048","1991319438323","1991319631261","19.480700000000002","19.2938","0.1869","17.5109","2.966","False","24.2816","19.520300000000002","18.181800000000003","4.5578","23.8516","8","1","1","False","0"
"27764","1974339920048","1991319633130","1991319841967","21.066100000000002","20.8837","0.1824","21.1031","2.9903","False","12.081700000000001","21.070600000000002","24.2816","7.768800000000001","28.6525","8","1","1","False","0"
"27764","1974339920048","1991319843791","1991320003929","16.1858","16.0138","0.17200000000000001","15.4619","2.2679","False","24.282300000000003","16.1962","12.081700000000001","3.6543","19.668100000000003","8","1","1","False","0"
"27764","1974339920048","1991320005649","1991320199819","19.625500000000002","19.417","0.20850000000000002","20.6612","3.3055000000000003","False","12.09","19.589000000000002","24.282300000000003","8.3476","27.7646","8","1","1","False","0"
"27764","1974339920048","1991320201904","1991320364268","16.412399999999998","16.2364","0.17600000000000002","15.0066","1.8988","False","24.2802","16.4449","12.09","3.9927","20.229100000000003","8","1","1","False","0"
"27764","1974339920048","1991320366028","1991320554759","19.072200000000002","18.8731","0.1991","21.4093","4.2499","False","12.0828","19.0491","24.2802","9.2238","28.0969","8","1","1","False","0"
"27764","1974339920048","1991320556750","1991320718699","16.3853","16.1949","0.1904","14.0523","1.8983","False","18.1984","16.394000000000002","12.0828","4.9126","21.1075","8","1","1","False","0"
"27764","1974339920048","1991320720603","1991320886827","16.7754","16.622400000000003","0.153","16.9925","2.4456","False","18.1587","16.8128","18.1984","6.2982000000000005","22.9206","8","1","1","False","0"
"27764","1974339920048","1991320888357","1991321068817","18.2364","18.046","0.1904","18.253800000000002","2.1522","False","18.1922","18.199","18.1587","6.2579","24.303900000000002","8","1","1","False","0"
"27764","1974339920048","1991321070721","1991321256008","18.7193","18.5287","0.19060000000000002","19.692600000000002","3.1129000000000002","False","18.1863","18.7191","18.1922","5.731","24.259700000000002","8","1","1","False","0"
"27764","1974339920048","1991321257914","1991321438696","18.268100000000004","18.078200000000002","0.1899","17.2214","2.0607","False","18.1833","18.268800000000002","18.1863","5.6485","23.7267","8","1","1","False","0"
"27764","1974339920048","1991321440595","1991321630875","19.2051","19.028000000000002","0.1771","19.011200000000002","1.8572000000000002","False","12.102400000000001","19.2179","18.1833","4.6139","23.6419","8","1","1","False","0"
"27764","1974339920048","1991321632646","1991321775233","14.4379","14.258700000000001","0.1792","14.4715","1.9055000000000002","False","42.436","14.4358","12.102400000000001","2.2805","16.5392","8","1","1","False","0"
"27764","1974339920048","1991321777025","1991322147900","37.3045","37.0875","0.217","40.6787","5.2953","False","18.1876","37.2667","42.436","7.449800000000001","44.5373","8","1","1","False","0"
"27764","1974339920048","1991322150070","1991322329216","18.0929","17.9146","0.17830000000000001","14.6883","1.8758000000000001","False","18.185200000000002","18.131600000000002","18.1876","7.505800000000001","25.4204","8","1","1","False","0"
"27764","1974339920048","1991322330999","1991322520727","19.1471","18.9728","0.1743","19.4648","2.1905","False","18.1889","19.1511","18.185200000000002","6.5399","25.512700000000002","8","1","1","False","0"
"27764","1974339920048","1991322522470","1991322706173","18.5774","18.3703","0.2071","18.4386","2.0666","False","18.188000000000002","18.544600000000003","18.1889","6.184200000000001","24.5545","8","1","1","False","0"
"27764","1974339920048","1991322708244","1991322873242","16.68","16.4998","0.1802","16.3988","2.1987","False","18.172900000000002","16.7069","18.188000000000002","7.6653","24.165100000000002","8","1","1","False","0"
"27764","1974339920048","1991322875044","1991323062342","18.9056","18.7298","0.1758","19.618100000000002","2.4832","False","12.1052","18.91","18.172900000000002","6.9282","25.658","8","1","1","False","0"
"27764","1974339920048","1991323064100","1991323214020","15.166400000000001","14.992","0.1744","14.5815","1.8994000000000002","False","18.1873","15.167800000000002","12.1052","3.8656","18.8576","8","1","1","False","0"
"27764","1974339920048","1991323215764","1991323393412","17.9575","17.7648","0.1927","19.019000000000002","2.9567","False","18.195800000000002","17.9392","18.1873","4.113700000000001","21.878500000000003","8","1","1","False","0"
"27764","1974339920048","1991323395339","1991323558302","16.4673","16.296300000000002","0.171","15.4778","1.9677","False","18.177300000000002","16.489","18.195800000000002","5.8205","22.1168","8","1","1","False","0"
"27764","1974339920048","1991323560012","1991323733204","17.497000000000003","17.319200000000002","0.1778","19.9267","4.4025","False","24.2652","17.4902","18.177300000000002","6.5076","23.826800000000002","8","1","1","False","0"
"27764","1974339920048","1991323734982","1991323938726","20.5484","20.3744","0.17400000000000002","20.5715","4.4236","False","12.097900000000001","20.552200000000003","24.2652","10.220600000000001","30.595000000000002","8","1","1","False","0"
"27764","1974339920048","1991323940466","1991324109712","17.126","16.9246","0.20140000000000002","14.7964","2.1031","False","18.1892","17.0986","12.097900000000001","5.2199","22.1445","8","1","1","False","0"
"27764","1974339920048","1991324111726","1991324284270","17.4161","17.2544","0.1617","19.5793","4.252","False","18.1717","17.4558","18.1892","5.9533000000000005","23.207700000000003","8","1","1","False","0"
"27764","1974339920048","1991324285887","1991324473728","18.963600000000003","18.784100000000002","0.17950000000000002","16.8475","2.145","False","18.1877","18.945800000000002","18.1717","5.179200000000001","23.9633","8","1","1","False","0"
"27764","1974339920048","1991324475523","1991324645498","17.176800000000004","16.997500000000002","0.17930000000000001","17.172800000000002","2.1365000000000003","False","18.1813","17.177","18.1877","6.189900000000001","23.1874","8","1","1","False","0"
"27764","1974339920048","1991324647291","1991324818159","17.2462","17.0868","0.15940000000000001","17.5689","2.7864","False","12.0966","17.2661","18.1813","7.1051","24.1919","8","1","1","False","0"
"27764","1974339920048","1991324819753","1991324986598","16.8629","16.6845","0.1784","16.561600000000002","2.1573","False","24.2891","16.8439","12.0966","2.3578","19.0423","8","1","1","False","0"
"27764","1974339920048","1991324988382","1991325151965","16.5354","16.3583","0.1771","19.2975","4.9191","False","18.1733","16.5367","24.2891","10.1102","26.468500000000002","8","1","1","False","0"
"27764","1974339920048","1991325153736","1991325350002","19.8013","19.6266","0.17470000000000002","17.1999","2.3164000000000002","False","12.097800000000001","19.8037","18.1733","8.479800000000001","28.1064","8","1","1","False","0"
"27764","1974339920048","1991325351749","1991325494615","14.4924","14.2866","0.2058","14.3939","2.2322","False","18.181","14.461300000000001","12.097800000000001","6.116300000000001","20.402900000000002","8","1","1","False","0"
"27764","1974339920048","1991325496673","1991325688836","19.3882","19.2163","0.1719","19.1197","1.9507","False","18.1765","19.4221","18.181","4.8752","24.0915","8","1","1","False","0"
"27764","1974339920048","1991325690555","1991325883296","19.456400000000002","19.2741","0.18230000000000002","19.636100000000003","2.1404","False","18.1945","19.446","18.1765","3.6057","22.8798","8","1","1","False","0"
"27764","1974339920048","1991325885119","1991326042379","15.9243","15.726","0.1983","15.872700000000002","2.0774","False","24.261300000000002","15.9083","18.1945","5.891900000000001","21.617900000000002","8","1","1","False","0"
"27764","1974339920048","1991326044362","1991326260291","21.766000000000002","21.5929","0.1731","22.021","2.3331","False","12.0984","21.7912","24.261300000000002","8.362","29.954900000000002","8","1","1","False","0"
"27764","1974339920048","1991326262022","1991326419982","15.985000000000001","15.796000000000001","0.189","15.528300000000002","1.8841","False","18.192600000000002","15.969100000000001","12.0984","4.4913","20.287300000000002","8","1","1","False","0"
"27764","1974339920048","1991326421872","1991326581019","16.1005","15.914700000000002","0.18580000000000002","16.6177","2.3989000000000003","False","18.1787","16.1037","18.192600000000002","6.5802000000000005","22.4949","8","1","1","False","0"
"27764","1974339920048","1991326582877","1991326776408","19.544800000000002","19.3531","0.1917","19.1916","2.0386","False","24.2462","19.5389","18.1787","5.220000000000001","24.5731","8","1","1","False","0"
"27764","1974339920048","1991326778325","1991326999090","22.2238","22.0765","0.14730000000000001","22.3264","2.4599","False","12.1188","22.2682","24.2462","7.198","29.2745","8","1","1","False","0"
"27764","1974339920048","1991327000563","1991327126962","12.814900000000002","12.6399","0.17500000000000002","15.111700000000003","4.4355","False","24.2563","12.7872","12.1188","6.5296","19.1695","8","1","1","False","0"
"27764","1974339920048","1991327128712","1991327363807","23.721700000000002","23.509500000000003","0.2122","21.5988","2.3173","False","12.159500000000001","23.6845","24.2563","7.1014","30.6109","8","1","1","False","0"
"27764","1974339920048","1991327365929","1991327510342","14.6366","14.4413","0.1953","14.526399999999999","2.1909","False","18.1521","14.653500000000001","12.159500000000001","4.6074","19.0487","8","1","1","False","0"
"27764","1974339920048","1991327512295","1991327692271","18.173800000000004","17.997600000000002","0.1762","18.9272","2.9612000000000003","False","18.129","18.1929","18.1521","4.5666","22.5642","8","1","1","False","0"
"27764","1974339920048","1991327694033","1991327876827","18.457100000000004","18.279400000000003","0.1777","18.3363","2.8449","False","18.201700000000002","18.4556","18.129","4.24","22.5194","8","1","1","False","0"
"27764","1974339920048","1991327878604","1991328045197","16.8748","16.6593","0.2155","17.1604","3.1412","False","18.1892","16.837","18.201700000000002","5.6047","22.264","8","1","1","False","0"
"27764","1974339920048","1991328047352","1991328218307","17.279300000000003","17.0955","0.18380000000000002","16.6417","2.4943","False","12.090200000000001","17.311","18.1892","6.4829","23.578400000000002","8","1","1","False","0"
"27764","1974339920048","1991328220145","1991328378841","16.054","15.8696","0.1844","15.760000000000002","2.2070000000000003","False","24.2771","16.0534","12.090200000000001","2.5197000000000003","18.389300000000002","8","1","1","False","0"
"27764","1974339920048","1991328380685","1991328550187","17.122400000000003","16.950200000000002","0.17220000000000002","19.5222","4.5786","False","12.0884","17.134600000000002","24.2771","9.6622","26.6124","8","1","1","False","0"
"27764","1974339920048","1991328551909","1991328735516","18.553700000000003","18.3607","0.193","15.904200000000001","1.9421000000000002","False","18.188200000000002","18.5329","12.0884","3.2177000000000002","21.578400000000002","8","1","1","False","0"
"27764","1974339920048","1991328737446","1991328904721","16.8628","16.7275","0.1353","17.6432","3.0277000000000003","False","18.2561","16.9205","18.188200000000002","4.4854","21.2129","8","1","1","False","0"
"27764","1974339920048","1991328906074","1991329080850","17.652600000000003","17.477600000000002","0.17500000000000002","18.006","3.0776000000000003","False","24.2072","17.6129","18.2561","5.1286000000000005","22.6062","8","1","1","False","0"
"27764","1974339920048","1991329082600","1991329266095","18.535200000000003","18.349500000000003","0.1857","20.799400000000002","5.3373","False","12.082","18.5245","24.2072","10.811300000000001","29.160800000000002","8","1","1","False","0"
"27764","1974339920048","1991329267952","1991329441739","17.548800000000004","17.378700000000002","0.1701","14.2718","2.065","False","36.3803","17.5644","12.082","5.3289","22.7076","8","1","1","False","0"
"27764","1974339920048","1991329443440","1991329805468","36.373400000000004","36.2028","0.1706","37.52889999999999","3.2195","False","18.192800000000002","36.3729","36.3803","5.3363000000000005","41.539100000000005","8","1","1","False","0"
"27764","1974339920048","1991329807174","1991329963069","15.8543","15.589500000000001","0.26480000000000004","14.8648","2.3034","False","12.097100000000001","15.760100000000001","18.192800000000002","7.769","23.3585","8","1","1","False","0"
"27764","1974339920048","1991329965717","1991330133047","16.955000000000002","16.733","0.222","16.599800000000002","1.9021000000000001","False","18.1811","16.9978","12.097100000000001","2.8683","19.601300000000002","8","1","1","False","0"
"27764","1974339920048","1991330135267","1991330294747","16.1274","15.948","0.1794","17.2911","3.0393000000000003","False","18.1787","16.17","18.1811","4.8794","20.8274","8","1","1","False","0"
"27764","1974339920048","1991330296541","1991330470703","17.596","17.4162","0.17980000000000002","17.7747","3.2066000000000003","False","18.180400000000002","17.5956","18.1787","5.4625","22.878700000000002","8","1","1","False","0"
"27764","1974339920048","1991330472501","1991330674092","20.355800000000002","20.159100000000002","0.1967","20.088","2.9492000000000003","False","18.209600000000002","20.338900000000002","18.180400000000002","3.3040000000000003","23.4631","8","1","1","False","0"
"27764","1974339920048","1991330676059","1991330825003","15.0289","14.894400000000001","0.1345","14.359100000000002","2.5729","False","18.1763","15.0911","18.209600000000002","6.4225","21.3169","8","1","1","False","0"
"27764","1974339920048","1991330826348","1991330994379","16.9768","16.8031","0.17370000000000002","17.1298","2.4353000000000002","False","12.110700000000001","16.9376","18.1763","7.6612","24.4643","8","1","1","False","0"
"27764","1974339920048","1991330996116","1991331163127","16.904","16.7011","0.2029","16.874200000000002","2.4023000000000003","False","24.263","16.8748","12.110700000000001","2.8971","19.598200000000002","8","1","1","False","0"
"27764","1974339920048","1991331165156","1991331339541","17.610400000000002","17.4385","0.1719","20.7192","5.5147","False","12.1098","17.6414","24.263","9.5187","26.9572","8","1","1","False","0"
"27764","1974339920048","1991331341260","1991331510448","17.0792","16.9188","0.16040000000000001","13.7742","2.2028000000000003","False","18.189","17.090700000000002","12.1098","4.5378","21.4566","8","1","1","False","0"
"27764","1974339920048","1991331512052","1991331660160","14.9861","14.8108","0.1753","15.0008","2.2231","False","12.0893","14.971200000000001","18.189","7.7556","22.5664","8","1","1","False","0"
"27764","1974339920048","1991331661913","1991331834280","17.428100000000004","17.236700000000003","0.19140000000000001","17.4391","2.2329000000000003","False","18.1822","17.412000000000003","12.0893","2.4329","19.669600000000003","8","1","1","False","0"
"27764","1974339920048","1991331836194","1991331997005","16.2486","16.0811","0.1675","16.9695","2.9501","False","18.2055","16.2725","18.1822","4.3426","20.4237","8","1","1","False","0"
"27764","1974339920048","1991331998680","1991332162800","16.598499999999998","16.412","0.1865","17.2297","3.5868","False","18.1871","16.5795","18.2055","5.9686","22.3806","8","1","1","False","0"
"27764","1974339920048","1991332164665","1991332328390","16.576800000000002","16.372500000000002","0.2043","14.8893","1.9033","False","18.188000000000002","16.559","18.1871","7.5967","23.9692","8","1","1","False","0"
"27764","1974339920048","1991332330433","1991332517421","18.893700000000003","18.698800000000002","0.19490000000000002","18.9071","2.2718000000000003","False","12.0897","18.903100000000002","18.188000000000002","6.881600000000001","25.5804","8","1","1","False","0"
"27764","1974339920048","1991332519370","1991332684198","16.681800000000003","16.4828","0.199","16.6862","1.9355","False","18.1955","16.6777","12.0897","2.2936","18.776400000000002","8","1","1","False","0"
"27764","1974339920048","1991332686188","1991332825311","14.1045","13.9123","0.1922","15.605899999999998","3.4195","False","18.1993","14.1113","18.1955","6.377800000000001","20.290100000000002","8","1","1","False","0"
"27764","1974339920048","1991332827233","1991333010622","18.5132","18.338900000000002","0.1743","17.229","2.1317","False","18.1915","18.531100000000002","18.1993","6.046","24.384900000000002","8","1","1","False","0"
"27764","1974339920048","1991333012365","1991333187573","17.7238","17.5208","0.203","19.5091","3.9257","False","24.2422","17.6951","18.1915","6.542400000000001","24.063200000000002","8","1","1","False","0"
"27764","1974339920048","1991333189603","1991333405430","21.756500000000003","21.582700000000003","0.1738","21.1216","3.2846","False","12.095","21.785700000000002","24.2422","8.9989","30.5816","8","1","1","False","0"
"27764","1974339920048","1991333407168","1991333574840","16.942000000000004","16.767200000000003","0.1748","15.5447","1.8863","False","18.1863","16.941000000000003","12.095","4.1529","20.9201","8","1","1","False","0"
"27764","1974339920048","1991333576588","1991333722201","14.731300000000001","14.561300000000001","0.17","14.7515","1.9056000000000002","False","18.197400000000002","14.7361","18.1863","7.6031","22.1644","8","1","1","False","0"
"27764","1974339920048","1991333723901","1991333899624","17.7723","17.572300000000002","0.2","17.872600000000002","2.0100000000000002","False","12.0905","17.7423","18.197400000000002","8.058200000000001","25.6305","8","1","1","False","0"
"27764","1974339920048","1991333901624","1991334057462","15.7675","15.5838","0.1837","15.613900000000001","1.8656000000000001","False","24.2691","15.783800000000001","12.0905","4.3649000000000004","19.948700000000002","8","1","1","False","0"
"27764","1974339920048","1991334059299","1991334236164","17.8255","17.686500000000002","0.139","20.6659","4.9996","False","12.1117","17.8702","24.2691","10.7638","28.450300000000002","8","1","1","False","0"
"27764","1974339920048","1991334237554","1991334393415","15.7571","15.5861","0.171","13.798","2.7364","False","12.1044","15.725100000000001","12.1117","7.1504","22.7365","8","1","1","False","0"
"27764","1974339920048","1991334395125","1991334559435","16.6219","16.431","0.19090000000000001","16.2326","2.3428","False","18.1838","16.602","12.1044","2.6528","19.0838","8","1","1","False","0"
"27764","1974339920048","1991334561344","1991334716356","15.727200000000002","15.5012","0.226","16.4094","3.0531","False","18.197300000000002","15.6921","18.1838","5.1445","20.6457","8","1","1","False","0"
"27764","1974339920048","1991334718616","1991334900556","18.385","18.194000000000003","0.191","17.381700000000002","2.0267","False","18.2005","18.42","18.197300000000002","4.9218","23.1158","8","1","1","False","0"
"27764","1974339920048","1991334902466","1991335054091","15.360000000000001","15.162500000000001","0.1975","15.4594","2.128","False","12.084000000000001","15.3535","18.2005","7.768800000000001","22.9313","8","1","1","False","0"
"27764","1974339920048","1991335056066","1991335226903","17.2577","17.0837","0.17400000000000002","17.05","1.9152","False","24.280900000000003","17.281200000000002","12.084000000000001","2.5716","19.6553","8","1","1","False","0"
"27764","1974339920048","1991335228643","1991335400699","17.3933","17.2056","0.1877","18.822400000000002","3.3544","False","12.096200000000001","17.3796","24.280900000000003","9.472900000000001","26.6785","8","1","1","False","0"
"27764","1974339920048","1991335402576","1991335568253","16.741500000000002","16.567700000000002","0.1738","15.362","1.9632","False","12.1072","16.7554","12.096200000000001","4.8137","21.3814","8","1","1","False","0"
"27764","1974339920048","1991335569991","1991335712345","14.4298","14.2354","0.19440000000000002","14.286700000000002","1.8264","False","18.175900000000002","14.4092","12.1072","2.5117000000000003","16.7471","8","1","1","False","0"
"27764","1974339920048","1991335714289","1991335884721","17.216500000000003","17.043200000000002","0.1733","18.6894","3.2947","False","18.217100000000002","17.2376","18.175900000000002","3.45","20.4932","8","1","1","False","0"
"27764","1974339920048","1991335886454","1991336035377","15.076600000000001","14.8923","0.18430000000000002","14.2733","2.4962","False","12.100800000000001","15.0656","18.217100000000002","6.601500000000001","21.4938","8","1","1","False","0"
"27764","1974339920048","1991336037220","1991336187206","15.176800000000002","14.998600000000001","0.1782","14.583200000000001","1.8960000000000001","False","18.1893","15.1829","12.100800000000001","3.5194","18.518","8","1","1","False","0"
"27764","1974339920048","1991336188988","1991336342977","15.593300000000001","15.398900000000001","0.19440000000000002","15.8575","2.1623","False","18.186600000000002","15.577100000000002","18.1893","6.131600000000001","21.5305","8","1","1","False","0"
"27764","1974339920048","1991336344921","1991336510753","16.791700000000002","16.5832","0.20850000000000002","16.8974","2.2694","False","18.1846","16.7776","18.186600000000002","7.5406","24.123800000000003","8","1","1","False","0"
"27764","1974339920048","1991336512838","1991336712625","20.1696","19.9787","0.19090000000000001","19.9342","2.0500000000000003","False","18.183500000000002","20.1872","18.1846","5.538","25.5167","8","1","1","False","0"
"27764","1974339920048","1991336714534","1991336870738","15.8018","15.6204","0.1814","15.6721","1.9078000000000002","False","12.111600000000001","15.811300000000001","18.183500000000002","7.910200000000001","23.5306","8","1","1","False","0"
"27764","1974339920048","1991336872552","1991337034978","16.4067","16.2426","0.1641","16.0512","1.8806","False","24.2592","16.424","12.111600000000001","3.5978000000000003","19.840400000000002","8","1","1","False","0"
"27764","1974339920048","1991337036619","1991337228678","19.3763","19.2059","0.1704","20.0687","2.2381","False","12.0984","19.37","24.2592","8.487","27.6929","8","1","1","False","0"
"27764","1974339920048","1991337230382","1991337370190","14.1445","13.9808","0.1637","16.3107","4.4684","False","12.1163","14.151200000000001","12.0984","6.434200000000001","20.415000000000003","8","1","1","False","0"
"27764","1974339920048","1991337371827","1991337524366","15.427800000000001","15.253900000000002","0.1739","13.1402","2.122","False","18.1888","15.4176","12.1163","3.1329000000000002","18.3868","8","1","1","False","0"
"27764","1974339920048","1991337526105","1991337693666","16.9484","16.7561","0.1923","16.642400000000002","1.8083","False","18.2118","16.93","18.1888","4.3917","21.1478","8","1","1","False","0"
"27764","1974339920048","1991337695589","1991337839923","14.6027","14.4334","0.1693","14.877500000000001","2.0865","False","12.0908","14.6257","18.2118","7.9778","22.4112","8","1","1","False","0"
"27764","1974339920048","1991337841616","1991337975154","13.550900000000002","13.353800000000001","0.1971","13.819600000000001","2.375","False","24.2757","13.523100000000001","12.0908","6.5455000000000005","19.8993","8","1","1","False","0"
"27764","1974339920048","1991337977125","1991338217126","24.2077","24.0001","0.2076","25.0809","3.2299","False","12.1174","24.197200000000002","24.2757","6.6240000000000006","30.624100000000002","8","1","1","False","0"
"27764","1974339920048","1991338219202","1991338364612","14.7124","14.541","0.1714","13.378","1.8921000000000001","False","24.239700000000003","14.748600000000001","12.1174","3.9928000000000003","18.5338","8","1","1","False","0"
"27764","1974339920048","1991338366326","1991338566460","20.1833","20.0134","0.1699","20.2593","1.9696","False","12.1075","20.184800000000003","24.239700000000003","8.0477","28.0611","8","1","1","False","0"
"27764","1974339920048","1991338568159","1991338701394","13.503200000000001","13.323500000000001","0.1797","13.6372","2.1105","False","18.184900000000003","13.493400000000001","12.1075","6.6618","19.985300000000002","8","1","1","False","0"
"27764","1974339920048","1991338703191","1991338901130","19.980700000000002","19.7939","0.18680000000000002","19.8744","1.9949000000000001","False","18.183600000000002","19.9736","18.184900000000003","4.8731","24.667","8","1","1","False","0"
"27764","1974339920048","1991338902998","1991339062126","16.090400000000002","15.9128","0.1776","16.5408","2.4523","False","18.1807","16.099600000000002","18.183600000000002","6.9571000000000005","22.8699","8","1","1","False","0"
"27764","1974339920048","1991339063902","1991339237960","17.5776","17.4058","0.1718","17.404500000000002","2.2759","False","12.105500000000001","17.5834","18.1807","7.5544","24.9602","8","1","1","False","0"
"27764","1974339920048","1991339239678","1991339395031","15.721300000000001","15.535300000000001","0.186","15.261200000000002","1.8273000000000001","False","18.1858","15.7071","12.105500000000001","3.9528000000000003","19.4881","8","1","1","False","0"
"27764","1974339920048","1991339396891","1991339547280","15.2275","15.0389","0.18860000000000002","17.8583","4.4451","False","30.3019","15.2249","18.1858","6.9137","21.9526","8","1","1","False","0"
"27764","1974339920048","1991339549166","1991339856680","30.9356","30.7514","0.1842","29.7162","3.232","False","12.1247","30.94","30.3019","6.275600000000001","37.027","8","1","1","False","0"
"27764","1974339920048","1991339858522","1991339989968","13.3114","13.1446","0.1668","12.112300000000001","2.0249","False","18.1816","13.328800000000001","12.1247","5.0715","18.2161","8","1","1","False","0"
"27764","1974339920048","1991339991636","1991340180196","19.0074","18.856","0.1514","18.5271","1.8804","False","18.197100000000002","19.0228","18.1816","4.230300000000001","23.0863","8","1","1","False","0"
"27764","1974339920048","1991340181710","1991340335467","15.5579","15.3757","0.1822","16.2852","2.2811","False","18.1584","15.5271","18.197100000000002","6.9003000000000005","22.276","8","1","1","False","0"
"27764","1974339920048","1991340337289","1991340541585","20.6101","20.4296","0.18050000000000002","22.2989","3.9654000000000003","False","18.2029","20.611800000000002","18.1584","4.4469","24.8765","8","1","1","False","0"
"27764","1974339920048","1991340543390","1991340691982","15.0592","14.859200000000001","0.2","13.5042","2.4167","False","12.087100000000001","15.0397","18.2029","7.6101","22.4693","8","1","1","False","0"
"27764","1974339920048","1991340693982","1991340847717","15.5497","15.3735","0.1762","15.0143","1.8797000000000001","False","18.177500000000002","15.573500000000001","12.087100000000001","4.1237","19.4972","8","1","1","False","0"
"27764","1974339920048","1991340849479","1991341034119","18.648200000000003","18.464000000000002","0.1842","20.140800000000006","3.3727","False","18.2327","18.6402","18.177500000000002","3.661","22.125","8","1","1","False","0"
"27764","1974339920048","1991341035961","1991341173418","13.927800000000001","13.745700000000001","0.1821","12.4289","1.8696000000000002","False","12.073500000000001","13.9299","18.2327","7.9638","21.709500000000002","8","1","1","False","0"
"27764","1974339920048","1991341175239","1991341350867","17.7598","17.5628","0.197","17.7206","1.8276000000000001","False","18.215500000000002","17.7449","12.073500000000001","2.2924","19.8552","8","1","1","False","0"
"27764","1974339920048","1991341352837","1991341484678","13.3587","13.1841","0.1746","14.0949","2.564","False","18.183400000000002","13.3811","18.215500000000002","7.1268","20.3109","8","1","1","False","0"
"27764","1974339920048","1991341486424","1991341641438","15.6645","15.5014","0.1631","17.231","4.1249","False","12.1103","15.676","18.183400000000002","9.6342","25.1356","8","1","1","False","0"
"27764","1974339920048","1991341643069","1991341800325","15.9022","15.7256","0.1766","13.9754","2.1916","False","18.1968","15.8887","12.1103","5.8558","21.581400000000002","8","1","1","False","0"
"27764","1974339920048","1991341802091","1991341963336","16.311700000000002","16.1245","0.1872","15.9092","1.8004","False","12.0707","16.3011","18.1968","7.7515","23.876","8","1","1","False","0"
"27764","1974339920048","1991341965208","1991342126593","16.3328","16.1385","0.1943","16.314","1.8032000000000001","False","30.3453","16.3257","12.0707","3.4965","19.635","8","1","1","False","0"
"27764","1974339920048","1991342128536","1991342391403","26.465","26.2867","0.17830000000000001","27.5452","2.8668","False","12.0882","26.481","30.3453","7.3608","33.6475","8","1","1","False","0"
"27764","1974339920048","1991342393186","1991342551262","15.972700000000001","15.8076","0.1651","16.148","3.0332000000000003","False","18.201800000000002","15.9859","12.0882","3.4631000000000003","19.2707","8","1","1","False","0"
"27764","1974339920048","1991342552913","1991342718649","16.742600000000003","16.573600000000003","0.169","15.5478","2.1677","False","18.2021","16.7387","18.201800000000002","4.926200000000001","21.4998","8","1","1","False","0"
"27764","1974339920048","1991342720339","1991342868042","14.949800000000002","14.7703","0.17950000000000002","15.3315","2.2299","False","18.2097","14.939300000000001","18.2021","8.189","22.959300000000002","8","1","1","False","0"
"27764","1974339920048","1991342869837","1991343054252","18.615000000000002","18.4415","0.17350000000000002","18.5105","2.1207000000000003","False","24.177100000000003","18.621000000000002","18.2097","7.7777","26.2192","8","1","1","False","0"
"27764","1974339920048","1991343055987","1991343322595","26.844500000000004","26.660800000000002","0.1837","27.8793","3.1581","False","18.232400000000002","26.834300000000002","24.177100000000003","5.1205","31.7813","8","1","1","False","0"
"27764","1974339920048","1991343324432","1991343474003","15.1446","14.9571","0.1875","14.2208","2.2314000000000003","False","18.1503","15.1408","18.232400000000002","8.2121","23.1692","8","1","1","False","0"
"27764","1974339920048","1991343475878","1991343635931","16.188200000000002","16.005300000000002","0.1829","18.055","4.109500000000001","False","12.0905","16.192800000000002","18.1503","10.1696","26.1749","8","1","1","False","0"
"27764","1974339920048","1991343637760","1991343792926","15.7058","15.5166","0.1892","13.866900000000001","2.2692","False","36.4243","15.6995","12.0905","6.5606","22.0772","8","1","1","False","0"
"27764","1974339920048","1991343794818","1991344131164","33.826","33.6346","0.19140000000000001","34.7305","3.1626000000000003","False","12.0912","33.8238","36.4243","9.161100000000001","42.795700000000004","8","1","1","False","0"
"27764","1974339920048","1991344133078","1991344288417","15.7042","15.533900000000001","0.1703","14.6883","2.145","False","18.1648","15.7253","12.0912","5.527","21.0609","8","1","1","False","0"
"27764","1974339920048","1991344290120","1991344489664","20.1824","19.9544","0.228","20.2439","2.2359","False","12.1277","20.1247","18.1648","3.5671000000000004","23.5215","8","1","1","False","0"
"27764","1974339920048","1991344491944","1991344613659","12.3653","12.1715","0.1938","12.376100000000001","2.2218","False","18.189600000000002","12.3995","12.1277","3.2953","15.466800000000001","8","1","1","False","0"
"27764","1974339920048","1991344615597","1991344779871","16.6171","16.427400000000002","0.1897","16.1293","2.0893","False","18.1854","16.6212","18.189600000000002","4.863700000000001","21.2911","8","1","1","False","0"
"27764","1974339920048","1991344781768","1991344947230","16.713600000000003","16.546200000000002","0.16740000000000002","18.282400000000003","3.2964","False","12.1203","16.7359","18.1854","6.3132","22.8594","8","1","1","False","0"
"27764","1974339920048","1991344948904","1991345098247","15.1584","14.9343","0.22410000000000002","13.6744","1.8695000000000002","False","18.2085","15.101700000000001","12.1203","3.3318000000000003","18.2661","8","1","1","False","0"
"27764","1974339920048","1991345100488","1991345266619","16.790599999999998","16.6131","0.17750000000000002","16.9673","1.9859","False","24.2319","16.8372","18.2085","4.7031","21.316200000000002","8","1","1","False","0"
"27764","1974339920048","1991345268394","1991345470451","20.4033","20.2057","0.1976","21.6815","3.2720000000000002","False","12.095500000000001","20.383200000000002","24.2319","8.5518","28.7575","8","1","1","False","0"
"27764","1974339920048","1991345472427","1991345643557","17.2833","17.113","0.1703","16.2257","2.2135000000000002","False","18.1891","17.3106","12.095500000000001","3.3367","20.4497","8","1","1","False","0"
"27764","1974339920048","1991345645260","1991345811094","16.7539","16.5834","0.1705","16.4903","1.9494","False","18.1845","16.753700000000002","18.1891","4.7721","21.3555","8","1","1","False","0"
"27764","1974339920048","1991345812799","1991345954049","14.2953","14.125","0.1703","14.9524","2.6047000000000002","False","18.185100000000002","14.2955","18.1845","8.661100000000001","22.7861","8","1","1","False","0"
"27764","1974339920048","1991345955752","1991346159924","20.613300000000002","20.4172","0.1961","20.354400000000005","2.3513","False","12.185500000000001","20.587500000000002","18.185100000000002","6.2587","26.675900000000002","8","1","1","False","0"
"27764","1974339920048","1991346161885","1991346309196","14.910400000000001","14.731100000000001","0.17930000000000001","14.6939","2.1361","False","24.1885","14.927200000000001","12.185500000000001","3.5170000000000003","18.2481","8","1","1","False","0"
"27764","1974339920048","1991346310989","1991346490910","18.1861","17.9921","0.194","19.3858","3.3393","False","6.0225","18.171400000000002","24.1885","9.5341","27.526200000000003","8","1","1","False","0"
"27764","1974339920048","1991346492850","1991346620180","12.8628","12.733","0.1298","11.4403","2.2003","False","24.2753","12.927000000000001","6.0225","2.6296","15.3626","8","1","1","False","0"
"27764","1974339920048","1991346621478","1991346818430","19.889","19.6952","0.1938","21.5368","3.5567","False","12.1015","19.825","24.2753","7.0799","26.775100000000002","8","1","1","False","0"
"27764","1974339920048","1991346820368","1991346972244","15.350200000000001","15.187600000000002","0.1626","13.7992","2.0025","False","18.168400000000002","15.381400000000001","12.1015","3.8000000000000003","18.9876","8","1","1","False","0"
"27764","1974339920048","1991346973870","1991347164523","19.2464","19.0653","0.1811","19.1095","1.8746","False","18.2332","19.2279","18.168400000000002","2.7405","21.8058","8","1","1","False","0"
"27764","1974339920048","1991347166334","1991347298448","13.408700000000001","13.211400000000001","0.1973","13.329600000000001","1.8036","False","12.098600000000001","13.3925","18.2332","7.5812","20.7926","8","1","1","False","0"
"27764","1974339920048","1991347300421","1991347451633","15.3112","15.1212","0.19","15.423","1.8993","False","18.1659","15.3185","12.098600000000001","4.3613","19.4825","8","1","1","False","0"
"27764","1974339920048","1991347453533","1991347638179","18.639200000000002","18.4646","0.1746","18.6412","1.9056000000000002","False","12.106200000000001","18.654600000000002","18.1659","3.8726000000000003","22.337200000000003","8","1","1","False","0"
"27764","1974339920048","1991347639925","1991347769662","13.1536","12.973700000000001","0.1799","13.449900000000001","2.2093000000000003","False","24.295","13.1483","12.106200000000001","2.8305000000000002","15.804200000000002","8","1","1","False","0"
"27764","1974339920048","1991347771461","1991347930373","16.0696","15.891200000000001","0.1784","19.7083","5.8401000000000005","False","12.089500000000001","16.0711","24.295","11.054400000000001","26.945600000000002","8","1","1","False","0"
"27764","1974339920048","1991347932157","1991348100714","17.053700000000003","16.855700000000002","0.198","13.3914","2.1623","False","18.1967","17.034100000000002","12.089500000000001","6.1098","22.965500000000002","8","1","1","False","0"
"27764","1974339920048","1991348102694","1991348264034","16.307100000000002","16.134","0.1731","16.031100000000002","1.9031","False","12.088000000000001","16.332","18.1967","7.974500000000001","24.108500000000003","8","1","1","False","0"
"27764","1974339920048","1991348265765","1991348429331","16.5338","16.3566","0.1772","16.848300000000002","2.2133000000000003","False","18.1889","16.529700000000002","12.088000000000001","3.5328000000000004","19.889400000000002","8","1","1","False","0"
"27764","1974339920048","1991348431103","1991348597991","16.8615","16.6888","0.17270000000000002","17.654500000000002","3.0081","False","18.1929","16.866","18.1889","4.855700000000001","21.5445","8","1","1","False","0"
"27764","1974339920048","1991348599718","1991348777466","17.9247","17.774800000000003","0.1499","17.6611","3.055","False","18.1982","17.9475","18.1929","5.101100000000001","22.8759","8","1","1","False","0"
"27764","1974339920048","1991348778965","1991348929212","15.195900000000002","15.024700000000001","0.17120000000000002","17.220100000000002","4.7691","False","12.0943","15.1746","18.1982","8.1247","23.1494","8","1","1","False","0"
"27764","1974339920048","1991348930924","1991349079179","15.0112","14.8255","0.1857","14.3156","4.0869","False","18.1907","14.9967","12.0943","5.222300000000001","20.047800000000002","8","1","1","False","0"
"27764","1974339920048","1991349081036","1991349260884","18.1674","17.9848","0.1826","16.1589","2.0633","False","12.1172","18.1705","18.1907","5.242500000000001","23.2273","8","1","1","False","0"
"27764","1974339920048","1991349262710","1991349383772","12.293700000000001","12.106200000000001","0.1875","12.2454","2.0129","False","18.179100000000002","12.2888","12.1172","5.0709","17.1771","8","1","1","False","0"
"27764","1974339920048","1991349385647","1991349576336","19.2431","19.0689","0.17420000000000002","19.1049","1.8824","False","18.177300000000002","19.2564","18.179100000000002","3.9936000000000003","23.0625","8","1","1","False","0"
"27764","1974339920048","1991349578078","1991349747427","17.106800000000003","16.934900000000003","0.1719","18.5207","3.2924","False","18.215500000000002","17.1091","18.177300000000002","5.0618","21.9967","8","1","1","False","0"
"27764","1974339920048","1991349749146","1991349906758","15.9738","15.7612","0.2126","14.783000000000001","2.1112","False","12.1037","15.933100000000001","18.215500000000002","7.344200000000001","23.1054","8","1","1","False","0"
"27764","1974339920048","1991349908884","1991350051424","14.433300000000001","14.254000000000001","0.17930000000000001","14.257000000000001","1.9276000000000002","False","18.1917","14.466600000000001","12.1037","4.9813","19.235300000000002","8","1","1","False","0"
"27764","1974339920048","1991350053217","1991350226974","17.553500000000003","17.375700000000002","0.1778","17.6185","1.9913","False","12.0898","17.555","18.1917","5.618","22.9937","8","1","1","False","0"
"27764","1974339920048","1991350228752","1991350373716","14.698100000000002","14.496400000000001","0.20170000000000002","14.4837","1.7956","False","24.287000000000003","14.6742","12.0898","3.0336000000000003","17.53","8","1","1","False","0"
"27764","1974339920048","1991350375733","1991350531083","15.7235","15.535","0.1885","19.7392","5.785","False","12.0997","15.7367","24.287000000000003","11.5839","27.1189","8","1","1","False","0"
"27764","1974339920048","1991350532968","1991350709211","17.798000000000002","17.6243","0.17370000000000002","14.044","2.0375","False","12.1645","17.8128","12.0997","5.8708","23.4951","8","1","1","False","0"
"27764","1974339920048","1991350710948","1991350853229","14.366900000000001","14.228100000000001","0.1388","13.7698","1.8816000000000002","False","18.137","14.401800000000001","12.1645","3.6335","17.8616","8","1","1","False","0"
"27764","1974339920048","1991350854617","1991351002042","14.926800000000002","14.742500000000001","0.18430000000000002","16.8826","3.4014","False","18.1764","14.881300000000001","18.137","6.889200000000001","21.631700000000002","8","1","1","False","0"
"27764","1974339920048","1991351003885","1991351183805","18.1869","17.992","0.19490000000000002","19.1764","4.3823","False","12.1052","18.1763","18.1764","6.8893","24.8813","8","1","1","False","0"
"27764","1974339920048","1991351185754","1991351332105","14.808700000000002","14.635100000000001","0.1736","12.4022","1.9805000000000001","False","18.2072","14.83","12.1052","4.1645","18.7996","8","1","1","False","0"
"27764","1974339920048","1991351333841","1991351503068","17.126","16.922700000000003","0.2033","18.2997","3.1596","False","18.196","17.0963","18.2072","5.2754","22.1981","8","1","1","False","0"
"27764","1974339920048","1991351505101","1991351674568","17.1335","16.9467","0.18680000000000002","16.1023","2.1335","False","18.174300000000002","17.150000000000002","18.196","6.321400000000001","23.2681","8","1","1","False","0"
"27764","1974339920048","1991351676436","1991351849669","17.5307","17.3233","0.2074","17.870900000000002","2.4723","False","18.1981","17.5101","18.174300000000002","6.985600000000001","24.3089","8","1","1","False","0"
"27764","1974339920048","1991351851743","1991352026927","17.7032","17.5184","0.18480000000000002","17.6098","2.3566000000000003","False","12.085600000000001","17.7258","18.1981","7.4579","24.976300000000002","8","1","1","False","0"
"27764","1974339920048","1991352028775","1991352165755","13.870000000000001","13.698","0.17200000000000001","13.4982","1.9962000000000002","False","18.218","13.882800000000001","12.085600000000001","5.6607","19.358700000000002","8","1","1","False","0"
"27764","1974339920048","1991352167475","1991352341220","17.550900000000002","17.3745","0.1764","17.5912","2.0405","False","12.07","17.5465","18.218","6.3322","23.7067","8","1","1","False","0"
"27764","1974339920048","1991352342984","1991352494274","15.318000000000001","15.129000000000001","0.189","15.163300000000001","1.8797000000000001","False","18.1854","15.3054","12.07","3.0968","18.2258","8","1","1","False","0"
"27764","1974339920048","1991352496164","1991352674541","18.0177","17.8377","0.18000000000000002","18.9804","2.8480000000000003","False","18.2054","18.0267","18.1854","3.2555","21.0932","8","1","1","False","0"
"27764","1974339920048","1991352676341","1991352825953","15.1404","14.9612","0.1792","15.5206","3.2268000000000003","False","12.094800000000001","15.141200000000001","18.2054","6.3197","21.280900000000003","8","1","1","False","0"
"27764","1974339920048","1991352827745","1991352982598","15.6774","15.4853","0.19210000000000002","14.6646","2.2285","False","18.200300000000002","15.6645","12.094800000000001","2.75","18.235300000000002","8","1","1","False","0"
"27764","1974339920048","1991352984519","1991353125125","14.2713","14.0606","0.2107","15.336400000000001","3.2868","False","18.1688","14.2527","18.200300000000002","6.6976","20.758200000000002","8","1","1","False","0"
"27764","1974339920048","1991353127232","1991353319383","19.3428","19.2151","0.1277","20.006700000000002","4.2358","False","12.1746","19.425800000000002","18.1688","5.4406","24.6557","8","1","1","False","0"
"27764","1974339920048","1991353320660","1991353454154","13.521600000000001","13.349400000000001","0.17220000000000002","11.4671","1.8877000000000002","False","30.250200000000003","13.4771","12.1746","4.1381000000000006","17.4875","8","1","1","False","0"
"27764","1974339920048","1991353455876","1991353716682","26.282600000000002","26.0806","0.202","27.4404","3.0482","False","12.116800000000001","26.2528","30.250200000000003","8.1355","34.216100000000004","8","1","1","False","0"
"27764","1974339920048","1991353718702","1991353886038","16.9039","16.7336","0.1703","16.1295","2.2712000000000003","False","18.2","16.9356","12.116800000000001","3.3167","20.0503","8","1","1","False","0"
"27764","1974339920048","1991353887741","1991354042210","15.631400000000001","15.446900000000001","0.1845","16.4394","3.0821","False","18.1935","15.6172","18.2","5.899500000000001","21.346400000000003","8","1","1","False","0"
"27764","1974339920048","1991354044055","1991354217020","17.477200000000003","17.2965","0.1807","16.861700000000003","2.4716","False","12.1022","17.481","18.1935","6.612","23.9085","8","1","1","False","0"
"27764","1974339920048","1991354218827","1991354366432","14.9666","14.7605","0.2061","14.3595","1.8712000000000002","False","24.2556","14.9412","12.1022","3.773","18.5335","8","1","1","False","0"
"27764","1974339920048","1991354368493","1991354573299","20.658800000000003","20.480600000000003","0.1782","22.624000000000002","3.8151","False","12.116900000000001","20.686700000000002","24.2556","7.341900000000001","27.8225","8","1","1","False","0"
"27764","1974339920048","1991354575081","1991354692712","11.966700000000001","11.763100000000001","0.2036","9.998999999999999","1.8677000000000001","False","18.1695","11.9413","12.116900000000001","7.5175","19.2806","8","1","1","False","0"
"27764","1974339920048","1991354694748","1991354876167","18.3127","18.1419","0.1708","20.9507","4.4912","False","12.1614","18.3455","18.1695","7.3415","25.4834","8","1","1","False","0"
"27764","1974339920048","1991354877875","1991355015140","13.909300000000002","13.726500000000001","0.18280000000000002","11.5146","2.0924","False","18.1588","13.897300000000001","12.1614","5.6056","19.3321","8","1","1","False","0"
"27764","1974339920048","1991355016968","1991355181908","16.6859","16.494","0.19190000000000002","17.7213","3.1393","False","18.1808","16.6768","18.1588","7.0876","23.5816","8","1","1","False","0"
"27764","1974339920048","1991355183827","1991355375399","19.3295","19.1572","0.1723","18.366","2.1670000000000003","False","18.1558","19.3491","18.1808","5.919300000000001","25.076500000000003","8","1","1","False","0"
"27764","1974339920048","1991355377122","1991355529015","15.3853","15.189300000000001","0.196","17.895500000000002","4.6807","False","24.2835","15.361600000000001","18.1558","8.7135","23.902800000000003","8","1","1","False","0"
"27764","1974339920048","1991355530975","1991355775198","24.6141","24.4223","0.1918","22.868699999999997","2.9473000000000003","False","12.0815","24.6183","24.2835","8.3787","32.801","8","1","1","False","0"
"27764","1974339920048","1991355777116","1991355935168","15.936700000000002","15.805200000000001","0.1315","17.1646","4.4537","False","18.195","15.997","12.0815","4.4632000000000005","20.2684","8","1","1","False","0"
"27764","1974339920048","1991355936483","1991356114416","17.975500000000004","17.793300000000002","0.1822","16.7909","2.9808000000000003","False","18.2271","17.9248","18.195","4.7334000000000005","22.5267","8","1","1","False","0"
"27764","1974339920048","1991356116238","1991356262223","14.789900000000001","14.598500000000001","0.19140000000000001","13.8728","2.0607","False","12.0531","14.780700000000001","18.2271","8.1798","22.7783","8","1","1","False","0"
"27764","1974339920048","1991356264137","1991356427338","16.49","16.3201","0.1699","16.3774","1.9474","False","18.2083","16.5115","12.0531","3.7214","20.0415","8","1","1","False","0"
"27764","1974339920048","1991356429037","1991356587105","15.9954","15.8068","0.18860000000000002","17.2025","3.1539","False","18.2011","15.976700000000001","18.2083","5.953","21.759800000000002","8","1","1","False","0"
"27764","1974339920048","1991356588991","1991356747049","15.974800000000002","15.805800000000001","0.169","17.015900000000002","4.1923","False","12.0852","15.9944","18.2011","8.1597","23.965500000000002","8","1","1","False","0"
"27764","1974339920048","1991356748739","1991356923366","17.6472","17.4627","0.1845","15.396","1.9400000000000002","False","24.2859","17.631700000000002","12.0852","2.6132","20.0759","8","1","1","False","0"
"27764","1974339920048","1991356925211","1991357099285","17.5947","17.4074","0.18730000000000002","18.7591","3.1206","False","12.098","17.591900000000003","24.2859","9.3072","26.7146","8","1","1","False","0"
"27764","1974339920048","1991357101158","1991357263801","16.441100000000002","16.264300000000002","0.1768","15.254100000000001","1.9244","False","18.194200000000002","16.4516","12.098","4.953600000000001","21.2179","8","1","1","False","0"
"27764","1974339920048","1991357265569","1991357432099","16.855100000000004","16.653000000000002","0.2021","17.1338","2.201","False","12.088600000000001","16.829800000000002","18.194200000000002","6.3180000000000005","22.971","8","1","1","False","0"
"27764","1974339920048","1991357434120","1991357587580","15.5382","15.346","0.1922","15.534500000000001","2.2165","False","18.1828","15.548100000000002","12.088600000000001","2.8585000000000003","18.2045","8","1","1","False","0"
"27764","1974339920048","1991357589502","1991357756957","16.9166","16.7455","0.1711","17.7889","3.0656000000000003","False","18.2153","16.9377","18.1828","4.1036","20.8491","8","1","1","False","0"
"27764","1974339920048","1991357758668","1991357910504","15.3615","15.1836","0.1779","14.402600000000001","2.1140000000000003","False","12.0957","15.354700000000001","18.2153","6.9642","22.1478","8","1","1","False","0"
"27764","1974339920048","1991357912283","1991358065792","15.5401","15.350900000000001","0.1892","15.6416","2.2109","False","18.1991","15.5288","12.0957","3.5311000000000003","18.882","8","1","1","False","0"
"27764","1974339920048","1991358067684","1991358219913","15.357000000000001","15.222900000000001","0.1341","15.298900000000001","2.4422","False","12.116100000000001","15.4121","18.1991","6.3181","21.541","8","1","1","False","0"
"27764","1974339920048","1991358221254","1991358367347","14.7962","14.609300000000001","0.1869","14.849599999999999","2.2199","False","18.1937","14.743400000000001","12.116100000000001","3.6908000000000003","18.3001","8","1","1","False","0"
"27764","1974339920048","1991358369216","1991358514045","14.655700000000001","14.4829","0.1728","14.385800000000001","1.9396","False","18.196","14.6698","18.1937","7.214700000000001","21.6976","8","1","1","False","0"
"27764","1974339920048","1991358515773","1991358684257","17.035700000000002","16.8484","0.18730000000000002","17.3685","2.2679","False","24.199","17.0212","18.196","8.3895","25.2379","8","1","1","False","0"
"27764","1974339920048","1991358686130","1991358977542","29.340600000000002","29.1412","0.19940000000000002","29.3046","2.2348","False","18.2011","29.328500000000002","24.199","3.2600000000000002","32.4012","8","1","1","False","0"
"27764","1974339920048","1991358979536","1991359117215","13.933300000000001","13.767900000000001","0.16540000000000002","15.892399999999999","4.1893","False","12.111","13.9673","18.2011","7.4938","21.2617","8","1","1","False","0"
"27764","1974339920048","1991359118869","1991359287470","17.0488","16.8601","0.1887","15.0835","2.2275","False","18.2066","17.0255","12.111","2.5793","19.439400000000003","8","1","1","False","0"
"27764","1974339920048","1991359289357","1991359428906","14.1309","13.9549","0.17600000000000002","14.388900000000001","2.4861","False","12.097000000000001","14.143600000000001","18.2066","6.6423000000000005","20.5972","8","1","1","False","0"
"27764","1974339920048","1991359430666","1991359574244","14.5257","14.357800000000001","0.16790000000000002","13.9532","1.9097000000000002","False","18.2037","14.533800000000001","12.097000000000001","4.2055","18.5633","8","1","1","False","0"
"27764","1974339920048","1991359575923","1991359721656","14.8107","14.573300000000001","0.2374","14.8709","2.0394","False","12.118300000000001","14.741200000000001","18.2037","7.668","22.241300000000003","8","1","1","False","0"
"27764","1974339920048","1991359724030","1991359865300","14.3004","14.127","0.1734","14.445400000000001","2.1159","False","12.0928","14.3644","12.118300000000001","5.4219","19.5489","8","1","1","False","0"
"27764","1974339920048","1991359867034","1991360005595","14.0851","13.856100000000001","0.229","14.217400000000001","2.2682","False","18.200200000000002","14.0295","12.0928","3.4852000000000003","17.3413","8","1","1","False","0"
"27764","1974339920048","1991360007885","1991360172402","16.588400000000004","16.451700000000002","0.13670000000000002","17.1555","3.1135","False","18.2011","16.6807","18.200200000000002","5.004700000000001","21.456400000000002","8","1","1","False","0"
"27764","1974339920048","1991360173769","1991360328636","15.6843","15.4867","0.1976","14.799700000000001","1.9393","False","12.0968","15.6234","18.2011","7.582400000000001","23.069100000000002","8","1","1","False","0"
"27764","1974339920048","1991360330612","1991360478440","14.9525","14.7828","0.16970000000000002","14.8496","1.8282","False","12.106300000000001","14.980400000000001","12.0968","4.6988","19.4816","8","1","1","False","0"
"27764","1974339920048","1991360480137","1991360613206","13.495000000000001","13.3069","0.18810000000000002","13.884400000000001","2.2147","False","18.2025","13.476600000000001","12.106300000000001","3.3285","16.6354","8","1","1","False","0"
"27764","1974339920048","1991360615087","1991360774147","16.085","15.906","0.17900000000000002","16.8596","2.9954","False","18.1801","16.0941","18.2025","5.4369000000000005","21.3429","8","1","1","False","0"
"27764","1974339920048","1991360775937","1991360964487","19.040300000000002","18.855","0.18530000000000002","17.939500000000002","1.9056000000000002","False","12.102400000000001","19.034000000000002","18.1801","4.583","23.438000000000002","8","1","1","False","0"
"27764","1974339920048","1991360966340","1991361097909","13.3438","13.1569","0.1869","13.4475","1.9967000000000001","False","18.1906","13.3422","12.102400000000001","3.3432","16.5001","8","1","1","False","0"
"27764","1974339920048","1991361099778","1991361252234","15.440800000000001","15.245600000000001","0.1952","17.862000000000002","4.4273","False","12.139100000000001","15.432500000000001","18.1906","6.1013","21.3469","8","1","1","False","0"
"27764","1974339920048","1991361254186","1991361379623","12.7162","12.543700000000001","0.17250000000000001","10.370000000000001","2.0679000000000003","False","18.181800000000003","12.738900000000001","12.139100000000001","5.5015","18.0452","8","1","1","False","0"
"27764","1974339920048","1991361381348","1991361535001","15.539800000000001","15.365300000000001","0.17450000000000002","17.7208","4.2525","False","12.137400000000001","15.5378","18.181800000000003","8.1455","23.5108","8","1","1","False","0"
"27764","1974339920048","1991361536746","1991361657716","12.282600000000002","12.097000000000001","0.18560000000000001","10.1998","2.1722","False","12.1049","12.271500000000001","12.137400000000001","8.0114","20.1084","8","1","1","False","0"
"27764","1974339920048","1991361659572","1991361811406","15.382200000000001","15.1834","0.1988","15.139600000000002","1.9298000000000002","False","12.0938","15.369000000000002","12.1049","4.7473","19.9307","8","1","1","False","0"
"27764","1974339920048","1991361813394","1991361937039","12.534","12.364500000000001","0.1695","14.5289","3.9199","False","18.198800000000002","12.5633","12.0938","4.2778","16.642300000000002","8","1","1","False","0"
"27764","1974339920048","1991361938734","1991362116301","17.9037","17.756700000000002","0.14700000000000002","15.631300000000001","1.9654","False","12.126000000000001","17.9262","18.198800000000002","4.5504","22.307100000000002","8","1","1","False","0"
"27764","1974339920048","1991362117771","1991362236302","12.024500000000002","11.853100000000001","0.1714","12.316600000000001","1.9426","False","18.2054","12.0001","12.126000000000001","4.6763","16.529400000000003","8","1","1","False","0"
"27764","1974339920048","1991362238016","1991362388384","15.22","15.036800000000001","0.1832","15.1483","1.8772","False","12.1075","15.208200000000001","18.2054","7.673500000000001","22.7103","8","1","1","False","0"
"27764","1974339920048","1991362390216","1991362522119","13.3895","13.1903","0.19920000000000002","13.7537","2.2371000000000003","False","12.1029","13.3735","12.1075","6.407500000000001","19.5978","8","1","1","False","0"
"27764","1974339920048","1991362524111","1991362663267","14.102300000000001","13.915600000000001","0.1867","13.7415","1.877","False","12.112400000000001","14.1148","12.1029","4.3956","18.3112","8","1","1","False","0"
"27764","1974339920048","1991362665134","1991362803241","13.9808","13.8107","0.1701","14.3412","2.2333000000000003","False","18.197100000000002","13.9974","12.112400000000001","2.5106","16.3213","8","1","1","False","0"
"27764","1974339920048","1991362804942","1991362938597","13.546600000000002","13.3655","0.1811","15.814","4.502800000000001","False","12.099","13.5356","18.197100000000002","7.1721","20.5376","8","1","1","False","0"
"27764","1974339920048","1991362940408","1991363091898","15.340900000000001","15.149000000000001","0.19190000000000002","12.705200000000001","1.8693000000000002","False","18.2089","15.330100000000002","12.099","3.9410000000000003","19.09","8","1","1","False","0"
"27764","1974339920048","1991363093817","1991363229354","13.7321","13.553700000000001","0.1784","16.867900000000002","5.0098","False","12.1166","13.745600000000001","18.2089","8.404300000000001","21.958000000000002","8","1","1","False","0"
"27764","1974339920048","1991363231138","1991363370013","14.064000000000002","13.887500000000001","0.17650000000000002","13.075200000000002","4.0133","False","12.1119","14.065900000000001","12.1166","6.455","20.3425","8","1","1","False","0"
"27764","1974339920048","1991363371778","1991363499796","12.9759","12.8018","0.1741","11.1729","2.2106","False","12.105500000000001","12.9783","12.1119","5.5886000000000005","18.3904","8","1","1","False","0"
"27764","1974339920048","1991363501537","1991363621997","12.219700000000001","12.046000000000001","0.17370000000000002","12.071","2.0625","False","12.1236","12.2201","12.105500000000001","5.474","17.52","8","1","1","False","0"
"27764","1974339920048","1991363623734","1991363766531","14.4408","14.2797","0.16110000000000002","14.999400000000001","2.943","False","24.2694","14.4534","12.1236","3.1442","17.4239","8","1","1","False","0"
"27764","1974339920048","1991363768142","1991363928133","16.1785","15.9991","0.1794","18.9513","5.3931000000000004","False","6.03","16.1602","24.2694","11.253400000000001","27.2525","8","1","1","False","0"
"27764","1974339920048","1991363929927","1991364070313","14.2185","14.0386","0.1799","10.960700000000001","2.1404","False","12.1286","14.218","6.03","3.0654000000000003","17.104","8","1","1","False","0"
"27764","1974339920048","1991364072112","1991364177051","10.6647","10.4939","0.1708","10.4237","1.8929","False","12.1074","10.6738","12.1286","4.5202","15.014100000000001","8","1","1","False","0"
"27764","1974339920048","1991364178759","1991364296143","11.9443","11.7384","0.2059","12.007000000000001","1.9705000000000001","False","18.2267","11.9092","12.1074","4.7184","16.4568","8","1","1","False","0"
"27764","1974339920048","1991364298202","1991364423649","12.7238","12.5447","0.1791","15.4867","4.7186","False","12.1011","12.7506","18.2267","10.1945","22.7392","8","1","1","False","0"
"27764","1974339920048","1991364425440","1991364552614","12.8815","12.717400000000001","0.1641","12.202","4.0335","False","6.0593","12.896500000000001","12.1011","9.3991","22.116500000000002","8","1","1","False","0"
"27764","1974339920048","1991364554255","1991364674406","12.173","12.0151","0.1579","10.0137","1.8735000000000002","False","12.1273","12.1792","6.0593","3.2792000000000003","15.294300000000002","8","1","1","False","0"
"27764","1974339920048","1991364675985","1991364767568","9.3362","9.1583","0.1779","9.906","2.451","False","12.1289","9.3162","12.1273","6.0903","15.248600000000001","8","1","1","False","0"
"27764","1974339920048","1991364769347","1991364902876","13.5348","13.3529","0.1819","13.083","1.9754","False","12.1312","13.530800000000001","12.1289","4.688400000000001","18.0413","8","1","1","False","0"
"27764","1974339920048","1991364904695","1991365012050","10.9121","10.7355","0.1766","11.3324","2.4197","False","6.0269","10.9174","12.1312","5.902200000000001","16.637700000000002","8","1","1","False","0"
"27764","1974339920048","1991365013816","1991365105414","9.3405","9.1598","0.1807","8.780800000000001","1.8635000000000002","False","18.209300000000002","9.336400000000001","6.0269","2.5927000000000002","11.752500000000001","8","1","1","False","0"
"27764","1974339920048","1991365107221","1991365226708","12.134400000000001","11.9487","0.1857","13.389000000000001","3.1262000000000003","False","6.0236","12.1294","18.209300000000002","8.672600000000001","20.6213","8","1","1","False","0"
"27764","1974339920048","1991365228565","1991365341975","11.507600000000002","11.341000000000001","0.1666","10.268","1.8718000000000001","False","12.117600000000001","11.5267","6.0236","3.1695","14.5105","8","1","1","False","0"
"27764","1974339920048","1991365343641","1991365451528","10.9303","10.7887","0.1416","10.635200000000001","1.8884","False","12.142900000000001","10.955300000000001","12.117600000000001","4.3318","15.120500000000002","8","1","1","False","0"
"27764","1974339920048","1991365452944","1991365573470","12.2397","12.0526","0.18710000000000002","13.680100000000001","3.0146","False","12.1338","12.1942","12.142900000000001","4.2805","16.3331","8","1","1","False","0"
"27764","1974339920048","1991365575341","1991365676445","10.280100000000001","10.1104","0.16970000000000002","9.488800000000001","2.2279","False","12.127600000000001","10.297500000000001","12.1338","6.1168000000000005","16.2272","8","1","1","False","0"
"27764","1974339920048","1991365678142","1991365800275","12.3876","12.2133","0.1743","12.4265","2.2674000000000003","False","12.1233","12.383000000000001","12.127600000000001","5.861400000000001","18.0747","8","1","1","False","0"
"27764","1974339920048","1991365802018","1991365914505","11.4213","11.248700000000001","0.1726","11.4261","2.2718000000000003","False","12.106100000000001","11.423","12.1233","6.5617","17.8104","8","1","1","False","0"
"27764","1974339920048","1991365916231","1991366028889","11.453100000000001","11.2658","0.18730000000000002","11.591000000000001","2.4194","False","12.1325","11.4384","12.106100000000001","7.2294","18.4952","8","1","1","False","0"
"27764","1974339920048","1991366030762","1991366169115","14.0628","13.8353","0.2275","13.672600000000001","2.0378000000000003","False","12.111500000000001","14.0226","12.1325","5.339300000000001","19.1746","8","1","1","False","0"
"27764","1974339920048","1991366171390","1991366279733","11.0128","10.8343","0.17850000000000002","11.48","2.4902","False","12.1166","11.0618","12.111500000000001","6.389","17.223300000000002","8","1","1","False","0"
"27764","1974339920048","1991366281518","1991366425614","14.581100000000001","14.409600000000001","0.1715","14.359100000000002","2.2638000000000003","False","12.102400000000001","14.5881","12.1166","3.9175","18.3271","8","1","1","False","0"
"27764","1974339920048","1991366427329","1991366524262","9.993","9.6933","0.2997","12.767100000000001","5.0394000000000005","False","18.253500000000003","9.8648","12.102400000000001","6.1551","15.848400000000002","8","1","1","False","0"
"27764","1974339920048","1991366527259","1991366675817","15.047500000000001","14.8558","0.1917","13.3154","3.3093000000000004","False","18.1313","15.1555","18.253500000000003","9.2531","24.108900000000002","8","1","1","False","0"
"27764","1974339920048","1991366677734","1991366857500","18.177500000000002","17.9766","0.20090000000000002","18.1328","3.2632000000000003","False","12.097800000000001","18.168300000000002","18.1313","9.2161","27.192700000000002","8","1","1","False","0"
"27764","1974339920048","1991366859509","1991367029806","17.158700000000003","17.029700000000002","0.129","15.2872","1.6895","False","18.1817","17.230600000000003","12.097800000000001","4.0833","21.113","8","1","1","False","0"
"27764","1974339920048","1991367031096","1991367207143","17.774900000000002","17.6047","0.17020000000000002","19.3835","2.9897","False","18.183","17.733700000000002","18.1817","4.5313","22.136000000000003","8","1","1","False","0"
"27764","1974339920048","1991367208845","1991367343502","13.6576","13.4657","0.19190000000000002","13.625300000000001","2.9269000000000003","False","18.2076","13.635900000000001","18.183","9.0784","22.5441","8","1","1","False","0"
"27764","1974339920048","1991367345421","1991367525303","18.178600000000003","17.988200000000003","0.1904","21.339000000000002","6.1269","False","30.277600000000003","18.1801","18.2076","9.1059","27.0941","8","1","1","False","0"
"27764","1974339920048","1991367527207","1991367879461","35.4041","35.2254","0.1787","31.3309","2.0580000000000003","False","18.1802","35.415800000000004","30.277600000000003","3.9677000000000002","39.1931","8","1","1","False","0"
"27764","1974339920048","1991367881248","1991368040032","16.0761","15.878400000000001","0.19770000000000001","17.421","3.3856","False","12.1241","16.057100000000002","18.1802","6.090800000000001","21.9692","8","1","1","False","0"
"27764","1974339920048","1991368042009","1991368186913","14.661800000000001","14.490400000000001","0.1714","14.5557","3.2897000000000003","False","24.270400000000002","14.6881","12.1241","3.5268","18.017200000000003","8","1","1","False","0"
"27764","1974339920048","1991368188627","1991368385234","19.832800000000002","19.660700000000002","0.1721","19.569100000000006","3.0084","False","12.157200000000001","19.8321","24.270400000000002","7.9651000000000005","27.6258","8","1","1","False","0"
"27764","1974339920048","1991368386955","1991368535605","15.046800000000001","14.865","0.18180000000000002","15.777500000000002","3.7614","False","18.117800000000003","15.0371","12.157200000000001","5.0852","19.950200000000002","8","1","1","False","0"
"27764","1974339920048","1991368537423","1991368696986","16.1517","15.9563","0.19540000000000002","15.6097","3.2198","False","12.119900000000001","16.1381","18.117800000000003","7.064900000000001","23.0212","8","1","1","False","0"
"27764","1974339920048","1991368698940","1991368856918","15.9443","15.7978","0.14650000000000002","15.6759","3.2611000000000003","False","24.279400000000003","15.993200000000002","12.119900000000001","3.1916","18.9894","8","1","1","False","0"
"27764","1974339920048","1991368858383","1991369029976","17.3413","17.1593","0.182","19.4954","5.1044","False","12.120000000000001","17.3058","24.279400000000003","10.1652","27.3245","8","1","1","False","0"
"27764","1974339920048","1991369031796","1991369204145","17.4022","17.2349","0.1673","14.2317","1.9297000000000002","False","18.1512","17.416900000000002","12.120000000000001","4.8683000000000005","22.1032","8","1","1","False","0"
"27764","1974339920048","1991369205818","1991369359667","15.6006","15.3849","0.2157","16.678900000000002","3.0105","False","18.1848","15.552200000000001","18.1512","7.467300000000001","22.8522","8","1","1","False","0"
"27764","1974339920048","1991369361824","1991369535020","17.506","17.3196","0.1864","19.7909","5.2862","False","12.1713","17.5353","18.1848","8.1168","25.436400000000003","8","1","1","False","0"
"27764","1974339920048","1991369536884","1991369701439","16.6223","16.4555","0.1668","13.271600000000001","1.9449","False","18.125700000000002","16.6419","12.1713","3.6462000000000003","20.1017","8","1","1","False","0"
"27764","1974339920048","1991369703107","1991369863060","16.1625","15.9953","0.16720000000000002","17.3133","3.0914","False","18.1839","16.162100000000002","18.125700000000002","5.6098","21.6051","8","1","1","False","0"
"27764","1974339920048","1991369864732","1991370046305","18.3708","18.1573","0.21350000000000002","18.3399","3.067","False","18.2531","18.3245","18.1839","5.4692","23.6265","8","1","1","False","0"
"27764","1974339920048","1991370048440","1991370208775","16.2151","16.0335","0.1816","16.625","3.4824","False","18.1508","16.247","18.2531","7.475300000000001","23.5088","8","1","1","False","0"
"27764","1974339920048","1991370210591","1991370381838","17.286","17.1247","0.1613","15.972000000000001","2.1562","False","12.0771","17.3063","18.1508","8.3198","25.4445","8","1","1","False","0"
"27764","1974339920048","1991370383451","1991370544311","16.268900000000002","16.086000000000002","0.1829","16.6411","2.5285","False","18.1796","16.2473","12.0771","4.1496","20.2356","8","1","1","False","0"
"27764","1974339920048","1991370546140","1991370703136","15.8324","15.6996","0.1328","16.2138","3.2128","False","18.2138","15.8825","18.1796","6.4467","22.1463","8","1","1","False","0"
"27764","1974339920048","1991370704464","1991370869652","16.6914","16.518800000000002","0.1726","17.0526","3.2748000000000004","False","12.0943","16.651600000000002","18.2138","8.0089","24.527700000000003","8","1","1","False","0"
"27764","1974339920048","1991370871378","1991371042188","17.2491","17.081","0.1681","16.270500000000002","2.2938","False","18.1829","17.253600000000002","12.0943","2.8496","19.930600000000002","8","1","1","False","0"
"27764","1974339920048","1991371043869","1991371207008","16.5105","16.3139","0.1966","17.1739","2.9561","False","18.1863","16.482","18.1829","4.5505","20.8644","8","1","1","False","0"
"27764","1974339920048","1991371208974","1991371367684","16.046","15.871","0.17500000000000002","16.7129","3.6297","False","18.1824","16.067600000000002","18.1863","6.6692","22.540200000000002","8","1","1","False","0"
"27764","1974339920048","1991371369434","1991371542957","17.5413","17.3523","0.189","18.2254","4.3253","False","12.1102","17.5273","18.1824","7.3243","24.6766","8","1","1","False","0"
"27764","1974339920048","1991371544847","1991371715687","17.255","17.084","0.171","14.902700000000001","1.9535","False","18.1855","17.273","12.1102","2.1615","19.2455","8","1","1","False","0"
"27764","1974339920048","1991371717397","1991371872905","15.7497","15.5508","0.19890000000000002","16.6521","2.8621000000000003","False","18.1847","15.7218","18.1855","4.6252","20.176000000000002","8","1","1","False","0"
"27764","1974339920048","1991371874894","1991372060966","18.7814","18.607200000000002","0.17420000000000002","18.881800000000002","2.9570000000000003","False","18.209","18.8061","18.1847","4.0038","22.611","8","1","1","False","0"
"27764","1974339920048","1991372062708","1991372207025","14.6019","14.431700000000001","0.17020000000000002","14.6089","2.9656000000000002","False","18.1898","14.6059","18.209","7.6069","22.038600000000002","8","1","1","False","0"
"27764","1974339920048","1991372208727","1991372387293","18.0306","17.8566","0.17400000000000002","17.1521","2.0923000000000003","False","12.1271","18.0268","18.1898","7.769900000000001","25.6265","8","1","1","False","0"
"27764","1974339920048","1991372389033","1991372556395","16.8962","16.7362","0.16","16.355","1.8844","False","18.139400000000002","16.9102","12.1271","2.9868","19.723000000000003","8","1","1","False","0"
"27764","1974339920048","1991372557995","1991372693626","13.7658","13.5631","0.20270000000000002","15.0911","2.8889","False","18.2149","13.7231","18.139400000000002","7.4031","20.9662","8","1","1","False","0"
"27764","1974339920048","1991372695653","1991372880677","18.7036","18.5024","0.20120000000000002","19.3579","3.5485","False","18.1856","18.7051","18.2149","6.9129000000000005","25.415300000000002","8","1","1","False","0"
"27764","1974339920048","1991372882689","1991373047233","16.6252","16.4544","0.1708","15.4334","2.3348","False","18.183400000000002","16.6556","18.1856","8.4429","24.8973","8","1","1","False","0"
"27764","1974339920048","1991373048941","1991373230728","18.359099999999998","18.1787","0.1804","20.4484","4.4147","False","12.0876","18.349500000000003","18.183400000000002","8.2768","26.4555","8","1","1","False","0"
"27764","1974339920048","1991373232532","1991373386817","15.594500000000002","15.428500000000001","0.166","13.1012","1.9315","False","18.2045","15.6089","12.0876","4.7555000000000005","20.184","8","1","1","False","0"
"27764","1974339920048","1991373388477","1991373554105","16.7688","16.5628","0.20600000000000002","18.151500000000002","3.3302","False","12.0839","16.7288","18.2045","6.2312","22.794","8","1","1","False","0"
"27764","1974339920048","1991373556165","1991373701552","14.7035","14.5387","0.1648","13.2666","1.8747","False","18.181900000000002","14.7447","12.0839","3.5704000000000002","18.1091","8","1","1","False","0"
"27764","1974339920048","1991373703200","1991373877380","17.6033","17.418","0.18530000000000002","18.7013","2.9745","False","24.286","17.582800000000002","18.181900000000002","4.1695","21.587500000000002","8","1","1","False","0"
"27764","1974339920048","1991373879233","1991374075988","19.8554","19.6755","0.1799","20.1477","3.2725","False","12.1197","19.8608","24.286","8.5947","28.270200000000003","8","1","1","False","0"
"27764","1974339920048","1991374077787","1991374204133","12.8118","12.6346","0.1772","11.7508","2.2172","False","18.1809","12.8145","12.1197","7.899900000000001","20.5345","8","1","1","False","0"
"27764","1974339920048","1991374205905","1991374392424","18.8044","18.6519","0.1525","20.6219","4.3349","False","18.1816","18.8291","18.1809","7.2517000000000005","25.9036","8","1","1","False","0"
"27764","1974339920048","1991374393949","1991374579352","18.732000000000003","18.540300000000002","0.1917","17.480800000000002","2.7748","False","12.089500000000001","18.692800000000002","18.1816","6.7405","25.280800000000003","8","1","1","False","0"
"27764","1974339920048","1991374581269","1991374724843","14.5364","14.3574","0.17900000000000002","13.689900000000002","1.933","False","24.2532","14.549100000000001","12.089500000000001","4.2809","18.6383","8","1","1","False","0"
"27764","1974339920048","1991374726633","1991374959048","23.426900000000003","23.241500000000002","0.1854","24.643800000000002","3.1503","False","12.144400000000001","23.4205","24.2532","5.1136","28.3551","8","1","1","False","0"
"27764","1974339920048","1991374960902","1991375083380","12.4233","12.2478","0.17550000000000002","11.1682","1.8878000000000001","False","18.1459","12.433200000000001","12.144400000000001","4.824800000000001","17.0726","8","1","1","False","0"
"27764","1974339920048","1991375085135","1991375233347","15.0082","14.821200000000001","0.187","15.330200000000001","2.2089000000000003","False","30.3333","14.9967","18.1459","7.974","22.7952","8","1","1","False","0"
"27764","1974339920048","1991375235217","1991375557155","32.380300000000005","32.1938","0.1865","33.4244","3.2593","False","12.093900000000001","32.3808","30.3333","5.9265","38.1203","8","1","1","False","0"
"27764","1974339920048","1991375559020","1991375714349","15.7222","15.532900000000001","0.1893","14.4356","1.9845000000000002","False","18.1985","15.7194","12.093900000000001","2.301","17.8339","8","1","1","False","0"
"27764","1974339920048","1991375716242","1991375869760","15.535300000000001","15.3518","0.1835","15.5523","1.9824000000000002","False","12.1235","15.5411","18.1985","4.9584","20.310200000000002","8","1","1","False","0"
"27764","1974339920048","1991375871595","1991375982955","11.313500000000001","11.136000000000001","0.17750000000000002","11.3559","2.0305","False","18.1932","11.3195","12.1235","5.7624","16.898400000000002","8","1","1","False","0"
"27764","1974339920048","1991375984730","1991376148825","16.578300000000002","16.4095","0.1688","17.0019","2.4498","False","6.027200000000001","16.587","18.1932","7.368600000000001","23.778100000000002","8","1","1","False","0"
"27764","1974339920048","1991376150513","1991376260440","11.1256","10.992700000000001","0.13290000000000002","10.2597","1.8808","False","24.2708","11.1615","6.027200000000001","2.2343","13.227","8","1","1","False","0"
"27764","1974339920048","1991376261769","1991376466448","20.656200000000002","20.4679","0.1883","22.213800000000003","3.1432","False","12.116800000000001","20.6008","24.2708","5.9043","26.372200000000003","8","1","1","False","0"
"27764","1974339920048","1991376468331","1991376598183","13.152800000000001","12.9852","0.1676","11.923300000000001","1.9152","False","18.2082","13.1735","12.116800000000001","4.8476","17.832800000000002","8","1","1","False","0"
"27764","1974339920048","1991376599859","1991376747973","14.992600000000001","14.8114","0.1812","16.2623","3.1824000000000003","False","12.0746","14.979000000000001","18.2082","8.0768","22.8882","8","1","1","False","0"
"27764","1974339920048","1991376749785","1991376912373","16.445800000000002","16.2588","0.187","15.121400000000001","1.8753000000000002","False","18.2214","16.44","12.0746","3.7114000000000003","19.970200000000002","8","1","1","False","0"
"27764","1974339920048","1991376914243","1991377072341","15.9839","15.809800000000001","0.1741","16.160800000000002","2.0386","False","18.183500000000002","15.9968","18.2214","5.936","21.745800000000003","8","1","1","False","0"
"27764","1974339920048","1991377074082","1991377220292","14.796000000000001","14.621","0.17500000000000002","16.634","3.8693000000000004","False","12.0691","14.795100000000001","18.183500000000002","9.3244","23.945400000000003","8","1","1","False","0"
"27764","1974339920048","1991377222042","1991377409372","18.9041","18.733","0.1711","17.2523","2.2203","False","18.212300000000003","18.908","12.0691","2.4855","21.218500000000002","8","1","1","False","0"
"27764","1974339920048","1991377411083","1991377566632","15.7274","15.5549","0.17250000000000001","16.4682","2.9634","False","18.1932","15.726","18.212300000000003","4.9718","20.5267","8","1","1","False","0"
"27764","1974339920048","1991377568357","1991377753290","18.7085","18.4933","0.2152","17.6371","1.9206","False","24.238200000000003","18.6658","18.1932","4.4992","22.9925","8","1","1","False","0"
"27764","1974339920048","1991377755442","1991377948575","19.503600000000002","19.3133","0.1903","20.6777","3.0717000000000003","False","12.134","19.5285","24.238200000000003","9.2089","28.5222","8","1","1","False","0"
"27764","1974339920048","1991377950478","1991378088916","13.9823","13.8438","0.1385","12.475100000000001","1.8618000000000001","False","12.0847","14.0341","12.134","7.308800000000001","21.1526","8","1","1","False","0"
"27764","1974339920048","1991378090301","1991378250825","16.2328","16.052400000000002","0.1804","16.556","1.8935000000000002","False","24.2578","16.1909","12.0847","3.2026000000000003","19.255000000000003","8","1","1","False","0"
"27764","1974339920048","1991378252629","1991378446271","19.5284","19.3642","0.1642","19.5512","2.7630000000000003","False","12.130500000000001","19.544600000000003","24.2578","7.9158","27.28","8","1","1","False","0"
"27764","1974339920048","1991378447913","1991378602287","15.6864","15.4374","0.249","15.636800000000001","1.8974000000000002","False","18.1679","15.601600000000001","12.130500000000001","4.4447","19.8821","8","1","1","False","0"
"27764","1974339920048","1991378604777","1991378774490","17.2243","16.9713","0.253","18.2219","2.8707000000000003","False","12.1224","17.2203","18.1679","5.3923000000000005","22.3636","8","1","1","False","0"
"27764","1974339920048","1991378777020","1991378911173","13.614","13.4153","0.19870000000000002","12.4715","1.7235","False","18.200400000000002","13.6683","12.1224","3.8464","17.2617","8","1","1","False","0"
"27764","1974339920048","1991378913160","1991379075181","16.4003","16.2021","0.19820000000000002","18.384900000000002","3.6916","False","18.1776","16.4008","18.200400000000002","5.646","21.848100000000002","8","1","1","False","0"
"27764","1974339920048","1991379077163","1991379261913","18.8354","18.475","0.3604","17.540300000000002","2.5198","False","12.0867","18.6732","18.1776","5.1504","23.625400000000003","8","1","1","False","0"
"27764","1974339920048","1991379265517","1991379407548","14.4381","14.203100000000001","0.23500000000000001","13.835700000000001","1.8390000000000002","False","24.247700000000002","14.563500000000001","12.0867","2.6736","16.8767","8","1","1","False","0"
"27764","1974339920048","1991379409898","1991379563580","15.5375","15.3682","0.1693","24.831100000000003","11.0847","False","6.0591","15.603200000000001","24.247700000000002","11.318100000000001","26.686300000000003","8","1","1","False","0"
"27764","1974339920048","1991379565273","1991379711001","14.785900000000002","14.5728","0.2131","5.760000000000001","2.0607","False","24.262","14.7421","6.0591","2.6351","17.207900000000002","8","1","1","False","0"
"27764","1974339920048","1991379713132","1991379903116","19.1305","18.9984","0.1321","21.554499999999997","4.7765","False","12.093","19.2115","24.262","7.6856","26.684","8","1","1","False","0"
"27764","1974339920048","1991379904437","1991380049351","14.754800000000001","14.4914","0.2634","12.7423","2.5121","False","18.2008","14.6235","12.093","5.1551","19.6465","8","1","1","False","0"
"27764","1974339920048","1991380051985","1991380228097","17.8136","17.6112","0.2024","19.241500000000002","3.8956000000000004","False","18.1781","17.8746","18.2008","5.4813","23.0925","8","1","1","False","0"
"27764","1974339920048","1991380230121","1991380433210","20.5319","20.3089","0.223","18.7373","2.1366","False","12.111600000000001","20.511300000000002","18.1781","3.1481000000000003","23.457","8","1","1","False","0"
"27764","1974339920048","1991380435440","1991380564636","13.1631","12.9196","0.24350000000000002","12.7636","1.7364000000000002","False","18.1755","13.1426","12.111600000000001","2.1171","15.036700000000002","8","1","1","False","0"
"27764","1974339920048","1991380567071","1991380714452","14.9074","14.738100000000001","0.1693","17.1385","3.9311000000000003","False","18.2","14.9816","18.1755","5.311","20.0491","8","1","1","False","0"
"27764","1974339920048","1991380716145","1991380893955","18.059600000000003","17.781000000000002","0.2786","18.9627","4.8843000000000005","False","18.1829","17.950300000000002","18.2","5.560700000000001","23.3417","8","1","1","False","0"
"27764","1974339920048","1991380896741","1991381097348","20.2982","20.0607","0.23750000000000002","17.3155","1.8829","False","18.2159","20.3393","18.1829","3.4043","23.465","8","1","1","False","0"
"27764","1974339920048","1991381099723","1991381232365","13.4495","13.2642","0.18530000000000002","13.7543","2.1576","False","12.074","13.501700000000001","18.2159","8.118500000000001","21.3827","8","1","1","False","0"
"27764","1974339920048","1991381234218","1991381380294","14.8792","14.607600000000001","0.2716","16.355","3.6883000000000004","False","24.2541","14.792900000000001","12.074","5.3996","20.0072","8","1","1","False","0"
"27764","1974339920048","1991381383010","1991381557606","17.7281","17.459600000000002","0.2685","25.4295","11.378300000000001","False","12.1514","17.7312","24.2541","11.922500000000001","29.3821","8","1","1","False","0"
"27764","1974339920048","1991381560291","1991381708980","15.0379","14.8689","0.169","7.8693","4.1699","False","12.077900000000001","15.137400000000001","12.1514","8.9365","23.805400000000002","8","1","1","False","0"
"27764","1974339920048","1991381710670","1991381886603","17.7687","17.5933","0.1754","15.099","1.9203000000000001","False","18.179100000000002","17.7623","12.077900000000001","3.2521","20.8454","8","1","1","False","0"
"27764","1974339920048","1991381888357","1991382063319","17.692600000000002","17.4962","0.19640000000000002","19.3248","3.1429","False","18.212400000000002","17.6716","18.179100000000002","3.7596000000000003","21.2558","8","1","1","False","0"
"27764","1974339920048","1991382065283","1991382221995","16.0135","15.6712","0.3423","16.114800000000002","3.3049","False","18.1824","15.867600000000001","18.212400000000002","6.1044","21.7756","8","1","1","False","0"
"27764","1974339920048","1991382225418","1991382392419","16.8905","16.7001","0.1904","16.0923","2.4467000000000003","False","12.0989","17.0424","18.1824","7.244400000000001","23.9445","8","1","1","False","0"
"27764","1974339920048","1991382394323","1991382557760","16.6323","16.343700000000002","0.2886","16.3464","2.2129000000000003","False","18.175800000000002","16.534100000000002","12.0989","2.8092","19.152900000000002","8","1","1","False","0"
"27764","1974339920048","1991382560646","1991382717723","16.0039","15.7077","0.2962","16.8669","3.0549","False","18.2051","15.996300000000002","18.175800000000002","4.988700000000001","20.6964","8","1","1","False","0"
"27764","1974339920048","1991382720685","1991382898755","18.068800000000003","17.807000000000002","0.26180000000000003","18.0791","3.0581","False","18.164","18.1032","18.2051","5.0906","22.8976","8","1","1","False","0"
"27764","1974339920048","1991382901373","1991383095129","19.637400000000003","19.375600000000002","0.26180000000000003","18.5135","1.9479000000000002","False","18.229100000000003","19.6374","18.164","3.6172","22.992800000000003","8","1","1","False","0"
"27764","1974339920048","1991383097747","1991383237617","14.2433","13.987","0.25630000000000003","14.7218","2.4175","False","12.0686","14.248800000000001","18.229100000000003","7.5975","21.584500000000002","8","1","1","False","0"
"27764","1974339920048","1991383240180","1991383382361","14.536200000000001","14.218100000000002","0.3181","14.0249","1.9431","False","18.1992","14.474400000000001","12.0686","5.1917","19.4098","8","1","1","False","0"
"27764","1974339920048","1991383385542","1991383581959","19.8967","19.6417","0.255","19.7468","1.7664000000000002","False","18.188100000000002","19.9598","18.1992","3.4311000000000003","23.0728","8","1","1","False","0"
"27764","1974339920048","1991383584509","1991383734340","15.2009","14.9831","0.21780000000000002","16.899","3.8999","False","18.162300000000002","15.238100000000001","18.188100000000002","6.3811","21.3642","8","1","1","False","0"
"27764","1974339920048","1991383736518","1991383929701","19.5729","19.3183","0.2546","20.0244","3.9073","False","12.1114","19.5361","18.162300000000002","5.0073","24.3256","8","1","1","False","0"
"27764","1974339920048","1991383932247","1991384070060","14.062899999999999","13.7813","0.2816","12.3648","2.2164","False","24.2767","14.0359","12.1114","3.0828","16.8641","8","1","1","False","0"
"27764","1974339920048","1991384072876","1991384265978","19.564300000000003","19.310200000000002","0.2541","20.5333","3.1801000000000004","False","18.1827","19.5918","24.2767","7.7677000000000005","27.0779","8","1","1","False","0"
"27764","1974339920048","1991384268519","1991384431080","16.5009","16.2561","0.24480000000000002","18.822400000000002","5.4988","False","12.1111","16.5102","18.1827","9.4402","25.6963","8","1","1","False","0"
"27764","1974339920048","1991384433528","1991384602883","17.1977","16.9355","0.2622","13.618300000000001","1.9238000000000002","False","18.1967","17.180300000000003","12.1111","4.371","21.3065","8","1","1","False","0"
"27764","1974339920048","1991384605505","1991384772449","16.954600000000003","16.6944","0.2602","17.1746","2.161","False","18.1672","16.9566","18.1967","5.6111","22.305500000000002","8","1","1","False","0"
"27764","1974339920048","1991384775051","1991384943541","17.1306","16.849","0.2816","17.6639","2.7024","False","12.1156","17.1092","18.1672","6.6691","23.5181","8","1","1","False","0"
"27764","1974339920048","1991384946357","1991385082271","13.8794","13.5914","0.28800000000000003","13.1506","1.9651","False","18.1965","13.873000000000001","12.1156","4.911700000000001","18.5031","8","1","1","False","0"
"27764","1974339920048","1991385085151","1991385246558","16.404500000000002","16.140700000000002","0.26380000000000003","16.8454","2.3785000000000003","False","12.106900000000001","16.4287","18.1965","6.6795","22.8202","8","1","1","False","0"
"27764","1974339920048","1991385249196","1991385385297","13.8071","13.610100000000001","0.197","13.422500000000001","1.9684000000000001","False","18.1842","13.8739","12.106900000000001","4.9125000000000005","18.5226","8","1","1","False","0"
"27764","1974339920048","1991385387267","1991385557213","17.1975","16.994600000000002","0.2029","17.2911","2.0694","False","18.192500000000003","17.1916","18.1842","5.9051","22.899700000000003","8","1","1","False","0"
"27764","1974339920048","1991385559242","1991385747629","19.06","18.8387","0.22130000000000002","18.9403","2.4250000000000003","False","18.1999","19.041600000000003","18.192500000000003","5.056","23.8947","8","1","1","False","0"
"27764","1974339920048","1991385749842","1991385910152","16.3015","16.031000000000002","0.2705","16.622600000000002","2.2925","False","18.162000000000003","16.2523","18.1999","7.0036000000000005","23.0346","8","1","1","False","0"
"27764","1974339920048","1991385912857","1991386109659","19.9329","19.6802","0.25270000000000004","19.6581","2.0172","False","12.0874","19.9507","18.162000000000003","5.2149","24.895100000000003","8","1","1","False","0"
"27764","1974339920048","1991386112186","1991386257334","14.775400000000001","14.514800000000001","0.2606","15.0347","2.2748","False","24.2817","14.7675","12.0874","2.5348","17.0496","8","1","1","False","0"
"27764","1974339920048","1991386259940","1991386452215","19.4791","19.2275","0.2516","20.800199999999997","3.6044","False","12.1087","19.4881","24.2817","7.3284","26.5559","8","1","1","False","0"
"27764","1974339920048","1991386454731","1991386612500","16.0764","15.776900000000001","0.2995","14.7285","2.258","False","18.1603","16.0285","12.1087","3.4086000000000003","19.1855","8","1","1","False","0"
"27764","1974339920048","1991386615495","1991386772988","16.0076","15.749300000000002","0.25830000000000003","15.7863","2.0401000000000002","False","30.3532","16.0488","18.1603","5.5201","21.2694","8","1","1","False","0"
"27764","1974339920048","1991386775571","1991387042326","26.892","26.6755","0.2165","28.1732","3.2848","False","12.090900000000001","26.9338","30.3532","8.9395","35.615","8","1","1","False","0"
"27764","1974339920048","1991387044491","1991387185928","14.4129","14.1437","0.2692","13.597000000000001","2.4994","False","18.2015","14.3602","12.090900000000001","6.6702","20.8139","8","1","1","False","0"
"27764","1974339920048","1991387188620","1991387367189","18.0809","17.8569","0.224","18.2213","2.6079000000000003","False","12.0778","18.1261","18.2015","6.7456000000000005","24.602500000000003","8","1","1","False","0"
"27764","1974339920048","1991387369429","1991387518012","15.045399999999999","14.8583","0.18710000000000002","13.945","1.9517","False","24.2803","15.0823","12.0778","3.7411000000000003","18.5994","8","1","1","False","0"
"27764","1974339920048","1991387519883","1991387707494","19.028900000000004","18.761100000000003","0.26780000000000004","20.450200000000002","2.9764","False","12.1274","18.9482","24.2803","9.0732","27.834300000000002","8","1","1","False","0"
"27764","1974339920048","1991387710172","1991387850280","14.198100000000002","14.010800000000001","0.18730000000000002","13.921500000000002","2.6292","False","12.087100000000001","14.2786","12.1274","6.922000000000001","20.9328","8","1","1","False","0"
"27764","1974339920048","1991387852153","1991388005714","15.624600000000001","15.356100000000001","0.2685","15.171700000000001","2.2271","False","18.1953","15.5434","12.087100000000001","3.4657","18.8218","8","1","1","False","0"
"27764","1974339920048","1991388008399","1991388169878","16.4328","16.1479","0.2849","16.1906","1.9845000000000002","False","12.101700000000001","16.4164","18.1953","5.2446","21.392500000000002","8","1","1","False","0"
"27764","1974339920048","1991388172727","1991388317330","14.744","14.4603","0.2837","14.882200000000001","2.1281","False","18.1923","14.7452","12.101700000000001","2.6011","17.061400000000003","8","1","1","False","0"
"27764","1974339920048","1991388320167","1991388477787","16.0751","15.762","0.3131","16.907","3.0058000000000002","False","12.1143","16.0457","18.1923","4.7477","20.509700000000002","8","1","1","False","0"
"27764","1974339920048","1991388480918","1991388621089","14.2931","14.017100000000001","0.276","13.2986","1.9549","False","24.281000000000002","14.330200000000001","12.1143","2.5318","16.5489","8","1","1","False","0"
"27764","1974339920048","1991388623849","1991388803166","18.1911","17.9317","0.2594","19.5399","3.3096","False","12.0975","18.2077","24.281000000000002","8.6051","26.5368","8","1","1","False","0"
"27764","1974339920048","1991388805760","1991388957286","15.429000000000002","15.152600000000001","0.27640000000000003","15.873000000000001","3.7932","False","18.2163","15.412","12.0975","5.2906","20.4432","8","1","1","False","0"
"27764","1974339920048","1991388960050","1991389096073","13.792500000000002","13.602300000000001","0.1902","14.095300000000002","4.027","False","12.0899","13.8787","18.2163","9.6282","23.230500000000003","8","1","1","False","0"
"27764","1974339920048","1991389097975","1991389265949","17.1084","16.7974","0.311","14.924800000000001","1.8964","False","12.134","16.9876","12.0899","4.7305","21.527900000000002","8","1","1","False","0"
"27764","1974339920048","1991389269059","1991389404441","13.6865","13.5382","0.14830000000000002","13.736","2.2027","False","18.156200000000002","13.849200000000002","12.134","3.0153000000000003","16.5535","8","1","1","False","0"
"27764","1974339920048","1991389405924","1991389573561","17.0419","16.7637","0.2782","18.0964","3.0094000000000003","False","18.1996","16.912000000000003","18.156200000000002","4.2595","21.023200000000003","8","1","1","False","0"
"27764","1974339920048","1991389576343","1991389725435","15.1944","14.9092","0.2852","16.2606","4.047000000000001","False","12.091700000000001","15.1874","18.1996","7.2717","22.1809","8","1","1","False","0"
"27764","1974339920048","1991389728287","1991389886869","16.1395","15.8582","0.2813","14.180800000000001","2.0891","False","24.2757","16.1434","12.091700000000001","3.22","19.078200000000002","8","1","1","False","0"
"27764","1974339920048","1991389889682","1991390081541","19.3772","19.1859","0.1913","20.3982","3.0728","False","12.0984","19.467200000000002","24.2757","8.028500000000001","27.2144","8","1","1","False","0"
"27764","1974339920048","1991390083454","1991390222878","14.220500000000001","13.942400000000001","0.2781","13.236500000000001","2.1203000000000003","False","18.2052","14.133700000000001","12.0984","5.9932","19.9356","8","1","1","False","0"
"27764","1974339920048","1991390225659","1991390403183","17.970200000000002","17.7524","0.21780000000000002","18.0093","2.1277","False","18.186500000000002","18.0305","18.2052","6.1679","23.9203","8","1","1","False","0"
"27764","1974339920048","1991390405361","1991390569986","16.733800000000002","16.462500000000002","0.2713","16.9423","2.3702","False","18.1914","16.680300000000003","18.186500000000002","7.6741","24.1366","8","1","1","False","0"
"27764","1974339920048","1991390572699","1991390734976","16.4246","16.227700000000002","0.19690000000000002","17.7569","3.6727000000000003","False","12.096400000000001","16.499000000000002","18.1914","9.3665","25.5942","8","1","1","False","0"
"27764","1974339920048","1991390736945","1991390897081","16.2677","16.0136","0.2541","14.600800000000001","2.0334000000000003","False","18.1869","16.2105","12.096400000000001","5.252400000000001","21.266000000000002","8","1","1","False","0"
"27764","1974339920048","1991390899622","1991391046049","14.862100000000002","14.642700000000001","0.2194","18.4785","6.122800000000001","False","18.2012","14.8968","18.1869","8.5425","23.185200000000002","8","1","1","False","0"
"27764","1974339920048","1991391048243","1991391227873","18.208000000000002","17.963","0.24500000000000002","14.8991","2.3377000000000003","False","12.0835","18.1824","18.2012","8.561300000000001","26.5243","8","1","1","False","0"
"27764","1974339920048","1991391230323","1991391398454","16.997200000000003","16.813100000000002","0.1841","16.974","2.2766","False","18.198800000000002","17.0581","12.0835","3.5867","20.399800000000003","8","1","1","False","0"
"27764","1974339920048","1991391400295","1991391550323","15.282200000000001","15.0028","0.27940000000000004","16.3337","3.3875","False","18.1642","15.186900000000001","18.198800000000002","6.5986","21.6014","8","1","1","False","0"
"27764","1974339920048","1991391553117","1991391764338","21.3817","21.1221","0.2596","21.023300000000003","2.9827000000000004","False","18.1969","21.401500000000002","18.1642","3.3613","24.4834","8","1","1","False","0"
"27764","1974339920048","1991391766934","1991391914706","15.0647","14.7772","0.28750000000000003","16.5882","4.560700000000001","False","18.177300000000002","15.036800000000001","18.1969","6.521400000000001","21.2986","8","1","1","False","0"
"27764","1974339920048","1991391917581","1991392097033","18.221","17.9452","0.2758","16.0437","2.3632","False","12.141200000000001","18.2327","18.177300000000002","6.466","24.4112","8","1","1","False","0"
"27764","1974339920048","1991392099791","1991392246847","14.8815","14.7056","0.1759","14.448300000000001","1.8864","False","24.2119","14.9814","12.141200000000001","3.6258000000000004","18.331400000000002","8","1","1","False","0"
"27764","1974339920048","1991392248606","1991392479865","23.3198","23.1259","0.19390000000000002","24.277900000000002","2.8485","False","18.214100000000002","23.3018","24.2119","4.5359","27.661800000000003","8","1","1","False","0"
"27764","1974339920048","1991392481804","1991392644543","16.5089","16.2739","0.23500000000000001","15.7789","2.1461","False","12.084000000000001","16.4678","18.214100000000002","6.2822000000000005","22.5561","8","1","1","False","0"
"27764","1974339920048","1991392646893","1991392783181","13.8639","13.6288","0.2351","13.6186","1.9015000000000002","False","24.2716","13.863800000000001","12.084000000000001","4.502400000000001","18.1312","8","1","1","False","0"
"27764","1974339920048","1991392785532","1991392979559","19.6522","19.4027","0.2495","21.018900000000002","3.2818","False","12.134","19.637800000000002","24.2716","9.1362","28.5389","8","1","1","False","0"
"27764","1974339920048","1991392982054","1991393127397","14.8101","14.5343","0.2758","13.2501","2.232","False","18.1617","14.783800000000001","12.134","6.486400000000001","21.0207","8","1","1","False","0"
"27764","1974339920048","1991393130155","1991393311657","18.428500000000003","18.1502","0.2783","19.002700000000004","2.2873","False","12.124","18.426000000000002","18.1617","6.2221","24.372300000000003","8","1","1","False","0"
"27764","1974339920048","1991393314440","1991393432698","12.018500000000001","11.825800000000001","0.1927","11.873000000000001","2.1061","False","12.128","12.1041","12.124","6.242","18.067800000000002","8","1","1","False","0"
"27764","1974339920048","1991393434625","1991393592376","16.0438","15.7751","0.2687","15.974200000000002","2.081","False","30.2544","15.9678","12.128","2.4022","18.177300000000002","8","1","1","False","0"
"27764","1974339920048","1991393595063","1991393759061","16.7248","16.3998","0.325","25.1099","10.452300000000001","False","6.0831","16.6685","30.2544","15.988100000000001","32.3879","8","1","1","False","0"
"27764","1974339920048","1991393762311","1991393948498","18.7912","18.6187","0.17250000000000001","8.702099999999998","0.3327","False","18.1719","18.9437","6.0831","3.1275","21.7462","8","1","1","False","0"
"27764","1974339920048","1991393950223","1991394102251","15.4553","15.2028","0.2525","15.375800000000002","0.2984","False","12.1152","15.375300000000001","18.1719","5.9241","21.126900000000003","8","1","1","False","0"
"27764","1974339920048","1991394104776","1991394252949","15.156400000000001","14.817300000000001","0.3391","15.1902","0.45630000000000004","False","18.1771","15.0698","12.1152","2.9695","17.7868","8","1","1","False","0"
"27764","1974339920048","1991394256340","1991394448556","19.5102","19.221600000000002","0.2886","19.5222","0.3428","False","18.1815","19.5607","18.1771","1.5859","20.8075","8","1","1","False","0"
"27764","1974339920048","1991394451442","1991394633100","18.3959","18.1658","0.2301","18.4664","0.4067","False","18.2043","18.4544","18.1815","1.3130000000000002","19.4788","8","1","1","False","0"
"27764","1974339920048","1991394635401","1991394771769","13.980400000000001","13.636800000000001","0.3436","13.8171","0.2879","False","18.1985","13.866900000000001","18.2043","5.6504","19.287200000000002","8","1","1","False","0"
"27764","1974339920048","1991394775205","1991394959628","18.6423","18.4423","0.2","18.6076","0.3599","False","12.087","18.7859","18.1985","5.063000000000001","23.505300000000002","8","1","1","False","0"
"27764","1974339920048","1991394961628","1991395106258","14.7977","14.463000000000001","0.3347","14.7322","0.23750000000000002","False","24.2714","14.663","12.087","2.487","16.95","8","1","1","False","0"
"27764","1974339920048","1991395109605","1991395356640","24.925900000000002","24.703500000000002","0.22240000000000001","25.2209","0.4232","False","18.1856","25.0382","24.2714","1.7202000000000002","26.4237","8","1","1","False","0"
"27764","1974339920048","1991395358864","1991395527976","17.1291","16.9112","0.2179","16.9968","0.2912","False","18.1783","17.1336","18.1856","2.7722","19.683400000000002","8","1","1","False","0"
"27764","1974339920048","1991395530155","1991395700185","17.2562","17.003","0.25320000000000004","17.2515","0.2994","False","18.163800000000002","17.2209","18.1783","3.7296","20.7326","8","1","1","False","0"
"27764","1974339920048","1991395702717","1991395858141","15.798900000000001","15.5424","0.2565","15.799900000000001","0.29500000000000004","False","12.109","15.7956","18.163800000000002","6.0978","21.6402","8","1","1","False","0"
"27764","1974339920048","1991395860706","1991396021410","16.2446","16.0704","0.17420000000000002","16.2624","0.2919","False","18.1761","16.326900000000002","12.109","1.8799000000000001","17.950300000000002","8","1","1","False","0"
"27764","1974339920048","1991396023152","1991396211037","19.056100000000004","18.788500000000003","0.2676","19.113300000000002","0.3811","False","30.3318","18.9627","18.1761","1.0933000000000002","19.881800000000002","8","1","1","False","0"
"27764","1974339920048","1991396213713","1991396477632","26.648699999999998","26.3919","0.25680000000000003","26.6998","0.381","False","18.2054","26.6595","30.3318","4.7656","31.157500000000002","8","1","1","False","0"
"27764","1974339920048","1991396480200","1991396649953","17.186500000000002","16.9753","0.2112","17.087200000000003","0.31020000000000003","False","12.1004","17.2321","18.2054","5.7389","22.7142","8","1","1","False","0"
"27764","1974339920048","1991396652065","1991396780718","13.1461","12.865300000000001","0.2808","13.1037","0.2852","False","12.0935","13.076500000000001","12.1004","4.7628","17.6281","8","1","1","False","0"
"27764","1974339920048","1991396783526","1991396942294","16.0988","15.876800000000001","0.222","16.0923","0.275","False","18.1976","16.157600000000002","12.0935","0.6987","16.5755","8","1","1","False","0"
"27764","1974339920048","1991396944514","1991397094714","15.230100000000002","15.020000000000001","0.2101","15.138900000000001","0.4232","False","18.1946","15.242","18.1976","3.6543","18.674300000000002","8","1","1","False","0"
"27764","1974339920048","1991397096815","1991397252371","15.7456","15.5556","0.19","15.8703","0.2787","False","12.161800000000001","15.7657","18.1946","6.083200000000001","21.6388","8","1","1","False","0"
"27764","1974339920048","1991397254271","1991397411314","15.935599999999999","15.7043","0.2313","15.9159","0.30360000000000004","False","18.1395","15.894300000000001","12.161800000000001","2.3507000000000002","18.055","8","1","1","False","0"
"27764","1974339920048","1991397413627","1991397579180","16.7846","16.555300000000003","0.2293","16.8494","0.3497","False","18.144000000000002","16.7866","18.1395","3.7036000000000002","20.2589","8","1","1","False","0"
"27764","1974339920048","1991397581473","1991397747336","16.824900000000003","16.5863","0.2386","16.7783","0.2893","False","18.208000000000002","16.8156","18.144000000000002","5.032","21.6183","8","1","1","False","0"
"27764","1974339920048","1991397749722","1991397950970","20.3335","20.1248","0.2087","20.4134","0.37720000000000004","False","18.186500000000002","20.363400000000002","18.208000000000002","2.8766000000000003","23.0014","8","1","1","False","0"
"27764","1974339920048","1991397953057","1991398136778","18.5657","18.3721","0.19360000000000002","18.4779","0.28290000000000004","False","18.206400000000002","18.5808","18.186500000000002","2.4823","20.854400000000002","8","1","1","False","0"
"27764","1974339920048","1991398138714","1991398292047","15.567200000000001","15.333300000000001","0.23390000000000002","15.571800000000001","0.2853","False","12.0843","15.526900000000001","18.206400000000002","5.1618","20.4951","8","1","1","False","0"
"27764","1974339920048","1991398294386","1991398431527","13.899700000000001","13.7141","0.18560000000000001","13.881300000000001","0.25520000000000004","False","18.2083","13.948","12.0843","3.2981000000000003","17.0122","8","1","1","False","0"
"27764","1974339920048","1991398433383","1991398606253","17.468700000000002","17.287000000000003","0.1817","17.576700000000002","0.36920000000000003","False","12.091700000000001","17.4726","18.2083","4.0338","21.320800000000002","8","1","1","False","0"
"27764","1974339920048","1991398608070","1991398756595","15.0279","14.852500000000001","0.1754","15.039200000000001","0.3693","False","18.192","15.0342","12.091700000000001","1.0913000000000002","15.943800000000001","8","1","1","False","0"
"27764","1974339920048","1991398758349","1991398907485","15.1156","14.9136","0.202","15.1103","0.3778","False","18.1901","15.089","18.192","4.1943","19.1079","8","1","1","False","0"
"27764","1974339920048","1991398909505","1991399071005","16.4083","16.150000000000002","0.25830000000000003","16.317600000000002","0.312","False","18.186","16.352","18.1901","6.0324","22.1824","8","1","1","False","0"
"27764","1974339920048","1991399073588","1991399270495","19.8232","19.6907","0.1325","19.736","0.3185","False","12.097100000000001","19.949","18.186","4.2694","23.9601","8","1","1","False","0"
"27764","1974339920048","1991399271820","1991399420046","15.065800000000001","14.822600000000001","0.2432","15.163200000000002","0.3136","False","18.1717","14.9551","12.097100000000001","1.4114","16.234","8","1","1","False","0"
"27764","1974339920048","1991399422478","1991399572892","15.1925","15.041400000000001","0.1511","15.281","0.3634","False","18.2212","15.284600000000001","18.1717","4.2985","19.3399","8","1","1","False","0"
"27764","1974339920048","1991399574403","1991399742146","16.989","16.7743","0.2147","16.994600000000002","0.393","False","12.0839","16.9254","18.2212","5.5943000000000005","22.3686","8","1","1","False","0"
"27764","1974339920048","1991399744293","1991399902085","15.948800000000002","15.779200000000001","0.1696","15.8871","0.3084","False","18.2014","15.9939","12.0839","1.6843000000000001","17.4635","8","1","1","False","0"
"27764","1974339920048","1991399903781","1991400036529","13.551100000000002","13.2748","0.2763","13.598700000000001","0.40900000000000003","False","18.2052","13.4444","18.2014","6.4413","19.7161","8","1","1","False","0"
"27764","1974339920048","1991400039292","1991400234798","19.7831","19.5506","0.2325","19.6709","0.2807","False","12.077900000000001","19.826900000000002","18.2052","4.8196","24.3702","8","1","1","False","0"
"27764","1974339920048","1991400237123","1991400378942","14.3499","14.1819","0.168","14.3955","0.28800000000000003","False","12.1287","14.4144","12.077900000000001","2.4831000000000003","16.665","8","1","1","False","0"
"27764","1974339920048","1991400380622","1991400517924","13.979","13.7302","0.24880000000000002","14.0471","0.4038","False","18.1711","13.898200000000001","12.1287","0.7136","14.443800000000001","8","1","1","False","0"
"27764","1974339920048","1991400520412","1991400699786","18.1893","17.9374","0.2519","18.1857","0.39580000000000004","False","18.1929","18.1862","18.1711","0.6985","18.6359","8","1","1","False","0"
"27764","1974339920048","1991400702305","1991400854403","15.449700000000002","15.209800000000001","0.2399","15.444700000000001","0.3865","False","18.1838","15.4617","18.1929","3.4297","18.6395","8","1","1","False","0"
"27764","1974339920048","1991400856802","1991401032596","17.802599999999998","17.5794","0.2232","17.5741","0.3155","False","18.188000000000002","17.819300000000002","18.1838","3.7942","21.3736","8","1","1","False","0"
"27764","1974339920048","1991401034828","1991401214857","18.1661","18.0029","0.1632","18.3287","0.2882","False","18.186400000000003","18.226100000000002","18.188000000000002","3.7561","21.759","8","1","1","False","0"
"27764","1974339920048","1991401216489","1991401378237","16.430200000000003","16.1748","0.2554","16.3964","0.29450000000000004","False","18.2007","16.338","18.186400000000003","5.604500000000001","21.779300000000003","8","1","1","False","0"
"27764","1974339920048","1991401380791","1991401557165","17.8632","17.6374","0.2258","17.9056","0.30210000000000004","False","12.0792","17.8928","18.2007","5.9124","23.5498","8","1","1","False","0"
"27764","1974339920048","1991401559423","1991401709945","15.306600000000001","15.052200000000001","0.2544","15.3627","0.3577","False","18.2023","15.278","12.0792","2.7136","17.765800000000002","8","1","1","False","0"
"27764","1974339920048","1991401712489","1991401872090","16.1886","15.9601","0.2285","16.1862","0.3634","False","18.1976","16.2145","18.2023","4.7014000000000005","20.6615","8","1","1","False","0"
"27764","1974339920048","1991401874375","1991402061082","18.8858","18.6707","0.2151","18.797","0.281","False","18.162100000000002","18.8992","18.1976","3.9998","22.6705","8","1","1","False","0"
"27764","1974339920048","1991402063233","1991402262719","20.207700000000003","19.948600000000003","0.2591","20.232400000000002","0.3216","False","24.289900000000003","20.163700000000002","18.162100000000002","1.9982000000000002","21.9468","8","1","1","False","0"
"27764","1974339920048","1991402265310","1991402470729","20.738300000000002","20.541900000000002","0.19640000000000002","20.820700000000002","0.3901","False","12.0638","20.801000000000002","24.289900000000003","5.4871","26.029","8","1","1","False","0"
"27764","1974339920048","1991402472693","1991402639267","16.874499999999998","16.6574","0.21710000000000002","16.782700000000002","0.3019","False","18.1847","16.8538","12.0638","0.6971","17.3545","8","1","1","False","0"
"27764","1974339920048","1991402641438","1991402809128","16.9816","16.769000000000002","0.2126","17.068","0.389","False","24.375400000000003","16.9861","18.1847","1.8957000000000002","18.6647","8","1","1","False","0"
"27764","1974339920048","1991402811254","1991403008545","19.951400000000003","19.729100000000003","0.2223","19.7377","0.42610000000000003","False","18.0825","19.9417","24.375400000000003","6.329400000000001","26.058500000000002","8","1","1","False","0"
"27764","1974339920048","1991403010768","1991403218218","20.9769","20.745","0.23190000000000002","21.0871","0.302","False","18.1479","20.9673","18.0825","3.4446000000000003","24.189600000000002","8","1","1","False","0"
"27764","1974339920048","1991403220537","1991403428461","21.0257","20.7924","0.2333","21.0245","0.2987","False","24.279400000000003","21.0243","18.1479","0.5682","21.3606","8","1","1","False","0"
"27764","1974339920048","1991403430794","1991403647311","21.911900000000003","21.6517","0.2602","22.033","0.4189","False","18.160700000000002","21.885","24.279400000000003","2.9626","24.6143","8","1","1","False","0"
"27764","1974339920048","1991403649913","1991403840603","19.361100000000004","19.069000000000003","0.2921","19.2864","0.3766","False","24.309","19.3292","18.160700000000002","1.7941","20.8631","8","1","1","False","0"
"27764","1974339920048","1991403843524","1991404051561","21.009600000000002","20.803700000000003","0.2059","21.0393","0.3655","False","18.107","21.0958","24.309","5.0073","25.811","8","1","1","False","0"
"27764","1974339920048","1991404053620","1991404256208","20.4957","20.2588","0.2369","20.474600000000002","0.3487","False","18.174200000000003","20.4647","18.107","2.6496","22.9084","8","1","1","False","0"
"27764","1974339920048","1991404258577","1991404446715","19.0491","18.8138","0.2353","19.092200000000002","0.3829","False","18.208000000000002","19.050700000000003","18.174200000000003","1.7731000000000001","20.5869","8","1","1","False","0"
"27764","1974339920048","1991404449068","1991404588978","14.208400000000001","13.991000000000001","0.2174","14.1408","0.32080000000000003","False","18.1883","14.2263","18.208000000000002","5.7548","19.745800000000003","8","1","1","False","0"
"27764","1974339920048","1991404591152","1991404771788","18.2264","18.0636","0.1628","18.242","0.3073","False","12.0785","18.281000000000002","18.1883","5.662100000000001","23.7257","8","1","1","False","0"
"27764","1974339920048","1991404773416","1991404927766","15.687800000000001","15.435","0.2528","15.626000000000001","0.3035","False","24.2676","15.597800000000001","12.0785","2.1428000000000003","17.5778","8","1","1","False","0"
"27764","1974339920048","1991404930294","1991405152764","22.4245","22.247","0.17750000000000002","22.5513","0.3688","False","30.2772","22.4998","24.2676","3.9106","26.157600000000002","8","1","1","False","0"
"27764","1974339920048","1991405154539","1991405481182","32.8271","32.664300000000004","0.1628","32.8057","0.3478","False","24.2868","32.8418","30.2772","1.346","34.0103","8","1","1","False","0"
"27764","1974339920048","1991405482810","1991405693060","21.237800000000004","21.025000000000002","0.21280000000000002","21.026300000000003","0.4169","False","12.0845","21.1878","24.2868","4.445","25.470000000000002","8","1","1","False","0"
"27764","1974339920048","1991405695188","1991405842338","14.8604","14.715","0.1454","15.1059","0.3604","False","18.1783","14.927800000000001","12.0845","1.6017000000000001","16.3167","8","1","1","False","0"
"27764","1974339920048","1991405843792","1991406025360","18.3872","18.1568","0.23040000000000002","18.3561","0.3811","False","18.215400000000002","18.3022","18.1783","1.4778","19.634600000000002","8","1","1","False","0"
"27764","1974339920048","1991406027664","1991406178022","15.2553","15.0358","0.2195","15.2123","0.3412","False","18.1856","15.266200000000001","18.215400000000002","4.4270000000000005","19.4628","8","1","1","False","0"
"27764","1974339920048","1991406180217","1991406376086","19.8194","19.5869","0.2325","19.8351","0.3456","False","18.1615","19.8064","18.1856","2.8062","22.3931","8","1","1","False","0"
"27764","1974339920048","1991406378411","1991406559506","18.34","18.1095","0.2305","18.257","0.29610000000000003","False","18.187900000000003","18.342000000000002","18.1615","2.6257","20.735200000000003","8","1","1","False","0"
"27764","1974339920048","1991406561811","1991406740466","18.066100000000002","17.8655","0.2006","18.101300000000002","0.298","False","18.1753","18.096","18.187900000000003","2.7176","20.5831","8","1","1","False","0"
"27764","1974339920048","1991406742472","1991406925255","18.499200000000002","18.2783","0.2209","18.488500000000002","0.3065","False","18.1627","18.4789","18.1753","2.414","20.6923","8","1","1","False","0"
"27764","1974339920048","1991406927464","1991407122309","19.7325","19.4845","0.248","19.6918","0.28550000000000003","False","24.3011","19.7054","18.1627","0.8713000000000001","20.355800000000002","8","1","1","False","0"
"27764","1974339920048","1991407124789","1991407336010","21.3304","21.1221","0.2083","21.4526","0.37020000000000003","False","18.151500000000002","21.3701","24.3011","3.8023000000000002","24.924400000000002","8","1","1","False","0"
"27764","1974339920048","1991407338093","1991407529710","19.3544","19.1617","0.1927","19.4173","0.3981","False","24.2685","19.37","18.151500000000002","2.5838","21.7455","8","1","1","False","0"
"27764","1974339920048","1991407531637","1991407743866","21.4476","21.222900000000003","0.2247","21.273","0.272","False","18.1779","21.4156","24.2685","5.4367","26.6596","8","1","1","False","0"
"27764","1974339920048","1991407746113","1991407929260","18.516700000000004","18.314700000000002","0.202","18.553900000000002","0.2889","False","12.065700000000001","18.5394","18.1779","5.075200000000001","23.3899","8","1","1","False","0"
"27764","1974339920048","1991407931280","1991408095112","16.5668","16.383200000000002","0.1836","16.439600000000002","0.38370000000000004","False","24.2957","16.5852","12.065700000000001","0.5557","16.9389","8","1","1","False","0"
"27764","1974339920048","1991408096948","1991408276742","18.217000000000002","17.979400000000002","0.2376","18.525100000000002","0.49010000000000004","False","18.1812","18.163","24.2957","6.688400000000001","24.6678","8","1","1","False","0"
"27764","1974339920048","1991408279118","1991408464576","18.7623","18.5458","0.2165","18.5639","0.2758","False","12.0784","18.7834","18.1812","6.086200000000001","24.632","8","1","1","False","0"
"27764","1974339920048","1991408466741","1991408621139","15.6552","15.4398","0.2154","15.6578","0.2947","False","18.1707","15.6563","12.0784","2.5083","17.9481","8","1","1","False","0"
"27764","1974339920048","1991408623293","1991408813266","19.2287","18.9973","0.23140000000000002","19.2677","0.3304","False","18.2072","19.2127","18.1707","1.4663000000000002","20.4636","8","1","1","False","0"
"27764","1974339920048","1991408815580","1991408977008","16.410600000000002","16.1428","0.26780000000000004","16.398300000000003","0.3312","False","18.2009","16.374200000000002","18.2072","3.2993","19.4421","8","1","1","False","0"
"27764","1974339920048","1991408979686","1991409151409","17.4315","17.1723","0.2592","17.321","0.22260000000000002","False","18.1874","17.4401","18.2009","4.0601","21.232400000000002","8","1","1","False","0"
"27764","1974339920048","1991409154001","1991409335415","18.3614","18.1414","0.22","18.397100000000002","0.24050000000000002","False","12.079500000000001","18.4006","18.1874","3.8469","21.988300000000002","8","1","1","False","0"
"27764","1974339920048","1991409337615","1991409481366","14.559500000000002","14.375100000000002","0.1844","14.586400000000001","0.2426","False","24.283","14.5951","12.079500000000001","1.3313000000000001","15.7064","8","1","1","False","0"
"27764","1974339920048","1991409483210","1991409674702","19.4154","19.1492","0.2662","19.5488","0.4112","False","12.0998","19.3336","24.283","6.2807","25.4299","8","1","1","False","0"
"27764","1974339920048","1991409677364","1991409841220","16.5637","16.3856","0.1781","16.433400000000002","0.2424","False","18.1844","16.6518","12.0998","1.7287000000000001","18.1143","8","1","1","False","0"
"27764","1974339920048","1991409843001","1991409989488","14.9199","14.6487","0.2712","14.8442","0.21960000000000002","False","18.1567","14.8268","18.1844","5.0863000000000005","19.735","8","1","1","False","0"
"27764","1974339920048","1991409992200","1991410211849","22.208","21.9649","0.2431","22.203","0.2665","False","18.2198","22.2361","18.1567","1.0069000000000001","22.9718","8","1","1","False","0"
"27764","1974339920048","1991410214280","1991410348156","13.662500000000001","13.3876","0.27490000000000003","13.767599999999998","0.3266","False","18.1816","13.630700000000001","18.2198","5.596","18.9836","8","1","1","False","0"
"27764","1974339920048","1991410350905","1991410527019","17.8403","17.6114","0.22890000000000002","17.770400000000002","0.2293","False","12.0792","17.886300000000002","18.1816","5.8913","23.5027","8","1","1","False","0"
"27764","1974339920048","1991410529308","1991410692091","16.460900000000002","16.2783","0.1826","16.4694","0.2112","False","18.188100000000002","16.5072","12.0792","1.4633","17.741600000000002","8","1","1","False","0"
"27764","1974339920048","1991410693917","1991410867002","17.566200000000002","17.308500000000002","0.2577","17.759900000000002","0.4174","False","18.254","17.4911","18.188100000000002","2.1603","19.4688","8","1","1","False","0"
"27764","1974339920048","1991410869579","1991411042848","17.5161","17.326900000000002","0.1892","17.5245","0.4157","False","18.1217","17.584600000000002","18.254","2.8297000000000003","20.1566","8","1","1","False","0"
"27764","1974339920048","1991411044740","1991411202034","15.9967","15.7294","0.26730000000000004","15.943700000000002","0.41450000000000004","False","12.107700000000001","15.918600000000001","18.1217","5.0328","20.7622","8","1","1","False","0"
"27764","1974339920048","1991411204707","1991411365337","16.2664","16.063000000000002","0.2034","16.1031","0.21880000000000002","False","18.2656","16.3303","12.107700000000001","0.8102","16.8732","8","1","1","False","0"
"27764","1974339920048","1991411367371","1991411517711","15.315700000000001","15.034","0.2817","15.4595","0.3729","False","18.130100000000002","15.237400000000001","18.2656","3.8384","18.872400000000003","8","1","1","False","0"
"27764","1974339920048","1991411520528","1991411680829","16.311500000000002","16.0301","0.28140000000000004","16.2595","0.3272","False","12.0881","16.3118","18.130100000000002","5.6567","21.6868","8","1","1","False","0"
"27764","1974339920048","1991411683643","1991411834882","15.314300000000001","15.1239","0.1904","15.238800000000001","0.219","False","18.2052","15.4053","12.0881","2.3395","17.4634","8","1","1","False","0"
"27764","1974339920048","1991411836786","1991411990403","15.5503","15.3617","0.18860000000000002","15.6599","0.3261","False","12.1033","15.552100000000001","18.2052","4.9926","20.354300000000002","8","1","1","False","0"
"27764","1974339920048","1991411992289","1991412134477","14.4663","14.2188","0.24750000000000003","14.341600000000001","0.23120000000000002","False","18.1779","14.4074","12.1033","2.6885000000000003","16.9073","8","1","1","False","0"
"27764","1974339920048","1991412136952","1991412315156","18.0385","17.8204","0.21810000000000002","18.002200000000002","0.5166000000000001","False","24.2927","18.0679","18.1779","2.7985","20.6189","8","1","1","False","0"
"27764","1974339920048","1991412317337","1991412555701","24.091","23.8364","0.2546","24.3643","0.4597","False","18.1572","24.0545","24.2927","3.0367","26.8731","8","1","1","False","0"
"27764","1974339920048","1991412558247","1991412709904","15.484900000000001","15.165700000000001","0.31920000000000004","15.309000000000001","0.322","False","12.0934","15.420300000000001","18.1572","5.7736","20.9393","8","1","1","False","0"
"27764","1974339920048","1991412713096","1991412864704","15.3526","15.1608","0.1918","15.3297","0.24180000000000001","False","18.2358","15.48","12.0934","2.387","17.547800000000002","8","1","1","False","0"
"27764","1974339920048","1991412866622","1991413030592","16.671100000000003","16.397000000000002","0.2741","16.7988","0.3941","False","18.1477","16.5888","18.2358","4.034","20.431","8","1","1","False","0"
"27764","1974339920048","1991413033333","1991413193735","16.234900000000003","16.040200000000002","0.1947","16.1955","0.33230000000000004","False","12.1515","16.3143","18.1477","5.8674","21.907600000000002","8","1","1","False","0"
"27764","1974339920048","1991413195682","1991413346835","15.407200000000001","15.115300000000001","0.2919","15.2635","0.2379","False","18.1655","15.31","12.1515","2.7089000000000003","17.8242","8","1","1","False","0"
"27764","1974339920048","1991413349754","1991413507518","16.0499","15.7764","0.2735","16.1245","0.3024","False","12.1518","16.0683","18.1655","4.8061","20.5825","8","1","1","False","0"
"27764","1974339920048","1991413510253","1991413649913","14.170700000000002","13.966000000000001","0.20470000000000002","14.1363","0.2285","False","30.246000000000002","14.239500000000001","12.1518","2.7184","16.6844","8","1","1","False","0"
"27764","1974339920048","1991413651960","1991413944665","29.413200000000003","29.270500000000002","0.1427","29.596","0.3846","False","18.1907","29.4752","30.246000000000002","3.4892000000000003","32.7597","8","1","1","False","0"
"27764","1974339920048","1991413946092","1991414112490","16.866600000000002","16.6398","0.2268","16.8251","0.3801","False","12.1076","16.782500000000002","18.1907","4.8974","21.537200000000002","8","1","1","False","0"
"27764","1974339920048","1991414114758","1991414272945","16.0045","15.818700000000002","0.18580000000000002","15.802200000000001","0.3659","False","18.1844","16.0455","12.1076","0.9595","16.778200000000002","8","1","1","False","0"
"27764","1974339920048","1991414274803","1991414439444","16.645400000000002","16.464100000000002","0.18130000000000002","16.8972","0.4151","False","18.1741","16.649900000000002","18.1844","2.494","18.9581","8","1","1","False","0"
"27764","1974339920048","1991414441257","1991414602740","16.380900000000004","16.148300000000003","0.2326","16.331400000000002","0.3951","False","18.198700000000002","16.3296","18.1741","4.3385","20.486800000000002","8","1","1","False","0"
"27764","1974339920048","1991414605066","1991414766630","16.4053","16.1564","0.2489","16.3821","0.3587","False","12.1102","16.389","18.198700000000002","6.1482","22.3046","8","1","1","False","0"
"27764","1974339920048","1991414769119","1991414941822","17.447000000000003","17.270300000000002","0.1767","17.4394","0.3226","False","18.2275","17.5192","12.1102","0.7392000000000001","18.0095","8","1","1","False","0"
"27764","1974339920048","1991414943589","1991415098811","15.723500000000001","15.522200000000002","0.2013","15.7544","0.3831","False","18.136200000000002","15.6989","18.2275","3.2678000000000003","18.79","8","1","1","False","0"
"27764","1974339920048","1991415100824","1991415299095","20.0377","19.8271","0.2106","20.040000000000003","0.3844","False","18.2239","20.0284","18.136200000000002","1.3756000000000002","21.2027","8","1","1","False","0"
"27764","1974339920048","1991415301201","1991415446576","14.803500000000001","14.537500000000001","0.266","15.2721","0.8738","False","18.1787","14.7481","18.2239","4.8514","19.3889","8","1","1","False","0"
"27764","1974339920048","1991415449236","1991415623981","17.914300000000004","17.474500000000003","0.4398","17.178","0.27590000000000003","False","12.0846","17.7405","18.1787","5.2896","22.764100000000003","8","1","1","False","0"
"27764","1974339920048","1991415628379","1991415772356","14.5875","14.3977","0.1898","14.7775","0.29450000000000004","False","18.1917","14.8375","12.0846","2.5367","16.9344","8","1","1","False","0"
"27764","1974339920048","1991415774254","1991415972655","20.0355","19.8401","0.19540000000000002","20.1175","0.38580000000000003","False","18.1781","20.0299","18.1917","0.6985","20.538600000000002","8","1","1","False","0"
"27764","1974339920048","1991415974609","1991416134195","16.187","15.9586","0.22840000000000002","16.182100000000002","0.3783","False","18.1838","16.154","18.1781","2.7226","18.6812","8","1","1","False","0"
"27764","1974339920048","1991416136479","1991416318469","18.685200000000002","18.199","0.4862","18.4836","0.3395","False","12.0982","18.427400000000002","18.1838","2.479","20.678","8","1","1","False","0"
"27764","1974339920048","1991416323331","1991416454539","13.266000000000002","13.120800000000001","0.1452","13.3032","0.26830000000000004","False","18.1816","13.607000000000001","12.0982","0.9702000000000001","14.091000000000001","8","1","1","False","0"
"27764","1974339920048","1991416455991","1991416602703","14.958400000000001","14.6712","0.2872","15.0203","0.326","False","18.207900000000002","14.816400000000002","18.1816","4.3354","19.006600000000002","8","1","1","False","0"
"27764","1974339920048","1991416605575","1991416764934","16.2326","15.9359","0.2967","16.2283","0.32","False","12.154100000000001","16.223100000000002","18.207900000000002","6.320200000000001","22.2561","8","1","1","False","0"
"27764","1974339920048","1991416767901","1991416931197","16.6002","16.3296","0.2706","16.5271","0.23450000000000001","False","18.139","16.6263","12.154100000000001","1.848","18.1776","8","1","1","False","0"
"27764","1974339920048","1991416933903","1991417093930","16.2487","16.0027","0.24600000000000002","16.408","0.372","False","12.1141","16.273300000000003","18.139","3.7137000000000002","19.7164","8","1","1","False","0"
"27764","1974339920048","1991417096390","1991417241256","14.743100000000002","14.486600000000001","0.2565","14.6043","0.2306","False","24.2392","14.732600000000001","12.1141","1.0952","15.581800000000001","8","1","1","False","0"
"27764","1974339920048","1991417243821","1991417461103","21.999000000000002","21.7282","0.27080000000000004","22.078400000000002","0.3297","False","18.2045","21.9847","24.2392","3.3497000000000003","25.0779","8","1","1","False","0"
"27764","1974339920048","1991417463811","1991417622560","16.1395","15.8749","0.2646","16.203200000000002","0.35760000000000003","False","12.1013","16.1457","18.2045","5.4085","21.2834","8","1","1","False","0"
"27764","1974339920048","1991417625206","1991417785834","16.2527","16.0628","0.1899","16.1487","0.2464","False","18.181900000000002","16.3274","12.1013","1.1824000000000001","17.2452","8","1","1","False","0"
"27764","1974339920048","1991417787733","1991417928687","14.367","14.095400000000001","0.2716","14.4831","0.3794","False","30.308300000000003","14.285300000000001","18.181900000000002","5.079000000000001","19.174400000000002","8","1","1","False","0"
"27764","1974339920048","1991417931403","1991418257701","32.869","32.6298","0.23920000000000002","32.746300000000005","0.3105","False","25.096500000000002","32.9014","30.308300000000003","2.4859","35.115700000000004","8","1","1","False","0"
"27764","1974339920048","1991418260093","1991418479943","22.1215","21.985","0.1365","22.0806","0.4248","False","11.2645","22.2242","25.096500000000002","5.3582","27.343200000000003","8","1","1","False","0"
"27764","1974339920048","1991418481308","1991418633941","15.511500000000002","15.263300000000001","0.2482","15.6286","0.3235","False","18.1771","15.3998","11.2645","1.2229","16.4862","8","1","1","False","0"
"27764","1974339920048","1991418636423","1991418814247","18.0139","17.7824","0.2315","18.076700000000002","0.385","False","24.2906","18.0306","18.1771","1.3694000000000002","19.1518","8","1","1","False","0"
"27764","1974339920048","1991418816562","1991419015154","20.0838","19.8592","0.22460000000000002","20.0866","0.4098","False","12.087800000000001","20.090700000000002","24.2906","5.5693","25.4285","8","1","1","False","0"
"27764","1974339920048","1991419017400","1991419144111","12.922","12.671100000000001","0.2509","12.7978","0.27890000000000004","False","18.252000000000002","12.895700000000001","12.087800000000001","4.7614","17.4325","8","1","1","False","0"
"27764","1974339920048","1991419146620","1991419332133","18.7633","18.5513","0.21200000000000002","18.8444","0.3325","False","18.159200000000002","18.8022","18.252000000000002","4.2112","22.762500000000003","8","1","1","False","0"
"27764","1974339920048","1991419334253","1991419497430","16.494600000000002","16.317700000000002","0.1769","16.5547","0.39180000000000004","False","18.1426","16.529700000000002","18.159200000000002","5.8407","22.1584","8","1","1","False","0"
"27764","1974339920048","1991419499199","1991419671973","17.4908","17.2774","0.2134","17.4054","0.3382","False","18.203200000000002","17.4543","18.1426","6.529","23.8064","8","1","1","False","0"
"27764","1974339920048","1991419674107","1991419859848","18.8019","18.5741","0.2278","18.753","0.28040000000000004","False","12.079600000000001","18.7875","18.203200000000002","5.9447","24.518800000000002","8","1","1","False","0"
"27764","1974339920048","1991419862126","1991419990904","13.0776","12.8778","0.1998","13.0896","0.2849","False","18.179000000000002","13.1056","12.079600000000001","4.9187","17.7965","8","1","1","False","0"
"27764","1974339920048","1991419992902","1991420214830","22.4066","22.192800000000002","0.21380000000000002","22.507","0.3911","False","18.2279","22.3926","18.179000000000002","0.7051000000000001","22.8979","8","1","1","False","0"
"27764","1974339920048","1991420216968","1991420340307","12.5296","12.3339","0.1957","12.435199999999998","0.5598000000000001","False","12.0832","12.5477","18.2279","6.3853","18.7192","8","1","1","False","0"
"27764","1974339920048","1991420342264","1991420504515","16.4846","16.2251","0.2595","16.5642","0.3725","False","18.1815","16.4208","12.0832","2.0477000000000003","18.2728","8","1","1","False","0"
"27764","1974339920048","1991420507110","1991420677049","17.1664","16.9939","0.17250000000000001","17.1874","0.3798","False","18.1825","17.2534","18.1815","2.9758","19.9697","8","1","1","False","0"
"27764","1974339920048","1991420678774","1991420859307","18.2943","18.0533","0.24100000000000002","18.3036","0.40140000000000003","False","18.1786","18.2258","18.1825","2.9325","20.9858","8","1","1","False","0"
"27764","1974339920048","1991420861717","1991421033211","17.4158","17.1494","0.2664","17.3676","0.3766","False","18.1837","17.3904","18.1786","3.7207000000000003","20.8701","8","1","1","False","0"
"27764","1974339920048","1991421035875","1991421197330","16.416500000000003","16.145500000000002","0.271","16.438200000000002","0.3957","False","12.1225","16.4119","18.1837","5.492500000000001","21.638","8","1","1","False","0"
"27764","1974339920048","1991421200040","1991421363977","16.561899999999998","16.3937","0.16820000000000002","16.6047","0.4022","False","18.2206","16.6647","12.1225","0.9503","17.344","8","1","1","False","0"
"27764","1974339920048","1991421365659","1991421533636","17.010500000000004","16.797700000000003","0.21280000000000002","17.006700000000002","0.39890000000000003","False","24.2394","16.9659","18.2206","2.205","19.0027","8","1","1","False","0"
"27764","1974339920048","1991421535764","1991421736792","20.387700000000002","20.102800000000002","0.2849","20.328100000000003","0.3866","False","12.0748","20.3156","24.2394","6.1288","26.2316","8","1","1","False","0"
"27764","1974339920048","1991421739641","1991421895887","15.861300000000002","15.624600000000001","0.23670000000000002","15.801400000000001","0.29610000000000003","False","18.1954","15.909500000000001","12.0748","2.2941000000000003","17.9187","8","1","1","False","0"
"27764","1974339920048","1991421898254","1991422044857","14.920800000000002","14.660300000000001","0.2605","15.0768","0.4718","False","12.1125","14.897","18.1954","5.5925","20.2528","8","1","1","False","0"
"27764","1974339920048","1991422047462","1991422202290","15.705400000000001","15.482800000000001","0.22260000000000002","15.588500000000002","0.35750000000000004","False","18.182000000000002","15.743300000000001","12.1125","1.9617","17.4445","8","1","1","False","0"
"27764","1974339920048","1991422204516","1991422355457","15.380600000000001","15.094100000000001","0.28650000000000003","15.370700000000001","0.3478","False","12.130500000000001","15.3167","18.182000000000002","4.827","19.921100000000003","8","1","1","False","0"
"27764","1974339920048","1991422358322","1991422510759","15.4182","15.2437","0.17450000000000002","15.2775","0.4565","False","18.2191","15.5302","12.130500000000001","1.4273","16.671","8","1","1","False","0"
"27764","1974339920048","1991422512504","1991422669153","15.927800000000001","15.664900000000001","0.2629","16.1067","0.3735","False","18.1521","15.839400000000001","18.2191","3.8070000000000004","19.4719","8","1","1","False","0"
"27764","1974339920048","1991422671782","1991422834848","16.5491","16.3066","0.24250000000000002","16.5474","0.3935","False","12.106","16.5695","18.1521","5.389600000000001","21.6962","8","1","1","False","0"
"27764","1974339920048","1991422837273","1991422987196","15.2363","14.9923","0.24400000000000002","15.16","0.2926","False","18.197200000000002","15.2348","12.106","2.2608","17.2531","8","1","1","False","0"
"27764","1974339920048","1991422989636","1991423130863","14.3614","14.1227","0.23870000000000002","14.4618","0.4033","False","12.1692","14.3667","18.197200000000002","6.0913","20.214000000000002","8","1","1","False","0"
"27764","1974339920048","1991423133250","1991423285963","15.4495","15.2713","0.1782","15.418800000000001","0.3241","False","18.159200000000002","15.510000000000002","12.1692","2.7505","18.021800000000002","8","1","1","False","0"
"27764","1974339920048","1991423287745","1991423473424","18.782700000000002","18.5679","0.21480000000000002","18.875700000000002","0.4263","False","18.178800000000003","18.746100000000002","18.159200000000002","2.1636","20.7315","8","1","1","False","0"
"27764","1974339920048","1991423475572","1991423637306","16.419900000000002","16.1734","0.24650000000000002","16.3318","0.3743","False","18.1444","16.3882","18.178800000000003","3.9542","20.1276","8","1","1","False","0"
"27764","1974339920048","1991423639771","1991423818740","18.1262","17.896900000000002","0.2293","18.111800000000002","0.3498","False","18.181800000000003","18.1434","18.1444","3.9552","21.8521","8","1","1","False","0"
"27764","1974339920048","1991423821033","1991423984348","16.564200000000003","16.331500000000002","0.23270000000000002","16.6107","0.4012","False","18.198600000000003","16.5608","18.181800000000003","5.5762","21.907700000000002","8","1","1","False","0"
"27764","1974339920048","1991423986675","1991424158146","17.3945","17.147100000000002","0.2474","17.389400000000002","0.3884","False","12.1114","17.3798","18.198600000000003","6.3950000000000005","23.5421","8","1","1","False","0"
"27764","1974339920048","1991424160620","1991424326122","16.737000000000002","16.5502","0.18680000000000002","16.5515","0.3579","False","18.2802","16.7976","12.1114","1.7088","18.259","8","1","1","False","0"
"27764","1974339920048","1991424327990","1991424508485","18.2616","18.049500000000002","0.2121","18.486900000000002","0.41290000000000004","False","18.0667","18.2363","18.2802","1.7527000000000001","19.802200000000003","8","1","1","False","0"
"27764","1974339920048","1991424510606","1991424670173","16.215","15.956700000000001","0.25830000000000003","16.2123","0.45130000000000003","False","12.1271","16.1688","18.0667","3.6506000000000003","19.607300000000002","8","1","1","False","0"
"27764","1974339920048","1991424672756","1991424819961","14.994700000000002","14.720500000000001","0.2742","14.8865","0.34090000000000004","False","18.1816","14.978800000000001","12.1271","0.7989","15.519400000000001","8","1","1","False","0"
"27764","1974339920048","1991424822703","1991424985399","16.5362","16.2696","0.2666","16.4972","0.322","False","18.2512","16.5438","18.1816","2.4367","18.706300000000002","8","1","1","False","0"
"27764","1974339920048","1991424988065","1991425137327","15.184300000000002","14.926200000000001","0.2581","15.291","0.3937","False","18.1419","15.1928","18.2512","5.4951","20.421300000000002","8","1","1","False","0"
"27764","1974339920048","1991425139908","1991425310309","17.3043","17.040100000000002","0.2642","17.2269","0.32480000000000003","False","12.0911","17.2982","18.1419","6.3388","23.3789","8","1","1","False","0"
"27764","1974339920048","1991425312951","1991425466775","15.651100000000001","15.3824","0.2687","15.5678","0.2434","False","18.1793","15.646600000000001","12.0911","2.7833","18.1657","8","1","1","False","0"
"27764","1974339920048","1991425469462","1991425622409","15.542900000000001","15.2947","0.2482","15.681500000000002","0.37270000000000003","False","18.195","15.563400000000001","18.1793","5.3992","20.6939","8","1","1","False","0"
"27764","1974339920048","1991425624891","1991425797064","17.488300000000002","17.2173","0.271","17.3945","0.2995","False","12.140600000000001","17.465500000000002","18.195","6.1287","23.346","8","1","1","False","0"
"27764","1974339920048","1991425799774","1991425955194","15.801800000000002","15.542000000000002","0.25980000000000003","15.7474","0.24710000000000001","False","18.148","15.813","12.140600000000001","2.4563","17.9983","8","1","1","False","0"
"27764","1974339920048","1991425957792","1991426126059","17.0606","16.826700000000002","0.23390000000000002","17.026400000000002","0.41250000000000003","False","18.1843","17.0865","18.148","3.5178000000000003","20.3445","8","1","1","False","0"
"27764","1974339920048","1991426128398","1991426295160","16.9387","16.6762","0.2625","17.0547","0.33180000000000004","False","18.2302","16.9101","18.1843","4.792","21.4682","8","1","1","False","0"
"27764","1974339920048","1991426297785","1991426472547","17.694000000000003","17.476200000000002","0.21780000000000002","17.723000000000006","0.3224","False","12.074","17.7387","18.2302","5.2835","22.759700000000002","8","1","1","False","0"
"27764","1974339920048","1991426474725","1991426634060","16.226300000000002","15.9335","0.2928","16.245","0.3791","False","18.1718","16.1513","12.074","1.2062000000000002","17.1397","8","1","1","False","0"
"27764","1974339920048","1991426636988","1991426813407","17.8991","17.6419","0.25720000000000004","17.9058","0.3783","False","18.2376","17.9347","18.1718","1.4433","19.0852","8","1","1","False","0"
"27764","1974339920048","1991426815979","1991426989524","17.6474","17.3545","0.2929","17.5608","0.31920000000000004","False","18.180500000000002","17.611700000000003","18.2376","2.0692","19.4237","8","1","1","False","0"
"27764","1974339920048","1991426992453","1991427173104","18.3415","18.0651","0.27640000000000003","18.4372","0.3806","False","18.1298","18.358","18.180500000000002","1.8917000000000002","19.9568","8","1","1","False","0"
"27764","1974339920048","1991427175868","1991427343575","17.094800000000003","16.7707","0.3241","17.0075","0.3094","False","18.1922","17.0471","18.1298","2.9744","19.7451","8","1","1","False","0"
"27764","1974339920048","1991427346816","1991427541523","19.750500000000002","19.4707","0.2798","19.854","0.4111","False","24.235400000000002","19.794800000000002","18.1922","1.3718000000000001","20.8425","8","1","1","False","0"
"27764","1974339920048","1991427544321","1991427739465","19.798800000000004","19.514400000000002","0.2844","19.698800000000002","0.3239","False","18.1812","19.7942","24.235400000000002","5.813000000000001","25.3274","8","1","1","False","0"
"27764","1974339920048","1991427742309","1991427929188","18.982000000000003","18.687900000000003","0.29410000000000003","19.0587","0.377","False","18.244","18.9723","18.1812","5.0219000000000005","23.7098","8","1","1","False","0"
"27764","1974339920048","1991427932129","1991428101090","17.1602","16.8961","0.2641","17.1053","0.32980000000000004","False","12.0608","17.1902","18.244","6.0757","22.9718","8","1","1","False","0"
"27764","1974339920048","1991428103731","1991428272475","17.0407","16.8744","0.1663","16.9592","0.3796","False","24.3118","17.1385","12.0608","0.998","17.872400000000003","8","1","1","False","0"
"27764","1974339920048","1991428274138","1991428496236","22.434","22.2098","0.2242","22.550700000000003","0.329","False","24.1716","22.3761","24.3118","2.9337","25.1435","8","1","1","False","0"
"27764","1974339920048","1991428498478","1991428711853","21.5437","21.337500000000002","0.20620000000000002","21.540100000000002","0.3241","False","18.2586","21.561700000000002","24.1716","5.5436000000000005","26.8811","8","1","1","False","0"
"27764","1974339920048","1991428713915","1991428932933","22.1761","21.9018","0.2743","22.1598","0.3452","False","24.215600000000002","22.108","18.2586","1.6942000000000002","23.596","8","1","1","False","0"
"27764","1974339920048","1991428935676","1991429138827","20.596","20.3151","0.28090000000000004","20.5887","0.32930000000000004","False","18.126","20.5894","24.215600000000002","5.3204","25.6355","8","1","1","False","0"
"27764","1974339920048","1991429141636","1991429352360","21.344900000000003","21.072400000000002","0.2725","21.314700000000002","0.319","False","24.247400000000003","21.3533","18.126","2.0931","23.1655","8","1","1","False","0"
"27764","1974339920048","1991429355085","1991429550779","19.846100000000003","19.5694","0.2767","19.9146","0.36710000000000004","False","24.2471","19.841900000000003","24.247400000000003","6.498600000000001","26.068","8","1","1","False","0"
"27764","1974339920048","1991429553546","1991429848521","29.7847","29.497500000000002","0.2872","29.82","0.3997","False","24.250500000000002","29.7742","24.2471","0.9715","30.469","8","1","1","False","0"
"27764","1974339920048","1991429851393","1991430043480","19.4669","19.2087","0.2582","19.393900000000002","0.33140000000000003","False","18.2442","19.495900000000002","24.250500000000002","5.726100000000001","24.934800000000003","8","1","1","False","0"
"27764","1974339920048","1991430046062","1991430233955","18.9847","18.7893","0.19540000000000002","19.0163","0.3261","False","18.108900000000002","19.0475","18.2442","4.9228000000000005","23.7121","8","1","1","False","0"
"27764","1974339920048","1991430235909","1991430458809","22.516800000000003","22.290000000000003","0.2268","22.3747","0.3911","False","18.1862","22.485400000000002","18.108900000000002","0.5463","22.8363","8","1","1","False","0"
"27764","1974339920048","1991430461077","1991430636887","17.852899999999998","17.581","0.27190000000000003","17.9764","0.343","False","24.2327","17.8078","18.1862","0.9247000000000001","18.5057","8","1","1","False","0"
"27764","1974339920048","1991430639606","1991430827256","19.041700000000002","18.765","0.2767","19.0289","0.32630000000000003","False","18.187900000000003","19.0369","24.2327","6.120500000000001","24.8855","8","1","1","False","0"
"27764","1974339920048","1991430830023","1991431020470","19.3606","19.044700000000002","0.3159","19.3342","0.31270000000000003","False","18.2373","19.3214","18.187900000000003","4.987","24.0317","8","1","1","False","0"
"27764","1974339920048","1991431023629","1991431217415","19.637300000000003","19.378600000000002","0.2587","19.7731","0.4334","False","18.192700000000002","19.6945","18.2373","3.5298000000000003","22.9084","8","1","1","False","0"
"27764","1974339920048","1991431220002","1991431419073","20.1539","19.9071","0.24680000000000002","20.1116","0.3905","False","18.1185","20.1658","18.192700000000002","1.5567","21.463800000000003","8","1","1","False","0"
"27764","1974339920048","1991431421541","1991431602105","18.3547","18.0564","0.2983","18.258200000000002","0.3174","False","18.1877","18.3032","18.1185","1.372","19.4284","8","1","1","False","0"
"27764","1974339920048","1991431605088","1991431791419","18.8806","18.633100000000002","0.24750000000000003","19.0046","0.3934","False","24.229300000000002","18.9314","18.1877","0.6283000000000001","19.261400000000002","8","1","1","False","0"
"27764","1974339920048","1991431793894","1991432001886","21.0133","20.799200000000003","0.2141","20.9918","0.36560000000000004","False","30.323700000000002","21.0467","24.229300000000002","3.8109","24.610100000000003","8","1","1","False","0"
"27764","1974339920048","1991432004027","1991432276429","27.532400000000003","27.2402","0.2922","27.5899","0.44630000000000003","False","18.157500000000002","27.4543","30.323700000000002","6.6803","33.920500000000004","8","1","1","False","0"
"27764","1974339920048","1991432279351","1991432486051","20.9966","20.67","0.3266","20.775000000000002","0.24280000000000002","False","18.1921","20.9622","18.157500000000002","3.8756000000000004","24.5456","8","1","1","False","0"
"27764","1974339920048","1991432489317","1991432698549","21.126800000000003","20.9232","0.2036","21.2312","0.3209","False","24.2867","21.2498","18.1921","0.8179000000000001","21.7411","8","1","1","False","0"
"27764","1974339920048","1991432700585","1991432908581","21.047600000000003","20.7996","0.248","20.903200000000002","0.3779","False","18.1339","21.0032","24.2867","4.1014","24.901","8","1","1","False","0"
"27764","1974339920048","1991432911061","1991433083576","17.5732","17.2515","0.32170000000000004","17.698900000000002","0.3045","False","18.1844","17.4995","18.1339","4.7358","21.9873","8","1","1","False","0"
"27764","1974339920048","1991433086793","1991433301973","21.798000000000002","21.518","0.28","21.786","0.3119","False","24.2569","21.8397","18.1844","1.0805","22.5985","8","1","1","False","0"
"27764","1974339920048","1991433304773","1991433494976","19.2617","19.020300000000002","0.2414","19.285600000000002","0.3301","False","18.1735","19.3003","24.2569","6.037100000000001","25.0574","8","1","1","False","0"
"27764","1974339920048","1991433497390","1991433686374","19.1703","18.898400000000002","0.27190000000000003","19.078500000000002","0.23700000000000002","False","18.2209","19.1398","18.1735","5.0708","23.9692","8","1","1","False","0"
"27764","1974339920048","1991433689093","1991433888856","20.261300000000002","19.976300000000002","0.28500000000000003","20.233900000000002","0.2374","False","18.1827","20.2482","18.2209","3.0435000000000003","23.0198","8","1","1","False","0"
"27764","1974339920048","1991433891706","1991434072082","18.2228","18.0376","0.1852","18.3765","0.32830000000000004","False","24.2118","18.3226","18.1827","2.9036","20.941200000000002","8","1","1","False","0"
"27764","1974339920048","1991434073934","1991434279937","20.8822","20.6003","0.28190000000000004","20.825200000000002","0.324","False","18.1809","20.785500000000003","24.2118","6.3299","26.930200000000003","8","1","1","False","0"
"27764","1974339920048","1991434282756","1991434463013","18.2944","18.0257","0.2687","18.1665","0.2033","False","18.1822","18.3076","18.1809","6.203200000000001","24.2289","8","1","1","False","0"
"27764","1974339920048","1991434465700","1991434651563","18.8275","18.5863","0.2412","18.884900000000002","0.23820000000000002","False","18.1634","18.855","18.1822","5.5304","24.1167","8","1","1","False","0"
"27764","1974339920048","1991434653975","1991434859546","20.8062","20.557100000000002","0.24910000000000002","20.799500000000002","0.23550000000000001","False","18.2265","20.7983","18.1634","2.8955","23.4526","8","1","1","False","0"
"27764","1974339920048","1991434862037","1991435052488","19.2591","19.0451","0.21400000000000002","19.3637","0.30610000000000004","False","18.137700000000002","19.2942","18.2265","1.8278","20.8729","8","1","1","False","0"
"27764","1974339920048","1991435054628","1991435234713","18.2485","18.0085","0.24000000000000002","18.2502","0.33330000000000004","False","24.2773","18.2225","18.137700000000002","1.743","19.7515","8","1","1","False","0"
"27764","1974339920048","1991435237113","1991435432729","19.819100000000002","19.561600000000002","0.2575","19.7912","0.3159","False","18.1634","19.8016","24.2773","6.2187","25.7803","8","1","1","False","0"
"27764","1974339920048","1991435435304","1991435630364","19.770500000000002","19.506","0.2645","19.665000000000003","0.21780000000000002","False","18.1861","19.7635","18.1634","4.6186","24.1246","8","1","1","False","0"
"27764","1974339920048","1991435633009","1991435803539","17.3383","17.053","0.2853","17.3378","0.2909","False","18.1756","17.317500000000003","18.1861","5.4872000000000005","22.540200000000002","8","1","1","False","0"
"27764","1974339920048","1991435806392","1991435987574","18.363100000000003","18.1182","0.2449","18.4066","0.2416","False","18.182000000000002","18.4035","18.1756","5.2593000000000005","23.3775","8","1","1","False","0"
"27764","1974339920048","1991435990023","1991436163499","17.6141","17.3476","0.2665","17.5652","0.217","False","18.1885","17.5925","18.182000000000002","5.848800000000001","23.1964","8","1","1","False","0"
"27764","1974339920048","1991436166164","1991436352984","18.9797","18.682000000000002","0.2977","19.0441","0.27940000000000004","False","18.1792","18.9485","18.1885","5.0888","23.7708","8","1","1","False","0"
"27764","1974339920048","1991436355961","1991436543868","19.0473","18.7907","0.2566","19.004","0.23620000000000002","False","18.1583","19.0884","18.1792","4.1796","22.9703","8","1","1","False","0"
"27764","1974339920048","1991436546434","1991436711341","16.7441","16.4907","0.2534","16.7549","0.24250000000000002","False","30.314700000000002","16.7473","18.1583","5.5906","22.081300000000002","8","1","1","False","0"
"27764","1974339920048","1991436713875","1991437033346","32.2109","31.947100000000002","0.26380000000000003","32.4104","0.4101","False","18.1914","32.2005","30.314700000000002","3.7048","35.651900000000005","8","1","1","False","0"
"27764","1974339920048","1991437035984","1991437214931","18.13","17.8947","0.2353","17.9542","0.2371","False","18.1811","18.1585","18.1914","3.7377000000000002","21.6324","8","1","1","False","0"
"27764","1974339920048","1991437217284","1991437393980","17.9333","17.6696","0.2637","17.8902","0.22260000000000002","False","18.163700000000002","17.9049","18.1811","4.0139000000000005","21.683500000000002","8","1","1","False","0"
"27764","1974339920048","1991437396617","1991437573133","17.9383","17.651600000000002","0.2867","17.9629","0.2306","False","36.360800000000005","17.915300000000002","18.163700000000002","4.262300000000001","21.9139","8","1","1","False","0"
"27764","1974339920048","1991437576000","1991437956447","38.305","38.0447","0.26030000000000003","38.4483","0.3786","False","18.186400000000003","38.3314","36.360800000000005","2.2917","40.336400000000005","8","1","1","False","0"
"27764","1974339920048","1991437959050","1991438138701","18.1737","17.9651","0.2086","18.0013","0.4068","False","24.279","18.2254","18.186400000000003","2.2527","20.2178","8","1","1","False","0"
"27764","1974339920048","1991438140787","1991438345295","20.7205","20.4508","0.2697","20.8426","0.3304","False","18.234","20.6594","24.279","5.8723","26.3231","8","1","1","False","0"
"27764","1974339920048","1991438347992","1991438553482","20.735599999999998","20.549","0.18660000000000002","20.7632","0.32580000000000003","False","18.0912","20.8187","18.234","3.2876000000000003","23.8366","8","1","1","False","0"
"27764","1974339920048","1991438555348","1991438759309","20.6616","20.3961","0.2655","20.652900000000002","0.3622","False","24.2605","20.582700000000003","18.0912","0.7961","21.1922","8","1","1","False","0"
"27764","1974339920048","1991438761964","1991438952150","19.2675","19.0186","0.2489","19.2394","0.3289","False","18.173000000000002","19.284100000000002","24.2605","5.7725","24.7911","8","1","1","False","0"
"27764","1974339920048","1991438954639","1991439143794","19.202900000000003","18.9155","0.2874","19.099600000000002","0.2308","False","18.168400000000002","19.1644","18.173000000000002","4.7811","23.6966","8","1","1","False","0"
"27764","1974339920048","1991439146668","1991439326476","18.291400000000003","17.980800000000002","0.3106","18.3111","0.2973","False","18.179100000000002","18.2682","18.168400000000002","4.6813","22.662100000000002","8","1","1","False","0"
"27764","1974339920048","1991439329582","1991439523225","19.5457","19.3643","0.1814","19.6718","0.3262","False","18.1858","19.6749","18.179100000000002","3.1855","22.5498","8","1","1","False","0"
"27764","1974339920048","1991439525039","1991439708554","18.630300000000002","18.3515","0.2788","18.5597","0.3316","False","18.2038","18.5329","18.1858","2.8384","21.1899","8","1","1","False","0"
"27764","1974339920048","1991439711342","1991439890743","18.1718","17.9401","0.23170000000000002","18.189","0.2862","False","18.2085","18.2189","18.2038","2.8233","20.7634","8","1","1","False","0"
"27764","1974339920048","1991439893060","1991440059499","16.875300000000003","16.643900000000002","0.23140000000000002","16.8092","0.2353","False","18.136300000000002","16.875600000000002","18.2085","4.1562","20.8001","8","1","1","False","0"
"27764","1974339920048","1991440061813","1991440252552","19.311100000000003","19.073900000000002","0.23720000000000002","19.4451","0.3682","False","18.1854","19.305300000000003","18.136300000000002","2.9872","22.0611","8","1","1","False","0"
"27764","1974339920048","1991440254924","1991440428778","17.5607","17.3854","0.1753","17.418100000000003","0.42210000000000003","False","18.1776","17.622600000000002","18.1854","3.5500000000000003","20.9354","8","1","1","False","0"
"27764","1974339920048","1991440430531","1991440619612","19.1494","18.9081","0.24130000000000001","19.2287","0.31820000000000004","False","18.182100000000002","19.0834","18.1776","2.6442","21.552300000000002","8","1","1","False","0"
"27764","1974339920048","1991440622025","1991440799265","17.9986","17.724","0.2746","18.003500000000003","0.3155","False","18.1833","17.9653","18.182100000000002","2.861","20.585","8","1","1","False","0"
"27764","1974339920048","1991440802011","1991440965940","16.5822","16.3929","0.1893","16.7245","0.4307","False","18.2228","16.6675","18.1833","4.3768","20.7697","8","1","1","False","0"
"27764","1974339920048","1991440967833","1991441162929","19.803","19.509600000000002","0.2934","19.6693","0.3234","False","18.1796","19.698900000000002","18.2228","2.9007","22.4103","8","1","1","False","0"
"27764","1974339920048","1991441165863","1991441344321","18.1002","17.8458","0.2544","18.1076","0.333","False","18.210800000000003","18.139200000000002","18.1796","2.9411","20.7869","8","1","1","False","0"
"27764","1974339920048","1991441346865","1991441539725","19.476000000000003","19.286","0.19","19.5836","0.395","False","18.111900000000002","19.5404","18.210800000000003","1.6115000000000002","20.8975","8","1","1","False","0"
"27764","1974339920048","1991441541625","1991441727552","18.8746","18.5927","0.28190000000000004","18.7593","0.33","False","24.2508","18.782700000000002","18.111900000000002","0.9407000000000001","19.5334","8","1","1","False","0"
"27764","1974339920048","1991441730371","1991441957828","23.1009","22.7457","0.3552","23.0926","0.3275","False","18.2071","23.0276","24.2508","2.1639","24.9096","8","1","1","False","0"
"27764","1974339920048","1991441961380","1991442115578","15.6404","15.4198","0.22060000000000002","15.759","0.4222","False","18.176000000000002","15.775","18.2071","4.596","20.015800000000002","8","1","1","False","0"
"27764","1974339920048","1991442117784","1991442301998","18.665000000000003","18.421400000000002","0.2436","18.634600000000002","0.5324","False","18.1477","18.642","18.176000000000002","4.13","22.5514","8","1","1","False","0"
"27764","1974339920048","1991442304434","1991442479371","17.7634","17.4937","0.2697","17.8323","0.47690000000000005","False","30.3065","17.7373","18.1477","4.5404","22.034100000000002","8","1","1","False","0"
"27764","1974339920048","1991442482068","1991442803877","32.4531","32.1809","0.2722","32.8061","0.807","False","18.189","32.4506","30.3065","2.3963","34.577200000000005","8","1","1","False","0"
"27764","1974339920048","1991442806599","1991442989362","18.551299999999998","18.2763","0.275","18.4829","0.7607","False","18.221700000000002","18.5485","18.189","2.0368","20.313100000000002","8","1","1","False","0"
"27764","1974339920048","1991442992112","1991443171868","18.2073","17.9756","0.23170000000000002","18.2775","0.8053","False","24.2011","18.250600000000002","18.221700000000002","2.0079000000000002","19.9835","8","1","1","False","0"
"27764","1974339920048","1991443174185","1991443422916","25.1353","24.8731","0.2622","25.0652","0.752","False","18.1822","25.1048","24.2011","1.1042","25.9773","8","1","1","False","0"
"27764","1974339920048","1991443425538","1991443599194","17.6018","17.3656","0.23620000000000002","17.622600000000002","0.7737","False","18.180600000000002","17.6278","18.1822","1.6586","19.0242","8","1","1","False","0"
"27764","1974339920048","1991443601556","1991443778386","17.953","17.683","0.27","17.8942","0.7457","False","24.2608","17.9192","18.180600000000002","1.9200000000000002","19.603","8","1","1","False","0"
"27764","1974339920048","1991443781086","1991444007057","22.8019","22.5971","0.2048","22.956","0.8445","False","18.214000000000002","22.8671","24.2608","3.3137000000000003","25.910800000000002","8","1","1","False","0"
"27764","1974339920048","1991444009105","1991444188504","18.1231","17.9399","0.1832","17.7333","0.4556","False","18.1365","18.1447","18.214000000000002","3.383","21.3229","8","1","1","False","0"
"27764","1974339920048","1991444190336","1991444351663","16.3408","16.1327","0.2081","16.256700000000002","0.4721","False","24.2359","16.3159","18.1365","5.203600000000001","21.3363","8","1","1","False","0"
"27764","1974339920048","1991444353744","1991444622356","27.1081","26.8612","0.2469","27.4635","0.7463000000000001","False","18.1953","27.069300000000002","24.2359","2.3702","29.2314","8","1","1","False","0"
"27764","1974339920048","1991444624825","1991444789497","16.648400000000002","16.467200000000002","0.1812","16.7151","0.7915000000000001","False","18.1909","16.714100000000002","18.1953","3.8514000000000004","20.3186","8","1","1","False","0"
"27764","1974339920048","1991444791309","1991444966820","17.739500000000003","17.5511","0.1884","17.4112","0.4698","False","18.1889","17.732300000000002","18.1909","4.3100000000000005","21.8611","8","1","1","False","0"
"27764","1974339920048","1991444968704","1991445135685","16.9322","16.6981","0.2341","16.9775","0.5346000000000001","False","18.196","16.8865","18.1889","5.6124","22.3105","8","1","1","False","0"
"27764","1974339920048","1991445138026","1991445312587","17.755599999999998","17.4561","0.2995","17.6442","0.46530000000000005","False","12.0974","17.6902","18.196","6.1182","23.5743","8","1","1","False","0"
"27764","1974339920048","1991445315582","1991445464982","15.1758","14.940000000000001","0.2358","15.22","0.4718","False","18.1659","15.239500000000001","12.0974","2.9761","17.9161","8","1","1","False","0"
"27764","1974339920048","1991445467340","1991445627175","16.233600000000003","15.983500000000001","0.2501","16.2844","0.5155000000000001","False","18.2074","16.2193","18.1659","4.9227","20.906200000000002","8","1","1","False","0"
"27764","1974339920048","1991445629676","1991445821641","19.4086","19.1965","0.2121","19.849600000000002","0.9389000000000001","False","18.1933","19.4466","18.2074","3.6835","22.880000000000003","8","1","1","False","0"
"27764","1974339920048","1991445823762","1991445997863","17.6628","17.4101","0.25270000000000004","17.3494","0.6415000000000001","False","12.113700000000001","17.6222","18.1933","4.2546","21.6647","8","1","1","False","0"
"27764","1974339920048","1991446000390","1991446141688","14.304800000000002","14.129800000000001","0.17500000000000002","14.293000000000001","0.6007","False","24.2405","14.3825","12.113700000000001","1.9858","16.1156","8","1","1","False","0"
"27764","1974339920048","1991446143438","1991446370594","22.8747","22.715600000000002","0.15910000000000002","22.7974","0.9426","False","18.182100000000002","22.890600000000003","24.2405","3.3357","26.0513","8","1","1","False","0"
"27764","1974339920048","1991446372185","1991446536974","16.6585","16.4789","0.1796","16.7343","0.6087","False","18.201900000000002","16.638","18.182100000000002","4.8798","21.358700000000002","8","1","1","False","0"
"27764","1974339920048","1991446538770","1991446701513","16.5268","16.2743","0.2525","16.479300000000002","0.5913","False","12.066","16.4539","18.201900000000002","6.627800000000001","22.9021","8","1","1","False","0"
"27764","1974339920048","1991446704038","1991446876346","17.459500000000002","17.230800000000002","0.22870000000000001","17.549500000000002","0.6751","False","18.213900000000002","17.4833","12.066","1.2105000000000001","18.441300000000002","8","1","1","False","0"
"27764","1974339920048","1991446878633","1991447028225","15.2277","14.959200000000001","0.2685","15.3651","0.8305","False","12.0793","15.1879","18.213900000000002","4.2365","19.195700000000002","8","1","1","False","0"
"27764","1974339920048","1991447030910","1991447171527","14.3143","14.0617","0.2526","13.9837","0.4888","False","18.198","14.330200000000001","12.0793","1.9856","16.0473","8","1","1","False","0"
"27764","1974339920048","1991447174053","1991447342371","17.1038","16.8318","0.272","17.4248","0.8111","False","18.2046","17.084400000000002","18.198","3.0992","19.931","8","1","1","False","0"
"27764","1974339920048","1991447345091","1991447511809","16.939400000000003","16.6718","0.2676","16.9621","0.8414","False","18.1903","16.9438","18.2046","4.36","21.0318","8","1","1","False","0"
"27764","1974339920048","1991447514485","1991447680294","16.8354","16.5809","0.2545","16.4985","0.5027","False","12.0846","16.8485","18.1903","5.7018","22.282700000000002","8","1","1","False","0"
"27764","1974339920048","1991447682839","1991447835864","15.5562","15.3025","0.25370000000000004","15.549900000000001","0.47040000000000004","False","18.183600000000002","15.557","12.0846","2.2294","17.5319","8","1","1","False","0"
"27764","1974339920048","1991447838401","1991448006067","17.0744","16.7666","0.3078","17.4087","0.8403","False","30.3339","17.020300000000002","18.183600000000002","3.3927","20.1593","8","1","1","False","0"
"27764","1974339920048","1991448009145","1991448293882","28.7286","28.4737","0.2549","28.750200000000003","0.8385","False","18.19","28.7815","30.3339","4.9451","33.418800000000005","8","1","1","False","0"
"27764","1974339920048","1991448296431","1991448466181","17.2266","16.975","0.2516","16.871000000000002","0.49710000000000004","False","12.074200000000001","17.2299","18.19","5.905200000000001","22.880200000000002","8","1","1","False","0"
"27764","1974339920048","1991448468697","1991448624533","15.8536","15.5836","0.27","15.8566","0.4964","False","18.212600000000002","15.8352","12.074200000000001","2.1442","17.727800000000002","8","1","1","False","0"
"27764","1974339920048","1991448627233","1991448785338","16.024700000000003","15.810500000000001","0.2142","16.0335","0.9567","False","18.187900000000003","16.0805","18.212600000000002","4.2763","20.0868","8","1","1","False","0"
"27764","1974339920048","1991448787480","1991448950903","16.543000000000003","16.3423","0.20070000000000002","16.5993","0.5301","False","12.0797","16.5565","18.187900000000003","5.9077","22.25","8","1","1","False","0"
"27764","1974339920048","1991448952910","1991449115554","16.5318","16.264400000000002","0.2674","16.505000000000003","0.5312","False","18.1817","16.4651","12.0797","1.5223","17.7867","8","1","1","False","0"
"27764","1974339920048","1991449118228","1991449285882","16.9621","16.7654","0.1967","17.425900000000002","0.9525","False","18.2203","17.0328","18.1817","2.6712000000000002","19.436600000000002","8","1","1","False","0"
"27764","1974339920048","1991449287849","1991449442396","15.6721","15.4547","0.2174","15.5966","0.9033","False","12.144300000000001","15.6514","18.2203","5.2401","20.6948","8","1","1","False","0"
"27764","1974339920048","1991449444570","1991449598852","15.6107","15.4282","0.1825","15.2614","0.5397000000000001","False","42.4185","15.6456","12.144300000000001","1.7388000000000001","17.167","8","1","1","False","0"
"27764","1974339920048","1991449600677","1991449983190","38.4672","38.2513","0.2159","38.8344","0.9118","False","12.081100000000001","38.433800000000005","42.4185","5.7235000000000005","43.9748","8","1","1","False","0"
"27764","1974339920048","1991449985349","1991450145717","16.185299999999998","16.0368","0.14850000000000002","15.996300000000002","0.6965","False","18.2104","16.2527","12.081100000000001","1.5519","17.5887","8","1","1","False","0"
"27764","1974339920048","1991450147202","1991450308812","16.3735","16.161","0.21250000000000002","16.7889","1.1375","False","18.1892","16.3095","18.2104","3.4528000000000003","19.6138","8","1","1","False","0"
"27764","1974339920048","1991450310937","1991450476765","16.785800000000002","16.582800000000002","0.203","16.3595","0.6902","False","12.0809","16.7953","18.1892","4.8467","21.4295","8","1","1","False","0"
"27764","1974339920048","1991450478795","1991450632858","15.6159","15.4063","0.2096","15.371000000000002","0.7679","False","18.2101","15.609300000000001","12.0809","1.3183","16.724600000000002","8","1","1","False","0"
"27764","1974339920048","1991450634954","1991450797023","16.3594","16.2069","0.1525","17.1753","1.2446000000000002","False","18.1902","16.4165","18.2101","3.1119000000000003","19.3188","8","1","1","False","0"
"27764","1974339920048","1991450798548","1991450947550","15.0805","14.9002","0.18030000000000002","14.5572","0.7553000000000001","False","18.1861","15.052700000000002","18.1902","6.2494000000000005","21.1496","8","1","1","False","0"
"27764","1974339920048","1991450949353","1991451121978","17.4897","17.2625","0.2272","17.555400000000002","0.8376","False","18.1874","17.442800000000002","18.1861","6.9927","24.255200000000002","8","1","1","False","0"
"27764","1974339920048","1991451124250","1991451304893","18.339","18.0643","0.2747","18.2297","0.7352000000000001","False","12.0998","18.2915","18.1874","6.8886","24.9529","8","1","1","False","0"
"27764","1974339920048","1991451307640","1991451455866","14.977000000000002","14.822600000000001","0.1544","15.0119","0.7312000000000001","False","18.1894","15.0973","12.0998","3.8911000000000002","18.7137","8","1","1","False","0"
"27764","1974339920048","1991451457410","1991451622674","16.819300000000002","16.526400000000002","0.2929","17.5515","1.5030000000000001","False","18.199","16.6808","18.1894","5.3997","21.9261","8","1","1","False","0"
"27764","1974339920048","1991451625603","1991451789411","16.6176","16.3808","0.2368","15.8693","0.7564000000000001","False","12.0675","16.6737","18.199","6.925000000000001","23.3058","8","1","1","False","0"
"27764","1974339920048","1991451791779","1991451954842","16.4863","16.3063","0.18000000000000002","16.572300000000002","0.7849","False","18.2105","16.5431","12.0675","2.4494000000000002","18.7557","8","1","1","False","0"
"27764","1974339920048","1991451956642","1991452112534","15.8762","15.5892","0.28700000000000003","16.1522","1.1135000000000002","False","18.166600000000003","15.769200000000001","18.2105","4.8907","20.4799","8","1","1","False","0"
"27764","1974339920048","1991452115404","1991452286617","17.411700000000003","17.1213","0.2904","17.748900000000003","1.4864000000000002","False","24.2289","17.4083","18.166600000000003","5.649","22.770300000000002","8","1","1","False","0"
"27764","1974339920048","1991452289521","1991452558167","27.085800000000003","26.864600000000003","0.2212","26.3367","1.1551","False","18.1842","27.155","24.2289","2.7229","29.587500000000002","8","1","1","False","0"
"27764","1974339920048","1991452560379","1991452731659","17.3823","17.128","0.2543","17.857200000000002","1.1863000000000001","False","18.2105","17.3492","18.1842","3.5579","20.6859","8","1","1","False","0"
"27764","1974339920048","1991452734202","1991452893562","16.1951","15.936","0.2591","16.232300000000002","1.2278","False","18.1799","16.1903","18.2105","5.5781","21.514100000000003","8","1","1","False","0"
"27764","1974339920048","1991452896153","1991453086967","19.2783","19.081400000000002","0.19690000000000002","19.295700000000004","1.1882000000000001","False","18.189","19.340500000000002","18.1799","4.4175","23.498900000000003","8","1","1","False","0"
"27764","1974339920048","1991453088936","1991453241719","15.551300000000001","15.278300000000002","0.273","15.201","0.8855000000000001","False","12.1004","15.475200000000001","18.189","7.1313","22.4096","8","1","1","False","0"
"27764","1974339920048","1991453244449","1991453414274","17.2788","16.9825","0.2963","17.198900000000002","0.8277","False","18.2303","17.2555","12.1004","1.9762000000000002","18.9587","8","1","1","False","0"
"27764","1974339920048","1991453417237","1991453588510","17.398000000000003","17.1273","0.2707","17.9124","1.3447","False","18.1328","17.4236","18.2303","2.7829","19.9102","8","1","1","False","0"
"27764","1974339920048","1991453591217","1991453776710","18.815500000000004","18.549300000000002","0.2662","18.826","1.3362","False","24.288400000000003","18.82","18.1328","2.0957","20.645","8","1","1","False","0"
"27764","1974339920048","1991453779372","1991453983675","20.671100000000003","20.430300000000003","0.24080000000000001","20.942600000000002","1.5805","False","24.2072","20.6965","24.288400000000003","5.687600000000001","26.117900000000002","8","1","1","False","0"
"27764","1974339920048","1991453986083","1991454212704","22.8439","22.662100000000002","0.18180000000000002","22.715300000000003","1.4414","False","30.3026","22.902900000000002","24.2072","6.9919","29.654","8","1","1","False","0"
"27764","1974339920048","1991454214522","1991454508212","29.5693","29.369","0.2003","29.7683","1.6480000000000001","False","18.1443","29.550800000000002","30.3026","7.7437000000000005","37.112700000000004","8","1","1","False","0"
"27764","1974339920048","1991454510215","1991454707181","19.867","19.6966","0.1704","19.5243","1.4312","False","18.258100000000002","19.896900000000002","18.1443","5.9911","25.6877","8","1","1","False","0"
"27764","1974339920048","1991454708885","1991454911387","20.4875","20.2502","0.2373","20.611","1.4522000000000002","False","18.124200000000002","20.4206","18.258100000000002","3.8286000000000002","24.0788","8","1","1","False","0"
"27764","1974339920048","1991454913760","1991455111584","20.030400000000004","19.782400000000003","0.248","20.2653","1.6674","False","24.2587","20.0197","18.124200000000002","1.9331","21.715500000000002","8","1","1","False","0"
"27764","1974339920048","1991455114064","1991455303498","19.1959","18.9434","0.2525","19.084400000000002","1.5942","False","18.2159","19.1914","24.2587","7.0004","25.9438","8","1","1","False","0"
"27764","1974339920048","1991455306023","1991455498672","19.4675","19.2649","0.2026","19.1975","1.2750000000000001","False","18.1992","19.517400000000002","18.2159","5.6989","24.963800000000003","8","1","1","False","0"
"27764","1974339920048","1991455500698","1991455699042","20.011000000000003","19.834400000000002","0.1766","20.137700000000002","1.4013","False","18.1156","20.037000000000003","18.1992","3.8611","23.695500000000003","8","1","1","False","0"
"27764","1974339920048","1991455700808","1991455873767","17.5522","17.2959","0.25630000000000003","17.5573","1.4358","False","18.2144","17.4725","18.1156","4.5042","21.8001","8","1","1","False","0"
"27764","1974339920048","1991455876330","1991456068110","19.4157","19.178","0.23770000000000002","19.645","1.6640000000000001","False","18.1587","19.4343","18.2144","3.2843","22.462300000000003","8","1","1","False","0"
"27764","1974339920048","1991456070487","1991456256452","18.838900000000002","18.596500000000002","0.2424","18.784100000000002","1.6119","False","18.1809","18.8342","18.1587","2.6088","21.2053","8","1","1","False","0"
"27764","1974339920048","1991456258876","1991456447061","19.0177","18.8185","0.19920000000000002","18.7311","1.3051000000000001","False","24.2395","19.0609","18.1809","1.7288000000000001","20.5473","8","1","1","False","0"
"27764","1974339920048","1991456449053","1991456679073","23.2325","23.002000000000002","0.2305","23.3295","1.4007","False","18.1812","23.2012","24.2395","2.7671","25.7691","8","1","1","False","0"
"27764","1974339920048","1991456681378","1991456869391","19.052100000000003","18.8013","0.2508","18.961000000000002","1.3365","False","24.2405","19.0318","18.1812","1.9165","20.7178","8","1","1","False","0"
"27764","1974339920048","1991456871899","1991457083093","21.428400000000003","21.119400000000002","0.309","21.6603","1.6134000000000002","False","18.181800000000003","21.3702","24.2405","4.7868","25.906200000000002","8","1","1","False","0"
"27764","1974339920048","1991457086183","1991457280208","19.613","19.4025","0.21050000000000002","18.9649","1.3763","False","18.1933","19.7115","18.181800000000003","3.2571000000000003","22.6596","8","1","1","False","0"
"27764","1974339920048","1991457282313","1991457476063","19.5887","19.375","0.2137","20.326900000000002","1.6485","False","24.236600000000003","19.5855","18.1933","1.8649","21.239900000000002","8","1","1","False","0"
"27764","1974339920048","1991457478200","1991457681335","20.5453","20.3135","0.2318","21.4904","2.5953","False","18.221","20.5272","24.236600000000003","5.5743","25.887800000000002","8","1","1","False","0"
"27764","1974339920048","1991457683653","1991457880781","19.950000000000003","19.7128","0.23720000000000002","19.0548","1.6723000000000001","False","24.2433","19.9446","18.221","3.8507000000000002","23.5635","8","1","1","False","0"
"27764","1974339920048","1991457883153","1991458082972","20.1984","19.9819","0.2165","20.1688","1.6591","False","18.1646","20.2191","24.2433","7.8749","27.8568","8","1","1","False","0"
"27764","1974339920048","1991458085137","1991458274002","19.1033","18.8865","0.21680000000000002","18.618000000000002","1.1781000000000001","False","18.1687","19.103","18.1646","6.9365000000000006","25.823","8","1","1","False","0"
"27764","1974339920048","1991458276170","1991458492869","21.862800000000004","21.669900000000002","0.19290000000000002","21.7938","1.0875000000000001","False","18.1645","21.8867","18.1687","3.2185","24.8884","8","1","1","False","0"
"27764","1974339920048","1991458494798","1991458671472","17.942800000000002","17.6674","0.27540000000000003","17.7056","0.9051","False","18.1863","17.860300000000002","18.1645","3.5227000000000004","21.1901","8","1","1","False","0"
"27764","1974339920048","1991458674226","1991458859473","18.7506","18.5247","0.22590000000000002","19.584400000000002","1.7089","False","18.1785","18.8001","18.1863","2.9089","21.433600000000002","8","1","1","False","0"
"27764","1974339920048","1991458861732","1991459036417","17.7162","17.468500000000002","0.2477","17.4324","1.4405000000000001","False","18.2271","17.6944","18.1785","3.3930000000000002","20.8615","8","1","1","False","0"
"27764","1974339920048","1991459038894","1991459222466","18.606600000000004","18.357200000000002","0.2494","18.6916","1.5111","False","18.136300000000002","18.6049","18.2271","3.0152","21.372400000000003","8","1","1","False","0"
"27764","1974339920048","1991459224960","1991459414314","19.2021","18.9354","0.2667","19.0941","1.4229","False","24.2592","19.1848","18.136300000000002","1.9667000000000001","20.9021","8","1","1","False","0"
"27764","1974339920048","1991459416981","1991459600040","18.5407","18.3059","0.2348","19.4962","2.3557","False","18.207900000000002","18.5726","24.2592","7.653300000000001","25.959200000000003","8","1","1","False","0"
"27764","1974339920048","1991459602388","1991459789335","18.917","18.6947","0.2223","17.3926","1.2879","False","18.154500000000002","18.9295","18.207900000000002","6.9317","25.6264","8","1","1","False","0"
"27764","1974339920048","1991459791558","1991459973048","18.3889","18.149","0.2399","18.5165","0.9698","False","18.1921","18.3713","18.154500000000002","6.7149","24.8639","8","1","1","False","0"
"27764","1974339920048","1991459975447","1991460172768","19.986200000000004","19.732100000000003","0.2541","20.225","1.2295","False","18.1701","19.972","18.1921","4.9350000000000005","24.6671","8","1","1","False","0"
"27764","1974339920048","1991460175309","1991460343034","17.0763","16.7725","0.3038","17.1558","1.2889000000000002","False","18.169700000000002","17.026600000000002","18.1701","6.0785","22.851000000000003","8","1","1","False","0"
"27764","1974339920048","1991460346072","1991460570285","22.704600000000003","22.421300000000002","0.2833","22.573500000000003","1.1737","False","24.279400000000003","22.7251","18.169700000000002","1.5231000000000001","23.9444","8","1","1","False","0"
"27764","1974339920048","1991460573118","1991460766602","19.6295","19.3484","0.2811","20.5712","2.1169000000000002","False","12.0866","19.631700000000002","24.279400000000003","6.170800000000001","25.5192","8","1","1","False","0"
"27764","1974339920048","1991460769413","1991460926149","15.872","15.6736","0.19840000000000002","15.2695","1.4637","False","24.2783","15.9547","12.0866","2.3027","17.976300000000002","8","1","1","False","0"
"27764","1974339920048","1991460928133","1991461111767","18.5984","18.363400000000002","0.23500000000000001","20.922700000000003","3.8164000000000002","False","18.1704","18.5618","24.2783","8.0192","26.3826","8","1","1","False","0"
"27764","1974339920048","1991461114117","1991461299125","18.7161","18.5008","0.21530000000000002","16.297800000000002","1.3831","False","18.180600000000002","18.7358","18.1704","7.4538","25.954600000000003","8","1","1","False","0"
"27764","1974339920048","1991461301278","1991461478545","17.960700000000003","17.7267","0.234","18.0741","1.5110000000000001","False","18.169700000000002","17.942","18.180600000000002","7.6924","25.4191","8","1","1","False","0"
"27764","1974339920048","1991461480885","1991461687773","20.9303","20.6888","0.24150000000000002","20.9585","1.5541","False","18.1673","20.922800000000002","18.169700000000002","4.9393","25.6281","8","1","1","False","0"
"27764","1974339920048","1991461690188","1991461865480","17.7592","17.5292","0.23","18.1375","1.9192","False","18.1724","17.7707","18.1673","5.3359000000000005","22.8651","8","1","1","False","0"
"27764","1974339920048","1991461867780","1991462068320","20.267300000000002","20.054000000000002","0.21330000000000002","20.0893","2.1812","False","24.303800000000003","20.284000000000002","18.1724","3.2243","23.2783","8","1","1","False","0"
"27764","1974339920048","1991462070453","1991462276487","20.889400000000002","20.6034","0.28600000000000003","21.7759","2.6537","False","18.1291","20.8167","24.303800000000003","6.7114","27.3148","8","1","1","False","0"
"27764","1974339920048","1991462279347","1991462486220","20.8855","20.6873","0.19820000000000002","20.3396","2.0626","False","18.191100000000002","20.973300000000002","18.1291","3.8672","24.5545","8","1","1","False","0"
"27764","1974339920048","1991462488202","1991462683976","19.852","19.5774","0.2746","19.7915","2.0261","False","24.2498","19.7756","18.191100000000002","2.2827","21.860100000000003","8","1","1","False","0"
"27764","1974339920048","1991462686722","1991462870073","18.582","18.3351","0.2469","18.6311","2.0736","False","18.174","18.6097","24.2498","7.9228000000000005","26.257900000000003","8","1","1","False","0"
"27764","1974339920048","1991462872542","1991463084909","21.491400000000002","21.236700000000003","0.25470000000000004","20.9521","1.5394","False","24.2604","21.483600000000003","18.174","4.6132","25.8499","8","1","1","False","0"
"27764","1974339920048","1991463087456","1991463291447","20.7112","20.3991","0.3121","21.650000000000006","2.484","False","18.1802","20.6538","24.2604","8.219800000000001","28.6189","8","1","1","False","0"
"27764","1974339920048","1991463294568","1991463489945","19.791","19.5377","0.2533","21.756100000000004","4.4365000000000006","False","18.1779","19.849800000000002","18.1802","6.5502","26.0879","8","1","1","False","0"
"27764","1974339920048","1991463492478","1991463664592","17.461000000000002","17.2114","0.24960000000000002","14.4539","1.429","False","18.1721","17.4647","18.1779","7.263400000000001","24.474800000000002","8","1","1","False","0"
"27764","1974339920048","1991463667088","1991463865829","20.1429","19.874100000000002","0.26880000000000004","20.354999999999997","1.6425","False","18.1847","20.1237","18.1721","5.3118","25.1859","8","1","1","False","0"
"27764","1974339920048","1991463868517","1991464046148","17.935000000000002","17.7631","0.1719","17.6634","1.7949000000000002","False","18.1829","18.0319","18.1847","5.4646","23.227700000000002","8","1","1","False","0"
"27764","1974339920048","1991464047867","1991464227528","18.1768","17.9661","0.2107","18.5517","1.7281000000000002","False","18.2083","18.138","18.1829","5.5095","23.4756","8","1","1","False","0"
"27764","1974339920048","1991464229635","1991464411101","18.3536","18.1466","0.20700000000000002","18.4588","1.8306","False","18.1448","18.357300000000002","18.2083","5.3605","23.5071","8","1","1","False","0"
"27764","1974339920048","1991464413171","1991464610340","20.0438","19.716900000000003","0.3269","20.506600000000002","2.3579000000000003","False","18.1838","19.9239","18.1448","3.5814000000000004","23.2983","8","1","1","False","0"
"27764","1974339920048","1991464613609","1991464794540","18.4482","18.0931","0.3551","17.7571","1.6735","False","18.214100000000002","18.42","18.1838","3.3452","21.4383","8","1","1","False","0"
"27764","1974339920048","1991464798091","1991464938726","14.311800000000002","14.063500000000001","0.24830000000000002","14.567","1.8728","False","18.1708","14.418600000000001","18.214100000000002","7.140700000000001","21.2042","8","1","1","False","0"
"27764","1974339920048","1991464941209","1991465103132","16.3754","16.1923","0.1831","18.7331","4.2028","False","12.1319","16.4406","18.1708","8.8709","25.063200000000002","8","1","1","False","0"
"27764","1974339920048","1991465104963","1991465249772","14.7305","14.4809","0.24960000000000002","12.367600000000001","1.8507","False","12.087900000000001","14.664000000000001","12.1319","6.3388","20.8197","8","1","1","False","0"
"27764","1974339920048","1991465252268","1991465408594","15.8884","15.6326","0.2558","15.832400000000002","1.8239","False","18.2163","15.882200000000001","12.087900000000001","2.5445","18.1771","8","1","1","False","0"
"27764","1974339920048","1991465411152","1991465577035","16.7768","16.5883","0.1885","16.5389","1.5502","False","30.292","16.8441","18.2163","3.9167","20.505000000000003","8","1","1","False","0"
"27764","1974339920048","1991465578920","1991465855609","27.9466","27.6689","0.2777","28.963700000000003","2.5963000000000003","False","12.1271","27.857400000000002","30.292","6.3513","34.0202","8","1","1","False","0"
"27764","1974339920048","1991465858386","1991466011143","15.4234","15.2757","0.1477","14.0097","1.4717","False","18.162300000000002","15.5534","12.1271","2.9250000000000003","18.2007","8","1","1","False","0"
"27764","1974339920048","1991466012620","1991466173271","16.2722","16.0651","0.2071","17.4161","2.3155","False","18.2087","16.2128","18.162300000000002","4.8745","20.939600000000002","8","1","1","False","0"
"27764","1974339920048","1991466175342","1991466329244","15.6584","15.3902","0.2682","15.030000000000001","1.6983000000000001","False","18.1724","15.5973","18.2087","7.4859","22.8761","8","1","1","False","0"
"27764","1974339920048","1991466331926","1991466513623","18.481900000000003","18.169700000000002","0.31220000000000003","19.5362","2.766","False","12.1317","18.437900000000003","18.1724","7.220400000000001","25.3901","8","1","1","False","0"
"27764","1974339920048","1991466516745","1991466646161","13.192100000000002","12.941600000000001","0.2505","11.9482","1.5083","False","12.0706","13.2538","12.1317","6.0983","19.0399","8","1","1","False","0"
"27764","1974339920048","1991466648666","1991466810251","16.4161","16.1585","0.2576","16.409000000000002","1.5183","False","18.2135","16.409000000000002","12.0706","1.7599","17.918400000000002","8","1","1","False","0"
"27764","1974339920048","1991466812827","1991466963362","15.3335","15.053500000000001","0.28","16.0275","2.2038","False","18.2005","15.311100000000001","18.2135","4.6623","19.7158","8","1","1","False","0"
"27764","1974339920048","1991466966162","1991467129959","16.6724","16.3797","0.2927","16.305400000000002","1.8402","False","18.180600000000002","16.6597","18.2005","6.2031","22.582800000000002","8","1","1","False","0"
"27764","1974339920048","1991467132886","1991467297721","16.7289","16.4835","0.2454","16.4369","1.5362","False","12.112200000000001","16.7762","18.180600000000002","7.6075","24.091","8","1","1","False","0"
"27764","1974339920048","1991467300175","1991467437139","13.9014","13.6964","0.20500000000000002","14.146500000000001","1.7765000000000002","False","18.192500000000003","13.9418","12.112200000000001","5.777900000000001","19.4743","8","1","1","False","0"
"27764","1974339920048","1991467439189","1991467601314","16.4065","16.212500000000002","0.194","16.4403","1.7907000000000002","False","12.0707","16.4175","18.192500000000003","7.5529","23.7654","8","1","1","False","0"
"27764","1974339920048","1991467603254","1991467773847","17.3028","17.0593","0.24350000000000002","16.8057","1.808","False","18.1799","17.2533","12.0707","2.3703000000000003","19.4296","8","1","1","False","0"
"27764","1974339920048","1991467776282","1991467937732","16.336199999999998","16.145","0.1912","17.3165","2.2708","False","30.341","16.3885","18.1799","4.161700000000001","20.3067","8","1","1","False","0"
"27764","1974339920048","1991467939644","1991468216156","27.910600000000002","27.651200000000003","0.2594","28.6595","3.0556","False","12.1174","27.8424","30.341","6.6603","34.3115","8","1","1","False","0"
"27764","1974339920048","1991468218750","1991468356558","13.9952","13.780800000000001","0.2144","12.5218","1.544","False","18.1948","14.0402","12.1174","4.7375","18.5183","8","1","1","False","0"
"27764","1974339920048","1991468358702","1991468517580","16.136400000000002","15.8878","0.24860000000000002","16.8733","2.3125","False","12.1014","16.1022","18.1948","6.830100000000001","22.7179","8","1","1","False","0"
"27764","1974339920048","1991468520066","1991468664215","14.6698","14.414900000000001","0.2549","13.7911","1.4405000000000001","False","18.1998","14.6635","12.1014","4.268","18.6829","8","1","1","False","0"
"27764","1974339920048","1991468666764","1991468831230","16.6472","16.4466","0.2006","17.0701","1.8411000000000002","False","18.1902","16.7015","18.1998","5.7663","22.2129","8","1","1","False","0"
"27764","1974339920048","1991468833236","1991468994543","16.338800000000003","16.1307","0.2081","16.349700000000002","1.8398","False","12.091600000000001","16.331300000000002","18.1902","7.6252","23.7559","8","1","1","False","0"
"27764","1974339920048","1991468996624","1991469154198","15.994","15.7574","0.2366","15.808900000000001","1.6805","False","18.203200000000002","15.9655","12.091600000000001","3.7513","19.5087","8","1","1","False","0"
"27764","1974339920048","1991469156564","1991469307587","15.291300000000001","15.102300000000001","0.189","15.8263","2.1894","False","12.0812","15.3389","18.203200000000002","6.615600000000001","21.7179","8","1","1","False","0"
"27764","1974339920048","1991469309477","1991469475064","16.797500000000003","16.5587","0.2388","16.1334","1.5457","False","18.1975","16.747700000000002","12.0812","1.9491","18.5078","8","1","1","False","0"
"27764","1974339920048","1991469477452","1991469648073","17.2891","17.0621","0.227","17.8992","2.6125000000000003","False","18.1965","17.300900000000002","18.1975","2.8457000000000003","19.9078","8","1","1","False","0"
"27764","1974339920048","1991469650343","1991469788688","14.0327","13.8345","0.19820000000000002","16.085","4.1871","False","12.084800000000001","14.0615","18.1965","6.980700000000001","20.8152","8","1","1","False","0"
"27764","1974339920048","1991469790670","1991469961127","17.2303","17.0457","0.18460000000000001","14.559700000000001","1.5126000000000002","False","18.2081","17.2439","12.084800000000001","1.8216","18.8673","8","1","1","False","0"
"27764","1974339920048","1991469962973","1991470117121","15.649200000000002","15.414800000000001","0.23440000000000003","16.3027","2.1865","False","18.2113","15.599400000000001","18.2081","4.4303","19.845100000000002","8","1","1","False","0"
"27764","1974339920048","1991470119465","1991470272644","15.6104","15.3179","0.29250000000000004","15.205100000000002","1.8145","False","12.0946","15.5523","18.2113","7.089300000000001","22.4072","8","1","1","False","0"
"27764","1974339920048","1991470275569","1991470418929","14.518600000000001","14.336","0.1826","14.3069","1.5546","False","12.100800000000001","14.6285","12.0946","4.555400000000001","18.8914","8","1","1","False","0"
"27764","1974339920048","1991470420755","1991470567531","14.8686","14.6776","0.191","14.828600000000002","1.5188000000000001","False","18.1885","14.8602","12.100800000000001","1.796","16.4736","8","1","1","False","0"
"27764","1974339920048","1991470569441","1991470736780","16.916900000000002","16.733900000000002","0.183","17.7257","2.3173","False","18.1798","16.9249","18.1885","3.0596","19.7935","8","1","1","False","0"
"27764","1974339920048","1991470738610","1991470897844","16.1152","15.9234","0.1918","18.2737","4.4721","False","18.179000000000002","16.1064","18.1798","5.133","21.0564","8","1","1","False","0"
"27764","1974339920048","1991470899762","1991471097084","19.917600000000004","19.732200000000002","0.1854","17.8915","2.4573","False","18.2105","19.924","18.179000000000002","3.3880000000000003","23.1202","8","1","1","False","0"
"27764","1974339920048","1991471098938","1991471253556","15.6121","15.4618","0.15030000000000002","16.4705","3.2929","False","12.1029","15.647200000000002","18.2105","5.951300000000001","21.4131","8","1","1","False","0"
"27764","1974339920048","1991471255059","1991471398584","14.558300000000001","14.352500000000001","0.2058","12.7804","1.5505","False","18.2143","14.5028","12.1029","3.5514","17.9039","8","1","1","False","0"
"27764","1974339920048","1991471400642","1991471567757","16.9093","16.7115","0.1978","17.1249","2.1759","False","18.1779","16.9173","18.2143","4.8484","21.559900000000003","8","1","1","False","0"
"27764","1974339920048","1991471569735","1991471706324","13.804200000000002","13.658900000000001","0.1453","18.0635","5.988300000000001","False","12.1071","13.8567","18.1779","9.1696","22.828500000000002","8","1","1","False","0"
"27764","1974339920048","1991471707777","1991471862533","15.6335","15.4756","0.1579","12.1346","2.4959000000000002","False","18.222","15.6209","12.1071","5.6558","21.1314","8","1","1","False","0"
"27764","1974339920048","1991471864112","1991472027028","16.517100000000003","16.291600000000003","0.2255","16.0258","2.0398","False","12.060500000000001","16.4495","18.222","7.4283","23.719900000000003","8","1","1","False","0"
"27764","1974339920048","1991472029283","1991472189284","16.2025","16.0001","0.2024","15.782699999999998","1.5964","False","18.214000000000002","16.2256","12.060500000000001","3.2632000000000003","19.2633","8","1","1","False","0"
"27764","1974339920048","1991472191308","1991472340057","15.1321","14.8749","0.25720000000000004","15.6074","2.1031","False","18.1777","15.077300000000001","18.214000000000002","6.399900000000001","21.274800000000003","8","1","1","False","0"
"27764","1974339920048","1991472342629","1991472531804","19.0902","18.9175","0.17270000000000002","18.669399999999996","1.6455000000000002","False","18.1448","19.1747","18.1777","5.402900000000001","24.320400000000003","8","1","1","False","0"
"27764","1974339920048","1991472533531","1991472690214","15.861600000000001","15.6683","0.1933","15.9036","1.7007","False","30.335800000000003","15.841000000000001","18.1448","7.7067000000000005","23.375","8","1","1","False","0"
"27764","1974339920048","1991472692147","1991472999190","30.9142","30.7043","0.2099","31.928800000000003","2.7086","False","12.1042","30.8976","30.335800000000003","7.144900000000001","37.8492","8","1","1","False","0"
"27764","1974339920048","1991473001289","1991473154085","15.5288","15.2796","0.2492","14.578100000000001","1.7829000000000002","False","18.2151","15.489500000000001","12.1042","3.7596000000000003","19.0392","8","1","1","False","0"
"27764","1974339920048","1991473156577","1991473312725","15.8892","15.6148","0.27440000000000003","15.8171","2.1145","False","12.090300000000001","15.864","18.2151","6.1107000000000005","21.7255","8","1","1","False","0"
"27764","1974339920048","1991473315469","1991473462874","14.9092","14.7405","0.16870000000000002","14.9723","1.7376","False","24.2299","15.0149","12.090300000000001","3.1861","17.9266","8","1","1","False","0"
"27764","1974339920048","1991473464561","1991473708596","24.628800000000002","24.4035","0.2253","24.380200000000002","1.5048000000000001","False","24.2447","24.572200000000002","24.2299","2.8438000000000003","27.247300000000003","8","1","1","False","0"
"27764","1974339920048","1991473710849","1991473939453","23.093300000000003","22.860400000000002","0.23290000000000002","25.2606","3.6823","False","24.2451","23.085700000000003","24.2447","4.002800000000001","26.863200000000003","8","1","1","False","0"
"27764","1974339920048","1991473941782","1991474142187","20.268","20.0405","0.2275","20.028799999999997","3.4428","False","24.251900000000003","20.273400000000002","24.2451","7.974500000000001","28.015","8","1","1","False","0"
"27764","1974339920048","1991474144462","1991474343074","20.1846","19.8612","0.3234","22.8154","6.1239","False","12.1096","20.0887","24.251900000000003","12.1377","31.998900000000003","8","1","1","False","0"
"27764","1974339920048","1991474346308","1991474532139","18.7129","18.5831","0.1298","17.7257","5.0453","False","24.246000000000002","18.9065","12.1096","5.340800000000001","23.9239","8","1","1","False","0"
"27764","1974339920048","1991474533437","1991474713602","18.1453","18.0165","0.1288","18.5031","5.4024","False","12.143500000000001","18.1463","24.246000000000002","11.4405","29.457","8","1","1","False","0"
"27764","1974339920048","1991474714890","1991474873787","16.12","15.889700000000001","0.2303","12.0808","1.4122000000000001","False","12.085500000000001","16.0185","12.143500000000001","7.5655","23.4552","8","1","1","False","0"
"27764","1974339920048","1991474876090","1991475053763","17.9432","17.767300000000002","0.1759","18.0337","1.4651","False","24.258300000000002","17.997600000000002","12.085500000000001","1.6534","19.4207","8","1","1","False","0"
"27764","1974339920048","1991475055522","1991475229710","17.642500000000002","17.4188","0.2237","18.9963","2.8577000000000004","False","12.125","17.5947","24.258300000000002","8.317","25.7358","8","1","1","False","0"
"27764","1974339920048","1991475231947","1991475401363","17.0878","16.9416","0.1462","16.9004","3.0458000000000003","False","18.191100000000002","17.165300000000002","12.125","3.2767","20.2183","8","1","1","False","0"
"27764","1974339920048","1991475402825","1991475570841","16.959600000000002","16.8016","0.158","16.4722","2.1390000000000002","False","12.1012","16.9478","18.191100000000002","4.5200000000000005","21.3216","8","1","1","False","0"
"27764","1974339920048","1991475572421","1991475713445","14.3496","14.102400000000001","0.2472","13.566600000000001","1.3867","False","24.244600000000002","14.2604","12.1012","2.3608000000000002","16.4632","8","1","1","False","0"
"27764","1974339920048","1991475715917","1991475900583","18.616","18.4666","0.1494","24.606900000000003","7.3498","False","12.1201","18.713800000000003","24.244600000000002","7.8916","26.3582","8","1","1","False","0"
"27764","1974339920048","1991475902077","1991476076661","17.7345","17.4584","0.2761","11.9879","1.7057","False","24.255200000000002","17.6078","12.1201","2.4039","19.8623","8","1","1","False","0"
"27764","1974339920048","1991476079422","1991476279393","20.1941","19.9971","0.197","23.5198","4.9557","False","12.127500000000001","20.2732","24.255200000000002","6.3859","26.383000000000003","8","1","1","False","0"
"27764","1974339920048","1991476281363","1991476432730","15.3001","15.136700000000001","0.16340000000000002","11.764000000000001","1.397","False","30.300800000000002","15.3337","12.127500000000001","3.1797","18.3164","8","1","1","False","0"
"27764","1974339920048","1991476434364","1991476647670","21.5496","21.3306","0.219","26.574400000000004","6.4459","False","12.127500000000001","21.494","30.300800000000002","11.986500000000001","33.3171","8","1","1","False","0"
"27764","1974339920048","1991476649860","1991476818422","17.023500000000002","16.8562","0.1673","12.401200000000001","1.7951000000000001","False","12.1125","17.075200000000002","12.127500000000001","7.0388","23.895","8","1","1","False","0"
"27764","1974339920048","1991476820095","1991476971583","15.290500000000002","15.148800000000001","0.14170000000000002","15.122","1.6179000000000001","False","18.1931","15.3161","12.1125","3.8352000000000004","18.984","8","1","1","False","0"
"27764","1974339920048","1991476973000","1991477125472","15.463300000000002","15.247200000000001","0.21610000000000001","18.381600000000002","4.5947000000000005","False","18.1828","15.388900000000001","18.1931","6.6394","21.8866","8","1","1","False","0"
"27764","1974339920048","1991477127633","1991477303385","17.695400000000003","17.575200000000002","0.1202","14.5798","1.7128","False","12.1042","17.7913","18.1828","7.0309","24.6061","8","1","1","False","0"
"27764","1974339920048","1991477304587","1991477455424","15.2784","15.0837","0.1947","16.6492","2.8246","False","18.1811","15.2039","12.1042","3.9312","19.0149","8","1","1","False","0"
"27764","1974339920048","1991477457371","1991477647050","19.158","18.9679","0.19010000000000002","18.154500000000002","1.7905","False","18.2046","19.1626","18.1811","2.9497","21.9176","8","1","1","False","0"
"27764","1974339920048","1991477648951","1991477786405","13.9507","13.7454","0.2053","16.0673","3.9419000000000004","False","12.103800000000001","13.935500000000001","18.2046","7.218800000000001","20.9642","8","1","1","False","0"
"27764","1974339920048","1991477788458","1991477940832","15.4059","15.237400000000001","0.1685","13.185400000000001","1.7047","False","18.172800000000002","15.4427","12.103800000000001","3.8799","19.1173","8","1","1","False","0"
"27764","1974339920048","1991477942517","1991478097825","15.6812","15.530800000000001","0.1504","19.9282","5.9444","False","12.1319","15.699300000000001","18.172800000000002","6.353400000000001","21.8842","8","1","1","False","0"
"27764","1974339920048","1991478099329","1991478258504","16.110500000000002","15.9175","0.193","11.6262","1.4701","False","18.2044","16.0679","12.1319","2.4174","18.3349","8","1","1","False","0"
"27764","1974339920048","1991478260434","1991478402791","14.4997","14.235700000000001","0.264","16.1983","3.2293000000000003","False","18.1704","14.428700000000001","18.2044","6.1931","20.428800000000003","8","1","1","False","0"
"27764","1974339920048","1991478405431","1991478572484","16.910600000000002","16.7053","0.2053","17.8275","4.0986","False","12.114600000000001","16.9693","18.1704","7.3942000000000005","24.099500000000003","8","1","1","False","0"
"27764","1974339920048","1991478574537","1991478727753","15.4875","15.3216","0.16590000000000002","14.2437","2.8415","False","12.0919","15.526900000000001","12.114600000000001","3.9819","19.3035","8","1","1","False","0"
"27764","1974339920048","1991478729412","1991478869462","14.2086","14.005","0.2036","12.796700000000001","1.4367","False","18.201800000000002","14.170900000000001","12.0919","1.9029","15.907900000000001","8","1","1","False","0"
"27764","1974339920048","1991478871498","1991479032321","16.2193","16.0823","0.137","17.0591","2.2526","False","18.1862","16.2859","18.201800000000002","3.8188","19.9011","8","1","1","False","0"
"27764","1974339920048","1991479033691","1991479192754","16.1134","15.9063","0.2071","17.0384","3.6790000000000003","False","12.1018","16.043300000000002","18.1862","5.9617","21.868000000000002","8","1","1","False","0"
"27764","1974339920048","1991479194825","1991479335835","14.234900000000001","14.101","0.13390000000000002","12.3911","1.3339","False","30.3187","14.308100000000001","12.1018","3.7554000000000003","17.8564","8","1","1","False","0"
"27764","1974339920048","1991479337174","1991479610133","27.505399999999998","27.2959","0.20950000000000002","30.658900000000003","4.51","False","12.119200000000001","27.4298","30.3187","6.6443","33.940200000000004","8","1","1","False","0"
"27764","1974339920048","1991479612228","1991479763231","15.295900000000001","15.1003","0.1956","12.530000000000001","1.7513","False","18.198","15.309800000000001","12.119200000000001","3.4537","18.554000000000002","8","1","1","False","0"
"27764","1974339920048","1991479765187","1991479926798","16.2972","16.1611","0.1361","17.3424","2.7652","False","18.209400000000002","16.3567","18.198","5.295","21.4561","8","1","1","False","0"
"27764","1974339920048","1991479928159","1991480087444","16.0823","15.928500000000001","0.15380000000000002","14.741800000000001","1.4319000000000002","False","12.0637","16.064600000000002","18.209400000000002","7.4398","23.3683","8","1","1","False","0"
"27764","1974339920048","1991480088982","1991480251932","16.4964","16.295","0.20140000000000002","16.7561","1.7045000000000001","False","18.2176","16.448800000000002","12.0637","3.0547","19.349700000000002","8","1","1","False","0"
"27764","1974339920048","1991480253946","1991480416788","16.4905","16.284200000000002","0.2063","17.0624","2.2828","False","12.0836","16.4856","18.2176","4.786700000000001","21.0709","8","1","1","False","0"
"27764","1974339920048","1991480418851","1991480559991","14.2947","14.114","0.1807","13.7272","1.7198","False","18.2115","14.320300000000001","12.0836","2.5500000000000003","16.664","8","1","1","False","0"
"27764","1974339920048","1991480561798","1991480723994","16.3517","16.2196","0.1321","16.6811","2.0174000000000003","False","18.1875","16.4003","18.2115","4.3612","20.5808","8","1","1","False","0"
"27764","1974339920048","1991480725315","1991480888305","16.4923","16.299","0.1933","17.610200000000003","3.6113","False","12.0943","16.4311","18.1875","6.1176","22.416600000000003","8","1","1","False","0"
"27764","1974339920048","1991480890238","1991481043600","15.489600000000001","15.336200000000002","0.1534","14.1369","1.7873","False","18.2251","15.5295","12.0943","2.6824000000000003","18.0186","8","1","1","False","0"
"27764","1974339920048","1991481045134","1991481178968","13.5892","13.3834","0.2058","15.380500000000001","3.6185","False","12.0731","13.536800000000001","18.2251","7.3707","20.7541","8","1","1","False","0"
"27764","1974339920048","1991481181026","1991481353359","17.4297","17.2333","0.19640000000000002","15.2392","1.4094","False","18.1891","17.4391","12.0731","2.0047","19.238","8","1","1","False","0"
"27764","1974339920048","1991481355323","1991481498550","14.533500000000002","14.322700000000001","0.21080000000000002","17.9313","4.8086","False","18.2006","14.5191","18.1891","5.6747000000000005","19.997400000000003","8","1","1","False","0"
"27764","1974339920048","1991481500658","1991481660762","16.2008","16.0104","0.1904","12.8972","1.514","False","12.113700000000001","16.2212","18.2006","7.654100000000001","23.6645","8","1","1","False","0"
"27764","1974339920048","1991481662666","1991481802617","14.2438","13.9951","0.2487","15.3571","2.658","False","12.1058","14.185500000000001","12.113700000000001","5.5823","19.5774","8","1","1","False","0"
"27764","1974339920048","1991481805104","1991481945861","14.288800000000002","14.075700000000001","0.2131","14.5427","2.8768000000000002","False","24.2556","14.3244","12.1058","3.3637","17.4394","8","1","1","False","0"
"27764","1974339920048","1991481947992","1991482092899","14.7138","14.4907","0.22310000000000002","18.9036","7.0719","False","6.042800000000001","14.703800000000001","24.2556","12.9155","27.406200000000002","8","1","1","False","0"
"27764","1974339920048","1991482095130","1991482261573","16.837500000000002","16.6443","0.1932","11.2498","1.484","False","18.209400000000002","16.8674","6.042800000000001","2.0909","18.735200000000003","8","1","1","False","0"
"27764","1974339920048","1991482263505","1991482410970","14.9862","14.746500000000001","0.23970000000000002","15.8799","2.357","False","12.1118","14.9397","18.209400000000002","5.360600000000001","20.107100000000003","8","1","1","False","0"
"27764","1974339920048","1991482413367","1991482560718","14.954","14.735100000000001","0.2189","13.9978","1.4255","False","18.1609","14.9748","12.1118","2.4976000000000003","17.2327","8","1","1","False","0"
"27764","1974339920048","1991482562907","1991482721258","15.9638","15.8351","0.1287","18.657","4.3826","False","24.2605","16.054000000000002","18.1609","4.6045","20.439600000000002","8","1","1","False","0"
"27764","1974339920048","1991482722545","1991482966507","24.587","24.3962","0.1908","22.347900000000003","1.8568","False","18.193","24.524900000000002","24.2605","4.3401000000000005","28.7363","8","1","1","False","0"
"27764","1974339920048","1991482968415","1991483112365","14.570500000000001","14.395000000000001","0.17550000000000002","17.3507","4.6394","False","12.1178","14.5858","18.193","7.9473","22.3423","8","1","1","False","0"
"27764","1974339920048","1991483114120","1991483277997","16.5285","16.387700000000002","0.1408","13.546100000000001","1.6347","False","18.1837","16.563200000000002","12.1178","3.5019","19.8896","8","1","1","False","0"
"27764","1974339920048","1991483279405","1991483436303","15.9429","15.6898","0.2531","17.3795","3.1085000000000003","False","12.110000000000001","15.8306","18.1837","5.855","21.544800000000002","8","1","1","False","0"
"27764","1974339920048","1991483438834","1991483596419","16.0058","15.758500000000002","0.24730000000000002","14.3146","1.4277","False","18.1933","16.0116","12.110000000000001","1.9534","17.7119","8","1","1","False","0"
"27764","1974339920048","1991483598892","1991483764757","16.7744","16.5865","0.1879","16.8442","1.4709","False","18.1626","16.8338","18.1933","3.3129","19.8994","8","1","1","False","0"
"27764","1974339920048","1991483766636","1991483955255","19.1045","18.861900000000002","0.2426","19.0683","1.4799","False","18.180400000000002","19.0498","18.1626","2.4257","21.2876","8","1","1","False","0"
"27764","1974339920048","1991483957681","1991484118155","16.2805","16.0474","0.2331","18.2058","3.3561","False","18.2259","16.29","18.180400000000002","4.3161000000000005","20.363500000000002","8","1","1","False","0"
"27764","1974339920048","1991484120486","1991484269536","15.119700000000002","14.905000000000001","0.2147","13.2123","1.4741","False","12.1011","15.138100000000001","18.2259","7.4039","22.3089","8","1","1","False","0"
"27764","1974339920048","1991484271683","1991484426244","15.572000000000001","15.456100000000001","0.1159","15.0404","1.191","False","12.0835","15.670800000000002","12.1011","3.8342","19.290300000000002","8","1","1","False","0"
"27764","1974339920048","1991484427403","1991484565832","13.9849","13.8429","0.14200000000000002","14.6469","1.5725","False","24.294500000000003","13.9588","12.0835","1.9589","15.8018","8","1","1","False","0"
"27764","1974339920048","1991484567252","1991484729555","16.4708","16.2303","0.24050000000000002","19.1128","4.2311000000000005","False","12.076600000000001","16.3723","24.294500000000003","9.8811","26.1114","8","1","1","False","0"
"27764","1974339920048","1991484731960","1991484882947","15.312000000000001","15.098700000000001","0.21330000000000002","14.888900000000001","3.8195","False","24.2623","15.3392","12.076600000000001","6.6185","21.717200000000002","8","1","1","False","0"
"27764","1974339920048","1991484885080","1991485159198","27.627500000000005","27.411800000000003","0.2157","25.959100000000007","2.1578","False","18.195800000000002","27.6251","24.2623","3.2557","30.6675","8","1","1","False","0"
"27764","1974339920048","1991485161355","1991485318841","15.8953","15.748600000000001","0.1467","16.4453","2.6595","False","18.186","15.964300000000001","18.195800000000002","5.4872000000000005","21.2358","8","1","1","False","0"
"27764","1974339920048","1991485320308","1991485486857","16.841","16.6549","0.18610000000000002","17.849500000000003","3.6799000000000004","False","12.1081","16.8016","18.186","6.8716","23.526500000000002","8","1","1","False","0"
"27764","1974339920048","1991485488718","1991485635697","14.829400000000001","14.6979","0.1315","12.7385","1.5829","False","18.1827","14.884","12.1081","4.0957","18.7936","8","1","1","False","0"
"27764","1974339920048","1991485637012","1991485809248","17.3896","17.2236","0.166","17.3882","1.617","False","12.101700000000001","17.3551","18.1827","4.9233","22.146900000000002","8","1","1","False","0"
"27764","1974339920048","1991485810908","1991485954993","14.6567","14.4085","0.2482","14.4792","1.4344000000000001","False","18.1736","14.5745","12.101700000000001","2.4505","16.859","8","1","1","False","0"
"27764","1974339920048","1991485957475","1991486111021","15.4936","15.354600000000001","0.139","18.0032","4.3279000000000005","False","12.1409","15.6028","18.1736","5.0213","20.3759","8","1","1","False","0"
"27764","1974339920048","1991486112411","1991486251556","14.1133","13.9145","0.1988","11.6539","1.498","False","18.1814","14.053500000000001","12.1409","3.1087000000000002","17.0232","8","1","1","False","0"
"27764","1974339920048","1991486253544","1991486403391","15.249600000000001","14.9847","0.2649","17.5108","3.7708000000000004","False","12.107700000000001","15.1835","18.1814","6.1066","21.0913","8","1","1","False","0"
"27764","1974339920048","1991486406040","1991486536940","13.2475","13.09","0.1575","11.6563","2.1252","False","24.2554","13.3549","12.107700000000001","4.8594","17.9494","8","1","1","False","0"
"27764","1974339920048","1991486538515","1991486774254","23.7419","23.573900000000002","0.168","25.2267","3.6194","False","12.0907","23.7314","24.2554","5.3834","28.9573","8","1","1","False","0"
"27764","1974339920048","1991486775934","1991486912141","13.785300000000001","13.620700000000001","0.1646","11.5425","1.3857000000000002","False","30.334100000000003","13.7887","12.0907","3.6854","17.3061","8","1","1","False","0"
"27764","1974339920048","1991486913787","1991487212359","30.0422","29.857200000000002","0.185","31.071","2.4079","False","18.186600000000002","30.021800000000002","30.334100000000003","3.9977","33.8549","8","1","1","False","0"
"27764","1974339920048","1991487214209","1991487377499","16.474","16.329","0.14500000000000002","17.4719","3.3983000000000003","False","12.1058","16.514","18.186600000000002","5.6703","21.9993","8","1","1","False","0"
"27764","1974339920048","1991487378949","1991487521668","14.5515","14.2719","0.2796","13.3475","2.2355","False","18.2043","14.4169","12.1058","3.3592","17.6311","8","1","1","False","0"
"27764","1974339920048","1991487524464","1991487687139","16.470000000000002","16.267500000000002","0.2025","16.1036","1.8508","False","18.186500000000002","16.5471","18.2043","5.0164","21.283900000000003","8","1","1","False","0"
"27764","1974339920048","1991487689164","1991487844320","15.7323","15.515600000000001","0.2167","15.7672","1.8818000000000001","False","12.1164","15.718100000000002","18.186500000000002","7.484800000000001","23.000400000000003","8","1","1","False","0"
"27764","1974339920048","1991487846487","1991487979904","13.548800000000002","13.341700000000001","0.2071","14.541300000000001","3.2288","False","12.104700000000001","13.5584","12.1164","6.042800000000001","19.3845","8","1","1","False","0"
"27764","1974339920048","1991487981975","1991488135576","15.4945","15.360100000000001","0.13440000000000002","14.0202","1.3736000000000002","False","18.1967","15.567200000000001","12.104700000000001","2.5803000000000003","17.9404","8","1","1","False","0"
"27764","1974339920048","1991488136920","1991488279650","14.486100000000002","14.273000000000001","0.2131","16.4211","3.3566000000000003","False","12.116100000000001","14.4074","18.1967","6.3696","20.6426","8","1","1","False","0"
"27764","1974339920048","1991488281781","1991488418442","13.8057","13.6661","0.1396","12.047500000000001","1.5376","False","12.1188","13.8792","12.116100000000001","4.6065000000000005","18.2726","8","1","1","False","0"
"27764","1974339920048","1991488419838","1991488554702","13.612800000000002","13.486400000000001","0.1264","13.815800000000001","1.7486000000000002","False","18.156100000000002","13.626000000000001","12.1188","3.0993","16.5857","8","1","1","False","0"
"27764","1974339920048","1991488555966","1991488726946","17.278900000000004","17.098000000000003","0.1809","17.0483","1.5404","False","24.262900000000002","17.2244","18.156100000000002","4.031000000000001","21.129","8","1","1","False","0"
"27764","1974339920048","1991488728755","1991488941232","21.471200000000003","21.247700000000002","0.2235","23.8981","3.9933","False","12.1279","21.4286","24.262900000000002","6.8653","28.113000000000003","8","1","1","False","0"
"27764","1974339920048","1991488943467","1991489079437","13.803600000000001","13.597000000000001","0.2066","12.4335","2.5900000000000003","False","12.1216","13.820500000000001","12.1279","5.1727","18.7697","8","1","1","False","0"
"27764","1974339920048","1991489081503","1991489212424","13.290700000000001","13.0921","0.1986","12.1317","1.466","False","18.173000000000002","13.2987","12.1216","3.9956","17.0877","8","1","1","False","0"
"27764","1974339920048","1991489214410","1991489376618","16.424300000000002","16.2208","0.20350000000000001","17.9163","2.9598","False","18.217000000000002","16.4194","18.173000000000002","5.7492","21.970000000000002","8","1","1","False","0"
"27764","1974339920048","1991489378653","1991489543240","16.634900000000002","16.4587","0.1762","15.0221","1.3255000000000001","False","12.0888","16.662200000000002","18.217000000000002","7.304","23.762700000000002","8","1","1","False","0"
"27764","1974339920048","1991489545002","1991489695930","15.285400000000001","15.0928","0.19260000000000002","15.302200000000001","1.3407","False","18.188100000000002","15.269","12.0888","4.1238","19.2166","8","1","1","False","0"
"27764","1974339920048","1991489697856","1991489852391","15.6572","15.4535","0.20370000000000002","17.5624","3.7332","False","12.122","15.6461","18.188100000000002","6.6658","22.119300000000003","8","1","1","False","0"
"27764","1974339920048","1991489854428","1991489977308","12.4483","12.288","0.1603","13.082","3.8664","False","12.1127","12.4917","12.122","6.2961","18.5841","8","1","1","False","0"
"27764","1974339920048","1991489978911","1991490129934","15.253000000000002","15.102300000000001","0.1507","13.3738","1.9866000000000001","False","18.2027","15.2626","12.1127","3.1462000000000003","18.2485","8","1","1","False","0"
"27764","1974339920048","1991490131441","1991490271898","14.2108","14.0457","0.1651","15.7146","3.4863","False","12.110700000000001","14.1964","18.2027","7.152500000000001","21.1982","8","1","1","False","0"
"27764","1974339920048","1991490273549","1991490413725","14.1808","14.0176","0.1632","12.6632","1.9928000000000001","False","12.1271","14.1827","12.110700000000001","5.080500000000001","19.098100000000002","8","1","1","False","0"
"27764","1974339920048","1991490415357","1991490549887","13.579500000000001","13.453000000000001","0.1265","13.092400000000001","1.4741","False","18.1656","13.616200000000001","12.1271","3.5914","17.0444","8","1","1","False","0"
"27764","1974339920048","1991490551152","1991490704030","15.436","15.2878","0.1482","19.4057","5.4519","False","12.1288","15.4143","18.1656","6.342700000000001","21.6305","8","1","1","False","0"
"27764","1974339920048","1991490705512","1991490821940","11.860400000000002","11.642800000000001","0.21760000000000002","9.9315","3.5582000000000003","False","12.091000000000001","11.791","12.1288","6.6805","18.3233","8","1","1","False","0"
"27764","1974339920048","1991490824116","1991490986070","16.3993","16.1954","0.2039","14.2736","1.4164","False","18.2256","16.413","12.091000000000001","2.3585000000000003","18.553900000000002","8","1","1","False","0"
"27764","1974339920048","1991490988109","1991491123010","13.6891","13.4901","0.199","16.186","3.9191000000000003","False","12.1072","13.694","18.2256","6.8901","20.380200000000002","8","1","1","False","0"
"27764","1974339920048","1991491125000","1991491282229","15.889600000000002","15.722900000000001","0.16670000000000001","13.3036","1.7305000000000001","False","12.098600000000001","15.9219","12.1072","3.0754","18.7983","8","1","1","False","0"
"27764","1974339920048","1991491283896","1991491415362","13.3435","13.146600000000001","0.19690000000000002","13.4947","1.4876","False","18.1934","13.3133","12.098600000000001","1.8607","15.0073","8","1","1","False","0"
"27764","1974339920048","1991491417331","1991491555268","14.027700000000001","13.793700000000001","0.234","16.3388","3.8048","False","12.1308","13.9906","18.1934","6.0635","19.857200000000002","8","1","1","False","0"
"27764","1974339920048","1991491557608","1991491690690","13.528400000000001","13.308200000000001","0.2202","11.373700000000001","1.6179000000000001","False","12.100900000000001","13.542200000000001","12.1308","4.6521","17.9603","8","1","1","False","0"
"27764","1974339920048","1991491692892","1991491831071","14.0063","13.8179","0.1884","14.1836","1.8179","False","18.218700000000002","14.0381","12.100900000000001","2.7149","16.5328","8","1","1","False","0"
"27764","1974339920048","1991491832955","1991491957813","12.688200000000002","12.485800000000001","0.2024","13.2443","2.3736","False","12.0847","12.6742","18.218700000000002","8.259400000000001","20.7452","8","1","1","False","0"
"27764","1974339920048","1991491959837","1991492096029","13.837600000000002","13.619200000000001","0.2184","17.214000000000002","5.7603","False","12.128300000000001","13.8216","12.0847","6.5225","20.1417","8","1","1","False","0"
"27764","1974339920048","1991492098213","1991492248256","15.2059","15.0043","0.2016","11.3132","1.8382","False","12.1144","15.222700000000001","12.128300000000001","3.4281","18.4324","8","1","1","False","0"
"27764","1974339920048","1991492250272","1991492377937","12.9768","12.7665","0.21030000000000001","12.9928","1.8765","False","18.195600000000002","12.9681","12.1144","2.5744000000000002","15.340900000000001","8","1","1","False","0"
"27764","1974339920048","1991492380040","1991492518915","14.1156","13.887500000000001","0.2281","16.4888","4.2576","False","12.112300000000001","14.097800000000001","18.195600000000002","6.6722","20.5597","8","1","1","False","0"
"27764","1974339920048","1991492521196","1991492676470","15.6333","15.5274","0.10590000000000001","12.6346","1.4967000000000001","False","12.115300000000001","15.755500000000001","12.112300000000001","3.0290000000000004","18.5564","8","1","1","False","0"
"27764","1974339920048","1991492677529","1991492795613","12.0525","11.8084","0.2441","12.2964","1.4824000000000002","False","18.204800000000002","11.9143","12.115300000000001","3.23","15.038400000000001","8","1","1","False","0"
"27764","1974339920048","1991492798054","1991492945707","14.972","14.7653","0.20670000000000002","17.470100000000002","3.9732000000000003","False","12.1219","15.009400000000001","18.204800000000002","6.425400000000001","21.1907","8","1","1","False","0"
"27764","1974339920048","1991492947774","1991493065808","12.0574","11.8034","0.254","11.6072","3.5699","False","12.0995","12.010100000000001","12.1219","6.5372","18.340600000000002","8","1","1","False","0"
"27764","1974339920048","1991493068348","1991493224788","15.8123","15.644","0.1683","14.0434","1.7592","False","24.2556","15.898000000000001","12.0995","2.7387","18.3827","8","1","1","False","0"
"27764","1974339920048","1991493226471","1991493402541","17.8131","17.607","0.2061","22.8044","6.768800000000001","False","12.1278","17.7753","24.2556","9.219000000000001","26.826","8","1","1","False","0"
"27764","1974339920048","1991493404602","1991493521584","11.862","11.6982","0.1638","8.5545","3.4319","False","6.048","11.904300000000001","12.1278","9.4425","21.140700000000002","8","1","1","False","0"
"27764","1974339920048","1991493523222","1991493643849","12.211000000000002","12.062700000000001","0.14830000000000002","10.6122","1.8186","False","12.116000000000001","12.2265","6.048","3.2640000000000002","15.3267","8","1","1","False","0"
"27764","1974339920048","1991493645332","1991493757957","11.4198","11.262500000000001","0.1573","10.8359","1.2462","False","12.113800000000001","11.4108","12.116000000000001","3.9692000000000003","15.2317","8","1","1","False","0"
"27764","1974339920048","1991493759530","1991493882865","12.5218","12.3335","0.1883","13.403400000000001","2.1372","False","12.128400000000001","12.4908","12.113800000000001","3.5922","15.9257","8","1","1","False","0"
"27764","1974339920048","1991493884748","1991494012121","12.938200000000002","12.737300000000001","0.20090000000000002","12.808700000000002","2.5087","False","18.203500000000002","12.925600000000001","12.128400000000001","2.795","15.532300000000001","8","1","1","False","0"
"27764","1974339920048","1991494014130","1991494154927","14.2925","14.0797","0.21280000000000002","16.3507","4.0701","False","12.108600000000001","14.280600000000002","18.203500000000002","6.7179","20.797600000000003","8","1","1","False","0"
"27764","1974339920048","1991494157055","1991494283566","12.910100000000002","12.651100000000001","0.259","12.257100000000001","3.4691","False","18.17","12.863900000000001","12.108600000000001","5.9626","18.6137","8","1","1","False","0"
"27764","1974339920048","1991494286156","1991494487825","20.4292","20.166900000000002","0.26230000000000003","19.6522","2.6766","False","30.3519","20.425900000000002","18.17","3.7067","23.8736","8","1","1","False","0"
"27764","1974339920048","1991494490448","1991494647184","15.908900000000001","15.6736","0.2353","26.7349","13.5153","False","6.0305","15.9359","30.3519","18.122700000000002","33.7963","8","1","1","False","0"
"27764","1974339920048","1991494649537","1991494861455","21.4353","21.1918","0.24350000000000002","10.042300000000001","2.0881000000000003","False","18.175800000000002","21.4271","6.0305","2.7261","23.9179","8","1","1","False","0"
"27764","1974339920048","1991494863890","1991494960585","9.852200000000002","9.669500000000001","0.1827","16.2866","8.522","False","12.108600000000001","9.913","18.175800000000002","10.988900000000001","20.6584","8","1","1","False","0"
"27764","1974339920048","1991494962412","1991495096551","13.5687","13.4139","0.15480000000000002","8.6856","3.6152","False","12.1295","13.5966","12.108600000000001","9.5009","22.9148","8","1","1","False","0"
"27764","1974339920048","1991495098099","1991495246795","15.1163","14.8696","0.2467","17.348100000000002","5.889","False","18.1847","15.0244","12.1295","6.606000000000001","21.4756","8","1","1","False","0"
"27764","1974339920048","1991495249262","1991495372832","12.565600000000002","12.357000000000001","0.2086","12.7047","6.000500000000001","False","12.138900000000001","12.6037","18.1847","12.187000000000001","24.544","8","1","1","False","0"
"27764","1974339920048","1991495374918","1991495525837","15.302200000000001","15.0919","0.21030000000000001","15.024800000000003","5.728000000000001","False","12.102400000000001","15.300500000000001","12.138900000000001","9.025400000000001","24.1173","8","1","1","False","0"
"27764","1974339920048","1991495527940","1991495646670","12.057100000000002","11.873000000000001","0.1841","9.6463","3.3229","False","6.0539000000000005","12.083300000000001","12.102400000000001","9.044500000000001","20.9175","8","1","1","False","0"
"27764","1974339920048","1991495648511","1991495769684","12.3167","12.1173","0.19940000000000002","11.2879","2.2966","False","24.2623","12.301400000000001","6.0539000000000005","2.797","14.9143","8","1","1","False","0"
"27764","1974339920048","1991495771678","1991495948483","17.924200000000003","17.680500000000002","0.2437","18.9374","3.3228","False","18.1933","17.8799","24.2623","9.179400000000001","26.8599","8","1","1","False","0"
"27764","1974339920048","1991495950920","1991496122041","17.344","17.1121","0.23190000000000002","20.6718","6.6325","False","6.0185","17.355800000000002","18.1933","10.0169","27.129","8","1","1","False","0"
"27764","1974339920048","1991496124360","1991496253529","13.1458","12.9169","0.22890000000000002","8.8316","2.3313","False","24.2772","13.148800000000001","6.0185","2.8866","15.803500000000001","8","1","1","False","0"
"27764","1974339920048","1991496255818","1991496416278","16.232699999999998","16.046","0.1867","18.6624","5.1593","False","6.0284","16.274900000000002","24.2772","10.888900000000001","26.934900000000003","8","1","1","False","0"
"27764","1974339920048","1991496418145","1991496555588","13.9596","13.7443","0.21530000000000002","11.1152","1.8988","False","12.1347","13.931000000000001","6.0284","2.9863","16.7306","8","1","1","False","0"
"27764","1974339920048","1991496557741","1991496668030","11.2723","11.0289","0.2434","10.5814","1.256","False","12.109900000000001","11.244200000000001","12.1347","3.8768000000000002","14.905700000000001","8","1","1","False","0"
"27764","1974339920048","1991496670464","1991496789045","12.011700000000001","11.8581","0.15360000000000001","12.6768","1.853","False","12.1309","12.1015","12.109900000000001","3.8852","15.743300000000001","8","1","1","False","0"
"27764","1974339920048","1991496790581","1991496911210","12.225000000000001","12.0629","0.1621","12.3209","1.9612","False","12.142800000000001","12.2165","12.1309","3.7996000000000003","15.8625","8","1","1","False","0"
"27764","1974339920048","1991496912831","1991497027052","11.5778","11.4221","0.1557","11.206100000000003","1.5697","False","12.1188","11.584200000000001","12.142800000000001","4.3582","15.7803","8","1","1","False","0"
"27764","1974339920048","1991497028609","1991497134950","10.8207","10.6341","0.18660000000000002","12.0609","2.8371","False","12.1028","10.789800000000001","12.1188","5.687200000000001","16.3213","8","1","1","False","0"
"27764","1974339920048","1991497136816","1991497293256","15.8689","15.644","0.22490000000000002","14.3335","1.3096","False","12.114700000000001","15.8306","12.1028","1.9594","17.6034","8","1","1","False","0"
"27764","1974339920048","1991497295505","1991497403583","11.0427","10.8078","0.2349","11.8696","2.1389","False","18.2179","11.0327","12.114700000000001","3.0414000000000003","13.849200000000002","8","1","1","False","0"
"27764","1974339920048","1991497405932","1991497554529","15.0948","14.8597","0.2351","16.503700000000002","3.5643000000000002","False","12.107000000000001","15.094600000000002","18.2179","6.164700000000001","21.0244","8","1","1","False","0"
"27764","1974339920048","1991497556880","1991497670719","11.5588","11.3839","0.1749","12.1033","4.0747","False","12.1257","11.619","12.107000000000001","6.6527","18.0366","8","1","1","False","0"
"27764","1974339920048","1991497672468","1991497821570","15.107000000000001","14.910200000000001","0.1968","12.2969","1.2713","False","12.1195","15.0851","12.1257","3.6933000000000002","18.6035","8","1","1","False","0"
"27764","1974339920048","1991497823538","1991497934371","11.316300000000002","11.083300000000001","0.233","12.453800000000001","2.4361","False","12.100000000000001","11.280100000000001","12.1195","4.5327","15.616000000000001","8","1","1","False","0"
"27764","1974339920048","1991497936701","1991498074635","13.971","13.7934","0.1776","12.9818","1.4160000000000001","False","12.152600000000001","14.0264","12.100000000000001","2.6063","16.3997","8","1","1","False","0"
"27764","1974339920048","1991498076411","1991498173440","9.9076","9.7029","0.20470000000000002","11.2569","3.1438","False","12.1072","9.8805","12.152600000000001","4.8784","14.5813","8","1","1","False","0"
"27764","1974339920048","1991498175487","1991498310188","13.661900000000001","13.4701","0.1918","12.2058","1.3153000000000001","False","18.1777","13.674800000000001","12.1072","3.3108","16.7809","8","1","1","False","0"
"27764","1974339920048","1991498312106","1991498452405","14.230300000000002","14.029900000000001","0.20040000000000002","16.997700000000002","4.0875","False","12.1394","14.2217","18.1777","7.2668","21.2967","8","1","1","False","0"
"27764","1974339920048","1991498454409","1991498582376","13.001400000000002","12.796700000000001","0.20470000000000002","12.867600000000001","3.9448000000000003","False","12.1065","12.997100000000001","12.1394","6.4091000000000005","19.2058","8","1","1","False","0"
"27764","1974339920048","1991498584423","1991498737184","15.5065","15.276100000000001","0.23040000000000002","12.9685","1.4396","False","12.097100000000001","15.4808","12.1065","3.0348","18.3109","8","1","1","False","0"
"27764","1974339920048","1991498739488","1991498854480","11.6587","11.4992","0.1595","12.009","1.7378","False","18.2041","11.729600000000001","12.097100000000001","3.4023000000000003","14.9015","8","1","1","False","0"
"27764","1974339920048","1991498856075","1991499018863","16.4477","16.2788","0.1689","17.1234","2.4301","False","6.045800000000001","16.4383","18.2041","5.1681","21.4469","8","1","1","False","0"
"27764","1974339920048","1991499020552","1991499097472","7.8421","7.692","0.1501","6.4777000000000005","1.054","False","18.1978","7.8609","6.045800000000001","3.353","11.045","8","1","1","False","0"
"27764","1974339920048","1991499098973","1991499267521","17.046200000000002","16.8548","0.19140000000000001","17.3423","1.3533000000000002","False","12.0982","17.0049","18.1978","4.5459000000000005","21.4007","8","1","1","False","0"
"27764","1974339920048","1991499269435","1991499377716","11.011700000000001","10.828100000000001","0.1836","12.2833","2.6344000000000003","False","18.2129","11.0195","12.0982","5.6246","16.4527","8","1","1","False","0"
"27764","1974339920048","1991499379552","1991499558899","18.133599999999998","17.9347","0.19890000000000002","19.6278","4.1391","False","6.028700000000001","18.1183","18.2129","5.7192","23.6539","8","1","1","False","0"
"27764","1974339920048","1991499560888","1991499650529","9.136000000000001","8.9641","0.1719","6.3443000000000005","1.3307","False","18.2376","9.163","6.028700000000001","2.5849","11.549000000000001","8","1","1","False","0"
"27764","1974339920048","1991499652248","1991499811836","16.1215","15.9588","0.1627","16.3002","1.4993","False","12.0959","16.1307","18.2376","4.691800000000001","20.6506","8","1","1","False","0"
"27764","1974339920048","1991499813463","1991499941249","13.014500000000002","12.7786","0.2359","13.379100000000001","1.9248","False","12.1003","12.9413","12.0959","3.8464","16.625","8","1","1","False","0"
"27764","1974339920048","1991499943608","1991500076002","13.419","13.2394","0.1796","12.806600000000001","1.268","False","12.1113","13.4753","12.1003","2.4714","15.7108","8","1","1","False","0"
"27764","1974339920048","1991500077798","1991500192489","11.609800000000002","11.469100000000001","0.14070000000000002","11.7675","1.4049","False","12.1371","11.6487","12.1113","2.934","14.4031","8","1","1","False","0"
"27764","1974339920048","1991500193896","1991500309959","11.7695","11.606300000000001","0.1632","12.107800000000001","1.7546000000000002","False","18.1924","11.747","12.1371","3.3241","14.9304","8","1","1","False","0"
"27764","1974339920048","1991500311591","1991500465896","15.577300000000001","15.4305","0.1468","18.1662","4.7416","False","12.153400000000001","15.5937","18.1924","5.9228000000000005","21.3533","8","1","1","False","0"
"27764","1974339920048","1991500467364","1991500572550","10.715900000000001","10.518600000000001","0.1973","7.996600000000001","1.6271","False","12.102400000000001","10.6654","12.153400000000001","7.4108","17.9294","8","1","1","False","0"
"27764","1974339920048","1991500574523","1991500719220","14.6506","14.469700000000001","0.1809","14.6601","1.6537000000000002","False","12.120600000000001","14.667","12.102400000000001","4.8462000000000005","19.3159","8","1","1","False","0"
"27764","1974339920048","1991500721029","1991500839249","12.004000000000001","11.822000000000001","0.182","12.007100000000001","1.6605","False","12.0782","12.0029","12.120600000000001","4.963900000000001","16.7859","8","1","1","False","0"
"27764","1974339920048","1991500841069","1991500978639","13.895600000000002","13.757000000000001","0.1386","13.909300000000002","1.6368","False","12.176","13.939","12.0782","3.1031","16.8601","8","1","1","False","0"
"27764","1974339920048","1991500980025","1991501081463","10.2987","10.1438","0.1549","10.7394","2.0904000000000003","False","12.0822","10.2824","12.176","4.996700000000001","15.140500000000001","8","1","1","False","0"
"27764","1974339920048","1991501083012","1991501230172","14.9686","14.716000000000001","0.2526","14.1943","1.3557000000000001","False","12.1454","14.8709","12.0822","2.208","16.924","8","1","1","False","0"
"27764","1974339920048","1991501232698","1991501314760","8.3946","8.2062","0.1884","9.6049","2.5380000000000003","False","24.256","8.4588","12.1454","5.8946000000000005","14.100800000000001","8","1","1","False","0"
"27764","1974339920048","1991501316644","1991501571085","25.589800000000004","25.444100000000002","0.1457","24.2759","1.2045000000000001","False","12.1079","25.6325","24.256","4.5181000000000004","29.962200000000003","8","1","1","False","0"
"27764","1974339920048","1991501572542","1991501680463","10.971200000000001","10.792100000000001","0.1791","12.3712","2.6225","False","12.110800000000001","10.937800000000001","12.1079","5.6882","16.4803","8","1","1","False","0"
"27764","1974339920048","1991501682254","1991501823311","14.3131","14.1057","0.2074","13.278500000000001","1.5895000000000001","False","12.131300000000001","14.2848","12.110800000000001","3.5142","17.6199","8","1","1","False","0"
"27764","1974339920048","1991501825385","1991501934380","11.0394","10.8995","0.1399","10.796100000000001","1.3297","False","12.109900000000001","11.106900000000001","12.131300000000001","4.538600000000001","15.4381","8","1","1","False","0"
"27764","1974339920048","1991501935779","1991502058582","12.4899","12.2803","0.2096","12.2325","1.0996000000000001","False","12.1266","12.420200000000001","12.109900000000001","4.2283","16.5086","8","1","1","False","0"
"27764","1974339920048","1991502060678","1991502163388","10.465100000000001","10.271","0.19410000000000002","11.9312","2.565","False","12.1102","10.4806","12.1266","5.8743","16.145300000000002","8","1","1","False","0"
"27764","1974339920048","1991502165329","1991502303502","13.950000000000001","13.817300000000001","0.1327","12.7329","1.312","False","12.1087","14.0114","12.1102","3.9731","17.7904","8","1","1","False","0"
"27764","1974339920048","1991502304829","1991502439424","13.609","13.4595","0.1495","13.547600000000001","1.5871000000000002","False","12.1547","13.5922","12.1087","2.4896000000000003","15.949100000000001","8","1","1","False","0"
"27764","1974339920048","1991502440919","1991502541995","10.2592","10.1076","0.1516","10.455400000000001","1.4569","False","12.1181","10.257100000000001","12.1547","4.3872","14.494800000000001","8","1","1","False","0"
"27764","1974339920048","1991502543511","1991502669004","12.7013","12.5493","0.152","12.459000000000001","1.2126000000000001","False","12.089","12.7009","12.1181","3.8044000000000002","16.3537","8","1","1","False","0"
"27764","1974339920048","1991502670524","1991502775616","10.6822","10.5092","0.17300000000000001","11.5107","2.0508","False","12.119800000000001","10.661200000000001","12.089","5.232200000000001","15.7414","8","1","1","False","0"
"27764","1974339920048","1991502777346","1991502926046","15.092400000000001","14.870000000000001","0.22240000000000001","14.8315","1.7884","False","18.2328","15.043000000000001","12.119800000000001","2.309","17.179000000000002","8","1","1","False","0"
"27764","1974339920048","1991502928270","1991503053294","12.7179","12.5024","0.2155","12.664000000000001","1.7462","False","12.0982","12.7248","18.2328","7.817","20.3194","8","1","1","False","0"
"27764","1974339920048","1991503055449","1991503209909","15.669000000000002","15.446000000000002","0.223","15.165500000000002","1.2804","False","12.1349","15.6615","12.0982","4.2537","19.6997","8","1","1","False","0"
"27764","1974339920048","1991503212139","1991503304038","9.389899999999999","9.1899","0.2","12.1904","4.0373","False","12.0946","9.4129","12.1349","6.975700000000001","16.1656","8","1","1","False","0"
"27764","1974339920048","1991503306038","1991503471822","16.8639","16.578400000000002","0.28550000000000003","14.0738","1.2928000000000002","False","18.169800000000002","16.7784","12.0946","2.2919","18.8703","8","1","1","False","0"
"27764","1974339920048","1991503474677","1991503637865","16.554299999999998","16.3188","0.23550000000000001","17.3826","2.0932","False","18.198900000000002","16.604300000000002","18.169800000000002","3.8574","20.1762","8","1","1","False","0"
"27764","1974339920048","1991503640220","1991503818650","18.1016","17.843","0.2586","18.1292","2.1172","False","18.1846","18.078500000000002","18.198900000000002","3.9778000000000002","21.820800000000002","8","1","1","False","0"
"27764","1974339920048","1991503821236","1991503998888","17.9791","17.7652","0.2139","17.614","1.7542","False","18.1477","18.0238","18.1846","4.1386","21.9038","8","1","1","False","0"
"27764","1974339920048","1991504001027","1991504201554","20.2756","20.0527","0.22290000000000001","20.2585","1.7432","False","18.2427","20.2666","18.1477","2.0197000000000003","22.072400000000002","8","1","1","False","0"
"27764","1974339920048","1991504203783","1991504359457","15.7522","15.567400000000001","0.18480000000000002","15.512500000000003","1.9203000000000001","False","18.1597","15.7903","18.2427","4.4721","20.0395","8","1","1","False","0"
"27764","1974339920048","1991504361305","1991504515173","15.6614","15.386800000000001","0.2746","19.0425","4.9073","False","12.1232","15.5716","18.1597","7.0602","22.447000000000003","8","1","1","False","0"
"27764","1974339920048","1991504517919","1991504643760","12.8954","12.584100000000001","0.3113","11.9474","4.05","False","12.1301","12.8587","12.1232","6.3247","18.9088","8","1","1","False","0"
"27764","1974339920048","1991504646873","1991504761523","11.742799999999999","11.465","0.2778","11.4323","3.6619","False","12.0899","11.7763","12.1301","6.6785000000000005","18.1435","8","1","1","False","0"
"27764","1974339920048","1991504764301","1991504890092","12.8359","12.5791","0.25680000000000003","14.493500000000001","5.293200000000001","False","12.153400000000001","12.856900000000001","12.0899","5.9115","18.4906","8","1","1","False","0"
"27764","1974339920048","1991504892660","1991505011902","12.1119","11.9242","0.1877","10.2325","3.3821000000000003","False","12.108600000000001","12.181000000000001","12.153400000000001","5.883900000000001","17.8081","8","1","1","False","0"
"27764","1974339920048","1991505013779","1991505143811","13.215700000000002","13.003200000000001","0.21250000000000002","12.163","2.3233","False","18.165200000000002","13.190900000000001","12.108600000000001","4.8016000000000005","17.8048","8","1","1","False","0"
"27764","1974339920048","1991505145936","1991505308647","16.519000000000002","16.2711","0.2479","19.2483","5.0932","False","6.0585","16.4836","18.165200000000002","6.4832","22.7543","8","1","1","False","0"
"27764","1974339920048","1991505311126","1991505403236","9.4704","9.211","0.2594","5.7132000000000005","1.3562","False","12.108500000000001","9.4589","6.0585","3.0828","12.293800000000001","8","1","1","False","0"
"27764","1974339920048","1991505405830","1991505536525","13.2451","13.069500000000001","0.1756","13.2196","1.2796","False","30.3567","13.3289","12.108500000000001","1.8624","14.9319","8","1","1","False","0"
"27764","1974339920048","1991505538281","1991505781096","24.486800000000002","24.2815","0.2053","24.9569","1.7434","False","12.101","24.4571","30.3567","7.7620000000000005","32.0435","8","1","1","False","0"
"27764","1974339920048","1991505783149","1991505900980","11.938500000000001","11.783100000000001","0.1554","14.592400000000001","4.3884","False","6.0253000000000005","11.9884","12.101","7.8746","19.657700000000002","8","1","1","False","0"
"27764","1974339920048","1991505902534","1991506012016","11.1144","10.9482","0.16620000000000001","8.4001","1.6772","False","18.230600000000003","11.1036","6.0253000000000005","2.7963","13.7445","8","1","1","False","0"
"27764","1974339920048","1991506013678","1991506149956","13.862400000000001","13.6278","0.2346","15.4932","3.3431","False","12.111500000000001","13.794","18.230600000000003","7.232900000000001","20.8607","8","1","1","False","0"
"27764","1974339920048","1991506152302","1991506274279","12.448300000000001","12.197700000000001","0.2506","12.5256","3.4258","False","12.1171","12.432300000000001","12.111500000000001","6.912100000000001","19.1098","8","1","1","False","0"
"27764","1974339920048","1991506276785","1991506410715","13.6559","13.393","0.2629","12.3832","2.1226000000000003","False","12.1226","13.643600000000001","12.1171","5.3856","18.7786","8","1","1","False","0"
"27764","1974339920048","1991506413344","1991506523536","11.3239","11.0192","0.3047","11.7558","2.5926","False","12.135","11.2821","12.1226","6.226100000000001","17.2453","8","1","1","False","0"
"27764","1974339920048","1991506526583","1991506661399","13.6197","13.4816","0.1381","12.190100000000001","1.1087","False","12.0753","13.7863","12.135","4.574800000000001","18.0564","8","1","1","False","0"
"27764","1974339920048","1991506662780","1991506793891","13.305","13.1111","0.19390000000000002","13.477400000000001","1.3028","False","18.213900000000002","13.2492","12.0753","3.4009","16.512","8","1","1","False","0"
"27764","1974339920048","1991506795830","1991506974389","18.061700000000002","17.855900000000002","0.2058","18.4904","1.7252","False","12.1217","18.0498","18.213900000000002","3.5650000000000004","21.4209","8","1","1","False","0"
"27764","1974339920048","1991506976447","1991507074542","9.9923","9.8095","0.18280000000000002","11.352","3.5332000000000003","False","12.1128","10.0153","12.1217","5.6714","15.4809","8","1","1","False","0"
"27764","1974339920048","1991507076370","1991507203507","12.855300000000002","12.713700000000001","0.1416","12.142700000000001","2.3538","False","12.1475","12.896500000000001","12.1128","4.887700000000001","17.6014","8","1","1","False","0"
"27764","1974339920048","1991507204923","1991507318706","11.523500000000002","11.378300000000001","0.1452","11.9389","2.7707","False","12.1011","11.5199","12.1475","5.5153","16.8936","8","1","1","False","0"
"27764","1974339920048","1991507320158","1991507436016","11.763100000000001","11.5858","0.1773","12.5747","3.5966","False","12.1058","11.731","12.1011","5.885400000000001","17.4712","8","1","1","False","0"
"27764","1974339920048","1991507437789","1991507583241","14.805000000000001","14.545200000000001","0.25980000000000003","12.5408","1.3593000000000002","False","12.1388","14.7225","12.1058","3.2687","17.8139","8","1","1","False","0"
"27764","1974339920048","1991507585839","1991507679203","9.5333","9.336400000000001","0.19690000000000002","11.6515","3.467","False","18.1769","9.5962","12.1388","5.8113","15.1477","8","1","1","False","0"
"27764","1974339920048","1991507681172","1991507848710","16.9889","16.753800000000002","0.2351","17.3257","3.8117","False","6.0617","16.9507","18.1769","7.0375000000000005","23.7913","8","1","1","False","0"
"27764","1974339920048","1991507851061","1991507945932","9.6395","9.4871","0.1524","7.4863","1.6222","False","12.1126","9.7222","6.0617","3.3770000000000002","12.8641","8","1","1","False","0"
"27764","1974339920048","1991507947456","1991508059902","11.3893","11.2446","0.1447","11.0721","1.298","False","12.101700000000001","11.397","12.1126","4.0926","15.337200000000001","8","1","1","False","0"
"27764","1974339920048","1991508061349","1991508184124","12.4345","12.2775","0.157","12.8031","1.6660000000000001","False","12.121","12.4222","12.101700000000001","3.7721","16.0496","8","1","1","False","0"
"27764","1974339920048","1991508185694","1991508292778","10.8414","10.708400000000001","0.133","11.405999999999999","2.2289000000000003","False","18.212","10.865400000000001","12.121","5.0277","15.7361","8","1","1","False","0"
"27764","1974339920048","1991508294108","1991508450609","15.8329","15.6501","0.18280000000000002","15.6784","2.0906000000000002","False","6.0416","15.783100000000001","18.212","7.456600000000001","23.1067","8","1","1","False","0"
"27764","1974339920048","1991508452437","1991508558803","10.828800000000001","10.636600000000001","0.1922","10.307500000000001","1.5856000000000001","False","18.1837","10.8194","6.0416","2.6788000000000003","13.3154","8","1","1","False","0"
"27764","1974339920048","1991508560725","1991508704027","14.700500000000002","14.330200000000001","0.3703","18.1008","5.1763","False","6.0529","14.522400000000001","18.1837","6.3401000000000005","20.6703","8","1","1","False","0"
"27764","1974339920048","1991508707730","1991508799909","9.5601","9.2179","0.3422","5.405200000000001","1.4057000000000002","False","18.1931","9.5882","6.0529","2.8048","12.0227","8","1","1","False","0"
"27764","1974339920048","1991508803331","1991508946479","14.4864","14.3148","0.1716","17.393800000000002","3.7241","False","12.1403","14.657","18.1931","6.3409","20.6557","8","1","1","False","0"
"27764","1974339920048","1991508948195","1991509065180","11.9816","11.698500000000001","0.2831","11.951400000000003","3.7389","False","12.0784","11.8701","12.1403","6.6111","18.3096","8","1","1","False","0"
"27764","1974339920048","1991509068011","1991509235201","16.855","16.719","0.136","14.4905","1.3113000000000001","False","18.1868","17.002100000000002","12.0784","1.6874","18.4064","8","1","1","False","0"
"27764","1974339920048","1991509236561","1991509382696","14.7945","14.6135","0.18100000000000002","16.4749","3.024","False","18.2088","14.749500000000001","18.1868","5.1247","19.738200000000003","8","1","1","False","0"
"27764","1974339920048","1991509384506","1991509562112","17.9775","17.7606","0.2169","18.418400000000002","3.4559","False","6.0285","17.9416","18.2088","5.391900000000001","23.1525","8","1","1","False","0"
"27764","1974339920048","1991509564281","1991509651625","8.9045","8.7344","0.1701","6.822100000000001","1.3685","False","18.214000000000002","8.9513","6.0285","2.4691","11.2035","8","1","1","False","0"
"27764","1974339920048","1991509653326","1991509813517","16.157300000000003","16.0191","0.13820000000000002","17.3201","2.5213","False","12.120700000000001","16.1892","18.214000000000002","4.4939","20.513","8","1","1","False","0"
"27764","1974339920048","1991509814899","1991509927850","11.457699999999999","11.2951","0.1626","12.1325","3.202","False","12.110800000000001","11.433300000000001","12.120700000000001","5.1813","16.4764","8","1","1","False","0"
"27764","1974339920048","1991509929476","1991510065931","13.8796","13.6455","0.2341","11.6789","1.0370000000000001","False","12.0997","13.808100000000001","12.110800000000001","3.484","17.1295","8","1","1","False","0"
"27764","1974339920048","1991510068272","1991510188271","12.2154","11.9999","0.2155","12.4868","1.3139","False","12.132200000000001","12.234","12.0997","3.3497000000000003","15.3496","8","1","1","False","0"
"27764","1974339920048","1991510190426","1991510308017","11.9679","11.7591","0.2088","12.1202","1.4416","False","18.2028","11.9746","12.132200000000001","3.5073000000000003","15.2664","8","1","1","False","0"
"27764","1974339920048","1991510310105","1991510465815","15.811200000000001","15.571000000000002","0.24020000000000002","18.4372","4.0863000000000005","False","12.1243","15.779800000000002","18.2028","5.9303","21.5013","8","1","1","False","0"
"27764","1974339920048","1991510468217","1991510583980","11.764","11.5763","0.1877","11.8152","4.119","False","18.189500000000002","11.816500000000001","12.1243","6.2381","17.8144","8","1","1","False","0"
"27764","1974339920048","1991510585857","1991510758594","17.543300000000002","17.2737","0.2696","17.116600000000002","3.7138","False","12.1071","17.4614","18.189500000000002","6.966200000000001","24.239900000000002","8","1","1","False","0"
"27764","1974339920048","1991510761290","1991510873873","11.5315","11.2583","0.2732","9.0473","1.2549000000000001","False","12.1315","11.5279","12.1071","7.545400000000001","18.8037","8","1","1","False","0"
"27764","1974339920048","1991510876605","1991511037219","16.2229","16.0614","0.1615","16.0773","1.106","False","18.1798","16.334600000000002","12.1315","3.3423000000000003","19.4037","8","1","1","False","0"
"27764","1974339920048","1991511038834","1991511174729","13.777400000000002","13.589500000000001","0.1879","14.366800000000001","1.6458000000000002","False","12.1174","13.751000000000001","18.1798","7.771100000000001","21.3606","8","1","1","False","0"
"27764","1974339920048","1991511176608","1991511306893","13.224900000000002","13.028500000000001","0.19640000000000002","16.0262","4.4453000000000005","False","12.1144","13.2164","12.1174","6.6721","19.7006","8","1","1","False","0"
"27764","1974339920048","1991511308857","1991511426322","11.916","11.746500000000001","0.1695","11.799000000000001","4.3211","False","12.1095","11.9429","12.1144","6.8436","18.5901","8","1","1","False","0"
"27764","1974339920048","1991511428017","1991511557652","13.2078","12.9635","0.24430000000000002","12.755","3.9186","False","12.145000000000001","13.133000000000001","12.1095","5.8201","18.7836","8","1","1","False","0"
"27764","1974339920048","1991511560095","1991511669190","11.141700000000002","10.909500000000001","0.23220000000000002","11.2783","4.0399","False","12.1251","11.1538","12.145000000000001","6.8113","17.7208","8","1","1","False","0"
"27764","1974339920048","1991511671512","1991511814572","14.4471","14.306000000000001","0.1411","11.4656","1.4092","False","12.114600000000001","14.538200000000002","12.1251","4.3982","18.7042","8","1","1","False","0"
"27764","1974339920048","1991511815983","1991511936404","12.203600000000002","12.042100000000001","0.1615","12.5633","1.3781","False","12.087800000000001","12.183200000000001","12.114600000000001","4.3296","16.3717","8","1","1","False","0"
"27764","1974339920048","1991511938019","1991512080559","14.418600000000001","14.254000000000001","0.1646","14.3106","1.2768000000000002","False","18.2121","14.415500000000002","12.087800000000001","2.0019","16.2559","8","1","1","False","0"
"27764","1974339920048","1991512082205","1991512234684","15.397400000000001","15.247900000000001","0.1495","17.1673","3.0371","False","18.1733","15.412500000000001","18.2121","4.8015","20.049400000000002","8","1","1","False","0"
"27764","1974339920048","1991512236179","1991512389884","15.577200000000001","15.370500000000002","0.20670000000000002","17.623","5.1163","False","12.112","15.520000000000001","18.1733","7.4548000000000005","22.825300000000002","8","1","1","False","0"
"27764","1974339920048","1991512391951","1991512520266","13.0586","12.8315","0.22710000000000002","12.839300000000001","4.9039","False","12.1362","13.0382","12.112","6.5286","19.3601","8","1","1","False","0"
"27764","1974339920048","1991512522537","1991512657876","13.712700000000002","13.533900000000001","0.17880000000000001","12.053500000000001","3.2089000000000003","False","12.1288","13.761000000000001","12.1362","4.9038","18.4377","8","1","1","False","0"
"27764","1974339920048","1991512659664","1991512780033","12.1956","12.036900000000001","0.1587","12.0273","3.0373","False","18.1599","12.2157","12.1288","4.8169","16.8538","8","1","1","False","0"
"27764","1974339920048","1991512781620","1991512947934","16.8666","16.6314","0.23520000000000002","18.1522","4.3641000000000005","False","6.0408","16.790100000000002","18.1599","6.1867","22.8181","8","1","1","False","0"
"27764","1974339920048","1991512950286","1991513036721","8.900500000000001","8.643500000000001","0.257","5.869300000000001","1.3496000000000001","False","12.134","8.8787","6.0408","3.3488","11.9923","8","1","1","False","0"
"27764","1974339920048","1991513039291","1991513156565","11.896600000000001","11.727400000000001","0.16920000000000002","11.8811","1.2868000000000002","False","18.2178","11.9844","12.134","3.4984","15.225800000000001","8","1","1","False","0"
"27764","1974339920048","1991513158257","1991513307589","15.155400000000002","14.933200000000001","0.2222","17.1695","3.3032000000000004","False","12.1104","15.102400000000001","18.2178","6.6138","21.547","8","1","1","False","0"
"27764","1974339920048","1991513309811","1991513436113","12.8871","12.6302","0.2569","12.132200000000001","2.5855","False","12.096300000000001","12.852400000000001","12.1104","5.8718","18.502000000000002","8","1","1","False","0"
"27764","1974339920048","1991513438682","1991513594508","15.7886","15.582600000000001","0.20600000000000002","14.7932","1.5717","False","12.114500000000001","15.839500000000001","12.096300000000001","2.1286","17.7112","8","1","1","False","0"
"27764","1974339920048","1991513596568","1991513693128","9.813","9.656","0.157","12.3949","4.4471","False","12.148900000000001","9.862","12.114500000000001","4.3811","14.0371","8","1","1","False","0"
"27764","1974339920048","1991513694698","1991513811582","11.8371","11.6884","0.1487","8.8785","1.1519000000000001","False","12.1285","11.8454","12.148900000000001","4.6846000000000005","16.373","8","1","1","False","0"
"27764","1974339920048","1991513813069","1991513918089","10.6919","10.502","0.1899","12.221200000000001","2.712","False","12.0914","10.6507","12.1285","6.1624","16.6644","8","1","1","False","0"
"27764","1974339920048","1991513919988","1991514051737","13.3161","13.174900000000001","0.14120000000000002","12.388","1.7685000000000002","False","12.1167","13.3648","12.0914","4.889","18.0639","8","1","1","False","0"
"27764","1974339920048","1991514053149","1991514181859","13.0184","12.871","0.1474","12.973500000000001","1.7141000000000002","False","12.1196","13.0122","12.1167","3.9935","16.8645","8","1","1","False","0"
"27764","1974339920048","1991514183333","1991514307260","12.540000000000001","12.392700000000001","0.14730000000000001","12.5966","1.7746000000000002","False","12.1249","12.5401","12.1196","3.573","15.9657","8","1","1","False","0"
"27764","1974339920048","1991514308733","1991514441065","13.4475","13.2332","0.21430000000000002","13.6704","2.0180000000000002","False","12.1484","13.380500000000001","12.1249","2.3174","15.550600000000001","8","1","1","False","0"
"27764","1974339920048","1991514443208","1991514543755","10.218200000000001","10.0547","0.1635","9.4525","1.243","False","12.1182","10.269","12.1484","4.1968000000000005","14.2515","8","1","1","False","0"
"27764","1974339920048","1991514545390","1991514654254","11.0189","10.8864","0.1325","11.9129","2.1189","False","12.1346","11.049900000000001","12.1182","5.2651","16.151500000000002","8","1","1","False","0"
"27764","1974339920048","1991514655579","1991514771350","11.774799999999999","11.5771","0.19770000000000001","12.356900000000001","2.7284","False","12.1234","11.7096","12.1346","5.6901","17.267200000000003","8","1","1","False","0"
"27764","1974339920048","1991514773327","1991514880155","10.868","10.6828","0.1852","9.6328","1.4926000000000001","False","12.1287","10.880500000000001","12.1234","6.933000000000001","17.6158","8","1","1","False","0"
"27764","1974339920048","1991514882007","1991515002306","12.229700000000001","12.029900000000001","0.1998","13.586500000000001","2.8629000000000002","False","12.1255","12.215100000000001","12.1287","6.8466000000000005","18.8765","8","1","1","False","0"
"27764","1974339920048","1991515004304","1991515125355","12.3002","12.1051","0.1951","12.635100000000001","3.1793","False","12.0801","12.3049","12.1255","6.6672","18.7723","8","1","1","False","0"
"27764","1974339920048","1991515127306","1991515242163","11.742700000000001","11.485700000000001","0.257","10.0174","1.4928000000000001","False","12.1594","11.680800000000001","12.0801","7.0665000000000004","18.5522","8","1","1","False","0"
"27764","1974339920048","1991515244733","1991515363211","12.021300000000002","11.847800000000001","0.17350000000000002","13.7451","3.1771000000000003","False","12.1026","12.104800000000001","12.1594","7.1211","18.9689","8","1","1","False","0"
"27764","1974339920048","1991515364946","1991515489210","12.700000000000001","12.426400000000001","0.2736","14.136700000000001","4.6635","False","12.1414","12.5999","12.1026","6.6238","19.0502","8","1","1","False","0"
"27764","1974339920048","1991515491946","1991515605332","11.665500000000002","11.338600000000001","0.3269","10.5197","3.5807","False","5.998200000000001","11.612200000000001","12.1414","7.1530000000000005","18.491600000000002","8","1","1","False","0"
"27764","1974339920048","1991515608601","1991515720832","11.416500000000001","11.2231","0.19340000000000002","8.9794","1.0299","False","18.1809","11.55","5.998200000000001","1.6012000000000002","12.824300000000001","8","1","1","False","0"
"27764","1974339920048","1991515722766","1991515868877","14.8237","14.6111","0.2126","16.3707","2.6205000000000003","False","18.186600000000002","14.8045","18.1809","4.9776","19.5887","8","1","1","False","0"
"27764","1974339920048","1991515871003","1991516034524","16.5744","16.3521","0.2223","17.4098","3.4358","False","12.131","16.564700000000002","18.186600000000002","6.5995","22.951600000000003","8","1","1","False","0"
"27764","1974339920048","1991516036747","1991516172802","13.7908","13.605500000000001","0.18530000000000002","12.863299999999999","2.5079000000000002","False","18.1761","13.8278","12.131","4.9027","18.508200000000002","8","1","1","False","0"
"27764","1974339920048","1991516174655","1991516350589","17.756500000000003","17.593400000000003","0.1631","18.8808","4.0241","False","18.1837","17.7787","18.1761","5.3001000000000005","22.8935","8","1","1","False","0"
"27764","1974339920048","1991516352220","1991516526036","17.634800000000002","17.381600000000002","0.25320000000000004","17.5061","3.5165","False","18.186600000000002","17.544700000000002","18.1837","5.939100000000001","23.320700000000002","8","1","1","False","0"
"27764","1974339920048","1991516528568","1991516692353","16.569100000000002","16.378500000000003","0.19060000000000002","14.943700000000002","1.8588","False","12.1165","16.631700000000002","18.186600000000002","7.494000000000001","23.872500000000002","8","1","1","False","0"
"27764","1974339920048","1991516694259","1991516848007","15.5539","15.3748","0.1791","15.4013","1.7060000000000002","False","18.1799","15.5654","12.1165","4.045100000000001","19.419900000000002","8","1","1","False","0"
"27764","1974339920048","1991516849798","1991517022634","17.4921","17.2836","0.20850000000000002","17.7912","1.9794","False","18.1725","17.4627","18.1799","4.762300000000001","22.0459","8","1","1","False","0"
"27764","1974339920048","1991517024719","1991517213695","19.0884","18.8976","0.1908","18.950100000000003","1.8807","False","18.2025","19.1061","18.1725","3.8287","22.726300000000002","8","1","1","False","0"
"27764","1974339920048","1991517215603","1991517363593","15.052600000000002","14.799000000000001","0.2536","16.8518","3.7076000000000002","False","12.1097","14.9898","18.2025","7.0414","21.840400000000002","8","1","1","False","0"
"27764","1974339920048","1991517366129","1991517530188","16.5714","16.4059","0.1655","15.119700000000002","2.2054","False","24.2921","16.6595","12.1097","2.4916","18.8975","8","1","1","False","0"
"27764","1974339920048","1991517531843","1991517689024","15.88","15.718100000000002","0.16190000000000002","20.9774","7.2914","False","12.0618","15.883600000000001","24.2921","10.9001","26.6182","8","1","1","False","0"
"27764","1974339920048","1991517690643","1991517853416","16.4614","16.2773","0.1841","12.493400000000001","3.3421000000000003","False","18.1826","16.4392","12.0618","6.5227","22.8","8","1","1","False","0"
"27764","1974339920048","1991517855257","1991518043581","19.0779","18.8324","0.24550000000000002","19.0928","3.8976","False","18.23","19.0165","18.1826","5.6888000000000005","24.5212","8","1","1","False","0"
"27764","1974339920048","1991518046036","1991518198633","15.4525","15.2597","0.1928","14.3617","2.2608","False","12.0809","15.5052","18.23","8.4136","23.6733","8","1","1","False","0"
"27764","1974339920048","1991518200561","1991518372002","17.324","17.1441","0.1799","16.8155","1.7608000000000001","False","18.180600000000002","17.3369","12.0809","3.1576","20.3017","8","1","1","False","0"
"27764","1974339920048","1991518373801","1991518523512","15.274","14.9711","0.3029","17.1416","3.6618000000000004","False","18.1856","15.151000000000002","18.180600000000002","6.187200000000001","21.1583","8","1","1","False","0"
"27764","1974339920048","1991518526541","1991518713237","18.9003","18.669600000000003","0.23070000000000002","18.5504","3.3039","False","12.131400000000001","18.9725","18.1856","5.4003000000000005","24.0699","8","1","1","False","0"
"27764","1974339920048","1991518715544","1991518854894","14.1142","13.935","0.1792","12.8908","2.0394","False","18.1733","14.165700000000001","12.131400000000001","3.366","17.301000000000002","8","1","1","False","0"
"27764","1974339920048","1991518856686","1991519021111","16.607100000000003","16.442500000000003","0.1646","17.209500000000002","2.6543","False","18.174400000000002","16.6217","18.1733","4.9176","21.360100000000003","8","1","1","False","0"
"27764","1974339920048","1991519022757","1991519217421","19.612000000000002","19.4664","0.1456","19.2712","2.2931","False","18.189600000000002","19.631","18.174400000000002","3.4610000000000003","22.927400000000002","8","1","1","False","0"
"27764","1974339920048","1991519218877","1991519353884","13.6918","13.5007","0.19110000000000002","13.5823","2.21","False","12.1118","13.6463","18.189600000000002","8.0043","21.505000000000003","8","1","1","False","0"
"27764","1974339920048","1991519355795","1991519521165","16.7334","16.537","0.19640000000000002","16.3272","1.7934","False","24.2867","16.7281","12.1118","3.3880000000000003","19.925","8","1","1","False","0"
"27764","1974339920048","1991519523129","1991519688576","16.657100000000003","16.544700000000002","0.1124","20.0924","5.5152","False","12.081700000000001","16.7411","24.2867","10.9336","27.4783","8","1","1","False","0"
"27764","1974339920048","1991519689700","1991519847565","15.9916","15.7865","0.2051","14.381200000000002","3.637","False","18.1855","15.898900000000001","12.081700000000001","7.1164000000000005","22.902900000000002","8","1","1","False","0"
"27764","1974339920048","1991519849616","1991520031204","18.3776","18.1588","0.21880000000000002","18.826","4.0942","False","18.2363","18.3639","18.1855","6.938000000000001","25.0968","8","1","1","False","0"
"27764","1974339920048","1991520033392","1991520209567","17.9326","17.6175","0.3151","17.1565","3.3309","False","12.0675","17.8363","18.2363","7.338","24.9555","8","1","1","False","0"
"27764","1974339920048","1991520212718","1991520374749","16.3735","16.2031","0.1704","14.842500000000001","1.7587000000000002","False","18.1798","16.5182","12.0675","2.8873","19.090400000000002","8","1","1","False","0"
"27764","1974339920048","1991520376453","1991520554124","17.990199999999998","17.7671","0.22310000000000002","18.5572","2.3685","False","18.1754","17.9375","18.1798","3.1296","20.896700000000003","8","1","1","False","0"
"27764","1974339920048","1991520556355","1991520737252","18.2847","18.0897","0.195","18.023500000000002","2.067","False","18.1878","18.3128","18.1754","2.9922","21.0819","8","1","1","False","0"
"27764","1974339920048","1991520739202","1991520909485","17.2298","17.0283","0.2015","17.9788","2.8169","False","18.1797","17.223300000000002","18.1878","3.9567","20.985","8","1","1","False","0"
"27764","1974339920048","1991520911500","1991521081615","17.183000000000003","17.0115","0.1715","17.1752","2.806","False","18.1814","17.213","18.1797","4.9234","21.934900000000003","8","1","1","False","0"
"27764","1974339920048","1991521083330","1991521258000","17.638","17.467000000000002","0.171","18.125700000000002","3.3003","False","18.2174","17.6385","18.1814","5.4663","22.933300000000003","8","1","1","False","0"
"27764","1974339920048","1991521259710","1991521441959","18.3942","18.2249","0.1693","18.159100000000002","3.504","False","18.1868","18.3959","18.2174","5.2878","23.512700000000002","8","1","1","False","0"
"27764","1974339920048","1991521443652","1991521622037","18.0682","17.8385","0.22970000000000002","18.613400000000002","3.6179","False","18.1398","18.0078","18.1868","5.4668","23.305300000000003","8","1","1","False","0"
"27764","1974339920048","1991521624334","1991521809179","18.7028","18.4845","0.21830000000000002","18.188000000000002","3.0916","False","18.1863","18.7142","18.1398","4.8924","23.376900000000003","8","1","1","False","0"
"27764","1974339920048","1991521811362","1991521974473","16.5071","16.3111","0.196","17.171300000000002","3.7671","False","18.1828","16.529400000000003","18.1863","6.549300000000001","22.860400000000002","8","1","1","False","0"
"27764","1974339920048","1991521976433","1991522170235","19.517500000000002","19.380200000000002","0.1373","18.8119","3.0319000000000003","False","18.176000000000002","19.5762","18.1828","5.1559","24.5361","8","1","1","False","0"
"27764","1974339920048","1991522171608","1991522351132","18.1279","17.9524","0.17550000000000002","18.1015","3.0100000000000002","False","18.1854","18.0897","18.176000000000002","5.2422","23.1946","8","1","1","False","0"
"27764","1974339920048","1991522352887","1991522527310","17.7197","17.4423","0.27740000000000004","18.0105","3.3669000000000002","False","18.1857","17.617800000000003","18.1854","5.8098","23.252100000000002","8","1","1","False","0"
"27764","1974339920048","1991522530084","1991522733875","20.541600000000003","20.3791","0.1625","19.2427","2.0117000000000003","False","24.2469","20.6565","18.1857","3.339","23.7181","8","1","1","False","0"
"27764","1974339920048","1991522735500","1991522906060","17.2425","17.056","0.1865","19.658","4.425","False","18.1824","17.218500000000002","24.2469","10.3674","27.4234","8","1","1","False","0"
"27764","1974339920048","1991522907925","1991523131829","22.6453","22.3904","0.2549","21.1512","2.9605","False","18.2088","22.576900000000002","18.1824","5.9729","28.363300000000002","8","1","1","False","0"
"27764","1974339920048","1991523134378","1991523290603","15.8766","15.6225","0.2541","18.0824","5.1782","False","18.1405","15.877400000000002","18.2088","8.3043","23.9268","8","1","1","False","0"
"27764","1974339920048","1991523293144","1991523493383","20.2025","20.0239","0.1786","20.093400000000003","5.3795","False","18.2648","20.278000000000002","18.1405","6.1668","26.1907","8","1","1","False","0"
"27764","1974339920048","1991523495169","1991523674036","18.076500000000003","17.8867","0.1898","16.8657","3.8147","False","18.1063","18.0653","18.2648","6.366300000000001","24.253","8","1","1","False","0"
"27764","1974339920048","1991523675934","1991523876620","20.2763","20.0686","0.20770000000000002","18.233900000000002","1.782","False","18.177","20.2584","18.1063","4.2142","24.2828","8","1","1","False","0"
"27764","1974339920048","1991523878697","1991524051595","17.4208","17.2898","0.131","18.7085","3.0482","False","18.1824","17.497500000000002","18.177","4.8937","22.183500000000002","8","1","1","False","0"
"27764","1974339920048","1991524052905","1991524227578","17.6797","17.4673","0.2124","17.9388","3.3279","False","18.2282","17.598300000000002","18.1824","5.4778","22.9451","8","1","1","False","0"
"27764","1974339920048","1991524229702","1991524425322","19.73","19.562","0.168","18.312","1.9134","False","24.207900000000002","19.7744","18.2282","3.9316","23.4936","8","1","1","False","0"
"27764","1974339920048","1991524427002","1991524639030","21.4526","21.2028","0.24980000000000002","23.3042","3.7924","False","12.1133","21.370800000000003","24.207900000000002","6.7687","27.971500000000002","8","1","1","False","0"
"27764","1974339920048","1991524641528","1991524807438","16.7698","16.591","0.17880000000000001","14.748600000000001","1.7324000000000002","False","18.1817","16.8408","12.1133","2.0412","18.6322","8","1","1","False","0"
"27764","1974339920048","1991524809226","1991524981021","17.349500000000003","17.1795","0.17","17.6572","2.0479000000000003","False","24.256600000000002","17.3583","18.1817","2.8646000000000003","20.0441","8","1","1","False","0"
"27764","1974339920048","1991524982721","1991525166228","18.59","18.3507","0.2393","18.9927","2.4688000000000003","False","12.103100000000001","18.5207","24.256600000000002","8.6005","26.9512","8","1","1","False","0"
"27764","1974339920048","1991525168621","1991525344800","17.817500000000003","17.617900000000002","0.1996","16.9374","1.5899","False","18.1755","17.857200000000002","12.103100000000001","2.8464","20.4643","8","1","1","False","0"
"27764","1974339920048","1991525346796","1991525525209","18.017400000000002","17.8413","0.1761","18.3839","1.9280000000000002","False","24.2723","18.0409","18.1755","2.9810000000000003","20.822300000000002","8","1","1","False","0"
"27764","1974339920048","1991525526970","1991525717986","19.329","19.1016","0.22740000000000002","19.3051","1.9242000000000001","False","12.097100000000001","19.2777","24.2723","7.9756","27.0772","8","1","1","False","0"
"27764","1974339920048","1991525720260","1991525888881","17.0834","16.8621","0.22130000000000002","16.4118","1.2652","False","24.2664","17.0895","12.097100000000001","2.9832","19.8453","8","1","1","False","0"
"27764","1974339920048","1991525891094","1991526090025","20.0882","19.8931","0.1951","24.584400000000002","6.193700000000001","False","18.177500000000002","20.1144","24.2664","7.1352","27.0283","8","1","1","False","0"
"27764","1974339920048","1991526091976","1991526276833","18.7694","18.4857","0.2837","16.2103","3.2432000000000003","False","18.1782","18.6808","18.177500000000002","6.6319","25.1176","8","1","1","False","0"
"27764","1974339920048","1991526279670","1991526468601","19.086100000000002","18.8931","0.193","18.7996","2.8947000000000003","False","12.1058","19.1768","18.1782","5.6333","24.526400000000002","8","1","1","False","0"
"27764","1974339920048","1991526470531","1991526612683","14.422","14.215200000000001","0.2068","13.0103","1.4989000000000001","False","18.181","14.4082","12.1058","3.3309","17.5461","8","1","1","False","0"
"27764","1974339920048","1991526614751","1991526791466","17.8399","17.6715","0.16840000000000002","18.204299999999996","1.83","False","18.1914","17.8783","18.181","3.6336000000000004","21.3051","8","1","1","False","0"
"27764","1974339920048","1991526793150","1991526961060","16.9745","16.791","0.1835","17.973300000000002","2.8480000000000003","False","18.1747","16.959400000000002","18.1914","4.865600000000001","21.6566","8","1","1","False","0"
"27764","1974339920048","1991526962895","1991527125797","16.4996","16.290200000000002","0.2094","17.8567","4.2196","False","18.1966","16.4737","18.1747","6.5666","22.8568","8","1","1","False","0"
"27764","1974339920048","1991527127891","1991527317877","19.2129","18.9986","0.21430000000000002","18.5986","3.6252","False","18.1933","19.208000000000002","18.1966","5.5552","24.553800000000003","8","1","1","False","0"
"27764","1974339920048","1991527320020","1991527483679","16.687","16.3659","0.3211","17.0414","3.994","False","12.0892","16.5802","18.1933","7.1683","23.534200000000002","8","1","1","False","0"
"27764","1974339920048","1991527486890","1991527645101","16.0607","15.821100000000001","0.2396","13.7667","1.6605","False","18.189500000000002","16.142200000000003","12.0892","3.1153","18.936400000000003","8","1","1","False","0"
"27764","1974339920048","1991527647497","1991527818522","17.2899","17.1025","0.1874","17.669","2.0357000000000003","False","18.1938","17.342100000000002","18.189500000000002","3.9627000000000003","21.0652","8","1","1","False","0"
"27764","1974339920048","1991527820396","1991527984789","16.6337","16.4393","0.19440000000000002","17.769000000000002","3.6396","False","18.201900000000002","16.6267","18.1938","5.5298","21.9691","8","1","1","False","0"
"27764","1974339920048","1991527986733","1991528160597","17.6413","17.386400000000002","0.2549","17.4844","3.0336000000000003","False","12.0798","17.5808","18.201900000000002","6.1509","23.537300000000002","8","1","1","False","0"
"27764","1974339920048","1991528163146","1991528322048","16.1141","15.8902","0.22390000000000002","14.738000000000001","1.6485","False","18.1824","16.1451","12.0798","2.0856","17.9758","8","1","1","False","0"
"27764","1974339920048","1991528324287","1991528503519","18.0816","17.9232","0.1584","18.361900000000002","1.9048","False","24.2498","18.147100000000002","18.1824","2.1209000000000002","20.0441","8","1","1","False","0"
"27764","1974339920048","1991528505103","1991528703524","20.094800000000003","19.842100000000002","0.25270000000000004","23.154600000000002","5.0076","False","12.166300000000001","20.000500000000002","24.2498","6.3702000000000005","26.212300000000003","8","1","1","False","0"
"27764","1974339920048","1991528706051","1991528857000","15.323","15.0949","0.2281","11.818900000000001","1.4894","False","24.2378","15.3476","12.166300000000001","3.1889000000000003","18.2838","8","1","1","False","0"
"27764","1974339920048","1991528859281","1991529050955","19.378","19.1674","0.2106","19.7406","1.7854","False","12.1204","19.395500000000002","24.2378","8.0312","27.198600000000003","8","1","1","False","0"
"27764","1974339920048","1991529053061","1991529217447","16.666900000000002","16.4386","0.2283","16.747500000000002","1.9265","False","18.1359","16.6492","12.1204","3.5024","19.941000000000003","8","1","1","False","0"
"27764","1974339920048","1991529219730","1991529409096","19.142200000000003","18.936600000000002","0.2056","19.299200000000003","2.069","False","24.2361","19.1649","18.1359","2.4734000000000003","21.41","8","1","1","False","0"
"27764","1974339920048","1991529411152","1991529616913","20.7267","20.5761","0.1506","24.4374","6.5911","False","18.2288","20.7817","24.2361","5.9278","26.5039","8","1","1","False","0"
"27764","1974339920048","1991529618419","1991529811007","19.3929","19.2588","0.1341","15.2398","1.6059","False","18.1644","19.4094","18.2288","4.7472","24.006","8","1","1","False","0"
"27764","1974339920048","1991529812348","1991529980502","16.9662","16.8154","0.15080000000000002","18.4749","3.448","False","12.0999","16.9495","18.1644","5.9621","22.7775","8","1","1","False","0"
"27764","1974339920048","1991529982010","1991530137230","15.7554","15.522","0.23340000000000002","13.931700000000001","1.3277","False","18.189600000000002","15.6728","12.0999","2.3892","17.9112","8","1","1","False","0"
"27764","1974339920048","1991530139564","1991530309641","17.1819","17.0077","0.17420000000000002","18.1691","2.3097000000000003","False","18.168300000000002","17.2411","18.189600000000002","3.3377000000000003","20.3454","8","1","1","False","0"
"27764","1974339920048","1991530311383","1991530470647","16.0988","15.926400000000001","0.1724","17.2904","3.4893","False","18.206300000000002","16.1006","18.168300000000002","5.4054","21.3318","8","1","1","False","0"
"27764","1974339920048","1991530472371","1991530644045","17.3626","17.1674","0.1952","17.5491","3.6771000000000003","False","12.1027","17.3398","18.206300000000002","6.2719000000000005","23.4393","8","1","1","False","0"
"27764","1974339920048","1991530645997","1991530807970","16.3503","16.197300000000002","0.153","14.152600000000001","1.4663000000000002","False","18.1817","16.392500000000002","12.1027","1.9821000000000002","18.1794","8","1","1","False","0"
"27764","1974339920048","1991530809500","1991530976700","16.8775","16.720000000000002","0.1575","17.704800000000002","2.3018","False","18.1951","16.873","18.1817","3.2908","20.0108","8","1","1","False","0"
"27764","1974339920048","1991530978275","1991531136265","15.9662","15.799000000000001","0.16720000000000002","17.2258","3.5613","False","18.2005","15.9565","18.1951","5.5294","21.328400000000002","8","1","1","False","0"
"27764","1974339920048","1991531137937","1991531297656","16.1416","15.971900000000002","0.16970000000000002","14.2294","1.6424","False","12.1133","16.1391","18.2005","7.590800000000001","23.5627","8","1","1","False","0"
"27764","1974339920048","1991531299353","1991531441158","14.3628","14.1805","0.18230000000000002","15.651900000000001","2.9551000000000003","False","18.1811","14.350200000000001","12.1133","5.3539","19.5344","8","1","1","False","0"
"27764","1974339920048","1991531442981","1991531608344","16.7572","16.5363","0.2209","17.2289","3.4473000000000003","False","12.0975","16.718600000000002","18.1811","6.816400000000001","23.352700000000002","8","1","1","False","0"
"27764","1974339920048","1991531610553","1991531762265","15.3193","15.1712","0.1481","13.384400000000001","1.4651","False","18.1875","15.392100000000001","12.0975","3.5218000000000003","18.693","8","1","1","False","0"
"27764","1974339920048","1991531763746","1991531926345","16.410700000000002","16.259900000000002","0.15080000000000002","18.2179","3.5954","False","18.1946","16.408","18.1875","5.3013","21.5612","8","1","1","False","0"
"27764","1974339920048","1991531927853","1991532086038","15.9837","15.8185","0.1652","16.8534","4.1564000000000005","False","12.111600000000001","15.9693","18.1946","7.5266","23.345100000000002","8","1","1","False","0"
"27764","1974339920048","1991532087690","1991532246761","16.0511","15.907100000000002","0.14400000000000002","13.5679","1.6584","False","18.1808","16.072300000000002","12.111600000000001","3.5659","19.473000000000003","8","1","1","False","0"
"27764","1974339920048","1991532248201","1991532419558","17.275","17.1357","0.1393","17.7833","2.1615","False","18.1888","17.279700000000002","18.1808","4.4670000000000005","21.602700000000002","8","1","1","False","0"
"27764","1974339920048","1991532420951","1991532584951","16.587100000000003","16.400000000000002","0.18710000000000002","18.0931","3.6836","False","12.1052","16.5393","18.1888","6.1165","22.5165","8","1","1","False","0"
"27764","1974339920048","1991532586822","1991532741692","15.65","15.487","0.163","13.3222","1.3666","False","18.1812","15.674100000000001","12.1052","2.5476","18.0346","8","1","1","False","0"
"27764","1974339920048","1991532743322","1991532911406","16.948500000000003","16.808400000000002","0.1401","17.8331","2.2332","False","18.1783","16.9714","18.1812","3.7574","20.5658","8","1","1","False","0"
"27764","1974339920048","1991532912807","1991533080869","16.9664","16.8062","0.1602","19.166800000000002","4.4349","False","12.128","16.9463","18.1783","4.9894","21.7956","8","1","1","False","0"
"27764","1974339920048","1991533082471","1991533227498","14.915700000000001","14.5027","0.41300000000000003","11.9716","1.7127000000000001","False","18.1798","14.6629","12.128","2.4545","16.9572","8","1","1","False","0"
"27764","1974339920048","1991533231628","1991533397778","17.0206","16.615000000000002","0.4056","17.806","2.5112","False","18.2023","17.028000000000002","18.1798","3.6063","20.2213","8","1","1","False","0"
"27764","1974339920048","1991533401834","1991533563617","16.3939","16.1783","0.2156","16.5163","2.4485","False","12.1003","16.5839","18.2023","5.2247","21.403000000000002","8","1","1","False","0"
"27764","1974339920048","1991533565773","1991533714968","15.1348","14.919500000000001","0.21530000000000002","14.148200000000001","1.4631","False","24.2667","15.135100000000001","12.1003","2.1899","17.1094","8","1","1","False","0"
"27764","1974339920048","1991533717121","1991533885941","17.134600000000002","16.882","0.2526","19.1304","3.4628","False","12.1777","17.0973","24.2667","9.359300000000001","26.241300000000003","8","1","1","False","0"
"27764","1974339920048","1991533888467","1991534058742","17.2147","17.0275","0.1872","14.8993","1.4666000000000001","False","18.1153","17.2801","12.1777","4.2569","21.2844","8","1","1","False","0"
"27764","1974339920048","1991534060614","1991534227461","16.9025","16.6847","0.21780000000000002","18.1703","2.4068","False","18.1908","16.8719","18.1153","5.5003","22.185000000000002","8","1","1","False","0"
"27764","1974339920048","1991534229639","1991534400110","17.4531","17.0471","0.406","16.9377","2.0871","False","12.1026","17.2649","18.1908","6.426200000000001","23.473300000000002","8","1","1","False","0"
"27764","1974339920048","1991534404170","1991534550526","14.8728","14.6356","0.23720000000000002","14.7516","1.7716","False","18.197","15.0416","12.1026","3.4872","18.1228","8","1","1","False","0"
"27764","1974339920048","1991534552898","1991534721007","17.0487","16.8109","0.2378","17.491500000000002","2.2292","False","18.177400000000002","17.0481","18.197","4.6361","21.447000000000003","8","1","1","False","0"
"27764","1974339920048","1991534723385","1991534906434","18.4723","18.3049","0.16740000000000002","17.8351","1.5346","False","18.169600000000003","18.5427","18.177400000000002","4.2708","22.5757","8","1","1","False","0"
"27764","1974339920048","1991534908108","1991535082719","17.7159","17.461100000000002","0.2548","19.6202","3.4659","False","12.1126","17.628500000000003","18.169600000000003","4.8119000000000005","22.273","8","1","1","False","0"
"27764","1974339920048","1991535085267","1991535207865","12.4937","12.2598","0.23390000000000002","10.4557","1.4675","False","18.1817","12.5146","12.1126","4.4099","16.669700000000002","8","1","1","False","0"
"27764","1974339920048","1991535210204","1991535385657","17.7403","17.5453","0.195","18.7082","2.3899","False","18.191300000000002","17.7792","18.1817","4.8124","22.3577","8","1","1","False","0"
"27764","1974339920048","1991535387607","1991535554832","16.9078","16.7225","0.18530000000000002","16.9705","2.4382","False","18.195","16.9175","18.191300000000002","6.086200000000001","22.8087","8","1","1","False","0"
"27764","1974339920048","1991535556685","1991535723325","16.864800000000002","16.664","0.2008","16.3845","1.9598","False","12.102400000000001","16.8493","18.195","7.431900000000001","24.0959","8","1","1","False","0"
"27764","1974339920048","1991535725333","1991535898604","17.502100000000002","17.3271","0.17500000000000002","17.3697","1.8270000000000002","False","18.2346","17.527900000000002","12.102400000000001","2.0064","19.3335","8","1","1","False","0"
"27764","1974339920048","1991535900354","1991536066200","16.7205","16.584600000000002","0.1359","16.8281","2.2286","False","18.145400000000002","16.759600000000002","18.2346","3.4814000000000003","20.066000000000003","8","1","1","False","0"
"27764","1974339920048","1991536067559","1991536225527","15.9707","15.796800000000001","0.1739","16.5257","2.4847","False","18.2008","15.9327","18.145400000000002","5.694100000000001","21.4909","8","1","1","False","0"
"27764","1974339920048","1991536227266","1991536384284","15.9011","15.7018","0.1993","15.2489","1.8371000000000002","False","12.081700000000001","15.8757","18.2008","8.0192","23.721","8","1","1","False","0"
"27764","1974339920048","1991536386277","1991536544484","15.9893","15.8207","0.1686","15.673","1.516","False","18.245","16.02","12.081700000000001","4.080900000000001","19.901600000000002","8","1","1","False","0"
"27764","1974339920048","1991536546170","1991536705725","16.1632","15.9555","0.20770000000000002","17.0391","2.4183","False","30.241000000000003","16.124100000000002","18.245","6.2018","22.1573","8","1","1","False","0"
"27764","1974339920048","1991536707802","1991537024113","31.8318","31.6311","0.20070000000000002","31.807299999999998","2.3711","False","18.184","31.838800000000003","30.241000000000003","4.604","36.2351","8","1","1","False","0"
"27764","1974339920048","1991537026120","1991537214832","19.0457","18.8712","0.17450000000000002","19.2014","2.5222","False","18.210800000000003","19.0719","18.184","3.7161","22.587300000000003","8","1","1","False","0"
"27764","1974339920048","1991537216577","1991537379442","16.4648","16.2865","0.17830000000000001","15.829400000000001","1.8949","False","18.1693","16.461000000000002","18.210800000000003","5.4659","21.7524","8","1","1","False","0"
"27764","1974339920048","1991537381225","1991537544052","16.4566","16.282700000000002","0.1739","16.8545","2.2886","False","18.1967","16.461000000000002","18.1693","7.1742","23.4569","8","1","1","False","0"
"27764","1974339920048","1991537545791","1991537730786","18.701900000000002","18.4995","0.2024","18.598800000000004","2.1882","False","12.081000000000001","18.6734","18.1967","6.697500000000001","25.197000000000003","8","1","1","False","0"
"27764","1974339920048","1991537732810","1991537893885","16.278200000000002","16.1075","0.17070000000000002","16.2806","2.1815","False","18.2074","16.309900000000003","12.081000000000001","2.4686","18.5761","8","1","1","False","0"
"27764","1974339920048","1991537895592","1991538052746","15.892800000000001","15.7154","0.1774","16.298000000000002","2.5904000000000003","False","18.1908","15.8861","18.2074","4.7899","20.505300000000002","8","1","1","False","0"
"27764","1974339920048","1991538054520","1991538208594","15.554300000000001","15.4074","0.1469","14.283100000000001","1.6399000000000001","False","18.1909","15.584800000000001","18.1908","7.3959","22.8033","8","1","1","False","0"
"27764","1974339920048","1991538210063","1991538389235","18.108600000000003","17.9172","0.19140000000000001","18.7273","1.9386","False","12.0981","18.0641","18.1909","7.5227","25.4399","8","1","1","False","0"
"27764","1974339920048","1991538391149","1991538530992","14.151000000000002","13.984300000000001","0.16670000000000001","14.001800000000001","1.7878","False","12.100100000000001","14.1757","12.0981","5.4451","19.4294","8","1","1","False","0"
"27764","1974339920048","1991538532659","1991538686463","15.566","15.3804","0.18560000000000001","15.3198","1.5477","False","18.183400000000002","15.5471","12.100100000000001","1.9981","17.378500000000003","8","1","1","False","0"
"27764","1974339920048","1991538688319","1991538849606","16.301800000000004","16.128700000000002","0.1731","17.3662","2.6075","False","18.2027","16.3143","18.183400000000002","3.8672","19.995900000000002","8","1","1","False","0"
"27764","1974339920048","1991538851337","1991539015054","16.6182","16.3717","0.24650000000000002","16.735300000000002","2.7733000000000003","False","18.194100000000002","16.544800000000002","18.2027","5.5251","21.896800000000002","8","1","1","False","0"
"27764","1974339920048","1991539017519","1991539178016","16.224","16.0497","0.1743","15.132200000000001","1.6345","False","12.096400000000001","16.296200000000002","18.194100000000002","7.423","23.4727","8","1","1","False","0"
"27764","1974339920048","1991539179759","1991539331633","15.361","15.1874","0.1736","15.378600000000002","1.649","False","18.1815","15.3617","12.096400000000001","4.1577","19.345100000000002","8","1","1","False","0"
"27764","1974339920048","1991539333369","1991539509030","17.753600000000002","17.566100000000002","0.1875","18.6389","2.5501","False","18.2006","17.7397","18.1815","4.5995","22.1656","8","1","1","False","0"
"27764","1974339920048","1991539510905","1991539665678","15.6887","15.477300000000001","0.2114","15.977300000000001","2.8272","False","12.106900000000001","15.664800000000001","18.2006","7.1353","22.6126","8","1","1","False","0"
"27764","1974339920048","1991539667792","1991539825950","15.954400000000001","15.815800000000001","0.1386","14.758500000000002","1.9435","False","18.1812","16.0272","12.106900000000001","3.2150000000000003","19.0308","8","1","1","False","0"
"27764","1974339920048","1991539827336","1991539986181","16.0574","15.884500000000001","0.1729","17.1262","2.6982","False","18.1998","16.0231","18.1812","5.3731","21.2576","8","1","1","False","0"
"27764","1974339920048","1991539987910","1991540148740","16.242900000000002","16.083000000000002","0.15990000000000001","15.1949","1.6436000000000002","False","12.1631","16.2559","18.1998","7.317","23.400000000000002","8","1","1","False","0"
"27764","1974339920048","1991540150339","1991540303902","15.5515","15.356300000000001","0.1952","15.5496","1.6477000000000002","False","24.214000000000002","15.516200000000001","12.1631","3.9639","19.3202","8","1","1","False","0"
"27764","1974339920048","1991540305854","1991540470578","16.6428","16.4724","0.1704","20.4849","5.4874","False","12.1217","16.6676","24.214000000000002","11.5103","27.9827","8","1","1","False","0"
"27764","1974339920048","1991540472282","1991540635997","16.5499","16.3715","0.1784","12.8792","1.8195000000000001","False","12.1271","16.541900000000002","12.1217","7.0901000000000005","23.4616","8","1","1","False","0"
"27764","1974339920048","1991540637781","1991540794713","15.888900000000001","15.693200000000001","0.1957","15.736","1.6864000000000001","False","24.2346","15.8716","12.1271","3.3456","19.038800000000002","8","1","1","False","0"
"27764","1974339920048","1991540796670","1991540981853","18.7303","18.5183","0.21200000000000002","20.038199999999996","2.9747000000000003","False","12.0945","18.714000000000002","24.2346","8.866200000000001","27.384500000000003","8","1","1","False","0"
"27764","1974339920048","1991540983973","1991541134288","15.200700000000001","15.031500000000001","0.16920000000000002","14.1219","1.8935000000000002","False","18.1935","15.243500000000001","12.0945","5.7172","20.7487","8","1","1","False","0"
"27764","1974339920048","1991541135980","1991541298363","16.413000000000004","16.238300000000002","0.17470000000000002","16.7605","2.2454","False","12.102400000000001","16.407500000000002","18.1935","7.5032000000000005","23.741500000000002","8","1","1","False","0"
"27764","1974339920048","1991541300110","1991541464998","16.665000000000003","16.4888","0.1762","16.066300000000002","1.6466","False","18.224600000000002","16.6635","12.102400000000001","2.9421","19.4309","8","1","1","False","0"
"27764","1974339920048","1991541466760","1991541626366","16.157400000000003","15.960600000000001","0.1968","17.319300000000002","2.8046","False","18.1335","16.1368","18.224600000000002","5.0299000000000005","20.9905","8","1","1","False","0"
"27764","1974339920048","1991541628334","1991541809417","18.2485","18.1083","0.14020000000000002","17.94","2.8004000000000002","False","18.2027","18.3051","18.1335","4.8583","22.9666","8","1","1","False","0"
"27764","1974339920048","1991541810819","1991541976244","16.7205","16.5425","0.17800000000000002","17.151500000000002","2.9293","False","12.1029","16.6827","18.2027","6.3783","22.9208","8","1","1","False","0"
"27764","1974339920048","1991541978024","1991542135118","15.8952","15.7094","0.18580000000000002","14.995700000000001","2.0433","False","18.1984","15.887400000000001","12.1029","2.5938000000000003","18.3032","8","1","1","False","0"
"27764","1974339920048","1991542136976","1991542292599","15.7581","15.5623","0.1958","16.404500000000002","2.6779","False","18.1921","15.7481","18.1984","5.0441","20.6064","8","1","1","False","0"
"27764","1974339920048","1991542294557","1991542453875","16.1047","15.9318","0.1729","15.6086","2.1803","False","12.0908","16.1276","18.1921","7.1086","23.0404","8","1","1","False","0"
"27764","1974339920048","1991542455604","1991542611394","15.7688","15.579","0.1898","15.645400000000002","2.056","False","18.2254","15.751900000000001","12.0908","3.4475000000000002","19.026500000000002","8","1","1","False","0"
"27764","1974339920048","1991542613292","1991542783182","17.1627","16.989","0.17370000000000002","17.8677","2.7613000000000003","False","18.1526","17.178800000000003","18.2254","4.4941","21.4831","8","1","1","False","0"
"27764","1974339920048","1991542784919","1991542945206","16.2299","16.0287","0.20120000000000002","16.6639","3.2005000000000003","False","18.2027","16.2024","18.1526","6.4443","22.473000000000003","8","1","1","False","0"
"27764","1974339920048","1991542947218","1991543111850","16.6427","16.4632","0.17950000000000002","15.317400000000001","1.873","False","12.084900000000001","16.6644","18.2027","7.982600000000001","24.445800000000002","8","1","1","False","0"
"27764","1974339920048","1991543113645","1991543275611","16.3789","16.1966","0.18230000000000002","16.296400000000002","1.7953000000000001","False","18.1938","16.3761","12.084900000000001","3.6914000000000002","19.888","8","1","1","False","0"
"27764","1974339920048","1991543277434","1991543437676","16.2097","16.0242","0.1855","17.3266","2.9154","False","18.2039","16.206500000000002","18.1938","5.6787","21.7029","8","1","1","False","0"
"27764","1974339920048","1991543439531","1991543595574","15.8135","15.6043","0.2092","14.9981","2.1029","False","12.1617","15.789800000000001","18.2039","8.0928","23.697100000000002","8","1","1","False","0"
"27764","1974339920048","1991543597666","1991543754533","15.8376","15.6867","0.1509","15.229500000000002","1.8131000000000002","False","18.1319","15.895900000000001","12.1617","4.3586","20.0453","8","1","1","False","0"
"27764","1974339920048","1991543756042","1991543918445","16.421300000000002","16.2403","0.18100000000000002","17.9294","2.9921","False","18.1933","16.3912","18.1319","6.0993","22.3396","8","1","1","False","0"
"27764","1974339920048","1991543920255","1991544080244","16.1776","15.9989","0.1787","17.018800000000002","3.8351","False","12.0943","16.1799","18.1933","8.1127","24.111600000000003","8","1","1","False","0"
"27764","1974339920048","1991544082031","1991544234077","15.392700000000001","15.204600000000001","0.18810000000000002","13.405100000000001","1.84","False","18.1993","15.3833","12.0943","4.8237000000000005","20.0283","8","1","1","False","0"
"27764","1974339920048","1991544235958","1991544398477","16.454","16.2519","0.2021","17.8022","3.2058","False","12.1029","16.44","18.1993","6.583","22.8349","8","1","1","False","0"
"27764","1974339920048","1991544400498","1991544553629","15.4886","15.3131","0.17550000000000002","14.356800000000002","2.0617","False","18.1824","15.5152","12.1029","3.1707","18.483800000000002","8","1","1","False","0"
"27764","1974339920048","1991544555384","1991544725333","17.209","16.9949","0.2141","17.9145","2.7831","False","18.1845","17.1704","18.1824","4.1827000000000005","21.1776","8","1","1","False","0"
"27764","1974339920048","1991544727474","1991544894335","16.8753","16.6861","0.1892","17.328400000000002","3.2164","False","18.1946","16.9002","18.1845","5.4670000000000005","22.153100000000002","8","1","1","False","0"
"27764","1974339920048","1991544896227","1991545063896","16.9471","16.7669","0.1802","15.970400000000001","2.2484","False","18.1947","16.9561","18.1946","6.705500000000001","23.4724","8","1","1","False","0"
"27764","1974339920048","1991545065698","1991545231817","16.7877","16.611900000000002","0.1758","16.633","2.0901","False","12.094700000000001","16.7921","18.1947","8.1081","24.720000000000002","8","1","1","False","0"
"27764","1974339920048","1991545233575","1991545394346","16.2679","16.0771","0.1908","16.145300000000002","1.9634","False","18.1915","16.2529","12.094700000000001","3.9499000000000004","20.027","8","1","1","False","0"
"27764","1974339920048","1991545396254","1991545552962","15.851700000000001","15.670800000000002","0.1809","17.046200000000002","3.1571000000000002","False","12.095","15.861600000000001","18.1915","6.279800000000001","21.9506","8","1","1","False","0"
"27764","1974339920048","1991545554771","1991545714553","16.155","15.978200000000001","0.1768","14.8841","1.8866","False","18.189600000000002","16.159100000000002","12.095","2.2157","18.1939","8","1","1","False","0"
"27764","1974339920048","1991545716321","1991545876777","16.2323","16.0456","0.1867","17.435000000000002","3.0926","False","18.1985","16.2224","18.189600000000002","4.1829","20.2285","8","1","1","False","0"
"27764","1974339920048","1991545878644","1991546038253","16.175900000000002","15.9609","0.215","16.1847","3.1166","False","18.2196","16.1476","18.1985","6.2338000000000005","22.1947","8","1","1","False","0"
"27764","1974339920048","1991546040403","1991546207539","16.8671","16.7136","0.1535","15.231300000000001","1.9481000000000002","False","30.2908","16.9286","18.2196","7.5248","24.238400000000002","8","1","1","False","0"
"27764","1974339920048","1991546209074","1991546495005","28.762999999999998","28.5931","0.1699","30.358700000000002","3.0547","False","12.0881","28.7466","30.2908","9.069","37.6621","8","1","1","False","0"
"27764","1974339920048","1991546496704","1991546654939","16.014","15.823500000000001","0.1905","14.9725","2.0162","False","18.183500000000002","15.993400000000001","12.0881","5.1637","20.9872","8","1","1","False","0"
"27764","1974339920048","1991546656844","1991546830702","17.5598","17.3858","0.17400000000000002","18.6266","3.0828","False","18.2043","17.5763","18.183500000000002","5.7709","23.1567","8","1","1","False","0"
"27764","1974339920048","1991546832442","1991546996710","16.6001","16.4268","0.1733","15.8772","2.3606000000000003","False","12.102","16.6008","18.2043","7.3744000000000005","23.8012","8","1","1","False","0"
"27764","1974339920048","1991546998443","1991547158031","16.1396","15.9588","0.18080000000000002","15.918700000000001","2.1465","False","18.166","16.1321","12.102","3.3443","19.3031","8","1","1","False","0"
"27764","1974339920048","1991547159839","1991547338988","18.104","17.9149","0.18910000000000002","18.9178","2.9491","False","18.1923","18.0957","18.166","3.4146","21.3295","8","1","1","False","0"
"27764","1974339920048","1991547340879","1991547508001","16.9149","16.7122","0.20270000000000002","16.804000000000002","2.8666","False","18.2131","16.9013","18.1923","4.7056000000000004","21.4178","8","1","1","False","0"
"27764","1974339920048","1991547510028","1991547656245","14.7969","14.6217","0.1752","14.034400000000002","2.0799000000000003","False","12.0831","14.8244","18.2131","8.0943","22.716","8","1","1","False","0"
"27764","1974339920048","1991547657997","1991547811540","15.5246","15.3543","0.1703","15.3529","1.909","False","18.2027","15.5295","12.0831","4.6479","20.002200000000002","8","1","1","False","0"
"27764","1974339920048","1991547813243","1991547976042","16.482300000000002","16.2799","0.2024","17.6736","3.1045000000000003","False","18.1848","16.450200000000002","18.2027","6.4004","22.680300000000003","8","1","1","False","0"
"27764","1974339920048","1991547978066","1991548138460","16.223100000000002","16.0394","0.1837","15.388300000000001","2.2739000000000003","False","12.101700000000001","16.2418","18.1848","8.3434","24.3828","8","1","1","False","0"
"27764","1974339920048","1991548140297","1991548303245","16.4825","16.294800000000002","0.1877","16.0882","1.8861","False","24.2753","16.4785","12.101700000000001","3.9666","20.261400000000002","8","1","1","False","0"
"27764","1974339920048","1991548305122","1991548503092","19.9532","19.797","0.1562","20.7069","2.956","False","12.092","19.9847","24.2753","8.257200000000001","28.0542","8","1","1","False","0"
"27764","1974339920048","1991548504654","1991548662724","15.984","15.807","0.17700000000000002","15.348500000000001","1.991","False","18.200100000000003","15.9632","12.092","4.386","20.193","8","1","1","False","0"
"27764","1974339920048","1991548664494","1991548840442","17.7834","17.5948","0.18860000000000002","18.7055","2.924","False","18.2059","17.771800000000002","18.200100000000003","4.8143","22.409100000000002","8","1","1","False","0"
"27764","1974339920048","1991548842328","1991549024568","18.3951","18.224","0.1711","17.3732","1.8883","False","36.331","18.4126","18.2059","4.607600000000001","22.8316","8","1","1","False","0"
"27764","1974339920048","1991549026279","1991549362862","33.861900000000006","33.658300000000004","0.2036","35.5722","3.604","False","12.102300000000001","33.8294","36.331","7.1092","40.767500000000005","8","1","1","False","0"
"27764","1974339920048","1991549364898","1991549526000","16.2755","16.110200000000003","0.1653","14.915700000000001","2.2353","False","24.2904","16.3138","12.102300000000001","2.8977","19.0079","8","1","1","False","0"
"27764","1974339920048","1991549527653","1991549709279","18.339000000000002","18.1626","0.1764","19.3274","3.224","False","12.0904","18.3279","24.2904","8.8602","27.0228","8","1","1","False","0"
"27764","1974339920048","1991549711043","1991549852795","14.3648","14.1752","0.18960000000000002","13.2855","2.1532","False","12.107700000000001","14.351600000000001","12.0904","6.599","20.7742","8","1","1","False","0"
"27764","1974339920048","1991549854691","1991550012125","15.9326","15.743400000000001","0.1892","16.0176","2.2327","False","18.1877","15.933000000000002","12.107700000000001","2.7737000000000003","18.5171","8","1","1","False","0"
"27764","1974339920048","1991550014017","1991550166932","15.474200000000002","15.291500000000001","0.1827","18.2968","5.0632","False","18.1827","15.4807","18.1877","5.480700000000001","20.7722","8","1","1","False","0"
"27764","1974339920048","1991550168759","1991550332720","16.6747","16.3961","0.2786","15.0503","3.4985000000000004","False","12.109","16.5788","18.1827","7.0846","23.480700000000002","8","1","1","False","0"
"27764","1974339920048","1991550335506","1991550498124","16.4446","16.2618","0.18280000000000002","14.908700000000001","1.9008","False","18.1817","16.5404","12.109","2.6532","18.915","8","1","1","False","0"
"27764","1974339920048","1991550499952","1991550658256","15.992400000000002","15.830400000000001","0.162","17.0239","3.2616","False","18.1909","16.0132","18.1817","4.8217","20.6521","8","1","1","False","0"
"27764","1974339920048","1991550659876","1991550818025","16.015","15.814900000000002","0.2001","16.7493","3.6765000000000003","False","12.122300000000001","15.9769","18.1909","7.0357","22.8506","8","1","1","False","0"
"27764","1974339920048","1991550820026","1991550981721","16.354499999999998","16.1695","0.185","14.9083","2.2199","False","18.1847","16.369600000000002","12.122300000000001","2.7884","18.957900000000002","8","1","1","False","0"
"27764","1974339920048","1991550983571","1991551130429","14.8697","14.6858","0.1839","15.802800000000001","3.1517","False","12.1128","14.870800000000001","18.1847","6.1023000000000005","20.7881","8","1","1","False","0"
"27764","1974339920048","1991551132268","1991551283813","15.3534","15.1545","0.19890000000000002","14.1167","1.9164","False","18.1838","15.3384","12.1128","2.8767","18.031200000000002","8","1","1","False","0"
"27764","1974339920048","1991551285802","1991551452836","16.907500000000002","16.703400000000002","0.2041","17.9371","2.9641","False","18.1763","16.9023","18.1838","4.1582","20.8616","8","1","1","False","0"
"27764","1974339920048","1991551454877","1991551616028","16.428700000000003","16.1151","0.3136","16.5289","3.1503","False","18.1968","16.319200000000002","18.1763","6.0153","22.1304","8","1","1","False","0"
"27764","1974339920048","1991551619164","1991551769156","15.2213","14.9992","0.22210000000000002","15.4471","3.2738","False","12.1088","15.312800000000001","18.1968","8.8993","23.898500000000002","8","1","1","False","0"
"27764","1974339920048","1991551771377","1991551938451","16.8912","16.7074","0.18380000000000002","15.4975","1.8797000000000001","False","18.1816","16.9295","12.1088","4.0786","20.786","8","1","1","False","0"
"27764","1974339920048","1991551940289","1991552099124","16.0823","15.883500000000002","0.1988","17.3854","3.1934","False","18.188100000000002","16.0673","18.1816","6.192900000000001","22.0764","8","1","1","False","0"
"27764","1974339920048","1991552101112","1991552263260","16.3715","16.2148","0.1567","15.8695","3.0547","False","12.1151","16.413600000000002","18.188100000000002","7.9674000000000005","24.1822","8","1","1","False","0"
"27764","1974339920048","1991552264827","1991552429209","16.6996","16.438200000000002","0.2614","16.1492","2.1475","False","18.2297","16.5949","12.1151","3.4876","19.925800000000002","8","1","1","False","0"
"27764","1974339920048","1991552431823","1991552585169","15.6072","15.3346","0.2726","16.518900000000002","3.1195","False","18.1234","15.596","18.2297","6.121300000000001","21.4559","8","1","1","False","0"
"27764","1974339920048","1991552587895","1991552761025","17.5118","17.313000000000002","0.1988","17.8814","3.4206000000000003","False","18.201800000000002","17.5856","18.1234","6.6591000000000005","23.9721","8","1","1","False","0"
"27764","1974339920048","1991552763013","1991552931405","17.044","16.8392","0.2048","16.8827","3.2682","False","12.1152","17.038","18.201800000000002","7.822900000000001","24.662100000000002","8","1","1","False","0"
"27764","1974339920048","1991552933453","1991553092598","16.1911","15.9145","0.2766","14.959000000000001","2.0351","False","18.171400000000002","16.1193","12.1152","3.8188","19.7333","8","1","1","False","0"
"27764","1974339920048","1991553095364","1991553250314","15.768600000000001","15.495000000000001","0.2736","16.877000000000002","3.1768","False","18.1945","15.771600000000001","18.171400000000002","6.2186","21.7136","8","1","1","False","0"
"27764","1974339920048","1991553253050","1991553416177","16.5095","16.3127","0.1968","16.5888","3.214","False","12.1143","16.5863","18.1945","7.8268","24.1395","8","1","1","False","0"
"27764","1974339920048","1991553418145","1991553585098","16.8862","16.6953","0.19090000000000001","15.905000000000001","2.2323","False","18.1752","16.8921","12.1143","3.049","19.744300000000003","8","1","1","False","0"
"27764","1974339920048","1991553587007","1991553751008","16.601200000000002","16.400100000000002","0.2011","17.369600000000002","2.9899","False","18.254","16.591","18.1752","4.6332","21.0333","8","1","1","False","0"
"27764","1974339920048","1991553753019","1991553922427","17.183799999999998","16.9408","0.24300000000000002","17.2881","3.1339","False","18.1278","17.1419","18.254","5.7453","22.6861","8","1","1","False","0"
"27764","1974339920048","1991553924857","1991554080027","15.727000000000002","15.517000000000001","0.21000000000000002","15.776700000000002","3.1580000000000004","False","12.110100000000001","15.760000000000002","18.1278","8.113100000000001","23.630100000000002","8","1","1","False","0"
"27764","1974339920048","1991554082127","1991554235786","15.6164","15.3659","0.2505","14.484200000000001","2.0765000000000002","False","18.171200000000002","15.5759","12.110100000000001","4.6473","20.0132","8","1","1","False","0"
"27764","1974339920048","1991554238291","1991554391080","15.4643","15.2789","0.1854","16.3874","3.3212","False","18.2168","15.5294","18.171200000000002","7.2891","22.568","8","1","1","False","0"
"27764","1974339920048","1991554392934","1991554557475","16.734","16.4541","0.27990000000000004","17.0167","3.2754000000000003","False","12.0974","16.6395","18.2168","8.8664","25.320500000000003","8","1","1","False","0"
"27764","1974339920048","1991554560274","1991554715453","15.700600000000001","15.517900000000001","0.1827","14.504700000000001","2.0266","False","18.1938","15.7978","12.0974","5.166","20.6839","8","1","1","False","0"
"27764","1974339920048","1991554717280","1991554869615","15.462000000000002","15.233500000000001","0.2285","18.747400000000003","5.3260000000000005","False","12.1111","15.4162","18.1938","7.9436","23.1771","8","1","1","False","0"
"27764","1974339920048","1991554871900","1991555038729","16.8948","16.6829","0.2119","13.5013","1.9186","False","18.171400000000002","16.9114","12.1111","3.1433","19.8262","8","1","1","False","0"
"27764","1974339920048","1991555040848","1991555197905","15.949300000000001","15.7057","0.2436","17.0832","3.0825","False","18.1961","15.9176","18.171400000000002","5.3971","21.102800000000002","8","1","1","False","0"
"27764","1974339920048","1991555200341","1991555380086","18.1458","17.974500000000003","0.1713","18.254","3.1504000000000003","False","18.1969","18.2181","18.1961","5.375100000000001","23.349600000000002","8","1","1","False","0"
"27764","1974339920048","1991555381799","1991555540682","16.091900000000003","15.888300000000001","0.2036","15.1684","2.2422","False","12.1013","16.0596","18.1969","7.5124","23.4007","8","1","1","False","0"
"27764","1974339920048","1991555542718","1991555707813","16.6951","16.5095","0.18560000000000001","16.6858","2.2271","False","24.2728","16.7131","12.1013","2.9006000000000003","19.4101","8","1","1","False","0"
"27764","1974339920048","1991555709669","1991555873509","16.5756","16.384","0.19160000000000002","19.1736","4.827","False","12.106300000000001","16.5696","24.2728","10.6038","26.9878","8","1","1","False","0"
"27764","1974339920048","1991555875425","1991556033499","15.990900000000002","15.807400000000001","0.1835","13.3506","2.1822","False","12.102500000000001","15.999","12.106300000000001","6.7111","22.5185","8","1","1","False","0"
"27764","1974339920048","1991556035334","1991556200124","16.6286","16.479","0.1496","16.101","1.9575","False","18.1915","16.6625","12.102500000000001","2.1511","18.630100000000002","8","1","1","False","0"
"27764","1974339920048","1991556201620","1991556352202","15.2352","15.058200000000001","0.17700000000000002","16.6404","3.0585","False","18.1959","15.2078","18.1915","5.1348","20.193","8","1","1","False","0"
"27764","1974339920048","1991556353972","1991556512825","16.0618","15.8853","0.17650000000000002","15.046600000000002","2.043","False","18.1923","16.0623","18.1959","7.268400000000001","23.1537","8","1","1","False","0"
"27764","1974339920048","1991556514590","1991556681164","16.8402","16.6574","0.18280000000000002","19.0166","4.2211","False","12.1028","16.8339","18.1923","8.626800000000001","25.284200000000002","8","1","1","False","0"
"27764","1974339920048","1991556682992","1991556837317","15.6361","15.432500000000001","0.2036","13.4074","2.0008","False","18.2027","15.615300000000001","12.1028","5.1143","20.5468","8","1","1","False","0"
"27764","1974339920048","1991556839353","1991557009200","17.1686","16.9847","0.1839","17.2436","2.0633","False","12.1324","17.1883","18.2027","6.1287","23.113400000000002","8","1","1","False","0"
"27764","1974339920048","1991557011039","1991557156537","14.723500000000001","14.549800000000001","0.17370000000000002","14.878799999999998","2.2198","False","18.1517","14.7337","12.1324","3.5274","18.0772","8","1","1","False","0"
"27764","1974339920048","1991557158274","1991557312513","15.6369","15.423900000000001","0.21300000000000002","16.542","3.1088","False","18.1894","15.5976","18.1517","6.0815","21.5054","8","1","1","False","0"
"27764","1974339920048","1991557314643","1991557470269","15.754700000000001","15.562600000000002","0.19210000000000002","16.9617","4.3327","False","12.0938","15.7756","18.1894","8.4953","24.0579","8","1","1","False","0"
"27764","1974339920048","1991557472190","1991557649020","17.8547","17.683","0.17170000000000002","15.610700000000001","2.0871","False","18.1874","17.8751","12.0938","2.714","20.397000000000002","8","1","1","False","0"
"27764","1974339920048","1991557650737","1991557816261","16.7312","16.552400000000002","0.17880000000000001","17.6123","2.9735","False","18.2114","16.7241","18.1874","4.1773","20.7297","8","1","1","False","0"
"27764","1974339920048","1991557818049","1991557957916","14.178","13.9867","0.1913","13.4359","2.2336","False","12.1075","14.165500000000002","18.2114","8.2232","22.2099","8","1","1","False","0"
"27764","1974339920048","1991557959829","1991558112054","15.382","15.2225","0.1595","14.927000000000001","2.0772","False","18.198800000000002","15.4138","12.1075","4.9169","20.139400000000002","8","1","1","False","0"
"27764","1974339920048","1991558113649","1991558270141","15.8206","15.6492","0.1714","16.0578","2.0079000000000002","False","12.0762","15.8087","18.198800000000002","7.307","22.956200000000003","8","1","1","False","0"
"27764","1974339920048","1991558271855","1991558427788","15.775900000000002","15.593300000000001","0.1826","16.0019","2.2367","False","18.2085","15.764700000000001","12.0762","3.6185","19.2118","8","1","1","False","0"
"27764","1974339920048","1991558429614","1991558583388","15.604500000000002","15.377400000000002","0.22710000000000002","16.477800000000002","3.1447000000000003","False","18.1984","15.56","18.2085","6.267","21.6444","8","1","1","False","0"
"27764","1974339920048","1991558585659","1991558749964","16.6187","16.430500000000002","0.1882","15.385000000000002","1.8704","False","12.148000000000001","16.657600000000002","18.1984","7.8078","24.238300000000002","8","1","1","False","0"
"27764","1974339920048","1991558751846","1991558907235","15.7306","15.5389","0.1917","15.802700000000002","1.9517","False","18.1221","15.7271","12.148000000000001","4.2287","19.7676","8","1","1","False","0"
"27764","1974339920048","1991558909152","1991559078814","17.1521","16.9662","0.1859","19.4878","4.2859","False","12.110100000000001","17.1579","18.1221","5.1929","22.159100000000002","8","1","1","False","0"
"27764","1974339920048","1991559080673","1991559229233","15.0357","14.856","0.1797","12.543700000000001","1.7924","False","18.1967","15.0419","12.110100000000001","2.2611","17.1171","8","1","1","False","0"
"27764","1974339920048","1991559231030","1991559393404","16.448700000000002","16.2374","0.21130000000000002","17.5819","2.9364000000000003","False","18.2066","16.4171","18.1967","4.0407","20.278100000000002","8","1","1","False","0"
"27764","1974339920048","1991559395517","1991559536558","14.2766","14.1041","0.17250000000000001","13.326600000000001","1.9718","False","12.0884","14.3154","18.2066","7.931900000000001","22.036","8","1","1","False","0"
"27764","1974339920048","1991559538283","1991559700580","16.4033","16.2297","0.1736","16.3704","1.9395","False","24.2403","16.4022","12.0884","3.6181","19.8478","8","1","1","False","0"
"27764","1974339920048","1991559702316","1991559880070","17.9191","17.7754","0.1437","20.2343","4.5599","False","24.2863","17.949","24.2403","9.9094","27.684800000000003","8","1","1","False","0"
"27764","1974339920048","1991559881507","1991560142046","26.242","26.053900000000002","0.18810000000000002","24.956500000000002","2.9664","False","12.1019","26.1976","24.2863","7.9981","34.052","8","1","1","False","0"
"27764","1974339920048","1991560143927","1991560299371","15.717500000000001","15.544400000000001","0.1731","14.7055","1.9427","False","18.1679","15.7325","12.1019","4.367500000000001","19.9119","8","1","1","False","0"
"27764","1974339920048","1991560301102","1991560464651","16.5294","16.3549","0.17450000000000002","19.128500000000003","4.556900000000001","False","12.121","16.528000000000002","18.1679","6.0074000000000005","22.3623","8","1","1","False","0"
"27764","1974339920048","1991560466396","1991560621775","15.7151","15.5379","0.1772","13.372900000000001","2.2185","False","18.1812","15.7124","12.121","2.416","17.9539","8","1","1","False","0"
"27764","1974339920048","1991560623547","1991560783113","16.1762","15.9566","0.21960000000000002","16.8996","2.9557","False","18.208000000000002","16.1338","18.1812","4.4634","20.42","8","1","1","False","0"
"27764","1974339920048","1991560785309","1991560937618","15.3985","15.2309","0.1676","15.003699999999998","2.5415","False","12.0965","15.4505","18.208000000000002","7.2209","22.451800000000002","8","1","1","False","0"
"27764","1974339920048","1991560939294","1991561100319","16.2764","16.1025","0.1739","15.6158","1.8821","False","18.2058","16.2701","12.0965","3.0473000000000003","19.149800000000003","8","1","1","False","0"
"27764","1974339920048","1991561102058","1991561234716","13.4437","13.2658","0.1779","13.751800000000001","2.1937","False","12.091700000000001","13.4397","18.2058","7.813400000000001","21.0792","8","1","1","False","0"
"27764","1974339920048","1991561236495","1991561392383","15.7786","15.5888","0.1898","15.522400000000001","1.9336","False","18.2057","15.7667","12.091700000000001","4.1384","19.7272","8","1","1","False","0"
"27764","1974339920048","1991561394281","1991561554409","16.153000000000002","16.012800000000002","0.14020000000000002","17.5549","3.6390000000000002","False","12.108600000000001","16.2026","18.2057","6.141500000000001","22.154300000000003","8","1","1","False","0"
"27764","1974339920048","1991561555811","1991561688092","13.4022","13.228100000000001","0.1741","12.486500000000003","2.4172000000000002","False","12.1075","13.368300000000001","12.108600000000001","4.8818","18.1099","8","1","1","False","0"
"27764","1974339920048","1991561689833","1991561833309","14.5244","14.3476","0.1768","13.930200000000001","1.8282","False","18.1798","14.521700000000001","12.1075","2.4676","16.8152","8","1","1","False","0"
"27764","1974339920048","1991561835077","1991561990187","15.709000000000001","15.511000000000001","0.198","16.9315","3.0557000000000003","False","18.215600000000002","15.687800000000001","18.1798","4.9596","20.4706","8","1","1","False","0"
"27764","1974339920048","1991561992167","1991562146670","15.6601","15.4503","0.20980000000000001","16.045","3.4471000000000003","False","12.1003","15.6483","18.215600000000002","7.5269","22.9772","8","1","1","False","0"
"27764","1974339920048","1991562148768","1991562293892","14.680800000000001","14.512400000000001","0.16840000000000002","13.280100000000001","2.0289","False","18.2177","14.7222","12.1003","4.905","19.4174","8","1","1","False","0"
"27764","1974339920048","1991562295576","1991562450849","15.6961","15.5273","0.1688","15.6569","1.9914","False","12.1082","15.6957","18.2177","7.4270000000000005","22.9543","8","1","1","False","0"
"27764","1974339920048","1991562452537","1991562587878","13.724400000000001","13.5341","0.1903","13.8642","2.1363000000000003","False","12.0752","13.702900000000001","12.1082","5.8323","19.366400000000002","8","1","1","False","0"
"27764","1974339920048","1991562589781","1991562733861","14.574700000000002","14.408000000000001","0.16670000000000001","14.661200000000001","2.2126","False","18.2142","14.5983","12.0752","3.3092","17.717200000000002","8","1","1","False","0"
"27764","1974339920048","1991562735528","1991562884731","15.145600000000002","14.920300000000001","0.2253","16.625700000000002","3.7099","False","12.100900000000001","15.087000000000002","18.2142","6.4364","21.3567","8","1","1","False","0"
"27764","1974339920048","1991562886984","1991563042111","15.68","15.5127","0.1673","13.966600000000001","1.9845000000000002","False","18.2058","15.738000000000001","12.100900000000001","2.7993","18.312","8","1","1","False","0"
"27764","1974339920048","1991563043784","1991563192804","15.078700000000001","14.902000000000001","0.1767","16.0999","3.4938000000000002","False","12.0943","15.0693","18.2058","5.9358","20.8378","8","1","1","False","0"
"27764","1974339920048","1991563194571","1991563339203","14.631400000000001","14.4632","0.16820000000000002","13.9419","2.3158000000000003","False","18.203500000000002","14.6399","12.0943","3.3902","17.8534","8","1","1","False","0"
"27764","1974339920048","1991563340885","1991563486797","14.781500000000001","14.5912","0.1903","16.1016","3.6470000000000002","False","12.1045","14.759400000000001","18.203500000000002","6.834300000000001","21.4255","8","1","1","False","0"
"27764","1974339920048","1991563488700","1991563640041","15.3086","15.1341","0.17450000000000002","13.558900000000001","1.8895000000000002","False","18.2006","15.3244","12.1045","3.6144000000000003","18.7485","8","1","1","False","0"
"27764","1974339920048","1991563641786","1991563786643","14.6757","14.485700000000001","0.19","16.372500000000002","3.5958","False","12.1019","14.660200000000001","18.2006","7.154800000000001","21.6405","8","1","1","False","0"
"27764","1974339920048","1991563788543","1991563941467","15.478200000000001","15.2924","0.18580000000000002","13.8589","1.9624000000000001","False","18.1922","15.4824","12.1019","3.7743","19.0667","8","1","1","False","0"
"27764","1974339920048","1991563943325","1991564101161","15.9661","15.783600000000002","0.1825","17.1704","3.172","False","12.1113","15.9694","18.1922","5.9971000000000005","21.7807","8","1","1","False","0"
"27764","1974339920048","1991564102986","1991564248174","14.691","14.5188","0.17220000000000002","13.577100000000002","2.0559000000000003","False","18.2176","14.701300000000002","12.1113","3.4071000000000002","17.925900000000002","8","1","1","False","0"
"27764","1974339920048","1991564249896","1991564393038","14.506700000000002","14.314200000000001","0.1925","15.9982","3.5638","False","12.0968","14.486400000000001","18.2176","7.1383","21.4525","8","1","1","False","0"
"27764","1974339920048","1991564394963","1991564536891","14.39","14.1928","0.19720000000000001","12.7732","1.9348","False","18.1969","14.3853","12.0968","4.8498","19.0426","8","1","1","False","0"
"27764","1974339920048","1991564538863","1991564686214","14.9121","14.735100000000001","0.17700000000000002","14.9275","1.9492","False","12.1073","14.932300000000001","18.1969","8.1144","22.849500000000003","8","1","1","False","0"
"27764","1974339920048","1991564687984","1991564834758","14.81","14.6774","0.1326","14.558400000000002","1.9965000000000002","False","12.09","14.8544","12.1073","5.3673","20.044700000000002","8","1","1","False","0"
"27764","1974339920048","1991564836084","1991564985076","15.0899","14.8992","0.1907","15.6236","2.2321","False","18.2418","15.0318","12.09","2.4255","17.3247","8","1","1","False","0"
"27764","1974339920048","1991564986983","1991565138058","15.3042","15.1075","0.1967","16.1675","3.0931","False","18.157","15.298200000000001","18.2418","5.3691","20.4766","8","1","1","False","0"
"27764","1974339920048","1991565140025","1991565301073","16.2893","16.1048","0.1845","16.7407","3.5512","False","12.109900000000001","16.3015","18.157","7.224600000000001","23.3294","8","1","1","False","0"
"27764","1974339920048","1991565302918","1991565451896","15.0672","14.8978","0.1694","13.4542","1.9294","False","18.179100000000002","15.0823","12.109900000000001","4.2522","19.150000000000002","8","1","1","False","0"
"27764","1974339920048","1991565453590","1991565621460","17.0082","16.787","0.2212","18.0887","3.0605","False","12.115","16.956400000000002","18.179100000000002","5.4749","22.2619","8","1","1","False","0"
"27764","1974339920048","1991565623672","1991565766131","14.4404","14.2459","0.1945","13.6616","2.2338","False","18.183500000000002","14.4671","12.115","3.1228000000000002","17.3687","8","1","1","False","0"
"27764","1974339920048","1991565768076","1991565939737","17.360500000000002","17.1661","0.19440000000000002","18.0756","2.9565","False","18.2279","17.3606","18.183500000000002","3.9457","21.111800000000002","8","1","1","False","0"
"27764","1974339920048","1991565941681","1991566107945","16.8258","16.6264","0.19940000000000002","16.9876","3.1341","False","18.1573","16.820800000000002","18.2279","5.3528","21.979200000000002","8","1","1","False","0"
"27764","1974339920048","1991566109939","1991566265591","15.7512","15.5652","0.186","15.5828","2.946","False","12.1464","15.764600000000002","18.1573","7.745500000000001","23.3107","8","1","1","False","0"
"27764","1974339920048","1991566267451","1991566433226","16.7419","16.5775","0.16440000000000002","15.685300000000002","2.2136","False","18.1523","16.7635","12.1464","3.1284","19.7059","8","1","1","False","0"
"27764","1974339920048","1991566434870","1991566578009","14.499500000000001","14.3139","0.18560000000000001","16.316200000000002","3.6896","False","12.1059","14.4783","18.1523","6.8024000000000004","21.116300000000003","8","1","1","False","0"
"27764","1974339920048","1991566579865","1991566731875","15.3899","15.201","0.1889","13.9548","2.2827","False","18.1787","15.386600000000001","12.1059","3.5217","18.7227","8","1","1","False","0"
"27764","1974339920048","1991566733764","1991566880366","14.862100000000002","14.660200000000001","0.2019","16.7113","4.1221000000000005","False","12.1231","14.8491","18.1787","6.8513","21.5115","8","1","1","False","0"
"27764","1974339920048","1991566882385","1991567026903","14.6472","14.4518","0.19540000000000002","12.4219","1.8844","False","18.2027","14.6537","12.1231","4.3207","18.7725","8","1","1","False","0"
"27764","1974339920048","1991567028857","1991567178660","15.161500000000002","14.980300000000002","0.1812","16.7541","3.4842","False","12.095500000000001","15.1757","18.2027","7.347700000000001","22.328","8","1","1","False","0"
"27764","1974339920048","1991567180472","1991567330998","15.2249","15.0526","0.1723","13.7085","1.9602000000000002","False","18.2115","15.2338","12.095500000000001","4.2094000000000005","19.262","8","1","1","False","0"
"27764","1974339920048","1991567332721","1991567474053","14.3184","14.1332","0.1852","17.1771","4.8278","False","12.114700000000001","14.3055","18.2115","8.115400000000001","22.2486","8","1","1","False","0"
"27764","1974339920048","1991567475905","1991567621385","14.7416","14.548","0.19360000000000002","11.9785","2.0659","False","18.2042","14.7332","12.114700000000001","5.4969","20.044900000000002","8","1","1","False","0"
"27764","1974339920048","1991567623321","1991567772753","15.137500000000001","14.943200000000001","0.1943","15.4166","2.3507000000000002","False","12.106300000000001","15.136800000000001","18.2042","8.564300000000001","23.5075","8","1","1","False","0"
"27764","1974339920048","1991567774696","1991567918148","14.5202","14.3452","0.17500000000000002","14.233600000000001","2.0543","False","12.090300000000001","14.5395","12.106300000000001","6.1311","20.476300000000002","8","1","1","False","0"
"27764","1974339920048","1991567919898","1991568056587","13.8086","13.6689","0.13970000000000002","13.3557","1.9126","False","18.1954","13.843900000000001","12.090300000000001","4.3775","18.046400000000002","8","1","1","False","0"
"27764","1974339920048","1991568057984","1991568204876","14.889100000000001","14.689200000000001","0.19990000000000002","16.543200000000002","3.2596000000000003","False","18.2053","14.8289","18.1954","7.744000000000001","22.4332","8","1","1","False","0"
"27764","1974339920048","1991568206875","1991568379920","17.4727","17.3045","0.16820000000000002","16.5699","2.3472","False","12.1622","17.5044","18.2053","8.4449","25.7494","8","1","1","False","0"
"27764","1974339920048","1991568381602","1991568538313","15.843200000000001","15.671100000000001","0.1721","15.4001","1.9080000000000001","False","18.1069","15.839300000000001","12.1622","4.7678","20.4389","8","1","1","False","0"
"27764","1974339920048","1991568540034","1991568716949","17.8641","17.6915","0.1726","18.9952","3.0380000000000003","False","18.187","17.8636","18.1069","5.0111","22.7026","8","1","1","False","0"
"27764","1974339920048","1991568718675","1991568863610","14.684800000000001","14.493500000000001","0.1913","17.3189","5.6439","False","12.117","14.6661","18.187","8.532","23.0255","8","1","1","False","0"
"27764","1974339920048","1991568865523","1991569042424","17.8611","17.6901","0.171","14.1087","1.9225","False","18.1814","17.8814","12.117","2.7676000000000003","20.457700000000003","8","1","1","False","0"
"27764","1974339920048","1991569044134","1991569210025","16.7557","16.589100000000002","0.1666","17.842100000000002","3.0047","False","18.183500000000002","16.7601","18.1814","4.1889","20.778000000000002","8","1","1","False","0"
"27764","1974339920048","1991569211691","1991569365805","15.5996","15.4114","0.1882","16.2436","3.6518","False","18.183","15.578000000000001","18.183500000000002","6.7944","22.2058","8","1","1","False","0"
"27764","1974339920048","1991569367687","1991569531579","16.588600000000003","16.389200000000002","0.19940000000000002","16.2745","3.343","False","18.215700000000002","16.5774","18.183","8.4","24.7892","8","1","1","False","0"
"27764","1974339920048","1991569533573","1991569716380","18.4327","18.2807","0.152","17.9173","3.2783","False","12.081700000000001","18.4801","18.215700000000002","8.1356","26.4163","8","1","1","False","0"
"27764","1974339920048","1991569717900","1991569870708","15.4486","15.280800000000001","0.1678","16.2844","3.6571000000000002","False","18.183400000000002","15.4328","12.081700000000001","4.7845","20.0653","8","1","1","False","0"
"27764","1974339920048","1991569872386","1991570048537","17.8165","17.6151","0.20140000000000002","17.294900000000002","3.1353","False","18.185100000000002","17.7829","18.183400000000002","5.1850000000000005","22.8001","8","1","1","False","0"
"27764","1974339920048","1991570050551","1991570224929","17.62","17.4378","0.1822","19.691300000000002","5.213","False","18.1967","17.639200000000002","18.185100000000002","5.7309","23.1687","8","1","1","False","0"
"27764","1974339920048","1991570226751","1991570388138","16.3457","16.1387","0.20700000000000002","13.0821","1.9785000000000001","False","12.096200000000001","16.3209","18.1967","7.6067","23.7454","8","1","1","False","0"
"27764","1974339920048","1991570390208","1991570564018","17.552500000000002","17.381","0.1715","17.5119","1.9046","False","18.2601","17.588","12.096200000000001","2.1149","19.495900000000002","8","1","1","False","0"
"27764","1974339920048","1991570565733","1991570721473","15.779900000000001","15.574000000000002","0.2059","16.936600000000002","3.0719000000000003","False","18.1282","15.745500000000002","18.2601","4.6295","20.203500000000002","8","1","1","False","0"
"27764","1974339920048","1991570723532","1991570885460","16.3759","16.192800000000002","0.1831","16.5625","3.2550000000000003","False","12.1015","16.3987","18.1282","6.359","22.5518","8","1","1","False","0"
"27764","1974339920048","1991570887291","1991571044546","15.8933","15.7255","0.1678","14.556000000000001","1.9074","False","24.2804","15.908600000000002","12.1015","2.5519000000000003","18.2774","8","1","1","False","0"
"27764","1974339920048","1991571046224","1991571225787","18.134100000000004","17.956300000000002","0.1778","19.157700000000002","2.9363","False","12.0813","18.124100000000002","24.2804","8.7082","26.6645","8","1","1","False","0"
"27764","1974339920048","1991571227565","1991571386351","16.037","15.8786","0.1584","14.7893","2.0235000000000003","False","18.183","16.0564","12.0813","4.7331","20.611700000000003","8","1","1","False","0"
"27764","1974339920048","1991571387935","1991571547917","16.1754","15.9982","0.1772","18.038","3.5475000000000003","False","18.206200000000003","16.1566","18.183","6.7595","22.7577","8","1","1","False","0"
"27764","1974339920048","1991571549689","1991571731925","18.4308","18.2236","0.20720000000000002","18.419600000000003","3.5389000000000004","False","12.0966","18.4008","18.206200000000003","6.564900000000001","24.788500000000003","8","1","1","False","0"
"27764","1974339920048","1991571733997","1991571884188","15.1885","15.0191","0.1694","14.0991","2.4458","False","18.2625","15.2263","12.0966","3.4352","18.4543","8","1","1","False","0"
"27764","1974339920048","1991571885882","1991572048311","16.4582","16.242900000000002","0.21530000000000002","17.084300000000002","3.0883000000000003","False","18.1278","16.412300000000002","18.2625","5.2854","21.5283","8","1","1","False","0"
"27764","1974339920048","1991572050464","1991572219738","17.12","16.927400000000002","0.19260000000000002","17.271","3.2308000000000003","False","12.0942","17.1427","18.1278","6.2705","23.1979","8","1","1","False","0"
"27764","1974339920048","1991572221664","1991572373564","15.3617","15.190000000000001","0.17170000000000002","14.272200000000002","2.1336","False","18.1732","15.3826","12.0942","2.9821","18.1721","8","1","1","False","0"
"27764","1974339920048","1991572375281","1991572551485","17.8126","17.6204","0.1922","18.659200000000002","2.9803","False","18.192","17.7921","18.1732","3.3632","20.983600000000003","8","1","1","False","0"
"27764","1974339920048","1991572553407","1991572727035","17.5371","17.3628","0.1743","17.517","2.9618","False","18.1931","17.555","18.192","4.0002","21.363","8","1","1","False","0"
"27764","1974339920048","1991572728778","1991572885198","15.823800000000002","15.642000000000001","0.18180000000000002","16.354100000000003","3.4968000000000004","False","18.186500000000002","15.8163","18.1931","6.377000000000001","22.019000000000002","8","1","1","False","0"
"27764","1974339920048","1991572887016","1991573050216","16.4954","16.32","0.1754","15.0191","2.0221","False","12.1447","16.5018","18.186500000000002","8.0617","24.381700000000002","8","1","1","False","0"
"27764","1974339920048","1991573051970","1991573218565","16.800700000000003","16.6595","0.14120000000000002","16.754","2.2663","False","18.1446","16.8349","12.1447","3.3715","20.031000000000002","8","1","1","False","0"
"27764","1974339920048","1991573219977","1991573384140","16.642","16.4163","0.2257","17.691100000000002","3.0705","False","18.1929","16.5575","18.1446","4.958600000000001","21.3749","8","1","1","False","0"
"27764","1974339920048","1991573386397","1991573543766","15.9133","15.7369","0.1764","16.465700000000002","3.572","False","12.158000000000001","15.9626","18.1929","7.1889","22.925800000000002","8","1","1","False","0"
"27764","1974339920048","1991573545530","1991573706068","16.221600000000002","16.053800000000003","0.1678","14.6662","2.0123","False","24.2389","16.2302","12.158000000000001","3.1167000000000002","19.1705","8","1","1","False","0"
"27764","1974339920048","1991573707746","1991573877059","17.1442","16.9313","0.2129","19.209300000000002","4.0866","False","12.0661","17.0991","24.2389","10.2565","27.187800000000003","8","1","1","False","0"
"27764","1974339920048","1991573879188","1991574056511","17.901500000000002","17.732300000000002","0.16920000000000002","15.845300000000002","2.0194","False","18.2068","17.9452","12.0661","4.377400000000001","22.1097","8","1","1","False","0"
"27764","1974339920048","1991574058203","1991574202194","14.5706","14.3991","0.1715","15.8941","3.327","False","12.1059","14.5683","18.2068","8.0159","22.415000000000003","8","1","1","False","0"
"27764","1974339920048","1991574203909","1991574373041","17.0794","16.9132","0.16620000000000001","15.943200000000001","2.2087","False","18.1808","17.0847","12.1059","3.0371","19.950300000000002","8","1","1","False","0"
"27764","1974339920048","1991574374703","1991574547096","17.4349","17.2393","0.1956","18.279","3.0567","False","18.2379","17.4055","18.1808","3.8124000000000002","21.0517","8","1","1","False","0"
"27764","1974339920048","1991574549052","1991574697270","15.008300000000002","14.821800000000001","0.1865","15.2018","3.2616","False","18.1312","15.0174","18.2379","7.032900000000001","21.8547","8","1","1","False","0"
"27764","1974339920048","1991574699135","1991574877864","18.015","17.8729","0.1421","19.1008","4.6328000000000005","False","12.1546","18.0594","18.1312","7.1047","24.977600000000002","8","1","1","False","0"
"27764","1974339920048","1991574879285","1991575038594","16.1082","15.930900000000001","0.1773","13.792800000000002","2.0231","False","18.2254","16.073","12.1546","3.1863","19.1172","8","1","1","False","0"
"27764","1974339920048","1991575040367","1991575200375","16.196800000000003","16.0008","0.196","17.2869","3.1066000000000003","False","18.1048","16.1781","18.2254","5.2336","21.2344","8","1","1","False","0"
"27764","1974339920048","1991575202335","1991575363962","16.343500000000002","16.1627","0.18080000000000002","16.909000000000002","3.6775","False","18.1677","16.358700000000002","18.1048","6.9797","23.142400000000002","8","1","1","False","0"
"27764","1974339920048","1991575365770","1991575534853","17.114","16.9083","0.20570000000000002","16.6733","3.2638000000000003","False","18.2084","17.089100000000002","18.1677","8.058300000000001","24.9666","8","1","1","False","0"
"27764","1974339920048","1991575536910","1991575710196","17.524700000000003","17.3286","0.1961","17.5596","3.2689000000000004","False","12.1066","17.5343","18.2084","8.7324","26.061","8","1","1","False","0"
"27764","1974339920048","1991575712157","1991575869298","15.8804","15.7141","0.1663","16.3505","3.7357","False","18.168100000000003","15.910200000000001","12.1066","4.9288","20.6429","8","1","1","False","0"
"27764","1974339920048","1991575870961","1991576032169","16.3116","16.1208","0.1908","15.797","3.2405","False","18.2009","16.287100000000002","18.168100000000003","6.8098","22.930600000000002","8","1","1","False","0"
"27764","1974339920048","1991576034077","1991576211190","17.8948","17.7113","0.1835","18.3211","3.6558","False","12.1537","17.9021","18.2009","7.1086","24.8199","8","1","1","False","0"
"27764","1974339920048","1991576213025","1991576356556","14.5789","14.353100000000001","0.2258","12.8154","1.9052","False","18.1359","14.5366","12.1537","4.7257","19.0788","8","1","1","False","0"
"27764","1974339920048","1991576358814","1991576519172","16.180500000000002","16.035800000000002","0.1447","17.2055","3.2262","False","18.185100000000002","16.2616","18.1359","6.6000000000000005","22.6358","8","1","1","False","0"
"27764","1974339920048","1991576520619","1991576700982","18.2239","18.0363","0.18760000000000002","18.6075","3.3034000000000003","False","12.1803","18.181","18.185100000000002","6.604100000000001","24.6404","8","1","1","False","0"
"27764","1974339920048","1991576702858","1991576850056","14.895700000000001","14.719800000000001","0.1759","13.5272","1.9302000000000001","False","18.1247","14.9074","12.1803","3.8770000000000002","18.5968","8","1","1","False","0"
"27764","1974339920048","1991576851815","1991577032111","18.2224","18.029600000000002","0.1928","19.4739","3.1805000000000003","False","18.2182","18.2055","18.1247","3.7962000000000002","21.8258","8","1","1","False","0"
"27764","1974339920048","1991577034039","1991577193626","16.1446","15.9587","0.1859","16.141000000000002","3.1815","False","18.142300000000002","16.151500000000002","18.2182","5.862900000000001","21.8216","8","1","1","False","0"
"27764","1974339920048","1991577195485","1991577340013","14.6443","14.4528","0.1915","14.7558","3.3036000000000003","False","18.1964","14.6387","18.142300000000002","9.3665","23.819300000000002","8","1","1","False","0"
"27764","1974339920048","1991577341928","1991577520871","18.086000000000002","17.8943","0.1917","18.139300000000002","3.3444000000000003","False","12.1049","18.085800000000003","18.1964","9.4771","27.3714","8","1","1","False","0"
"27764","1974339920048","1991577522788","1991577676035","15.524","15.3247","0.1993","15.2812","3.0973","False","18.2539","15.5164","12.1049","6.0656","21.3903","8","1","1","False","0"
"27764","1974339920048","1991577678028","1991577848625","17.2457","17.0597","0.186","17.464100000000002","3.3216","False","18.108800000000002","17.259","18.2539","7.0605","24.1202","8","1","1","False","0"
"27764","1974339920048","1991577850485","1991578010456","16.2013","15.997100000000001","0.20420000000000002","16.111900000000002","3.2561","False","12.1477","16.1831","18.108800000000002","8.9862","24.9833","8","1","1","False","0"
"27764","1974339920048","1991578012498","1991578169896","15.872800000000002","15.7398","0.133","15.5708","3.2241","False","18.1555","15.944","12.1477","5.189900000000001","20.9297","8","1","1","False","0"
"27764","1974339920048","1991578171226","1991578341108","17.1983","16.9882","0.2101","17.5629","3.2985","False","18.1838","17.1212","18.1555","6.224200000000001","23.212400000000002","8","1","1","False","0"
"27764","1974339920048","1991578343209","1991578502906","16.155","15.969700000000001","0.18530000000000002","16.1305","3.2693000000000003","False","18.2143","16.1798","18.1838","8.228200000000001","24.1979","8","1","1","False","0"
"27764","1974339920048","1991578504759","1991578670239","16.7483","16.548000000000002","0.2003","18.5634","5.0998","False","12.0921","16.7333","18.2143","9.709200000000001","26.2572","8","1","1","False","0"
"27764","1974339920048","1991578672242","1991578842074","17.233","16.9832","0.24980000000000002","15.0484","2.9457","False","18.209500000000002","17.183500000000002","12.0921","4.6178","21.601000000000003","8","1","1","False","0"
"27764","1974339920048","1991578844572","1991578997130","15.4701","15.2558","0.21430000000000002","15.906","3.3452","False","12.0851","15.505600000000001","18.209500000000002","7.321700000000001","22.5775","8","1","1","False","0"
"27764","1974339920048","1991578999273","1991579158666","16.1304","15.939300000000001","0.19110000000000002","15.8314","3.0406","False","24.296300000000002","16.1536","12.0851","3.2532","19.192500000000003","8","1","1","False","0"
"27764","1974339920048","1991579160577","1991579340273","18.156","17.9696","0.1864","18.357","3.2399","False","12.076","18.160700000000002","24.296300000000002","9.3888","27.3584","8","1","1","False","0"
"27764","1974339920048","1991579342137","1991579514176","17.390800000000002","17.2039","0.1869","17.006800000000002","2.857","False","18.2151","17.3903","12.076","4.0745000000000005","21.2784","8","1","1","False","0"
"27764","1974339920048","1991579516045","1991579680210","16.6246","16.4165","0.2081","17.4689","3.6951","False","18.143900000000002","16.6034","18.2151","5.6862","22.102700000000002","8","1","1","False","0"
"27764","1974339920048","1991579682291","1991579855096","17.4766","17.2805","0.1961","16.7965","3.0268","False","18.182000000000002","17.4886","18.143900000000002","6.3415","23.622","8","1","1","False","0"
"27764","1974339920048","1991579857057","1991580017526","16.244300000000003","16.0469","0.19740000000000002","16.380100000000002","3.1685000000000003","False","12.2223","16.243000000000002","18.182000000000002","8.2805","24.3274","8","1","1","False","0"
"27764","1974339920048","1991580019500","1991580175107","15.7432","15.5607","0.1825","15.4366","2.8469","False","18.081200000000003","15.7581","12.2223","4.7447","20.305400000000002","8","1","1","False","0"
"27764","1974339920048","1991580176932","1991580339054","16.403499999999998","16.2122","0.1913","17.084600000000002","3.5185","False","18.1815","16.3947","18.081200000000003","6.4312000000000005","22.6434","8","1","1","False","0"
"27764","1974339920048","1991580340967","1991580506808","16.9974","16.5841","0.4133","16.438000000000002","3.1925000000000003","False","18.185100000000002","16.7754","18.1815","7.8373","24.421400000000002","8","1","1","False","0"
"27764","1974339920048","1991580510941","1991580677070","16.8415","16.6129","0.2286","18.3839","4.5538","False","12.126100000000001","17.0262","18.185100000000002","8.9962","25.6091","8","1","1","False","0"
"27764","1974339920048","1991580679356","1991580829752","15.3405","15.0396","0.3009","14.0615","3.3414","False","18.1726","15.2682","12.126100000000001","5.8541","20.893700000000003","8","1","1","False","0"
"27764","1974339920048","1991580832761","1991581005463","17.6368","17.2702","0.36660000000000004","17.745","3.5245","False","18.1854","17.5711","18.1726","6.4556000000000004","23.7258","8","1","1","False","0"
"27764","1974339920048","1991581009129","1991581169659","16.4615","16.053","0.40850000000000003","16.1004","3.2017","False","18.1746","16.4196","18.1854","8.221400000000001","24.2744","8","1","1","False","0"
"27764","1974339920048","1991581173744","1991581347140","17.7625","17.3396","0.4229","17.7266","3.1804","False","12.1705","17.7481","18.1746","8.6479","25.9875","8","1","1","False","0"
"27764","1974339920048","1991581351369","1991581501749","15.2792","15.038","0.2412","15.433100000000003","3.1353","False","18.1387","15.4609","12.1705","5.3575","20.395500000000002","8","1","1","False","0"
"27764","1974339920048","1991581504161","1991581668701","16.6843","16.454","0.2303","18.4143","4.854900000000001","False","18.1828","16.6952","18.1387","6.801","23.255000000000003","8","1","1","False","0"
"27764","1974339920048","1991581671004","1991581852975","18.4262","18.197100000000002","0.2291","16.8645","3.3145000000000002","False","12.124600000000001","18.427400000000002","18.1828","6.5564","24.753500000000003","8","1","1","False","0"
"27764","1974339920048","1991581855266","1991582000107","14.704800000000002","14.484100000000002","0.2207","14.6342","3.2316000000000003","False","18.1832","14.7132","12.124600000000001","3.9678","18.451900000000002","8","1","1","False","0"
"27764","1974339920048","1991582002314","1991582178959","17.9136","17.6645","0.24910000000000002","17.731","3.0538000000000003","False","18.1786","17.8852","18.1832","4.2658000000000005","21.930300000000003","8","1","1","False","0"
"27764","1974339920048","1991582181450","1991582343451","16.451999999999998","16.2001","0.2519","16.6553","3.2648","False","18.169900000000002","16.4492","18.1786","5.9952000000000005","22.1953","8","1","1","False","0"
"27764","1974339920048","1991582345970","1991582508434","16.4705","16.2464","0.22410000000000002","16.063100000000002","2.8482000000000003","False","18.2255","16.4983","18.169900000000002","7.6668","23.9132","8","1","1","False","0"
"27764","1974339920048","1991582510675","1991582676206","16.8031","16.5531","0.25","18.414","4.4785","False","12.0875","16.7772","18.2255","9.1151","25.668200000000002","8","1","1","False","0"
"27764","1974339920048","1991582678706","1991582848464","17.252399999999998","16.9758","0.2766","15.6651","2.8885","False","18.2192","17.2258","12.0875","3.9768000000000003","20.9526","8","1","1","False","0"
"27764","1974339920048","1991582851230","1991582996907","14.9711","14.5677","0.40340000000000004","15.232600000000001","3.307","False","18.174300000000002","14.8443","18.2192","7.3517","21.9194","8","1","1","False","0"
"27764","1974339920048","1991583000941","1991583161921","16.3957","16.098000000000003","0.2977","16.364800000000002","3.1739","False","12.0828","16.5014","18.174300000000002","9.024600000000001","25.122600000000002","8","1","1","False","0"
"27764","1974339920048","1991583164898","1991583327784","16.572400000000002","16.288600000000002","0.2838","16.4308","3.0151000000000003","False","18.2442","16.5863","12.0828","4.521100000000001","20.8097","8","1","1","False","0"
"27764","1974339920048","1991583330622","1991583508751","18.043300000000002","17.812900000000003","0.23040000000000002","18.0681","2.99","False","18.1216","18.096700000000002","18.2442","4.6686000000000005","22.4815","8","1","1","False","0"
"27764","1974339920048","1991583511055","1991583668240","15.9345","15.7185","0.216","17.8927","4.931900000000001","False","18.2188","15.9489","18.1216","6.8413","22.559800000000003","8","1","1","False","0"
"27764","1974339920048","1991583670400","1991583837489","16.8476","16.7089","0.13870000000000002","14.721200000000001","3.0783","False","18.2083","16.9249","18.2188","8.135200000000001","24.8441","8","1","1","False","0"
"27764","1974339920048","1991583838876","1991584019099","18.334500000000002","18.0223","0.31220000000000003","18.610400000000002","3.1505","False","12.1082","18.161","18.2083","8.182500000000001","26.204800000000002","8","1","1","False","0"
"27764","1974339920048","1991584022221","1991584181660","16.1735","15.943900000000001","0.2296","16.0198","2.9436","False","18.1327","16.2561","12.1082","4.0346","19.9785","8","1","1","False","0"
"27764","1974339920048","1991584183956","1991584332519","15.2733","14.856300000000001","0.41700000000000004","15.585500000000001","3.4367","False","18.1776","15.0859","18.1327","7.0814","21.9377","8","1","1","False","0"
"27764","1974339920048","1991584336689","1991584498442","16.4123","16.1753","0.23700000000000002","15.9911","2.8295000000000003","False","18.1857","16.5923","18.1776","8.6667","24.842000000000002","8","1","1","False","0"
"27764","1974339920048","1991584500812","1991584674511","17.6124","17.3699","0.24250000000000002","19.1862","4.4059","False","12.173300000000001","17.6069","18.1857","9.2455","26.6154","8","1","1","False","0"
"27764","1974339920048","1991584676936","1991584835983","16.1327","15.9047","0.228","14.7687","3.0454000000000003","False","18.201700000000002","16.1472","12.173300000000001","5.2716","21.1763","8","1","1","False","0"
"27764","1974339920048","1991584838263","1991585010024","17.396800000000002","17.1761","0.2207","17.4058","3.0444","False","18.1487","17.4041","18.201700000000002","6.0692","23.2453","8","1","1","False","0"
"27764","1974339920048","1991585012231","1991585160812","15.0439","14.8581","0.18580000000000002","15.213000000000001","3.1802","False","18.1431","15.078800000000001","18.1487","9.139100000000001","23.9972","8","1","1","False","0"
"27764","1974339920048","1991585162670","1991585340703","18.0311","17.8033","0.2278","18.0348","3.1924","False","30.350800000000003","17.9891","18.1431","9.2931","27.096400000000003","8","1","1","False","0"
"27764","1974339920048","1991585342981","1991585680695","33.9572","33.7714","0.18580000000000002","34.2398","3.4526000000000003","False","18.1338","33.9992","30.350800000000003","5.6447","39.4161","8","1","1","False","0"
"27764","1974339920048","1991585682553","1991585843559","16.3149","16.1006","0.21430000000000002","15.7164","2.8663000000000003","False","18.2026","16.2864","18.1338","7.492100000000001","23.5927","8","1","1","False","0"
"27764","1974339920048","1991585845702","1991586014133","17.0299","16.8431","0.18680000000000002","17.3304","3.1671","False","12.1294","17.0574","18.2026","8.6373","25.4804","8","1","1","False","0"
"27764","1974339920048","1991586016001","1991586166750","15.246300000000002","15.074900000000001","0.1714","15.2423","3.1422000000000003","False","18.1555","15.261700000000001","12.1294","5.505","20.579900000000002","8","1","1","False","0"
"27764","1974339920048","1991586168464","1991586338866","17.230500000000003","17.040200000000002","0.1903","17.4849","3.4198","False","18.1848","17.2116","18.1555","6.4489","23.4891","8","1","1","False","0"
"27764","1974339920048","1991586340769","1991586506662","16.807100000000002","16.5893","0.21780000000000002","16.2208","2.8378","False","18.176000000000002","16.779600000000002","18.1848","7.854100000000001","24.4434","8","1","1","False","0"
"27764","1974339920048","1991586508840","1991586679416","17.2361","17.0576","0.17850000000000002","18.592200000000002","4.1877","False","12.1241","17.2754","18.176000000000002","8.7547","25.8123","8","1","1","False","0"
"27764","1974339920048","1991586681201","1991586845772","16.6588","16.4571","0.20170000000000002","15.435500000000001","2.9812000000000003","False","18.1785","16.6356","12.1241","4.2432","20.700300000000002","8","1","1","False","0"
"27764","1974339920048","1991586847789","1991586996603","15.0683","14.881400000000001","0.1869","15.412600000000001","3.3131000000000004","False","18.259","15.0831","18.1785","7.3386000000000005","22.220000000000002","8","1","1","False","0"
"27764","1974339920048","1991586998472","1991587167126","17.072200000000002","16.8654","0.2068","16.9124","3.1504000000000003","False","12.0503","17.052300000000002","18.259","8.545300000000001","25.410700000000002","8","1","1","False","0"
"27764","1974339920048","1991587169194","1991587335419","16.803200000000004","16.622500000000002","0.1807","16.8917","3.2376","False","18.177400000000002","16.8293","12.0503","3.7663","20.3888","8","1","1","False","0"
"27764","1974339920048","1991587337226","1991587508366","17.296","17.114","0.182","17.0048","2.9476","False","18.1783","17.294700000000002","18.177400000000002","4.649","21.763","8","1","1","False","0"
"27764","1974339920048","1991587510186","1991587660025","15.1739","14.9839","0.19","17.9769","5.7513000000000005","False","18.1794","15.1659","18.1783","7.6614","22.645300000000002","8","1","1","False","0"
"27764","1974339920048","1991587661925","1991587859018","19.899700000000003","19.709300000000002","0.1904","19.8948","5.7344","False","18.288600000000002","19.8993","18.1794","5.9415000000000004","25.6508","8","1","1","False","0"
"27764","1974339920048","1991587860922","1991588006477","14.738100000000001","14.5555","0.1826","12.312700000000001","3.3188","False","12.0662","14.7459","18.288600000000002","9.484200000000001","24.0397","8","1","1","False","0"
"27764","1974339920048","1991588008303","1991588170313","16.3968","16.201","0.1958","16.2069","3.141","False","18.128600000000002","16.3836","12.0662","5.1668","21.367800000000003","8","1","1","False","0"
"27764","1974339920048","1991588172271","1991588350807","18.0573","17.8536","0.20370000000000002","17.9568","3.0224","False","18.249000000000002","18.049400000000002","18.128600000000002","5.246","23.099600000000002","8","1","1","False","0"
"27764","1974339920048","1991588352844","1991588514480","16.359","16.163600000000002","0.19540000000000002","16.8104","3.479","False","12.0602","16.3673","18.249000000000002","7.1277","23.2913","8","1","1","False","0"
"27764","1974339920048","1991588516434","1991588658955","14.4429","14.2521","0.1908","13.8306","2.8672","False","18.1871","14.447500000000002","12.0602","4.7404","18.9925","8","1","1","False","0"
"27764","1974339920048","1991588660863","1991588844592","18.5489","18.3729","0.17600000000000002","18.588900000000002","2.9052000000000002","False","18.175","18.5637","18.1871","4.3638","22.736700000000003","8","1","1","False","0"
"27764","1974339920048","1991588846352","1991589010418","16.6082","16.4066","0.2016","16.861700000000003","3.1596","False","18.184","16.5826","18.175","5.9562","22.3628","8","1","1","False","0"
"27764","1974339920048","1991589012434","1991589173540","16.386400000000002","16.1106","0.2758","16.2935","3.1611000000000002","False","12.1143","16.3122","18.184","7.828","23.9386","8","1","1","False","0"
"27764","1974339920048","1991589176298","1991589336095","16.163400000000003","15.979700000000001","0.1837","16.3852","3.2888","False","18.264400000000002","16.2555","12.1143","3.6868000000000003","19.6665","8","1","1","False","0"
"27764","1974339920048","1991589337932","1991589498144","16.2558","16.0212","0.2346","16.0649","3.1550000000000002","False","18.1612","16.204900000000002","18.264400000000002","5.746300000000001","21.767500000000002","8","1","1","False","0"
"27764","1974339920048","1991589500490","1991589660618","16.279600000000002","16.012800000000002","0.26680000000000004","18.500700000000002","5.389200000000001","False","18.168200000000002","16.247400000000003","18.1612","7.660100000000001","23.672900000000002","8","1","1","False","0"
"27764","1974339920048","1991589663286","1991589844017","18.2879","18.0731","0.21480000000000002","15.7682","2.8349","False","18.233800000000002","18.3399","18.168200000000002","7.4884","25.561500000000002","8","1","1","False","0"
"27764","1974339920048","1991589846165","1991590013517","16.914900000000003","16.735200000000003","0.1797","17.2494","3.1325000000000003","False","12.081900000000001","16.95","18.233800000000002","8.7722","25.5074","8","1","1","False","0"
"27764","1974339920048","1991590015314","1991590171499","15.7971","15.618500000000001","0.1786","15.6385","2.9733","False","18.1264","15.798200000000001","12.081900000000001","5.0559","20.674400000000002","8","1","1","False","0"
"27764","1974339920048","1991590173285","1991590335408","16.4161","16.2123","0.2038","16.9479","3.5083","False","18.2282","16.390900000000002","18.1264","6.7914","23.003700000000002","8","1","1","False","0"
"27764","1974339920048","1991590337446","1991590504779","16.9357","16.7333","0.2024","16.726100000000002","3.2887","False","18.1903","16.9371","18.2282","8.0825","24.8158","8","1","1","False","0"
"27764","1974339920048","1991590506803","1991590673332","16.838400000000004","16.652900000000002","0.1855","18.2569","4.7037","False","12.0669","16.8553","18.1903","9.4175","26.070400000000003","8","1","1","False","0"
"27764","1974339920048","1991590675187","1991590852245","17.9177","17.7058","0.2119","16.137700000000002","2.932","False","18.1844","17.8913","12.0669","3.5931","21.2989","8","1","1","False","0"
"27764","1974339920048","1991590854364","1991590997675","14.5112","14.331100000000001","0.1801","14.9807","3.3902","False","18.2541","14.543000000000001","18.1844","7.234500000000001","21.5656","8","1","1","False","0"
"27764","1974339920048","1991590999476","1991591176315","17.8717","17.6839","0.18780000000000002","17.6899","3.2276000000000002","False","18.1106","17.864","18.2541","7.6246","25.308500000000002","8","1","1","False","0"
"27764","1974339920048","1991591178193","1991591349208","17.2846","17.1015","0.1831","16.8882","2.8307","False","12.1174","17.2893","18.1106","8.4459","25.5474","8","1","1","False","0"
"27764","1974339920048","1991591351039","1991591510764","16.1677","15.9725","0.1952","15.152000000000001","1.8113000000000001","False","18.1921","16.1556","12.1174","4.4077","20.380200000000002","8","1","1","False","0"
"27764","1974339920048","1991591512716","1991591670558","15.9738","15.7842","0.18960000000000002","18.555300000000003","4.3982","False","18.206200000000003","15.9794","18.1921","6.6204","22.404600000000002","8","1","1","False","0"
"27764","1974339920048","1991591672454","1991591841816","17.130399999999998","16.9362","0.1942","15.6751","2.9412000000000003","False","18.1502","17.1258","18.206200000000003","7.7008","24.637","8","1","1","False","0"
"27764","1974339920048","1991591843758","1991592007983","16.6072","16.4225","0.1847","16.8531","3.186","False","12.122900000000001","16.6167","18.1502","9.234300000000001","25.6568","8","1","1","False","0"
"27764","1974339920048","1991592009830","1991592183073","17.5485","17.3243","0.2242","17.1892","2.849","False","18.247600000000002","17.509","12.122900000000001","3.8482000000000003","21.1725","8","1","1","False","0"
"27764","1974339920048","1991592185315","1991592332643","14.925600000000001","14.732800000000001","0.1928","15.5394","3.4467000000000003","False","18.116400000000002","14.957","18.247600000000002","7.138800000000001","21.8716","8","1","1","False","0"
"27764","1974339920048","1991592334571","1991592519197","18.682000000000002","18.462600000000002","0.2194","18.6875","3.4488000000000003","False","18.178900000000002","18.6554","18.116400000000002","6.5998","25.0624","8","1","1","False","0"
"27764","1974339920048","1991592521391","1991592672387","15.325800000000001","15.0996","0.2262","16.3279","4.4830000000000005","False","12.127500000000001","15.319","18.178900000000002","9.4597","24.5593","8","1","1","False","0"
"27764","1974339920048","1991592674649","1991592848474","17.5911","17.3825","0.2086","15.9945","2.8607","False","18.2465","17.608700000000002","12.127500000000001","3.9785000000000004","21.361","8","1","1","False","0"
"27764","1974339920048","1991592850560","1991593007583","15.874600000000001","15.702300000000001","0.1723","16.1509","3.1192","False","18.1142","15.910900000000002","18.2465","6.314100000000001","22.0164","8","1","1","False","0"
"27764","1974339920048","1991593009306","1991593169093","16.1634","15.9787","0.1847","16.2075","3.1718","False","18.1827","16.151","18.1142","8.2773","24.256","8","1","1","False","0"
"27764","1974339920048","1991593170940","1991593349942","18.1857","17.9002","0.28550000000000003","18.2987","3.3427000000000002","False","12.1881","18.0849","18.1827","8.3751","26.2753","8","1","1","False","0"
"27764","1974339920048","1991593352797","1991593510374","15.904500000000002","15.757700000000002","0.1468","15.336400000000001","3.0751","False","18.1123","16.043200000000002","12.1881","4.5200000000000005","20.2777","8","1","1","False","0"
"27764","1974339920048","1991593511842","1991593667918","15.834800000000001","15.607600000000001","0.2272","17.796200000000002","4.7118","False","18.1796","15.7544","18.1123","6.8779","22.485500000000002","8","1","1","False","0"
"27764","1974339920048","1991593670190","1991593834255","16.6918","16.4065","0.2853","14.8784","2.9606000000000003","False","18.2426","16.6337","18.1796","8.4238","24.8303","8","1","1","False","0"
"27764","1974339920048","1991593837108","1991594013783","17.8692","17.6675","0.20170000000000002","18.17","3.1632000000000002","False","12.1012","17.9528","18.2426","8.7136","26.3811","8","1","1","False","0"
"27764","1974339920048","1991594015800","1991594180485","16.6763","16.468500000000002","0.2078","16.427400000000002","2.9345000000000003","False","18.1969","16.6702","12.1012","4.1446000000000005","20.6131","8","1","1","False","0"
"27764","1974339920048","1991594182563","1991594337146","15.655100000000001","15.458300000000001","0.1968","16.2162","3.4624","False","18.1312","15.6661","18.1969","6.675400000000001","22.1337","8","1","1","False","0"
"27764","1974339920048","1991594339114","1991594497349","16.029300000000003","15.823500000000001","0.2058","15.358600000000001","2.8233","False","18.1855","16.020300000000002","18.1312","8.7863","24.6098","8","1","1","False","0"
"27764","1974339920048","1991594499407","1991594661204","16.4098","16.1797","0.2301","19.485200000000003","5.8836","False","12.1125","16.3855","18.1855","10.586300000000001","26.766000000000002","8","1","1","False","0"
"27764","1974339920048","1991594663505","1991594831170","16.9758","16.7665","0.2093","14.292","3.2182","False","18.1869","16.9966","12.1125","5.7022","22.468700000000002","8","1","1","False","0"
"27764","1974339920048","1991594833263","1991595012902","18.1552","17.963900000000002","0.1913","18.1305","3.1743","False","18.177300000000002","18.1732","18.1869","5.7159","23.6798","8","1","1","False","0"
"27764","1974339920048","1991595014815","1991595173651","16.1371","15.883600000000001","0.2535","16.1661","3.2776","False","18.1723","16.0749","18.177300000000002","7.818300000000001","23.701900000000002","8","1","1","False","0"
"27764","1974339920048","1991595176186","1991595345218","17.225700000000003","16.903200000000002","0.3225","17.171200000000002","3.2692","False","12.134","17.1567","18.1723","8.8339","25.7371","8","1","1","False","0"
"27764","1974339920048","1991595348443","1991595498770","15.2478","15.0327","0.2151","15.1957","3.1282","False","18.1784","15.3552","12.134","5.6127","20.645400000000002","8","1","1","False","0"
"27764","1974339920048","1991595500921","1991595671691","17.325400000000002","17.077","0.2484","18.3747","4.190300000000001","False","18.2451","17.2921","18.1784","6.4990000000000006","23.576","8","1","1","False","0"
"27764","1974339920048","1991595674175","1991595834392","16.221999999999998","16.0217","0.2003","15.0568","2.98","False","18.1131","16.2701","18.2451","8.474","24.495700000000003","8","1","1","False","0"
"27764","1974339920048","1991595836395","1991596010310","17.639300000000002","17.3915","0.24780000000000002","17.7575","3.1637","False","12.201400000000001","17.5918","18.1131","8.9953","26.3868","8","1","1","False","0"
"27764","1974339920048","1991596012788","1991596160941","15.0195","14.8153","0.20420000000000002","14.994000000000002","3.0838","False","18.1581","15.0631","12.201400000000001","6.1336","20.948900000000002","8","1","1","False","0"
"27764","1974339920048","1991596162983","1991596352694","19.2684","18.9711","0.2973","19.182900000000004","3.0358","False","18.129","19.1753","18.1581","5.1164000000000005","24.087500000000002","8","1","1","False","0"
"27764","1974339920048","1991596355667","1991596519899","16.6368","16.4232","0.2136","17.0971","3.4493","False","18.1721","16.7205","18.129","6.524900000000001","22.9481","8","1","1","False","0"
"27764","1974339920048","1991596522035","1991596664909","14.4789","14.2874","0.1915","16.3327","5.2908","False","12.145100000000001","14.501000000000001","18.1721","10.196","24.4834","8","1","1","False","0"
"27764","1974339920048","1991596666824","1991596829854","16.497600000000002","16.303","0.19460000000000002","14.3902","3.1904000000000003","False","18.162100000000002","16.494500000000002","12.145100000000001","5.8466000000000005","22.1496","8","1","1","False","0"
"27764","1974339920048","1991596831800","1991597004541","17.4856","17.2741","0.21150000000000002","17.703","3.4386","False","18.194100000000002","17.468700000000002","18.162100000000002","6.54","23.8141","8","1","1","False","0"
"27764","1974339920048","1991597006656","1991597173185","16.850300000000004","16.652900000000002","0.19740000000000002","16.6107","3.1689000000000003","False","18.179100000000002","16.8644","18.194100000000002","7.869700000000001","24.5226","8","1","1","False","0"
"27764","1974339920048","1991597175159","1991597350195","17.797100000000004","17.503600000000002","0.29350000000000004","17.6765","3.1647000000000003","False","12.117700000000001","17.701","18.179100000000002","8.347800000000001","25.8514","8","1","1","False","0"
"27764","1974339920048","1991597353130","1991597509742","15.901700000000002","15.661200000000001","0.24050000000000002","15.731300000000001","2.94","False","18.1817","15.9547","12.117700000000001","4.510800000000001","20.172","8","1","1","False","0"
"27764","1974339920048","1991597512147","1991597680761","17.0421","16.8614","0.1807","17.422700000000003","3.2593","False","18.178800000000003","17.1019","18.1817","5.5906","22.452","8","1","1","False","0"
"27764","1974339920048","1991597682568","1991597842845","16.2782","16.0277","0.2505","16.075300000000002","3.0672","False","18.183400000000002","16.2084","18.178800000000003","7.561","23.588700000000003","8","1","1","False","0"
"27764","1974339920048","1991597845350","1991598013137","16.9651","16.7787","0.1864","17.089000000000002","3.1824000000000003","False","12.1973","17.0292","18.183400000000002","8.715200000000001","25.4939","8","1","1","False","0"
"27764","1974339920048","1991598015001","1991598169845","15.6645","15.4844","0.1801","15.5014","3.0181","False","18.1845","15.670800000000002","12.1973","5.241700000000001","20.726100000000002","8","1","1","False","0"
"27764","1974339920048","1991598171646","1991598331721","16.2136","16.0075","0.2061","16.6094","3.4160000000000004","False","18.1022","16.1876","18.1845","7.2386","23.246100000000002","8","1","1","False","0"
"27764","1974339920048","1991598333782","1991598507575","17.569200000000002","17.3793","0.1899","16.993100000000002","2.8436000000000003","False","18.180300000000003","17.5854","18.1022","7.755400000000001","25.134700000000002","8","1","1","False","0"
"27764","1974339920048","1991598509474","1991598667620","15.9974","15.8146","0.18280000000000002","18.262600000000003","5.0920000000000005","False","12.126100000000001","16.0045","18.180300000000003","9.9312","25.745800000000003","8","1","1","False","0"
"27764","1974339920048","1991598669448","1991598828566","16.2697","15.911800000000001","0.3579","13.229499999999998","2.2442","False","18.1769","16.0946","12.126100000000001","5.9627","21.8745","8","1","1","False","0"
"27764","1974339920048","1991598832145","1991599009338","17.9242","17.7193","0.2049","19.057000000000002","3.1879","False","18.1809","18.0772","18.1769","6.0624","23.7817","8","1","1","False","0"
"27764","1974339920048","1991599011387","1991599182514","17.291900000000002","17.1127","0.1792","17.349","3.2484","False","12.1241","17.317600000000002","18.1809","6.9257","24.038400000000003","8","1","1","False","0"
"27764","1974339920048","1991599184306","1991599332703","14.978900000000001","14.8397","0.13920000000000002","14.4617","3.0254000000000003","False","18.1709","15.0189","12.1241","4.0309","18.8706","8","1","1","False","0"
"27764","1974339920048","1991599334095","1991599500801","16.848","16.6706","0.1774","17.303800000000003","3.1863","False","18.198","16.8098","18.1709","5.392","22.0626","8","1","1","False","0"
"27764","1974339920048","1991599502575","1991599680016","17.9419","17.7441","0.1978","18.108700000000002","3.3548","False","18.261200000000002","17.9215","18.198","5.6685","23.4126","8","1","1","False","0"
"27764","1974339920048","1991599681994","1991599830601","15.039100000000001","14.860700000000001","0.1784","14.6338","2.9526000000000003","False","12.0393","15.0585","18.261200000000002","8.8712","23.7319","8","1","1","False","0"
"27764","1974339920048","1991599832385","1991600001127","17.1234","16.874200000000002","0.2492","17.2972","3.1924","False","18.219900000000003","17.0526","12.0393","3.8579000000000003","20.732100000000003","8","1","1","False","0"
"27764","1974339920048","1991600003619","1991600174519","17.3021","17.09","0.2121","16.9956","2.8351","False","18.2029","17.3392","18.219900000000003","4.7386","21.8286","8","1","1","False","0"
"27764","1974339920048","1991600176640","1991600341631","16.763700000000004","16.499100000000002","0.2646","16.9711","3.0872","False","18.1234","16.7112","18.2029","6.230300000000001","22.729400000000002","8","1","1","False","0"
"27764","1974339920048","1991600344277","1991600504320","16.203400000000002","16.0043","0.1991","16.121000000000002","2.9469000000000003","False","18.2117","16.268900000000002","18.1234","8.0848","24.089100000000002","8","1","1","False","0"
"27764","1974339920048","1991600506311","1991600672460","16.8487","16.614900000000002","0.2338","18.215700000000002","4.351","False","12.0904","16.814","18.2117","9.4825","26.0974","8","1","1","False","0"
"27764","1974339920048","1991600674798","1991600846527","17.418200000000002","17.172900000000002","0.24530000000000002","16.2211","3.1566","False","18.2455","17.4067","12.0904","4.1662","21.339100000000002","8","1","1","False","0"
"27764","1974339920048","1991600848980","1991601022432","17.573800000000002","17.345200000000002","0.2286","17.4263","3.0109000000000004","False","18.116600000000002","17.590500000000002","18.2455","4.8212","22.1664","8","1","1","False","0"
"27764","1974339920048","1991601024718","1991601162020","14.1787","13.7302","0.4485","14.1715","3.2184000000000004","False","12.2162","13.9588","18.116600000000002","8.979000000000001","22.709200000000003","8","1","1","False","0"
"27764","1974339920048","1991601166505","1991601332411","16.8194","16.590600000000002","0.2288","16.742800000000003","2.9241","False","18.087","17.0391","12.2162","4.1561","20.7467","8","1","1","False","0"
"27764","1974339920048","1991601334699","1991601501423","16.939799999999998","16.6724","0.2674","17.0682","3.0717000000000003","False","18.229400000000002","16.9012","18.087","5.3419","22.014300000000002","8","1","1","False","0"
"27764","1974339920048","1991601504097","1991601672115","17.0241","16.8018","0.2223","18.1366","4.143","False","18.1304","17.069200000000002","18.229400000000002","6.5021","23.303900000000002","8","1","1","False","0"
"27764","1974339920048","1991601674338","1991601843201","17.1945","16.886300000000002","0.30820000000000003","16.047900000000002","3.0975","False","30.3472","17.1086","18.1304","7.5239","24.4102","8","1","1","False","0"
"27764","1974339920048","1991601846283","1991602169238","32.493100000000005","32.295500000000004","0.1976","32.5516","3.0346","False","18.1969","32.6037","30.3472","5.2674","37.5629","8","1","1","False","0"
"27764","1974339920048","1991602171214","1991602331509","16.448400000000003","16.029500000000002","0.4189","16.5559","3.3646000000000003","False","18.2127","16.2271","18.1969","7.2372000000000005","23.2667","8","1","1","False","0"
"27764","1974339920048","1991602335698","1991602500814","16.6929","16.5116","0.18130000000000002","16.4025","2.8545000000000003","False","18.1418","16.930500000000002","18.2127","8.519400000000001","25.031000000000002","8","1","1","False","0"
"27764","1974339920048","1991602502627","1991602681432","18.057000000000002","17.8805","0.17650000000000002","18.776400000000002","3.5578000000000003","False","12.075800000000001","18.0618","18.1418","8.599400000000001","26.4799","8","1","1","False","0"
"27764","1974339920048","1991602683197","1991602831361","15.015900000000002","14.816400000000002","0.1995","14.689900000000002","3.2444","False","18.1921","14.9929","12.075800000000001","5.682300000000001","20.4987","8","1","1","False","0"
"27764","1974339920048","1991602833356","1991603007098","17.585800000000003","17.374200000000002","0.2116","17.4699","3.1516","False","24.2645","17.573700000000002","18.1921","6.3007","23.6749","8","1","1","False","0"
"27764","1974339920048","1991603009214","1991603224043","21.665","21.4829","0.1821","21.4005","2.8692","False","6.0274","21.6945","24.2645","8.870700000000001","30.3536","8","1","1","False","0"
"27764","1974339920048","1991603225864","1991603342001","11.8081","11.6137","0.19440000000000002","11.1009","2.1558","False","18.178900000000002","11.7958","6.0274","3.1023","14.716000000000001","8","1","1","False","0"
"27764","1974339920048","1991603343945","1991603501495","15.9404","15.755","0.1854","15.817699999999999","2.04","False","18.2285","15.9494","18.178900000000002","5.3318","21.0868","8","1","1","False","0"
"27764","1974339920048","1991603503349","1991603673899","17.410899999999998","17.055","0.3559","19.188000000000002","3.9831000000000003","False","18.1967","17.2404","18.2285","6.3199000000000005","23.3749","8","1","1","False","0"
"27764","1974339920048","1991603677458","1991603849968","17.4384","17.251","0.1874","19.0527","5.4317","False","18.1243","17.6069","18.1967","6.9097","24.160700000000002","8","1","1","False","0"
"27764","1974339920048","1991603851842","1991604013369","16.5883","16.1527","0.43560000000000004","13.993","3.0701","False","12.123700000000001","16.3401","18.1243","8.693900000000001","24.846600000000002","8","1","1","False","0"
"27764","1974339920048","1991604017725","1991604167687","15.1796","14.9962","0.1834","15.4055","3.0604","False","18.2341","15.4318","12.123700000000001","5.385800000000001","20.382","8","1","1","False","0"
"27764","1974339920048","1991604169521","1991604329549","16.2017","16.0028","0.19890000000000002","16.424","3.2982","False","18.1725","16.1862","18.2341","7.4337","23.436500000000002","8","1","1","False","0"
"27764","1974339920048","1991604331538","1991604508618","17.901300000000003","17.708000000000002","0.1933","17.8196","3.1996","False","18.1311","17.9069","18.1725","7.6993","25.407300000000003","8","1","1","False","0"
"27764","1974339920048","1991604510551","1991604691018","18.2348","18.0467","0.18810000000000002","17.9774","2.9345000000000003","False","12.126000000000001","18.240000000000002","18.1311","7.590400000000001","25.6371","8","1","1","False","0"
"27764","1974339920048","1991604692899","1991604831814","14.109100000000002","13.8915","0.21760000000000002","14.509600000000002","3.3425000000000002","False","18.175900000000002","14.079600000000001","12.126000000000001","5.6368","19.5283","8","1","1","False","0"
"27764","1974339920048","1991604833990","1991605012018","17.9368","17.8028","0.134","17.433600000000002","3.2551","False","18.1893","18.020400000000002","18.175900000000002","5.7923","23.595100000000002","8","1","1","False","0"
"27764","1974339920048","1991605013358","1991605204363","19.2998","19.1005","0.1993","19.410800000000002","2.9538","False","18.1839","19.2345","18.1893","4.7471000000000005","23.8476","8","1","1","False","0"
"27764","1974339920048","1991605206356","1991605341084","13.669500000000001","13.472800000000001","0.1967","13.964400000000001","3.2606","False","12.1563","13.6721","18.1839","9.2589","22.7317","8","1","1","False","0"
"27764","1974339920048","1991605343051","1991605505239","16.4021","16.2188","0.18330000000000002","16.2241","3.0602","False","18.2406","16.4155","12.1563","4.9997","21.218500000000002","8","1","1","False","0"
"27764","1974339920048","1991605507072","1991605681141","17.6515","17.4069","0.2446","17.8575","3.3229","False","18.1344","17.5902","18.2406","5.6501","23.057000000000002","8","1","1","False","0"
"27764","1974339920048","1991605683587","1991605833655","15.283100000000001","15.0068","0.2763","14.867600000000001","2.9346","False","18.128","15.2514","18.1344","8.533100000000001","23.5399","8","1","1","False","0"
"27764","1974339920048","1991605836418","1991606007289","17.2942","17.0871","0.2071","17.709","3.2835","False","18.1923","17.363400000000002","18.128","9.2977","26.384800000000002","8","1","1","False","0"
"27764","1974339920048","1991606009360","1991606188521","18.0986","17.9161","0.1825","18.1421","3.3145000000000002","False","12.1121","18.1232","18.1923","9.3668","27.2829","8","1","1","False","0"
"27764","1974339920048","1991606190346","1991606347246","15.864300000000002","15.690000000000001","0.1743","14.688","2.1363000000000003","False","18.1798","15.8725","12.1121","5.6064","21.296400000000002","8","1","1","False","0"
"27764","1974339920048","1991606348989","1991606506318","15.9336","15.7329","0.20070000000000002","16.843","3.0469","False","18.1676","15.907200000000001","18.1798","7.8790000000000004","23.611900000000002","8","1","1","False","0"
"27764","1974339920048","1991606508325","1991606668056","16.1573","15.9731","0.1842","17.685000000000002","4.575","False","18.2132","16.1738","18.1676","9.8728","25.8459","8","1","1","False","0"
"27764","1974339920048","1991606669898","1991606854078","18.5732","18.418","0.1552","19.6656","5.9832","False","12.1483","18.6022","18.2132","9.4838","27.9018","8","1","1","False","0"
"27764","1974339920048","1991606855630","1991607006175","15.278400000000001","15.0545","0.22390000000000002","12.0495","2.4893","False","18.2317","15.209700000000002","12.1483","6.4224000000000006","21.4769","8","1","1","False","0"
"27764","1974339920048","1991607008414","1991607168658","16.221","16.0244","0.1966","16.9491","3.1660000000000004","False","18.1136","16.2483","18.2317","8.405800000000001","24.430200000000003","8","1","1","False","0"
"27764","1974339920048","1991607170624","1991607345980","17.826500000000003","17.535600000000002","0.2909","17.8241","3.2710000000000004","False","12.0954","17.732200000000002","18.1136","8.7872","26.3228","8","1","1","False","0"
"27764","1974339920048","1991607348889","1991607502917","15.5761","15.402800000000001","0.1733","15.635200000000001","3.2082","False","18.1807","15.693700000000002","12.0954","5.1889","20.5917","8","1","1","False","0"
"27764","1974339920048","1991607504650","1991607671955","16.917199999999998","16.7305","0.1867","17.9509","4.2607","False","18.2366","16.9038","18.1807","6.465800000000001","23.1963","8","1","1","False","0"
"27764","1974339920048","1991607673822","1991607846228","17.4416","17.2406","0.201","19.088800000000003","5.897","False","18.1199","17.427300000000002","18.2366","7.2751","24.515700000000002","8","1","1","False","0"
"27764","1974339920048","1991607848238","1991608015252","16.877299999999998","16.7014","0.1759","13.9009","2.9254000000000002","False","12.129000000000001","16.9024","18.1199","8.492600000000001","25.194000000000003","8","1","1","False","0"
"27764","1974339920048","1991608017011","1991608170695","15.547200000000002","15.368400000000001","0.17880000000000001","15.731200000000001","3.1101","False","18.1848","15.544300000000002","12.129000000000001","5.0773","20.445700000000002","8","1","1","False","0"
"27764","1974339920048","1991608172483","1991608349425","17.9419","17.694200000000002","0.2477","17.880100000000002","3.1","False","12.120000000000001","17.873","18.1848","5.3891","23.0833","8","1","1","False","0"
"27764","1974339920048","1991608351902","1991608492297","14.2276","14.0395","0.18810000000000002","14.1532","2.9770000000000003","False","24.236700000000003","14.2872","12.120000000000001","3.2219","17.261400000000002","8","1","1","False","0"
"27764","1974339920048","1991608494178","1991608666546","17.413300000000003","17.236800000000002","0.17650000000000002","19.5171","5.0576","False","12.1751","17.4249","24.236700000000003","10.0337","27.270500000000002","8","1","1","False","0"
"27764","1974339920048","1991608668311","1991608833660","16.6862","16.5349","0.15130000000000002","14.7362","3.4828","False","18.1327","16.7114","12.1751","5.4974","22.0323","8","1","1","False","0"
"27764","1974339920048","1991608835173","1991609010061","17.6931","17.4888","0.2043","18.0183","3.4506","False","18.2038","17.6401","18.1327","5.99","23.4788","8","1","1","False","0"
"27764","1974339920048","1991609012104","1991609182601","17.323700000000002","17.0497","0.274","17.284200000000002","3.4635000000000002","False","18.166600000000003","17.254","18.2038","6.9398","23.9895","8","1","1","False","0"
"27764","1974339920048","1991609185341","1991609350082","16.7549","16.4741","0.2808","16.1871","2.938","False","12.126900000000001","16.7481","18.166600000000003","8.3583","24.8324","8","1","1","False","0"
"27764","1974339920048","1991609352890","1991609513690","16.2983","16.080000000000002","0.21830000000000002","15.296800000000001","1.8861","False","18.1675","16.3608","12.126900000000001","4.1244000000000005","20.2044","8","1","1","False","0"
"27764","1974339920048","1991609515873","1991609682911","16.9666","16.7038","0.26280000000000003","18.1948","3.1092","False","18.2244","16.9221","18.1675","5.369800000000001","22.073600000000003","8","1","1","False","0"
"27764","1974339920048","1991609685539","1991609854789","17.1171","16.925","0.19210000000000002","18.9434","4.9027","False","18.143700000000003","17.1878","18.2244","6.4064000000000005","23.331400000000002","8","1","1","False","0"
"27764","1974339920048","1991609856710","1991610017219","16.288100000000004","16.050900000000002","0.23720000000000002","14.2835","2.9277","False","18.1854","16.243000000000002","18.143700000000003","8.3071","24.358","8","1","1","False","0"
"27764","1974339920048","1991610019591","1991610206054","18.8538","18.6463","0.20750000000000002","18.974","3.0172000000000003","False","12.1849","18.8835","18.1854","7.609","26.255300000000002","8","1","1","False","0"
"27764","1974339920048","1991610208129","1991610361863","15.5485","15.3734","0.1751","14.4144","1.881","False","18.1125","15.580900000000002","12.1849","4.213","19.5864","8","1","1","False","0"
"27764","1974339920048","1991610363614","1991610533636","17.134700000000002","17.002200000000002","0.1325","18.008100000000002","3.0521000000000003","False","18.1762","17.177300000000002","18.1125","5.1482","22.1504","8","1","1","False","0"
"27764","1974339920048","1991610534961","1991610697325","16.4365","16.2364","0.2001","17.233900000000002","3.556","False","18.1898","16.3689","18.1762","6.955500000000001","23.1919","8","1","1","False","0"
"27764","1974339920048","1991610699326","1991610861249","16.4066","16.1923","0.21430000000000002","17.6208","4.7701","False","12.134400000000001","16.392400000000002","18.1898","8.7529","24.9452","8","1","1","False","0"
"27764","1974339920048","1991610863392","1991611037450","17.5902","17.4058","0.1844","14.8419","2.0273","False","18.2051","17.6201","12.134400000000001","3.2672000000000003","20.673000000000002","8","1","1","False","0"
"27764","1974339920048","1991611039294","1991611205345","16.782700000000002","16.6051","0.1776","17.734","2.9668","False","18.2259","16.7895","18.2051","4.6828","21.2879","8","1","1","False","0"
"27764","1974339920048","1991611207121","1991611372953","16.7616","16.5832","0.1784","16.8993","3.1048","False","18.108900000000002","16.7608","18.2259","6.1479","22.7311","8","1","1","False","0"
"27764","1974339920048","1991611374737","1991611558828","18.608200000000004","18.409100000000002","0.1991","18.470200000000002","2.9548","False","18.2009","18.587500000000002","18.108900000000002","5.669300000000001","24.078400000000002","8","1","1","False","0"
"27764","1974339920048","1991611560819","1991611717728","15.8757","15.690900000000001","0.18480000000000002","14.9962","2.0955","False","12.088000000000001","15.89","18.2009","7.9802","23.671100000000003","8","1","1","False","0"
"27764","1974339920048","1991611719576","1991611884956","16.7049","16.538","0.16690000000000002","16.830000000000002","2.2066","False","30.3137","16.7228","12.088000000000001","3.3454","19.8834","8","1","1","False","0"
"27764","1974339920048","1991611886625","1991612157464","27.2851","27.0839","0.20120000000000002","28.162","3.0937","False","12.1216","27.2508","30.3137","6.4083000000000006","33.492200000000004","8","1","1","False","0"
"27764","1974339920048","1991612159476","1991612315535","15.7774","15.6059","0.1715","14.5752","1.8864","False","42.4478","15.8071","12.1216","2.7228000000000003","18.3287","8","1","1","False","0"
"27764","1974339920048","1991612317250","1991612665196","34.941900000000004","34.7946","0.14730000000000001","37.786100000000005","5.036700000000001","False","12.099","34.966100000000004","42.4478","10.204500000000001","44.999100000000006","8","1","1","False","0"
"27764","1974339920048","1991612666669","1991612836207","17.1444","16.9538","0.19060000000000002","14.393400000000002","1.9803000000000002","False","12.108600000000001","17.101100000000002","12.099","5.2024","22.156200000000002","8","1","1","False","0"
"27764","1974339920048","1991612838113","1991612984564","14.812100000000001","14.645100000000001","0.167","15.052100000000001","2.2167","False","18.1845","14.835700000000001","12.108600000000001","2.4753000000000003","17.1204","8","1","1","False","0"
"27764","1974339920048","1991612986234","1991613146123","16.1595","15.988900000000001","0.1706","16.906000000000002","2.9641","False","18.1894","16.1559","18.1845","4.5039","20.492800000000003","8","1","1","False","0"
"27764","1974339920048","1991613147829","1991613307309","16.1255","15.948","0.17750000000000002","16.4181","3.2598000000000003","False","18.2128","16.1186","18.1894","6.5747","22.5227","8","1","1","False","0"
"27764","1974339920048","1991613309084","1991613474866","16.766000000000002","16.578200000000002","0.18780000000000002","15.481100000000001","1.9738","False","12.085700000000001","16.7557","18.2128","8.0318","24.61","8","1","1","False","0"
"27764","1974339920048","1991613476744","1991613630210","15.5142","15.3466","0.1676","15.741800000000001","2.2001","False","18.2089","15.534400000000002","12.085700000000001","4.5831","19.9297","8","1","1","False","0"
"27764","1974339920048","1991613631886","1991613781800","15.1655","14.9914","0.1741","15.352300000000003","2.3913","False","12.085700000000001","15.159","18.2089","7.633","22.6244","8","1","1","False","0"
"27764","1974339920048","1991613783541","1991613952979","17.1465","16.9438","0.20270000000000002","16.7732","2.0278","False","18.2067","17.117900000000002","12.085700000000001","2.6008","19.544600000000003","8","1","1","False","0"
"27764","1974339920048","1991613955006","1991614097870","14.4624","14.2864","0.17600000000000002","15.4894","3.0446","False","12.0981","14.4891","18.2067","6.3184000000000005","20.6048","8","1","1","False","0"
"27764","1974339920048","1991614099630","1991614256564","15.8693","15.6934","0.1759","14.7613","1.9338000000000002","False","18.2135","15.8694","12.0981","2.5471","18.2405","8","1","1","False","0"
"27764","1974339920048","1991614258323","1991614408970","15.1965","15.0647","0.1318","16.1295","3.1614","False","12.0853","15.2406","18.2135","5.5200000000000005","20.5847","8","1","1","False","0"
"27764","1974339920048","1991614410288","1991614561077","15.2491","15.0789","0.17020000000000002","14.609300000000001","2.2263","False","18.2236","15.210700000000001","12.0853","2.3946","17.4735","8","1","1","False","0"
"27764","1974339920048","1991614562779","1991614703145","14.2466","14.0366","0.21000000000000002","14.138","2.118","False","18.1726","14.206800000000001","18.2236","6.4114","20.448","8","1","1","False","0"
"27764","1974339920048","1991614705245","1991614862823","15.937300000000002","15.757800000000001","0.17950000000000002","16.7135","2.8956","False","12.122200000000001","15.9678","18.1726","8.616200000000001","24.374000000000002","8","1","1","False","0"
"27764","1974339920048","1991614864618","1991615010432","14.7513","14.5814","0.1699","13.9298","2.0721000000000003","False","12.093300000000001","14.760900000000001","12.122200000000001","5.9775","20.5589","8","1","1","False","0"
"27764","1974339920048","1991615012131","1991615163337","15.302800000000001","15.120600000000001","0.1822","15.425500000000001","2.2078","False","18.211100000000002","15.290500000000002","12.093300000000001","2.7803","17.9009","8","1","1","False","0"
"27764","1974339920048","1991615165159","1991615308782","14.565700000000001","14.362300000000001","0.2034","14.547600000000001","2.1773000000000002","False","18.1827","14.544500000000001","18.211100000000002","6.4469","20.8092","8","1","1","False","0"
"27764","1974339920048","1991615310816","1991615448263","13.9167","13.7447","0.17200000000000001","16.470200000000002","4.7309","False","6.0267","13.9481","18.1827","10.6815","24.4262","8","1","1","False","0"
"27764","1974339920048","1991615449983","1991615592821","14.445800000000002","14.283800000000001","0.162","11.615","1.8973","False","18.202","14.4558","6.0267","2.2524","16.5362","8","1","1","False","0"
"27764","1974339920048","1991615594441","1991615740742","14.805","14.6301","0.1749","14.9832","2.0743","False","18.218700000000002","14.792100000000001","18.202","5.6623","20.2924","8","1","1","False","0"
"27764","1974339920048","1991615742491","1991615917917","17.7277","17.5426","0.18510000000000001","17.7395","2.4304","False","18.1581","17.7175","18.218700000000002","6.1635","23.706100000000003","8","1","1","False","0"
"27764","1974339920048","1991615919768","1991616092741","17.4679","17.2973","0.1706","17.6751","2.297","False","12.096300000000001","17.482400000000002","18.1581","6.8392","24.1365","8","1","1","False","0"
"27764","1974339920048","1991616094447","1991616242442","14.9703","14.7995","0.1708","14.800700000000003","2.1109","False","24.245800000000003","14.9701","12.096300000000001","3.9654000000000003","18.7649","8","1","1","False","0"
"27764","1974339920048","1991616244150","1991616485620","24.3637","24.147000000000002","0.2167","25.2087","2.9879000000000002","False","18.201900000000002","24.317800000000002","24.245800000000003","3.8934","28.0404","8","1","1","False","0"
"27764","1974339920048","1991616487787","1991616626361","14.0234","13.8574","0.166","13.0441","1.9906000000000001","False","12.1194","14.074100000000001","18.201900000000002","8.0212","21.878600000000002","8","1","1","False","0"
"27764","1974339920048","1991616628021","1991616769465","14.3152","14.144400000000001","0.1708","14.423000000000002","2.1017","False","12.0891","14.310400000000001","12.1194","5.8302000000000005","19.974600000000002","8","1","1","False","0"
"27764","1974339920048","1991616771173","1991616904953","13.5435","13.378","0.1655","13.3291","1.8851","False","18.1961","13.5488","12.0891","4.3705","17.7485","8","1","1","False","0"
"27764","1974339920048","1991616906608","1991617082936","17.822499999999998","17.6328","0.1897","18.9714","3.0327","False","18.2228","17.7983","18.1961","4.7683","22.4011","8","1","1","False","0"
"27764","1974339920048","1991617084833","1991617231040","14.7872","14.620700000000001","0.1665","13.887500000000001","2.1339","False","18.1754","14.810400000000001","18.2228","8.1807","22.8014","8","1","1","False","0"
"27764","1974339920048","1991617232705","1991617413713","18.2671","18.1008","0.1663","18.064700000000002","1.9302000000000001","False","12.0965","18.267300000000002","18.1754","8.0888","26.189600000000002","8","1","1","False","0"
"27764","1974339920048","1991617415376","1991617568971","15.4931","15.3595","0.1336","15.296000000000001","2.0307","False","18.2058","15.5258","12.0965","4.6595","20.019000000000002","8","1","1","False","0"
"27764","1974339920048","1991617570307","1991617724854","15.652500000000002","15.4547","0.1978","16.445","2.5409","False","12.067","15.5883","18.2058","7.277","22.7317","8","1","1","False","0"
"27764","1974339920048","1991617726832","1991617892413","16.7301","16.5581","0.17200000000000001","16.4328","2.2348","False","24.2955","16.7559","12.067","2.5881000000000003","19.1462","8","1","1","False","0"
"27764","1974339920048","1991617894133","1991618072081","17.977200000000003","17.794800000000002","0.1824","19.1404","3.3982","False","12.107000000000001","17.9668","24.2955","8.9168","26.7116","8","1","1","False","0"
"27764","1974339920048","1991618073905","1991618233909","16.174799999999998","16.0004","0.1744","14.8777","2.1014","False","18.194100000000002","16.1828","12.107000000000001","4.841","20.8414","8","1","1","False","0"
"27764","1974339920048","1991618235653","1991618386813","15.301000000000002","15.116000000000001","0.185","15.1347","1.9292","False","12.0823","15.2904","18.194100000000002","7.744700000000001","22.8607","8","1","1","False","0"
"27764","1974339920048","1991618388663","1991618553929","16.7006","16.526600000000002","0.17400000000000002","16.986","2.2152000000000003","False","18.288800000000002","16.7116","12.0823","3.1154","19.642","8","1","1","False","0"
"27764","1974339920048","1991618555669","1991618722955","16.9085","16.7286","0.1799","17.701700000000002","3.0055","False","18.09","16.9026","18.288800000000002","4.5016","21.2302","8","1","1","False","0"
"27764","1974339920048","1991618724754","1991618891233","16.8238","16.6479","0.1759","16.9176","3.1056000000000004","False","18.188200000000002","16.8278","18.09","5.763800000000001","22.4117","8","1","1","False","0"
"27764","1974339920048","1991618892992","1991619050420","15.9501","15.7428","0.2073","17.227700000000002","4.3998","False","12.1323","15.918700000000001","18.188200000000002","8.0333","23.7761","8","1","1","False","0"
"27764","1974339920048","1991619052493","1991619224961","17.3766","17.2468","0.1298","14.637500000000001","1.9427","False","18.1985","17.4541","12.1323","2.7115","19.9583","8","1","1","False","0"
"27764","1974339920048","1991619226259","1991619387043","16.2526","16.078400000000002","0.17420000000000002","17.5741","2.9658","False","18.1456","16.2082","18.1985","4.7018","20.7802","8","1","1","False","0"
"27764","1974339920048","1991619388785","1991619554780","16.802799999999998","16.5995","0.2033","17.0042","3.1903","False","12.1067","16.7737","18.1456","6.0737000000000005","22.6732","8","1","1","False","0"
"27764","1974339920048","1991619556813","1991619711754","15.680100000000001","15.494100000000001","0.186","14.741100000000001","2.2238","False","18.1799","15.6974","12.1067","2.483","17.9771","8","1","1","False","0"
"27764","1974339920048","1991619713614","1991619872664","16.075300000000002","15.905000000000001","0.1703","16.816100000000002","2.9658","False","18.182100000000002","16.091","18.1799","4.5719","20.4769","8","1","1","False","0"
"27764","1974339920048","1991619874367","1991620043459","17.102300000000003","16.909200000000002","0.19310000000000002","17.2495","3.12","False","18.1933","17.0795","18.182100000000002","5.6745","22.5837","8","1","1","False","0"
"27764","1974339920048","1991620045390","1991620223005","17.966900000000003","17.7615","0.2054","18.1245","3.2782","False","18.1993","17.9546","18.1933","5.913200000000001","23.6747","8","1","1","False","0"
"27764","1974339920048","1991620225059","1991620390096","16.686100000000003","16.503700000000002","0.1824","16.7334","3.3347","False","12.1509","16.7091","18.1993","7.4034","23.9071","8","1","1","False","0"
"27764","1974339920048","1991620391920","1991620543150","15.299800000000001","15.123000000000001","0.1768","13.8911","1.9075000000000002","False","18.1752","15.3054","12.1509","4.2489","19.3719","8","1","1","False","0"
"27764","1974339920048","1991620544918","1991620702282","15.9082","15.736400000000001","0.1718","17.2558","3.2569000000000004","False","18.12","15.913200000000002","18.1752","6.5109","22.247300000000003","8","1","1","False","0"
"27764","1974339920048","1991620704000","1991620873158","17.079900000000002","16.9158","0.1641","16.9507","3.4569","False","18.218600000000002","17.087600000000002","18.12","7.5433","24.4591","8","1","1","False","0"
"27764","1974339920048","1991620874799","1991621056531","18.3492","18.1732","0.17600000000000002","20.134500000000003","4.9164","False","12.094100000000001","18.337300000000003","18.218600000000002","7.424600000000001","25.597800000000003","8","1","1","False","0"
"27764","1974339920048","1991621058291","1991621211092","15.484800000000002","15.280100000000001","0.20470000000000002","12.446900000000001","1.8721","False","18.1931","15.456100000000001","12.094100000000001","4.0626","19.3427","8","1","1","False","0"
"27764","1974339920048","1991621213139","1991621366923","15.565800000000001","15.378400000000001","0.1874","17.3335","3.6367000000000003","False","18.1842","15.5831","18.1931","6.6726","22.051000000000002","8","1","1","False","0"
"27764","1974339920048","1991621368797","1991621541963","17.5046","17.3166","0.188","17.412300000000002","3.5506","False","12.1149","17.504","18.1842","7.3528","24.6694","8","1","1","False","0"
"27764","1974339920048","1991621543843","1991621709271","16.7252","16.5428","0.1824","15.3832","2.2231","False","18.214000000000002","16.730800000000002","12.1149","2.7369000000000003","19.279700000000002","8","1","1","False","0"
"27764","1974339920048","1991621711095","1991621872668","16.339299999999998","16.1573","0.182","17.1487","3.0109000000000004","False","24.238300000000002","16.3397","18.214000000000002","4.6112","20.7685","8","1","1","False","0"
"27764","1974339920048","1991621874488","1991622058582","18.590200000000003","18.4094","0.18080000000000002","20.1674","4.6023000000000005","False","12.0899","18.5914","24.238300000000002","10.2581","28.6675","8","1","1","False","0"
"27764","1974339920048","1991622060390","1991622210245","15.1785","14.9855","0.193","12.7653","2.182","False","18.205000000000002","15.166300000000001","12.0899","7.1817","22.1672","8","1","1","False","0"
"27764","1974339920048","1991622212175","1991622381093","17.0911","16.8918","0.1993","18.251","3.3462","False","12.104800000000001","17.0848","18.205000000000002","8.3019","25.1937","8","1","1","False","0"
"27764","1974339920048","1991622383086","1991622540502","15.8716","15.7416","0.13","14.212000000000002","1.9612","False","18.201900000000002","15.940900000000001","12.104800000000001","4.465800000000001","20.2074","8","1","1","False","0"
"27764","1974339920048","1991622541802","1991622706905","16.706500000000002","16.5103","0.1962","18.256800000000002","3.2379000000000002","False","18.1678","16.6403","18.201900000000002","6.0274","22.5377","8","1","1","False","0"
"27764","1974339920048","1991622708867","1991622879075","17.195800000000002","17.0208","0.17500000000000002","17.1661","3.2032000000000003","False","12.1102","17.217000000000002","18.1678","6.9782","23.999000000000002","8","1","1","False","0"
"27764","1974339920048","1991622880825","1991623036548","15.7537","15.5723","0.1814","14.4168","1.8758000000000001","False","18.2204","15.747300000000001","12.1102","3.3411","18.9134","8","1","1","False","0"
"27764","1974339920048","1991623038362","1991623209712","17.316200000000002","17.135","0.1812","18.419900000000002","2.9734000000000003","False","18.131800000000002","17.3164","18.2204","4.2451","21.380100000000002","8","1","1","False","0"
"27764","1974339920048","1991623211524","1991623361957","15.2402","15.0433","0.19690000000000002","15.852500000000001","3.5846","False","18.2007","15.2245","18.131800000000002","7.1524","22.195700000000002","8","1","1","False","0"
"27764","1974339920048","1991623363926","1991623536549","17.4441","17.2623","0.18180000000000002","17.0664","3.2116000000000002","False","12.1196","17.4592","18.2007","7.8939","25.156200000000002","8","1","1","False","0"
"27764","1974339920048","1991623538367","1991623709321","17.2691","17.0954","0.17370000000000002","16.2816","2.2185","False","18.21","17.2772","12.1196","2.7363","19.8317","8","1","1","False","0"
"27764","1974339920048","1991623711058","1991623864832","15.559600000000001","15.377400000000002","0.1822","16.857300000000002","3.5235000000000003","False","18.139300000000002","15.5511","18.21","5.3952","20.7726","8","1","1","False","0"
"27764","1974339920048","1991623866654","1991624048664","18.3972","18.201","0.1962","19.492","4.6106","False","18.204900000000002","18.383200000000002","18.139300000000002","5.1513","23.3523","8","1","1","False","0"
"27764","1974339920048","1991624050626","1991624204486","15.518300000000002","15.386000000000001","0.1323","13.9785","3.3518000000000003","False","12.1011","15.5822","18.204900000000002","7.774","23.16","8","1","1","False","0"
"27764","1974339920048","1991624205809","1991624374370","17.052100000000003","16.8561","0.196","16.162300000000002","2.2016","False","18.239","16.988400000000002","12.1011","2.8867000000000003","19.742800000000003","8","1","1","False","0"
"27764","1974339920048","1991624376330","1991624543051","16.8678","16.6721","0.1957","17.631700000000002","2.9491","False","18.1247","16.868100000000002","18.239","4.2576","20.9297","8","1","1","False","0"
"27764","1974339920048","1991624545008","1991624699390","15.6396","15.4382","0.20140000000000002","16.363300000000002","3.6660000000000004","False","18.2114","15.6339","18.1247","6.7484","22.186600000000002","8","1","1","False","0"
"27764","1974339920048","1991624701404","1991624863564","16.3852","16.216","0.16920000000000002","15.571100000000001","2.8537000000000003","False","12.1606","16.4174","18.2114","8.5424","24.7584","8","1","1","False","0"
"27764","1974339920048","1991624865256","1991625034159","17.0578","16.8903","0.1675","16.1009","1.8984","False","18.11","17.0595","12.1606","3.6435","20.5338","8","1","1","False","0"
"27764","1974339920048","1991625035834","1991625217200","18.3332","18.1366","0.1966","19.591","3.1521000000000003","False","18.183","18.304100000000002","18.11","3.4494000000000002","21.586000000000002","8","1","1","False","0"
"27764","1974339920048","1991625219166","1991625369373","15.195000000000002","15.020700000000001","0.1743","15.5304","3.4918","False","18.187900000000003","15.217300000000002","18.183","6.415100000000001","21.4358","8","1","1","False","0"
"27764","1974339920048","1991625371116","1991625530312","16.089000000000002","15.9196","0.1694","15.8768","3.2777000000000003","False","12.1235","16.0939","18.187900000000003","8.5091","24.428700000000003","8","1","1","False","0"
"27764","1974339920048","1991625532006","1991625710814","18.0944","17.8808","0.2136","16.6426","1.8695000000000002","False","18.1691","18.0502","12.1235","2.5824000000000003","20.4632","8","1","1","False","0"
"27764","1974339920048","1991625712950","1991625862129","15.083800000000002","14.917900000000001","0.16590000000000002","16.985200000000003","4.0904","False","24.277800000000003","15.1315","18.1691","5.62","20.5379","8","1","1","False","0"
"27764","1974339920048","1991625863788","1991626050758","18.928","18.697","0.231","20.560200000000002","5.3611","False","12.1082","18.8629","24.277800000000003","11.0349","29.731900000000003","8","1","1","False","0"
"27764","1974339920048","1991626053068","1991626202093","15.0694","14.9025","0.16690000000000002","11.9503","2.2393","False","12.1042","15.133500000000002","12.1082","8.0096","22.912100000000002","8","1","1","False","0"
"27764","1974339920048","1991626203762","1991626364088","16.201700000000002","16.032600000000002","0.1691","15.840900000000001","1.8796000000000002","False","18.1831","16.1995","12.1042","3.9143000000000003","19.9469","8","1","1","False","0"
"27764","1974339920048","1991626365779","1991626545873","18.2012","18.0094","0.1918","19.280900000000003","2.9595000000000002","False","18.1756","18.1785","18.1831","3.9189000000000003","21.9283","8","1","1","False","0"
"27764","1974339920048","1991626547791","1991626706914","16.084600000000002","15.9123","0.1723","16.285700000000002","3.1594","False","18.2158","16.104100000000003","18.1756","5.9904","21.9027","8","1","1","False","0"
"27764","1974339920048","1991626708637","1991626865382","15.8698","15.6745","0.1953","16.720100000000002","4.0197","False","12.133600000000001","15.8468","18.2158","8.3594","24.033900000000003","8","1","1","False","0"
"27764","1974339920048","1991626867335","1991627036133","17.0652","16.8798","0.1854","14.9326","1.8936000000000002","False","18.1787","17.0751","12.133600000000001","3.4179000000000004","20.297700000000003","8","1","1","False","0"
"27764","1974339920048","1991627037987","1991627202203","16.6077","16.4216","0.18610000000000002","17.8187","3.0865","False","18.1431","16.607","18.1787","4.9896","21.4112","8","1","1","False","0"
"27764","1974339920048","1991627204064","1991627370797","16.8763","16.6733","0.203","16.9952","3.2212","False","18.200200000000002","16.8594","18.1431","6.2733","22.9466","8","1","1","False","0"
"27764","1974339920048","1991627372827","1991627539293","16.7815","16.6466","0.13490000000000002","16.5619","3.2825","False","12.097100000000001","16.849600000000002","18.200200000000002","7.623900000000001","24.270500000000002","8","1","1","False","0"
"27764","1974339920048","1991627540642","1991627710883","17.2144","17.0241","0.1903","16.452","2.2248","False","18.1869","17.159000000000002","12.097100000000001","2.5620000000000003","19.586100000000002","8","1","1","False","0"
"27764","1974339920048","1991627712786","1991627865766","15.4764","15.298","0.1784","16.3377","3.0939","False","18.1736","15.4883","18.1869","5.2606","20.558600000000002","8","1","1","False","0"
"27764","1974339920048","1991627867550","1991628038512","17.273","17.0962","0.1768","17.3457","3.1598","False","18.2027","17.2746","18.1736","6.1596","23.2558","8","1","1","False","0"
"27764","1974339920048","1991628040280","1991628196811","15.8225","15.6531","0.1694","15.936800000000002","3.2707","False","12.1097","15.8299","18.2027","8.5324","24.1855","8","1","1","False","0"
"27764","1974339920048","1991628198505","1991628375331","17.8789","17.6826","0.1963","16.7973","2.2024","False","18.2335","17.852","12.1097","2.7901000000000002","20.4727","8","1","1","False","0"
"27764","1974339920048","1991628377294","1991628531438","15.5995","15.4144","0.18510000000000001","16.5421","3.1478","False","18.169900000000002","15.610700000000001","18.2335","5.4129000000000005","20.8273","8","1","1","False","0"
"27764","1974339920048","1991628533289","1991628694700","16.316300000000002","16.1411","0.1752","16.327","3.1424000000000003","False","18.1596","16.3262","18.169900000000002","7.256600000000001","23.3977","8","1","1","False","0"
"27764","1974339920048","1991628696452","1991628865790","17.109900000000003","16.9338","0.1761","17.4861","3.5237000000000003","False","12.1575","17.109","18.1596","8.3072","25.241","8","1","1","False","0"
"27764","1974339920048","1991628867551","1991629027770","16.2116","16.021900000000002","0.1897","14.663200000000002","1.9756","False","18.1645","16.198","12.1575","4.2667","20.288600000000002","8","1","1","False","0"
"27764","1974339920048","1991629029667","1991629213119","18.4825","18.345200000000002","0.1373","19.133100000000002","2.9659","False","18.146900000000002","18.5349","18.1645","3.8963","22.241500000000002","8","1","1","False","0"
"27764","1974339920048","1991629214492","1991629365126","15.240400000000001","15.063400000000001","0.17700000000000002","16.1611","3.5463","False","12.150500000000001","15.200700000000001","18.146900000000002","6.8425","21.905900000000003","8","1","1","False","0"
"27764","1974339920048","1991629366896","1991629521330","15.6061","15.4434","0.1627","14.3618","2.2812","False","18.142","15.6204","12.150500000000001","3.3726000000000003","18.816000000000003","8","1","1","False","0"
"27764","1974339920048","1991629522957","1991629691033","17.0065","16.8076","0.19890000000000002","17.637700000000002","2.9435000000000002","False","18.2576","16.9703","18.142","4.5443","21.3519","8","1","1","False","0"
"27764","1974339920048","1991629693022","1991629876090","18.475","18.306800000000003","0.16820000000000002","18.4799","2.9369","False","18.171300000000002","18.5057","18.2576","4.2962","22.603","8","1","1","False","0"
"27764","1974339920048","1991629877772","1991630034188","15.8324","15.6416","0.1908","16.1949","3.3038000000000003","False","18.122700000000002","15.809800000000001","18.171300000000002","6.6577","22.299300000000002","8","1","1","False","0"
"27764","1974339920048","1991630036096","1991630199334","16.497600000000002","16.323800000000002","0.1738","16.1274","2.9305000000000003","False","18.2162","16.5146","18.122700000000002","8.2658","24.5896","8","1","1","False","0"
"27764","1974339920048","1991630201072","1991630369313","17.025100000000002","16.8241","0.201","17.4347","3.3407","False","12.143","16.9979","18.2162","9.4841","26.308200000000003","8","1","1","False","0"
"27764","1974339920048","1991630371323","1991630530807","16.1174","15.948400000000001","0.169","14.838600000000001","2.0497","False","18.1612","16.1494","12.143","5.4777000000000005","21.4261","8","1","1","False","0"
"27764","1974339920048","1991630532497","1991630697806","16.712899999999998","16.5309","0.182","18.3295","3.6811000000000003","False","18.1603","16.6999","18.1612","6.939","23.469900000000003","8","1","1","False","0"
"27764","1974339920048","1991630699626","1991630858488","16.0178","15.8862","0.1316","16.655","4.607200000000001","False","12.1121","16.0682","18.1603","9.0311","24.9173","8","1","1","False","0"
"27764","1974339920048","1991630859804","1991631034657","17.687800000000003","17.485300000000002","0.2025","15.2803","1.9197000000000002","False","18.1777","17.6169","12.1121","3.5263","21.0116","8","1","1","False","0"
"27764","1974339920048","1991631036682","1991631209897","17.5339","17.3215","0.2124","18.8976","3.2966","False","18.1719","17.524","18.1777","4.180000000000001","21.5015","8","1","1","False","0"
"27764","1974339920048","1991631212021","1991631358079","14.7902","14.6058","0.1844","14.971200000000001","3.4435000000000002","False","18.2011","14.818200000000001","18.1719","7.5337000000000005","22.1395","8","1","1","False","0"
"27764","1974339920048","1991631359923","1991631521617","16.3418","16.1694","0.1724","16.2676","3.3764000000000003","False","12.154","16.3538","18.2011","9.381","25.5504","8","1","1","False","0"
"27764","1974339920048","1991631523341","1991631696170","17.472","17.2829","0.18910000000000002","16.0497","1.9361000000000002","False","42.4137","17.4553","12.154","4.0797","21.3626","8","1","1","False","0"
"27764","1974339920048","1991631698061","1991632074156","37.7869","37.609500000000004","0.1774","38.763200000000005","2.9346","False","6.0453","37.7986","42.4137","8.6948","46.304300000000005","8","1","1","False","0"
"27764","1974339920048","1991632075930","1991632192216","11.7939","11.6286","0.1653","11.0662","2.2011000000000003","False","12.124400000000001","11.806000000000001","6.0453","2.9341","14.562700000000001","8","1","1","False","0"
"27764","1974339920048","1991632193869","1991632307109","11.5223","11.324","0.1983","11.187100000000001","1.8799000000000001","False","12.1201","11.4893","12.124400000000001","3.5692000000000004","14.8932","8","1","1","False","0"
"27764","1974339920048","1991632309092","1991632428745","12.144300000000001","11.965300000000001","0.17900000000000002","12.2195","1.9527","False","12.0943","12.1636","12.1201","3.5257","15.491000000000001","8","1","1","False","0"
"27764","1974339920048","1991632430535","1991632543530","11.4322","11.2995","0.1327","11.0568","1.8782","False","18.191000000000003","11.4785","12.0943","4.141500000000001","15.441","8","1","1","False","0"
"27764","1974339920048","1991632544857","1991632695293","15.216500000000002","15.043600000000001","0.1729","16.7759","3.1278","False","18.1968","15.176300000000001","18.191000000000003","7.1562","22.1998","8","1","1","False","0"
"27764","1974339920048","1991632697022","1991632856137","16.0854","15.9115","0.1739","16.1625","3.2063","False","12.1073","16.084400000000002","18.1968","9.268600000000001","25.1801","8","1","1","False","0"
"27764","1974339920048","1991632857876","1991633036493","18.057000000000002","17.861700000000003","0.1953","16.7409","1.8897000000000002","False","18.1726","18.035600000000002","12.1073","3.3403","21.202","8","1","1","False","0"
"27764","1974339920048","1991633038446","1991633217364","18.0701","17.8918","0.17830000000000001","19.1355","2.9557","False","18.1871","18.0871","18.1726","3.4258","21.317600000000002","8","1","1","False","0"
"27764","1974339920048","1991633219147","1991633396595","17.9188","17.7448","0.17400000000000002","18.0978","3.133","False","18.2401","17.9231","18.1871","3.6898","21.4346","8","1","1","False","0"
"27764","1974339920048","1991633398335","1991633549501","15.296","15.1166","0.1794","15.5215","3.3615000000000004","False","18.140800000000002","15.290600000000001","18.2401","6.6393","21.7559","8","1","1","False","0"
"27764","1974339920048","1991633551295","1991633735931","18.669","18.4636","0.2054","18.5351","3.236","False","18.1947","18.643","18.140800000000002","6.1371","24.6007","8","1","1","False","0"
"27764","1974339920048","1991633737985","1991633903732","16.7477","16.5747","0.17300000000000001","15.3879","1.8679000000000001","False","12.0904","16.7801","18.1947","7.5517","24.1264","8","1","1","False","0"
"27764","1974339920048","1991633905462","1991634070953","16.7305","16.5491","0.1814","16.9582","2.0974","False","18.189","16.7221","12.0904","2.92","19.4691","8","1","1","False","0"
"27764","1974339920048","1991634072767","1991634234007","16.265100000000004","16.124000000000002","0.1411","17.078200000000002","3.2233","False","18.2052","16.305400000000002","18.189","4.8036","20.9276","8","1","1","False","0"
"27764","1974339920048","1991634235418","1991634394420","16.0895","15.9002","0.1893","15.6974","2.513","False","12.098700000000001","16.0413","18.2052","6.9675","22.867700000000003","8","1","1","False","0"
"27764","1974339920048","1991634396313","1991634551742","15.7231","15.542900000000001","0.1802","15.4124","2.2109","False","18.1786","15.7322","12.098700000000001","3.334","18.876900000000003","8","1","1","False","0"
"27764","1974339920048","1991634553544","1991634722767","17.1036","16.9223","0.18130000000000002","17.8448","2.9434","False","18.229300000000002","17.1025","18.1786","4.4101","21.3324","8","1","1","False","0"
"27764","1974339920048","1991634724580","1991634899339","17.672","17.4759","0.1961","17.788600000000002","3.0656000000000003","False","24.2545","17.6572","18.229300000000002","4.982200000000001","22.4581","8","1","1","False","0"
"27764","1974339920048","1991634901300","1991635112135","21.2789","21.0835","0.19540000000000002","21.202199999999998","3.0068","False","12.0721","21.279600000000002","24.2545","7.9571000000000005","29.0406","8","1","1","False","0"
"27764","1974339920048","1991635114089","1991635270243","15.796800000000001","15.615400000000001","0.1814","14.729500000000002","1.9204","False","18.2085","15.8108","12.0721","4.2184","19.8338","8","1","1","False","0"
"27764","1974339920048","1991635272057","1991635430183","15.990300000000001","15.812600000000002","0.1777","16.2557","2.1836","False","12.0698","15.994000000000002","18.2085","6.4329","22.2455","8","1","1","False","0"
"27764","1974339920048","1991635431960","1991635568600","13.858100000000002","13.664000000000001","0.19410000000000002","13.652800000000001","1.9799","False","18.1991","13.841700000000001","12.0698","4.6610000000000005","18.325","8","1","1","False","0"
"27764","1974339920048","1991635570541","1991635750919","18.2177","18.0378","0.1799","19.255200000000002","3.0107","False","18.217200000000002","18.2319","18.1991","4.6282000000000005","22.666","8","1","1","False","0"
"27764","1974339920048","1991635752718","1991635904527","15.3222","15.180900000000001","0.1413","14.2042","2.1989","False","12.0774","15.360800000000001","18.217200000000002","7.4846","22.6655","8","1","1","False","0"
"27764","1974339920048","1991635905940","1991636075616","17.135","16.9676","0.16740000000000002","17.2421","1.986","False","18.2092","17.108900000000002","12.0774","2.4531","19.4207","8","1","1","False","0"
"27764","1974339920048","1991636077290","1991636233804","15.8535","15.6514","0.2021","16.9267","3.0728","False","18.1832","15.818800000000001","18.2092","4.843500000000001","20.4949","8","1","1","False","0"
"27764","1974339920048","1991636235825","1991636387577","15.3614","15.1752","0.1862","14.662099999999999","2.3906","False","12.092","15.3773","18.1832","7.6494","22.8246","8","1","1","False","0"
"27764","1974339920048","1991636389439","1991636555901","16.8237","16.6462","0.17750000000000002","16.7173","2.269","False","24.264200000000002","16.8324","12.092","2.9090000000000003","19.5552","8","1","1","False","0"
"27764","1974339920048","1991636557676","1991636743447","18.7591","18.5771","0.182","19.790300000000002","3.307","False","12.1053","18.7546","24.264200000000002","8.4186","26.995700000000003","8","1","1","False","0"
"27764","1974339920048","1991636745267","1991636896107","15.2588","15.084000000000001","0.1748","13.970400000000001","2.0081","False","18.2133","15.266","12.1053","5.2579","20.341900000000003","8","1","1","False","0"
"27764","1974339920048","1991636897855","1991637064327","16.830000000000002","16.6472","0.18280000000000002","17.7272","2.9152","False","12.085700000000001","16.822","18.2133","6.6492","23.296400000000002","8","1","1","False","0"
"27764","1974339920048","1991637066155","1991637226223","16.180600000000002","16.006800000000002","0.1738","15.2119","1.9437","False","24.2833","16.189600000000002","12.085700000000001","2.5453","18.5521","8","1","1","False","0"
"27764","1974339920048","1991637227961","1991637401138","17.5242","17.317700000000002","0.20650000000000002","18.8409","3.2647","False","12.098700000000001","17.491500000000002","24.2833","9.337100000000001","26.6548","8","1","1","False","0"
"27764","1974339920048","1991637403203","1991637563506","16.1696","16.0303","0.1393","14.581700000000001","1.9773","False","18.203300000000002","16.236800000000002","12.098700000000001","5.199","21.229300000000002","8","1","1","False","0"
"27764","1974339920048","1991637564899","1991637715232","15.209900000000001","15.0333","0.1766","15.761000000000001","2.2299","False","12.1333","15.172600000000001","18.203300000000002","8.229700000000001","23.263","8","1","1","False","0"
"27764","1974339920048","1991637716998","1991637885282","16.998400000000004","16.828400000000002","0.17","16.7327","1.9476","False","24.2242","17.005000000000003","12.1333","3.358","20.186400000000003","8","1","1","False","0"
"27764","1974339920048","1991637886982","1991638056727","17.1686","16.974500000000003","0.19410000000000002","20.0961","4.8836","False","12.0988","17.1445","24.2242","10.437700000000001","27.412200000000002","8","1","1","False","0"
"27764","1974339920048","1991638058668","1991638220720","16.382900000000003","16.2052","0.1777","13.622","2.1267","False","18.204700000000003","16.3993","12.0988","6.1372","22.3424","8","1","1","False","0"
"27764","1974339920048","1991638222497","1991638390230","16.9402","16.773300000000003","0.16690000000000002","17.2913","2.4673000000000003","False","18.1981","16.951","18.204700000000003","7.3909","24.1642","8","1","1","False","0"
"27764","1974339920048","1991638391899","1991638563720","17.3516","17.182100000000002","0.1695","17.104400000000002","2.2263","False","12.1225","17.349","18.1981","8.24","25.4221","8","1","1","False","0"
"27764","1974339920048","1991638565415","1991638731103","16.7627","16.5688","0.19390000000000002","16.809900000000003","2.2756000000000003","False","18.143900000000002","16.738300000000002","12.1225","3.6242","20.193","8","1","1","False","0"
"27764","1974339920048","1991638733042","1991638887107","15.588300000000002","15.406500000000001","0.18180000000000002","16.459300000000002","3.1516","False","18.188000000000002","15.6004","18.143900000000002","6.1677","21.5742","8","1","1","False","0"
"27764","1974339920048","1991638888925","1991639069894","18.331100000000003","18.0969","0.23420000000000002","17.338","2.2070000000000003","False","12.18","18.2787","18.188000000000002","6.077","24.1739","8","1","1","False","0"
"27764","1974339920048","1991639072236","1991639223104","15.2166","15.0868","0.1298","14.754000000000001","1.9728","False","18.102600000000002","15.321000000000002","12.18","2.936","18.0228","8","1","1","False","0"
"27764","1974339920048","1991639224402","1991639394746","17.221500000000002","17.0344","0.18710000000000002","18.5476","3.0124","False","18.1969","17.1642","18.102600000000002","3.8744","20.9088","8","1","1","False","0"
"27764","1974339920048","1991639396617","1991639559630","16.4826","16.3013","0.18130000000000002","16.5557","3.093","False","18.1946","16.488400000000002","18.1969","5.5829","21.8842","8","1","1","False","0"
"27764","1974339920048","1991639561443","1991639724724","16.502","16.3281","0.1739","15.9791","2.5546","False","18.1984","16.5094","18.1946","7.2681000000000004","23.5962","8","1","1","False","0"
"27764","1974339920048","1991639726463","1991639894287","16.9852","16.7824","0.2028","16.634800000000002","2.213","False","12.1403","16.956300000000002","18.1984","8.510200000000001","25.2926","8","1","1","False","0"
"27764","1974339920048","1991639896315","1991640061957","16.7421","16.5642","0.1779","16.9951","2.472","False","18.1268","16.767","12.1403","3.8835","20.4477","8","1","1","False","0"
"27764","1974339920048","1991640063736","1991640226144","16.4254","16.2408","0.18460000000000001","17.1616","3.2125000000000004","False","18.1947","16.4187","18.1268","5.591600000000001","21.8324","8","1","1","False","0"
"27764","1974339920048","1991640227990","1991640394392","16.8326","16.6402","0.19240000000000002","16.0968","2.4917000000000002","False","18.209","16.8248","18.1947","6.9615","23.6017","8","1","1","False","0"
"27764","1974339920048","1991640396316","1991640569947","17.559","17.3631","0.19590000000000002","17.4265","2.3422","False","12.116100000000001","17.555500000000002","18.209","7.615","24.9781","8","1","1","False","0"
"27764","1974339920048","1991640571906","1991640722478","15.2336","15.0572","0.1764","14.8335","1.943","False","18.1624","15.2531","12.116100000000001","4.478000000000001","19.5352","8","1","1","False","0"
"27764","1974339920048","1991640724242","1991640884943","16.2025","16.0701","0.13240000000000002","17.586000000000002","3.6536","False","12.0997","16.2465","18.1624","6.3939","22.464000000000002","8","1","1","False","0"
"27764","1974339920048","1991640886267","1991641035887","15.135200000000001","14.962000000000002","0.17320000000000002","13.849700000000002","2.0346","False","24.2817","15.0944","12.0997","3.3992","18.3612","8","1","1","False","0"
"27764","1974339920048","1991641037619","1991641221993","18.6343","18.4374","0.19690000000000002","19.6128","3.0155000000000003","False","12.130500000000001","18.6106","24.2817","9.0703","27.5077","8","1","1","False","0"
"27764","1974339920048","1991641223962","1991641381263","15.9004","15.7301","0.1703","14.891100000000002","1.9979","False","18.131700000000002","15.927000000000001","12.130500000000001","5.2738000000000005","21.0039","8","1","1","False","0"
"27764","1974339920048","1991641382966","1991641547992","16.68","16.5026","0.1774","18.023600000000002","3.3485","False","18.206400000000002","16.672900000000002","18.131700000000002","6.732600000000001","23.235200000000003","8","1","1","False","0"
"27764","1974339920048","1991641549766","1991641714501","16.6598","16.4735","0.18630000000000002","15.5531","2.2526","False","12.135","16.6509","18.206400000000002","8.2881","24.7616","8","1","1","False","0"
"27764","1974339920048","1991641716364","1991641870504","15.6117","15.414000000000001","0.19770000000000001","15.2748","1.9015000000000002","False","18.1771","15.6003","12.135","4.8228","20.236800000000002","8","1","1","False","0"
"27764","1974339920048","1991641872481","1991642028620","15.789700000000002","15.613900000000001","0.1758","17.031100000000002","3.1472","False","18.1663","15.8116","18.1771","7.1883","22.802200000000003","8","1","1","False","0"
"27764","1974339920048","1991642030378","1991642199776","17.109","16.9398","0.16920000000000002","17.2959","3.3192000000000004","False","12.1015","17.1156","18.1663","8.239","25.178800000000003","8","1","1","False","0"
"27764","1974339920048","1991642201468","1991642368042","16.827299999999997","16.6574","0.1699","15.7123","2.2157","False","18.233800000000002","16.8266","12.1015","3.5139","20.171300000000002","8","1","1","False","0"
"27764","1974339920048","1991642369741","1991642536371","16.8211","16.663","0.15810000000000002","17.4528","3.1662000000000003","False","18.162300000000002","16.832900000000002","18.233800000000002","4.9148000000000005","21.5778","8","1","1","False","0"
"27764","1974339920048","1991642537952","1991642696836","16.0689","15.8884","0.18050000000000002","16.895","3.6778","False","18.1601","16.0465","18.162300000000002","7.030600000000001","22.919","8","1","1","False","0"
"27764","1974339920048","1991642698641","1991642863090","16.628","16.4449","0.1831","16.302400000000002","3.3553","False","18.1964","16.6254","18.1601","8.5653","25.0102","8","1","1","False","0"
"27764","1974339920048","1991642864921","1991643044686","18.1688","17.9765","0.1923","19.335900000000002","4.5232","False","12.1301","18.1596","18.1964","8.6021","26.5786","8","1","1","False","0"
"27764","1974339920048","1991643046609","1991643211354","16.6528","16.4745","0.17830000000000001","14.295200000000001","2.1677","False","18.203","16.666800000000002","12.1301","4.0654","20.5399","8","1","1","False","0"
"27764","1974339920048","1991643213137","1991643353966","14.2567","14.0829","0.1738","15.365300000000001","3.2681","False","18.1426","14.2612","18.203","8.007200000000001","22.0901","8","1","1","False","0"
"27764","1974339920048","1991643355704","1991643525818","17.192400000000003","17.011400000000002","0.18100000000000002","17.177400000000002","3.2572","False","12.1057","17.185200000000002","18.1426","8.9646","25.976000000000003","8","1","1","False","0"
"27764","1974339920048","1991643527628","1991643699219","17.3487","17.159100000000002","0.18960000000000002","16.4003","2.3051","False","18.214000000000002","17.3401","12.1057","3.7302","20.889300000000002","8","1","1","False","0"
"27764","1974339920048","1991643701115","1991643851365","15.2052","15.025","0.1802","17.3077","4.4106000000000005","False","18.1493","15.2146","18.214000000000002","6.7296000000000005","21.7546","8","1","1","False","0"
"27764","1974339920048","1991643853167","1991644018853","16.7503","16.5686","0.1817","15.263200000000001","2.9222","False","18.2075","16.7488","18.1493","8.1301","24.698700000000002","8","1","1","False","0"
"27764","1974339920048","1991644020670","1991644202937","18.363300000000002","18.2267","0.1366","18.442600000000002","3.2931000000000004","False","12.1309","18.4084","18.2075","7.929200000000001","26.155900000000003","8","1","1","False","0"
"27764","1974339920048","1991644204303","1991644355588","15.3376","15.1285","0.2091","14.2956","1.9719","False","18.2127","15.2651","12.1309","4.795","19.9235","8","1","1","False","0"
"27764","1974339920048","1991644357679","1991644517754","16.1987","16.0075","0.1912","17.8647","3.6383","False","18.107100000000003","16.2166","18.2127","6.7911","22.7986","8","1","1","False","0"
"27764","1974339920048","1991644519666","1991644686292","16.8379","16.6626","0.1753","16.5589","3.3289","False","18.191300000000002","16.8538","18.107100000000003","8.0444","24.707","8","1","1","False","0"
"27764","1974339920048","1991644688045","1991644848257","16.2028","16.0212","0.1816","17.5933","4.7374","False","12.2051","16.1965","18.191300000000002","10.039200000000001","26.0604","8","1","1","False","0"
"27764","1974339920048","1991644850073","1991645032412","18.417700000000004","18.233900000000002","0.18380000000000002","15.578800000000001","1.8915000000000002","False","18.1695","18.4155","12.2051","3.8288","22.0627","8","1","1","False","0"
"27764","1974339920048","1991645034250","1991645201990","16.948","16.774","0.17400000000000002","18.1686","3.1140000000000003","False","18.0963","16.957800000000002","18.1695","5.040500000000001","21.814500000000002","8","1","1","False","0"
"27764","1974339920048","1991645203730","1991645360562","15.862900000000002","15.683200000000001","0.1797","16.241300000000003","3.4975","False","18.2121","15.8572","18.0963","7.2796","22.9628","8","1","1","False","0"
"27764","1974339920048","1991645362359","1991645525404","16.5028","16.3045","0.1983","16.273600000000002","3.2685","False","30.327","16.4842","18.2121","9.0075","25.312","8","1","1","False","0"
"27764","1974339920048","1991645527387","1991645861758","33.6375","33.4371","0.20040000000000002","32.5233","2.1595","False","18.1297","33.635400000000004","30.327","5.6991000000000005","39.1362","8","1","1","False","0"
"27764","1974339920048","1991645863762","1991646034941","17.2525","17.117900000000002","0.1346","17.9739","3.1630000000000003","False","18.1837","17.3183","18.1297","6.5105","23.628400000000003","8","1","1","False","0"
"27764","1974339920048","1991646036287","1991646191630","15.7513","15.5343","0.217","16.1426","3.2685","False","12.1226","15.6689","18.1837","9.0253","24.5596","8","1","1","False","0"
"27764","1974339920048","1991646193800","1991646368268","17.623","17.4468","0.1762","17.6412","3.2793","False","18.1857","17.663800000000002","12.1226","3.4841","20.9309","8","1","1","False","0"
"27764","1974339920048","1991646370030","1991646529359","16.124","15.9329","0.19110000000000002","15.934800000000003","3.0972","False","18.2437","16.1091","18.1857","5.560700000000001","21.4936","8","1","1","False","0"
"27764","1974339920048","1991646531270","1991646702029","17.253600000000002","17.0759","0.1777","17.4239","3.2613000000000003","False","20.3272","17.267","18.2437","6.5374","23.613300000000002","8","1","1","False","0"
"27764","1974339920048","1991646703806","1991646865558","16.3712","16.1752","0.196","16.1114","3.0053","False","9.969800000000001","16.3529","20.3272","10.511700000000001","26.6869","8","1","1","False","0"
"27764","1974339920048","1991646867518","1991647019819","15.3992","15.2301","0.1691","14.499600000000001","2.1020000000000003","False","18.1265","15.4261","9.969800000000001","5.055400000000001","20.285500000000003","8","1","1","False","0"
"27764","1974339920048","1991647021510","1991647187870","16.8244","16.636","0.1884","18.2727","3.5646","False","18.178","16.8051","18.1265","6.3768","23.012800000000002","8","1","1","False","0"
"27764","1974339920048","1991647189754","1991647373720","18.5895","18.3966","0.19290000000000002","18.2529","3.2176","False","18.1878","18.585","18.178","5.9698","24.366400000000002","8","1","1","False","0"
"27764","1974339920048","1991647375649","1991647529654","15.593200000000001","15.400500000000001","0.1927","15.6591","3.2804","False","12.1218","15.5934","18.1878","8.5642","23.9647","8","1","1","False","0"
"27764","1974339920048","1991647531581","1991647703516","17.333000000000002","17.1935","0.1395","17.0259","3.2720000000000002","False","18.179000000000002","17.386200000000002","12.1218","3.2998000000000003","20.4933","8","1","1","False","0"
"27764","1974339920048","1991647704911","1991647847360","14.4212","14.244900000000001","0.1763","14.665700000000001","3.2186000000000003","False","18.218600000000002","14.384400000000001","18.179000000000002","7.0944","21.3393","8","1","1","False","0"
"27764","1974339920048","1991647849123","1991648032195","18.502000000000002","18.3072","0.1948","18.5639","3.266","False","18.1507","18.4835","18.218600000000002","6.8295","25.1367","8","1","1","False","0"
"27764","1974339920048","1991648034143","1991648196210","16.382","16.2067","0.1753","16.3677","3.2656","False","12.118300000000001","16.401500000000002","18.1507","8.5787","24.785400000000003","8","1","1","False","0"
"27764","1974339920048","1991648197963","1991648362937","16.678900000000002","16.497400000000003","0.18150000000000002","15.292000000000002","1.8840000000000001","False","18.2327","16.672700000000003","12.118300000000001","4.0243","20.521700000000003","8","1","1","False","0"
"27764","1974339920048","1991648364752","1991648528443","16.5682","16.3691","0.1991","17.8124","3.1313","False","18.1833","16.5506","18.2327","5.7064","22.0755","8","1","1","False","0"
"27764","1974339920048","1991648530434","1991648682375","15.3901","15.1941","0.196","15.543000000000001","3.2783","False","18.1457","15.3932","18.1833","8.496500000000001","23.6906","8","1","1","False","0"
"27764","1974339920048","1991648684335","1991648857152","17.4589","17.2817","0.1772","17.8397","3.6593","False","12.161200000000001","17.477700000000002","18.1457","9.1645","26.4462","8","1","1","False","0"
"27764","1974339920048","1991648858924","1991649023454","16.625799999999998","16.453","0.1728","14.866700000000002","1.8998000000000002","False","18.1625","16.630200000000002","12.161200000000001","4.6955","21.148500000000002","8","1","1","False","0"
"27764","1974339920048","1991649025182","1991649191993","16.8583","16.6811","0.1772","18.1369","3.1815","False","18.1617","16.8539","18.1625","6.0041","22.685200000000002","8","1","1","False","0"
"27764","1974339920048","1991649193765","1991649365667","17.3455","17.1902","0.1553","17.4394","3.6103","False","18.1842","17.3674","18.1617","6.7984","23.9886","8","1","1","False","0"
"27764","1974339920048","1991649367220","1991649541281","17.579900000000002","17.406100000000002","0.1738","17.2944","2.9845","False","12.102400000000001","17.561400000000003","18.1842","7.421200000000001","24.8273","8","1","1","False","0"
"27764","1974339920048","1991649543019","1991649684757","14.3487","14.1738","0.1749","13.363000000000001","2.001","False","18.2372","14.3476","12.102400000000001","5.176","19.349800000000002","8","1","1","False","0"
"27764","1974339920048","1991649686506","1991649856786","17.2191","17.028000000000002","0.19110000000000002","18.9757","3.7640000000000002","False","18.1296","17.2029","18.2372","6.2103","23.238300000000002","8","1","1","False","0"
"27764","1974339920048","1991649858697","1991650032896","17.616100000000003","17.419900000000002","0.1962","17.1282","3.269","False","18.1793","17.611","18.1296","6.7289","24.1488","8","1","1","False","0"
"27764","1974339920048","1991650034858","1991650223526","19.053","18.8668","0.1862","19.1252","3.3458","False","18.195","19.063000000000002","18.1793","5.8452","24.712","8","1","1","False","0"
"27764","1974339920048","1991650225388","1991650397779","17.4191","17.2391","0.18000000000000002","17.6388","3.5647","False","18.2164","17.4253","18.195","6.6149000000000004","23.854000000000003","8","1","1","False","0"
"27764","1974339920048","1991650399579","1991650566044","16.8355","16.6465","0.189","15.336200000000002","2.0587","False","18.1284","16.8265","18.2164","8.004800000000001","24.651300000000003","8","1","1","False","0"
"27764","1974339920048","1991650567934","1991650750624","18.6716","18.269000000000002","0.4026","18.640900000000002","2.2518000000000002","False","18.2113","18.458000000000002","18.1284","7.6752","25.944200000000002","8","1","1","False","0"
"27764","1974339920048","1991650754650","1991650951228","19.8916","19.6578","0.2338","21.070600000000002","3.2545","False","18.1949","20.0604","18.2113","5.8261","25.483900000000002","8","1","1","False","0"
"27764","1974339920048","1991650953566","1991651111486","15.967200000000002","15.792000000000002","0.1752","14.6653","2.249","False","30.331000000000003","16.0258","18.1949","7.9952000000000005","23.787200000000002","8","1","1","False","0"
"27764","1974339920048","1991651113238","1991651407383","29.6527","29.4145","0.23820000000000002","30.829500000000003","3.1304000000000003","False","12.051300000000001","29.5897","30.331000000000003","8.736500000000001","38.151","8","1","1","False","0"
"27764","1974339920048","1991651409765","1991651573645","16.5679","16.388","0.1799","15.4092","1.9233","False","18.187","16.6262","12.051300000000001","4.1616","20.5496","8","1","1","False","0"
"27764","1974339920048","1991651575444","1991651750761","17.7058","17.5317","0.1741","18.7511","2.9716","False","18.1794","17.7116","18.187","4.6370000000000005","22.1687","8","1","1","False","0"
"27764","1974339920048","1991651752502","1991651916744","16.6074","16.4242","0.1832","16.8489","3.214","False","12.133000000000001","16.598300000000002","18.1794","6.218100000000001","22.642300000000002","8","1","1","False","0"
"27764","1974339920048","1991651918576","1991652063729","14.6996","14.5153","0.18430000000000002","13.649500000000002","2.1592000000000002","False","18.2115","14.698500000000001","12.133000000000001","3.6526","18.1679","8","1","1","False","0"
"27764","1974339920048","1991652065572","1991652224749","16.0913","15.9177","0.1736","15.9885","2.0622000000000003","False","18.1597","16.102","18.2115","5.7621","21.6798","8","1","1","False","0"
"27764","1974339920048","1991652226485","1991652380224","15.5493","15.3739","0.1754","15.7543","2.2676000000000003","False","12.132100000000001","15.547500000000001","18.1597","8.3743","23.7482","8","1","1","False","0"
"27764","1974339920048","1991652381978","1991652523317","14.3061","14.1339","0.17220000000000002","14.160499999999999","2.1162","False","12.1026","14.3093","12.132100000000001","6.197100000000001","20.331","8","1","1","False","0"
"27764","1974339920048","1991652525039","1991652664166","14.1134","13.912700000000001","0.20070000000000002","14.346500000000002","2.3624","False","12.106100000000001","14.084900000000001","12.1026","4.2148","18.1275","8","1","1","False","0"
"27764","1974339920048","1991652666173","1991652801818","13.747900000000001","13.5645","0.1834","13.2728","1.8765","False","24.2636","13.7652","12.106100000000001","2.5557000000000003","16.1202","8","1","1","False","0"
"27764","1974339920048","1991652803652","1991653019132","21.690600000000003","21.548000000000002","0.1426","22.8759","3.3974","False","12.1052","21.7314","24.2636","5.0879","26.635900000000003","8","1","1","False","0"
"27764","1974339920048","1991653020558","1991653167899","14.905500000000002","14.734100000000002","0.1714","13.7439","1.8967","False","18.2031","14.876700000000001","12.1052","2.3164000000000002","17.0505","8","1","1","False","0"
"27764","1974339920048","1991653169613","1991653309637","14.197700000000001","14.002400000000002","0.1953","14.669","2.3729","False","12.110000000000001","14.1738","18.2031","6.3457","20.348100000000002","8","1","1","False","0"
"27764","1974339920048","1991653311590","1991653437752","12.7841","12.616200000000001","0.16790000000000002","15.148900000000001","4.736400000000001","False","18.1947","12.8115","12.110000000000001","5.6442000000000005","18.2604","8","1","1","False","0"
"27764","1974339920048","1991653439431","1991653591589","15.391500000000002","15.215800000000002","0.1757","12.9463","2.2874000000000003","False","12.1202","15.383700000000001","18.1947","8.4552","23.671","8","1","1","False","0"
"27764","1974339920048","1991653593346","1991653716280","12.4684","12.2934","0.17500000000000002","12.3385","2.1637","False","18.195600000000002","12.469100000000001","12.1202","8.106300000000001","20.3997","8","1","1","False","0"
"27764","1974339920048","1991653718030","1991653896471","18.0391","17.8441","0.195","18.125700000000002","2.2558000000000002","False","12.082600000000001","18.0191","18.195600000000002","8.2828","26.126900000000003","8","1","1","False","0"
"27764","1974339920048","1991653898421","1991654045491","14.878900000000002","14.707","0.1719","16.2714","3.6404","False","18.1842","14.902000000000001","12.082600000000001","5.4634","20.1704","8","1","1","False","0"
"27764","1974339920048","1991654047210","1991654232941","18.7658","18.5731","0.1927","18.445600000000002","3.3296","False","18.1962","18.745","18.1842","4.9026000000000005","23.4757","8","1","1","False","0"
"27764","1974339920048","1991654234868","1991654396961","16.389200000000002","16.209300000000002","0.1799","15.412500000000001","2.3485","False","18.165100000000002","16.402","18.1962","6.6968000000000005","22.906100000000002","8","1","1","False","0"
"27764","1974339920048","1991654398760","1991654570830","17.418","17.207","0.21100000000000002","16.9333","1.8702","False","30.317300000000003","17.3869","18.165100000000002","7.4750000000000005","24.682000000000002","8","1","1","False","0"
"27764","1974339920048","1991654572940","1991654897573","32.60360000000001","32.463300000000004","0.1403","33.4673","3.0406","False","18.185000000000002","32.6743","30.317300000000003","5.118","37.5813","8","1","1","False","0"
"27764","1974339920048","1991654898976","1991655037744","14.039600000000002","13.876800000000001","0.1628","16.3108","4.9865","False","12.129800000000001","14.017100000000001","18.185000000000002","9.2859","23.1627","8","1","1","False","0"
"27764","1974339920048","1991655039372","1991655174004","13.651100000000001","13.4632","0.1879","10.887699999999999","2.2274000000000003","False","12.1727","13.626000000000001","12.129800000000001","7.789700000000001","21.2529","8","1","1","False","0"
"27764","1974339920048","1991655175883","1991655299105","12.5165","12.3222","0.1943","12.212200000000001","1.9391","False","42.3611","12.510100000000001","12.1727","7.4523","19.7745","8","1","1","False","0"
"27764","1974339920048","1991655301048","1991655724320","42.525000000000006","42.327200000000005","0.1978","44.127","3.5293","False","12.1263","42.5215","42.3611","7.2919","49.6191","8","1","1","False","0"
"27764","1974339920048","1991655726298","1991655847905","12.331","12.1607","0.1703","12.193000000000001","3.3847","False","12.1323","12.358500000000001","12.1263","7.0597","19.2204","8","1","1","False","0"
"27764","1974339920048","1991655849608","1991655981354","13.3408","13.1746","0.16620000000000001","11.97","2.0188","False","12.113900000000001","13.3449","12.1323","5.8471","19.0217","8","1","1","False","0"
"27764","1974339920048","1991655983016","1991656115341","13.4071","13.2325","0.1746","13.3277","1.9354","False","12.1044","13.3987","12.113900000000001","4.5623000000000005","17.794800000000002","8","1","1","False","0"
"27764","1974339920048","1991656117087","1991656252032","13.6698","13.4945","0.1753","13.605","1.8761","False","18.1984","13.6691","12.1044","2.9976000000000003","16.4921","8","1","1","False","0"
"27764","1974339920048","1991656253785","1991656401409","14.958100000000002","14.762400000000001","0.1957","15.198","2.1166","False","12.1347","14.937700000000001","18.1984","6.2583","21.0207","8","1","1","False","0"
"27764","1974339920048","1991656403366","1991656526908","12.4862","12.3542","0.132","12.171800000000001","2.1047000000000002","False","12.0975","12.549900000000001","12.1347","5.843100000000001","18.197300000000002","8","1","1","False","0"
"27764","1974339920048","1991656528228","1991656655279","12.9039","12.7051","0.1988","14.3306","3.2382","False","12.113100000000001","12.837100000000001","12.0975","5.1035","17.808600000000002","8","1","1","False","0"
"27764","1974339920048","1991656657267","1991656795546","14.013700000000002","13.827900000000001","0.18580000000000002","13.0297","2.2475","False","12.1225","14.0267","12.113100000000001","3.1899","17.0178","8","1","1","False","0"
"27764","1974339920048","1991656797404","1991656918250","12.2533","12.0846","0.16870000000000002","12.239600000000001","2.2269","False","18.2044","12.2704","12.1225","3.0420000000000003","15.126600000000002","8","1","1","False","0"
"27764","1974339920048","1991656919937","1991657045942","12.7895","12.6005","0.189","14.7093","4.1318","False","12.0892","12.769200000000001","18.2044","8.4772","21.0777","8","1","1","False","0"
"27764","1974339920048","1991657047832","1991657215132","16.904600000000002","16.73","0.1746","14.7681","2.0002","False","18.1891","16.919","12.0892","3.6474","20.3774","8","1","1","False","0"
"27764","1974339920048","1991657216878","1991657397042","18.1889","18.0164","0.17250000000000001","19.5003","3.3237","False","24.2646","18.191000000000003","18.1891","3.6455","21.6619","8","1","1","False","0"
"27764","1974339920048","1991657398767","1991657591956","19.5159","19.3189","0.197","19.4908","3.3004000000000002","False","12.142800000000001","19.491400000000002","24.2646","8.418700000000001","27.7376","8","1","1","False","0"
"27764","1974339920048","1991657593926","1991657722385","13.0269","12.8459","0.18100000000000002","12.144400000000001","2.422","False","12.068000000000001","13.042900000000001","12.142800000000001","7.5186","20.3645","8","1","1","False","0"
"27764","1974339920048","1991657724195","1991657886256","16.3924","16.2061","0.18630000000000002","16.1679","2.2061","False","18.1853","16.3871","12.068000000000001","3.1995","19.4056","8","1","1","False","0"
"27764","1974339920048","1991657888119","1991658051814","16.5483","16.369500000000002","0.17880000000000001","18.412100000000002","4.0518","False","18.2098","16.5558","18.1853","4.829000000000001","21.198500000000003","8","1","1","False","0"
"27764","1974339920048","1991658053602","1991658215676","16.3633","16.2074","0.1559","15.199200000000001","3.2624","False","12.092600000000001","16.386200000000002","18.2098","6.6526000000000005","22.86","8","1","1","False","0"
"27764","1974339920048","1991658217235","1991658372169","15.656500000000001","15.493400000000001","0.1631","14.973700000000001","2.2022","False","24.2847","15.6493","12.092600000000001","3.0959000000000003","18.5893","8","1","1","False","0"
"27764","1974339920048","1991658373800","1991658555396","18.3459","18.1596","0.18630000000000002","19.396","3.2585","False","12.076400000000001","18.3227","24.2847","9.0579","27.2175","8","1","1","False","0"
"27764","1974339920048","1991658557259","1991658703321","14.775900000000002","14.606200000000001","0.16970000000000002","13.8712","2.3527","False","18.2097","14.7925","12.076400000000001","6.3418","20.948","8","1","1","False","0"
"27764","1974339920048","1991658705018","1991658882556","17.9496","17.753800000000002","0.1958","18.9751","3.3654","False","12.1464","17.9235","18.2097","6.628","24.381800000000002","8","1","1","False","0"
"27764","1974339920048","1991658884514","1991659030460","14.769200000000001","14.594600000000002","0.1746","13.2696","1.8836000000000002","False","18.1659","14.7904","12.1464","3.984","18.5786","8","1","1","False","0"
"27764","1974339920048","1991659032206","1991659202679","17.2284","17.0473","0.1811","18.4801","3.1420000000000003","False","18.1467","17.2219","18.1659","4.928","21.9753","8","1","1","False","0"
"27764","1974339920048","1991659204490","1991659355612","15.294800000000002","15.112200000000001","0.1826","15.4183","3.2611000000000003","False","18.1969","15.2933","18.1467","7.7814000000000005","22.893600000000003","8","1","1","False","0"
"27764","1974339920048","1991659357438","1991659550106","19.4737","19.2668","0.2069","19.7221","3.5092000000000003","False","12.106900000000001","19.4494","18.1969","6.5289","25.7957","8","1","1","False","0"
"27764","1974339920048","1991659552175","1991659700737","15.0286","14.856200000000001","0.1724","13.733799999999999","2.2092","False","18.1764","15.0631","12.106900000000001","3.5727","18.428900000000002","8","1","1","False","0"
"27764","1974339920048","1991659702461","1991659864285","16.3155","16.1824","0.1331","16.997400000000003","3.1855","False","18.1824","16.3548","18.1764","5.3943","21.576700000000002","8","1","1","False","0"
"27764","1974339920048","1991659865616","1991660040071","17.633","17.4455","0.1875","19.8718","5.1370000000000005","False","18.206400000000002","17.5786","18.1824","5.9981","23.4436","8","1","1","False","0"
"27764","1974339920048","1991660041946","1991660191083","15.1069","14.9137","0.1932","13.2248","3.2466000000000004","False","12.100800000000001","15.1012","18.206400000000002","9.1033","24.017","8","1","1","False","0"
"27764","1974339920048","1991660193015","1991660365198","17.3936","17.2183","0.1753","16.0847","1.9405000000000001","False","18.1815","17.4115","12.100800000000001","3.7926","21.0109","8","1","1","False","0"
"27764","1974339920048","1991660366951","1991660531149","16.6168","16.419800000000002","0.197","17.7325","3.0757000000000003","False","18.218","16.595100000000002","18.1815","5.3790000000000004","21.7988","8","1","1","False","0"
"27764","1974339920048","1991660533119","1991660708252","17.7091","17.5133","0.1958","17.8691","3.2171000000000003","False","18.159100000000002","17.7103","18.218","5.8867","23.400000000000002","8","1","1","False","0"
"27764","1974339920048","1991660710210","1991660853206","14.4752","14.2996","0.1756","14.9955","3.7366","False","12.148100000000001","14.4954","18.159100000000002","9.5504","23.85","8","1","1","False","0"
"27764","1974339920048","1991660854962","1991661026464","17.317300000000003","17.1502","0.1671","15.4669","1.8823","False","18.2007","17.3258","12.148100000000001","4.3727","21.5229","8","1","1","False","0"
"27764","1974339920048","1991661028135","1991661189194","16.2939","16.105900000000002","0.188","17.683600000000002","3.2832000000000003","False","18.1715","16.273","18.2007","6.300400000000001","22.4063","8","1","1","False","0"
"27764","1974339920048","1991661191074","1991661343197","15.405700000000001","15.2123","0.19340000000000002","15.453800000000001","3.3233","False","12.0647","15.400300000000001","18.1715","9.0716","24.283900000000003","8","1","1","False","0"
"27764","1974339920048","1991661345131","1991661521291","17.7469","17.616","0.13090000000000002","17.430300000000003","3.2901000000000002","False","18.2006","17.8094","12.0647","3.3269","20.9429","8","1","1","False","0"
"27764","1974339920048","1991661522600","1991661689732","16.895500000000002","16.7132","0.18230000000000002","16.880100000000002","2.9885","False","18.1678","16.8441","18.2006","4.6834","21.3966","8","1","1","False","0"
"27764","1974339920048","1991661691555","1991661864025","17.4307","17.247","0.1837","17.5471","3.1182000000000003","False","18.1833","17.4293","18.1678","5.4219","22.6689","8","1","1","False","0"
"27764","1974339920048","1991661865862","1991662044170","18.0218","17.8308","0.191","19.462","4.5439","False","18.198600000000003","18.0145","18.1833","5.5907","23.4215","8","1","1","False","0"
"27764","1974339920048","1991662046080","1991662189434","14.5032","14.3354","0.1678","13.2163","3.2568","False","12.106100000000001","14.5264","18.198600000000003","9.2629","23.598300000000002","8","1","1","False","0"
"27764","1974339920048","1991662191112","1991662371745","18.241500000000002","18.0633","0.1782","17.200200000000002","2.2208","False","18.2676","18.2311","12.106100000000001","3.1379","21.2012","8","1","1","False","0"
"27764","1974339920048","1991662373527","1991662531175","15.9524","15.764800000000001","0.18760000000000002","16.785800000000002","3.0498000000000003","False","18.093500000000002","15.943000000000001","18.2676","5.4625","21.2273","8","1","1","False","0"
"27764","1974339920048","1991662533051","1991662700505","16.94","16.7454","0.19460000000000002","17.3752","3.4875000000000003","False","18.2046","16.933","18.093500000000002","6.623","23.3684","8","1","1","False","0"
"27764","1974339920048","1991662702451","1991662865754","16.515600000000003","16.3303","0.18530000000000002","15.9654","2.9429000000000003","False","12.100800000000001","16.524900000000002","18.2046","8.3027","24.633000000000003","8","1","1","False","0"
"27764","1974339920048","1991662867607","1991663022520","15.6605","15.4913","0.16920000000000002","14.7156","1.9753","False","18.2252","15.6766","12.100800000000001","4.7269000000000005","20.2182","8","1","1","False","0"
"27764","1974339920048","1991663024212","1991663190475","16.7968","16.6263","0.1705","18.0322","3.5485","False","18.135","16.7955","18.2252","6.1566","22.7829","8","1","1","False","0"
"27764","1974339920048","1991663192180","1991663352079","16.1733","15.9899","0.1834","16.201","3.2536","False","18.2072","16.1604","18.135","8.1312","24.121100000000002","8","1","1","False","0"
"27764","1974339920048","1991663353913","1991663531229","17.9152","17.7316","0.1836","17.9219","3.2675","False","12.1356","17.915","18.2072","8.4234","26.155","8","1","1","False","0"
"27764","1974339920048","1991663533065","1991663684286","15.292600000000002","15.122100000000001","0.1705","13.9997","1.9684000000000001","False","18.1449","15.3057","12.1356","5.2533","20.375400000000003","8","1","1","False","0"
"27764","1974339920048","1991663685991","1991663866450","18.2375","18.0459","0.19160000000000002","19.3672","3.0823","False","18.180300000000003","18.2164","18.1449","5.1818","23.227700000000002","8","1","1","False","0"
"27764","1974339920048","1991663868366","1991664045648","17.9111","17.7282","0.1829","19.232200000000002","4.4063","False","18.2102","17.919800000000002","18.180300000000003","5.4423","23.1705","8","1","1","False","0"
"27764","1974339920048","1991664047477","1991664190799","14.5183","14.3322","0.18610000000000002","13.2262","3.1327000000000003","False","12.1575","14.5151","18.2102","9.137400000000001","23.4696","8","1","1","False","0"
"27764","1974339920048","1991664192660","1991664355504","16.4692","16.2844","0.18480000000000002","15.182300000000001","1.8492000000000002","False","18.185100000000002","16.4705","12.1575","4.8244","21.108800000000002","8","1","1","False","0"
"27764","1974339920048","1991664357352","1991664531207","17.6023","17.3855","0.21680000000000002","18.6475","2.9050000000000002","False","18.118100000000002","17.5703","18.185100000000002","5.4392000000000005","22.8247","8","1","1","False","0"
"27764","1974339920048","1991664533375","1991664696446","16.497400000000003","16.307100000000002","0.1903","16.9622","3.3559","False","254.54270000000002","16.5239","18.118100000000002","7.0334","23.340500000000002","8","1","1","False","0"
"27764","1974339920048","1991664698349","1991667244092","254.76550000000003","254.57430000000002","0.1912","256.3799","4.968","False","6.056900000000001","254.7646","254.54270000000002","6.8115000000000006","261.3858","8","1","1","False","0"
"27764","1974339920048","1991667246004","1991667314819","6.9993","6.8815","0.1178","4.1364","2.0660000000000003","False","103.0305","7.0727","6.056900000000001","5.7957","12.677200000000001","8","1","1","False","0"
"27764","1974339920048","1991667315997","1991668354357","104.0404","103.836","0.2044","103.9841","2.0469","False","12.126900000000001","103.9538","103.0305","4.8724","108.70840000000001","8","1","1","False","0"
"27764","1974339920048","1991668356401","1991668432656","7.748500000000001","7.625500000000001","0.12300000000000001","10.0367","3.8021000000000003","False","6.046600000000001","7.8299","12.126900000000001","9.169400000000001","16.794900000000002","8","1","1","False","0"
