"ProcessId","SwapChain","CpuStartQpc","PresentStartQpc","CpuFrameMs","CpuBusyMs","CpuWaitMs","GpuTimeMs","GpuBusyMs","Dropped","DisplayedMs","BetweenPresentsMs","BetweenDisplayChangesMs","UntilDisplayedMs","DisplayLatencyMs","PresentMode","PresentRuntime","SyncInterval","AllowsTearing","FrameType"
"40272","1519274510896","1843431067093","1843433426215","236.08200000000002","235.9122","0.1698","0.8547","0.6124","True","NaN","236.29000000000002","NaN","NaN","NaN","4","1","1","False","0"
"40272","1519274510896","1843433427913","1843438820281","539.4092","539.2368","0.1724","0.1953","0.1923","True","NaN","539.4066","NaN","NaN","NaN","4","1","1","False","0"
"40272","1519274510896","1843438822005","1843444213124","539.2644","539.1119","0.1525","0.33940000000000003","0.2197","True","NaN","539.2843","NaN","NaN","NaN","4","1","1","False","0"
"40272","1519274510896","1843444214649","1843449607655","539.4727","539.3006","0.1721","0.4702","0.3027","True","NaN","539.4531000000001","NaN","NaN","NaN","4","1","1","False","0"
"40272","1519274510896","1843449609376","1843455000765","539.2872","539.1389","0.14830000000000002","0.8167000000000001","0.8106","True","NaN","539.311","NaN","NaN","NaN","4","1","1","False","0"
"40272","1519274510896","1843455002248","1843460393758","539.3003000000001","539.1510000000001","0.14930000000000002","0.49500000000000005","0.49310000000000004","True","NaN","539.2993","NaN","NaN","NaN","4","1","1","False","0"
"40272","1519274510896","1843460395251","1843465788287","539.4314","539.3036000000001","0.1278","1.2098","1.208","True","NaN","539.4529","NaN","NaN","NaN","4","1","1","False","0"
"40272","1519274510896","1843465789565","1843471182020","539.5443","539.2455","0.2988","1.6107","1.6092000000000002","True","NaN","539.3733","NaN","NaN","NaN","4","1","1","False","0"
"40272","1519274510896","1843471185008","1843476575624","539.1985","539.0616","0.1369","1.403","1.4014","True","NaN","539.3604","NaN","NaN","NaN","4","1","1","False","0"
"40272","1519274510896","1843476576993","1843481969948","539.4280000000001","539.2955000000001","0.1325","1.4414","1.4396","True","NaN","539.4324","NaN","NaN","NaN","4","1","1","False","0"
"40272","1519274510896","1843481971273","1843487364469","539.4745","539.3196","0.1549","1.4017000000000002","1.3997000000000002","True","NaN","539.4521","NaN","NaN","NaN","4","1","1","False","0"
"40272","1519274510896","1843487366018","1843492758596","539.4089","539.2578","0.1511","1.2841","1.2823","True","NaN","539.4127","NaN","NaN","NaN","4","1","1","False","0"
"40272","1519274510896","1843492760107","1843498091049","533.2247","533.0942","0.1305","1.3053000000000001","1.3029000000000002","True","NaN","533.2453","NaN","NaN","NaN","4","1","1","False","0"
"40272","1519274510896","1843498092354","1843503545190","545.4295999999999","545.2836","0.14600000000000002","1.4358","1.4342000000000001","True","NaN","545.4141000000001","NaN","NaN","NaN","4","1","1","False","0"
"40272","1519274510896","1843503546650","1843508940208","539.484","539.3558","0.1282","1.2655","1.2635","True","NaN","539.5018","NaN","NaN","NaN","4","1","1","False","0"
"40272","1519274510896","1843508941490","1843514335949","539.5782","539.4459","0.1323","1.2735","1.2716","True","NaN","539.5741","NaN","NaN","NaN","4","1","1","False","0"
"40272","1519274510896","1843514337272","1843519666948","533.1034000000001","532.9676000000001","0.1358","1.3129","1.3107","True","NaN","533.0999","NaN","NaN","NaN","4","1","1","False","0"
"40272","1519274510896","1843519668306","1843525064537","539.7661","539.6231","0.14300000000000002","1.8551000000000002","1.8524","True","NaN","539.7589","NaN","NaN","NaN","4","1","1","False","0"
"40272","1519274510896","1843525065967","1843530454307","538.9682","538.8340000000001","0.1342","1.4549","1.453","True","NaN","538.977","NaN","NaN","NaN","4","1","1","False","0"
"40272","1519274510896","1843530455649","1843535848780","539.4745","539.3131000000001","0.16140000000000002","1.4396","1.4380000000000002","True","NaN","539.4473","NaN","NaN","NaN","4","1","1","False","0"
"40272","1519274510896","1843535850394","1843541252101","540.3408000000001","540.1707","0.1701","1.3527","1.3482","True","NaN","540.3321000000001","NaN","NaN","NaN","4","1","1","False","0"
"40272","1519274510896","1843541253802","1843546622470","537.165","536.8668","0.2982","1.9756","1.9700000000000002","True","NaN","537.0369000000001","NaN","NaN","NaN","4","1","1","False","0"
"40272","1519274510896","1843546625452","1843551972495","534.9534","534.7043","0.24910000000000002","1.3847","1.3817000000000002","True","NaN","535.0025","NaN","NaN","NaN","4","1","1","False","0"
"40272","1519274510896","1843551974986","1843557365023","539.2751","539.0037","0.27140000000000003","1.4232","1.4191","True","NaN","539.2528","NaN","NaN","NaN","4","1","1","False","0"
"40272","1519274510896","1843557367737","1843561300624","393.66","393.2887","0.3713","1.5830000000000002","1.5803","True","NaN","393.56010000000003","NaN","NaN","NaN","4","1","1","False","0"
"40272","1519274510896","1843561304337","1843683046502","12174.428100000001","12174.2165","0.2116","12172.9506","4.9219","False","2751.5386000000003","12174.587800000001","NaN","13.0616","12187.278100000001","4","1","1","False","0"
"40272","1519274510896","1843683048618","1843683349947","30.3226","30.132900000000003","0.1897","26.9741","4.296","True","NaN","30.3445","NaN","NaN","NaN","4","1","1","False","0"
"40272","1519274510896","1843683351844","1843683672307","32.1901","32.0463","0.1438","28.531000000000002","3.9162000000000003","True","NaN","32.236000000000004","NaN","NaN","NaN","4","1","1","False","0"
"40272","1519274510896","1843683673745","1843684136780","46.4641","46.3035","0.16060000000000002","45.9189","5.276800000000001","True","NaN","46.447300000000006","NaN","NaN","NaN","4","1","1","False","0"
"40272","1519274510896","1843684138386","1843684487027","35.0229","34.8641","0.1588","32.3186","5.0705","True","NaN","35.0247","NaN","NaN","NaN","4","1","1","False","0"
"40272","1519274510896","1843684488615","1843684833079","34.58090000000001","34.446400000000004","0.1345","29.282200000000003","3.8769","True","NaN","34.6052","NaN","NaN","NaN","4","1","1","False","0"
"40272","1519274510896","1843684834424","1843685399648","56.786300000000004","56.522400000000005","0.2639","56.986900000000006","5.0535000000000005","True","NaN","56.6569","NaN","NaN","NaN","4","1","1","False","0"
"40272","1519274510896","1843685402287","1843686345910","94.57300000000001","94.3623","0.2107","89.0952","3.2238","True","NaN","94.62620000000001","NaN","NaN","NaN","4","1","1","False","0"
"40272","1519274510896","1843686348017","1843686839833","49.3417","49.1816","0.16010000000000002","47.8555","3.4958","True","NaN","49.392300000000006","NaN","NaN","NaN","4","1","1","False","0"
"40272","1519274510896","1843686841434","1843687194023","35.4125","35.258900000000004","0.15360000000000001","36.0343","4.7534","True","NaN","35.419000000000004","NaN","NaN","NaN","4","1","1","False","0"
"40272","1519274510896","1843687195559","1843687549046","35.4596","35.3487","0.1109","37.2956","6.889","True","NaN","35.5023","NaN","NaN","NaN","4","1","1","False","0"
"40272","1519274510896","1843687550155","1843687841159","29.2853","29.1004","0.1849","22.1002","4.9036","True","NaN","29.2113","NaN","NaN","NaN","4","1","1","False","0"
"40272","1519274510896","1843687843008","1843688136299","29.4864","29.3291","0.1573","27.689600000000002","5.2393","True","NaN","29.514000000000003","NaN","NaN","NaN","4","1","1","False","0"
"40272","1519274510896","1843688137872","1843688407290","27.0702","26.9418","0.12840000000000001","1.7127000000000001","1.7081000000000002","True","NaN","27.0991","NaN","NaN","NaN","4","1","1","False","0"
"40272","1519274510896","1843688408574","1843688656461","24.939100000000003","24.788700000000002","0.1504","23.773600000000002","3.8454","True","NaN","24.9171","NaN","NaN","NaN","4","1","1","False","0"
"40272","1519274510896","1843688657965","1843688916420","25.9908","25.8455","0.1453","26.6875","4.9612","True","NaN","25.995900000000002","NaN","NaN","NaN","4","1","1","False","0"
"40272","1519274510896","1843688917873","1843689178705","26.2621","26.0832","0.1789","22.367700000000003","4.7754","True","NaN","26.2285","NaN","NaN","NaN","4","1","1","False","0"
"40272","1519274510896","1843689180494","1843689423483","24.4458","24.2989","0.1469","22.610100000000003","4.7632","True","NaN","24.477800000000002","NaN","NaN","NaN","4","1","1","False","0"
"40272","1519274510896","1843689424952","1843689694719","27.1367","26.9767","0.16","24.574","3.8008","True","NaN","27.1236","NaN","NaN","NaN","4","1","1","False","0"
"40272","1519274510896","1843689696319","1843690038393","34.3865","34.2074","0.1791","28.197200000000002","3.4279","True","NaN","34.3674","NaN","NaN","NaN","4","1","1","False","0"
"40272","1519274510896","1843690040184","1843690453483","41.5351","41.3299","0.20520000000000002","40.7611","4.7216000000000005","True","NaN","41.509","NaN","NaN","NaN","4","1","1","False","0"
"40272","1519274510896","1843690455535","1843690750113","29.662900000000004","29.457800000000002","0.2051","30.611500000000003","7.355","True","NaN","29.663","NaN","NaN","NaN","4","1","1","False","0"
"40272","1519274510896","1843690752164","1843691162479","41.1593","41.0315","0.1278","34.3601","6.5629","True","NaN","41.2366","NaN","NaN","NaN","4","1","1","False","0"
"40272","1519274510896","1843691163757","1843691465515","30.3395","30.175800000000002","0.1637","26.868000000000002","4.8376","True","NaN","30.303600000000003","NaN","NaN","NaN","4","1","1","False","0"
"40272","1519274510896","1843691467152","1843691780446","31.495000000000005","31.329400000000003","0.1656","28.2326","7.9344","True","NaN","31.493100000000002","NaN","NaN","NaN","4","1","1","False","0"
"40272","1519274510896","1843691782102","1843692076413","29.6434","29.4311","0.21230000000000002","27.8318","5.259","True","NaN","29.596700000000002","NaN","NaN","NaN","4","1","1","False","0"
"40272","1519274510896","1843692078536","1843692481857","40.50790000000001","40.332100000000004","0.1758","36.663000000000004","6.401000000000001","True","NaN","40.5444","NaN","NaN","NaN","4","1","1","False","0"
"40272","1519274510896","1843692483615","1843693281210","79.9515","79.7595","0.192","75.4163","5.1897","True","NaN","79.9353","NaN","NaN","NaN","4","1","1","False","0"
"40272","1519274510896","1843693283130","1843693550589","26.8578","26.745900000000002","0.1119","24.4155","7.886100000000001","True","NaN","26.937900000000003","NaN","NaN","NaN","4","1","1","False","0"
"40272","1519274510896","1843693551708","1843693820663","27.0606","26.895500000000002","0.1651","18.738200000000003","3.603","True","NaN","27.0074","NaN","NaN","NaN","4","1","1","False","0"
"40272","1519274510896","1843693822314","1843694084406","26.339800000000004","26.209200000000003","0.1306","3.3711","3.3658","True","NaN","26.3743","NaN","NaN","NaN","4","1","1","False","0"
"40272","1519274510896","1843694085712","1843694345911","26.1506","26.0199","0.1307","22.7593","5.8216","True","NaN","26.1505","NaN","NaN","NaN","4","1","1","False","0"
"40272","1519274510896","1843694347218","1843694591334","24.5484","24.4116","0.1368","23.0818","3.5985","True","NaN","24.5423","NaN","NaN","NaN","4","1","1","False","0"
"40272","1519274510896","1843694592702","1843694855893","26.4402","26.319100000000002","0.1211","2.1818","2.1775","True","NaN","26.4559","NaN","NaN","NaN","4","1","1","False","0"
"40272","1519274510896","1843694857104","1843695127948","27.208000000000002","27.084400000000002","0.1236","22.398","4.2241","True","NaN","27.2055","NaN","NaN","NaN","4","1","1","False","0"
"40272","1519274510896","1843695129184","1843695545320","41.871900000000004","41.613600000000005","0.25830000000000003","43.173500000000004","7.013","True","NaN","41.7372","NaN","NaN","NaN","4","1","1","False","0"
"40272","1519274510896","1843695547903","1843695872341","32.6632","32.4438","0.2194","23.9068","3.6308000000000002","True","NaN","32.7021","NaN","NaN","NaN","4","1","1","False","0"
"40272","1519274510896","1843695874535","1843696163683","29.0574","28.9148","0.1426","29.5849","4.0520000000000005","True","NaN","29.1342","NaN","NaN","NaN","4","1","1","False","0"
"40272","1519274510896","1843696165109","1843696510579","34.8286","34.547000000000004","0.2816","34.6651","4.9768","True","NaN","34.6896","NaN","NaN","NaN","4","1","1","False","0"
"40272","1519274510896","1843696513395","1843696774240","26.2296","26.084500000000002","0.1451","23.5257","3.9329","True","NaN","26.366100000000003","NaN","NaN","NaN","4","1","1","False","0"
"40272","1519274510896","1843696775691","1843697058341","28.491","28.265","0.226","28.5817","4.7578000000000005","True","NaN","28.4101","NaN","NaN","NaN","4","1","1","False","0"
"40272","1519274510896","1843697060601","1843697352867","29.4887","29.2266","0.2621","30.410500000000003","7.5567","True","NaN","29.4526","NaN","NaN","NaN","4","1","1","False","0"
"40272","1519274510896","1843697355488","1843697615338","26.103500000000004","25.985000000000003","0.11850000000000001","2.4022","2.3981","True","NaN","26.2471","NaN","NaN","NaN","4","1","1","False","0"
"40272","1519274510896","1843697616523","1843697893530","27.962200000000003","27.7007","0.2615","28.025200000000005","5.5281","True","NaN","27.819200000000002","NaN","NaN","NaN","4","1","1","False","0"
"40272","1519274510896","1843697896145","1843698148590","25.410000000000004","25.244500000000002","0.1655","24.4815","6.8684","True","NaN","25.506","NaN","NaN","NaN","4","1","1","False","0"
"40272","1519274510896","1843698150245","1843698468997","32.0482","31.875200000000003","0.17300000000000001","22.790000000000003","3.4479","True","NaN","32.0407","NaN","NaN","NaN","4","1","1","False","0"
"40272","1519274510896","1843698470727","1843698799100","33.003099999999996","32.8373","0.1658","32.9865","4.8785","True","NaN","33.0103","NaN","NaN","NaN","4","1","1","False","0"
"40272","1519274510896","1843698800758","1843699100263","30.0999","29.9505","0.1494","26.302300000000002","4.747","True","NaN","30.116300000000003","NaN","NaN","NaN","4","1","1","False","0"
"40272","1519274510896","1843699101757","1843699422148","32.20740000000001","32.039100000000005","0.1683","28.5196","4.7896","True","NaN","32.188500000000005","NaN","NaN","NaN","4","1","1","False","0"
"40272","1519274510896","1843699423831","1843699700671","27.8806","27.684","0.1966","24.887900000000002","3.5126000000000004","True","NaN","27.8523","NaN","NaN","NaN","4","1","1","False","0"
"40272","1519274510896","1843699702637","1843699939569","23.8402","23.6932","0.14700000000000002","18.3156","3.4689","True","NaN","23.8898","NaN","NaN","NaN","4","1","1","False","0"
"40272","1519274510896","1843699941039","1843700239907","30.0521","29.8868","0.1653","24.204800000000002","3.5224","True","NaN","30.033800000000003","NaN","NaN","NaN","4","1","1","False","0"
"40272","1519274510896","1843700241560","1843700512902","27.292","27.1342","0.1578","22.5594","4.9073","True","NaN","27.299500000000002","NaN","NaN","NaN","4","1","1","False","0"
"40272","1519274510896","1843700514480","1843700736507","22.3353","22.2027","0.1326","20.5911","4.7743","True","NaN","22.360500000000002","NaN","NaN","NaN","4","1","1","False","0"
"40272","1519274510896","1843700737833","1843701036057","30.013","29.822400000000002","0.19060000000000002","26.352","4.7785","True","NaN","29.955000000000002","NaN","NaN","NaN","4","1","1","False","0"
"40272","1519274510896","1843701037963","1843701242964","20.7","20.5001","0.19990000000000002","3.1208","3.117","True","NaN","20.6907","NaN","NaN","NaN","4","1","1","False","0"
"40272","1519274510896","1843701244963","1843701486600","24.317000000000004","24.163700000000002","0.15330000000000002","22.130200000000002","4.0697","True","NaN","24.3636","NaN","NaN","NaN","4","1","1","False","0"
"40272","1519274510896","1843701488133","1843701786040","29.970000000000002","29.7907","0.17930000000000001","28.7516","7.2731","True","NaN","29.944000000000003","NaN","NaN","NaN","4","1","1","False","0"
"40272","1519274510896","1843701787833","1843702025774","23.9701","23.7941","0.17600000000000002","22.268900000000002","4.7817","True","NaN","23.9734","NaN","NaN","NaN","4","1","1","False","0"
"40272","1519274510896","1843702027534","1843702253793","22.7357","22.6259","0.10980000000000001","20.6062","5.055400000000001","True","NaN","22.8019","NaN","NaN","NaN","4","1","1","False","0"
"40272","1519274510896","1843702254891","1843702481418","22.8008","22.6527","0.1481","18.2816","3.7987","True","NaN","22.762500000000003","NaN","NaN","NaN","4","1","1","False","0"
"40272","1519274510896","1843702482899","1843702723499","24.2099","24.060000000000002","0.1499","1.991","1.9863000000000002","True","NaN","24.2081","NaN","NaN","NaN","4","1","1","False","0"
"40272","1519274510896","1843702724998","1843702924386","20.1282","19.9388","0.1894","21.8226","8.145900000000001","True","NaN","20.0887","NaN","NaN","NaN","4","1","1","False","0"
"40272","1519274510896","1843702926280","1843703121768","19.6774","19.5488","0.12860000000000002","3.1629","3.1589","True","NaN","19.738200000000003","NaN","NaN","NaN","4","1","1","False","0"
"40272","1519274510896","1843703123054","1843703315641","19.355900000000002","19.2587","0.09720000000000001","1.8173000000000001","1.8136","True","NaN","19.3873","NaN","NaN","NaN","4","1","1","False","0"
"40272","1519274510896","1843703316613","1843703499729","18.411500000000004","18.311600000000002","0.0999","1.6641000000000001","1.6593","True","NaN","18.4088","NaN","NaN","NaN","4","1","1","False","0"
"40272","1519274510896","1843703500728","1843703690153","19.0895","18.942500000000003","0.14700000000000002","18.075200000000002","6.512300000000001","True","NaN","19.0424","NaN","NaN","NaN","4","1","1","False","0"
"40272","1519274510896","1843703691623","1843703863829","17.376","17.2206","0.1554","1.6978","1.6932","True","NaN","17.3676","NaN","NaN","NaN","4","1","1","False","0"
"40272","1519274510896","1843703865383","1843703985568","12.112300000000001","12.018500000000001","0.09380000000000001","1.5487","1.5452000000000001","True","NaN","12.1739","NaN","NaN","NaN","4","1","1","False","0"
"40272","1519274510896","1843703986506","1843704130343","14.501100000000001","14.383700000000001","0.1174","1.8313000000000001","1.8274000000000001","True","NaN","14.477500000000001","NaN","NaN","NaN","4","1","1","False","0"
"40272","1519274510896","1843704131517","1843704352636","22.263600000000004","22.111900000000002","0.1517","23.3808","2.8411","True","NaN","22.229300000000002","NaN","NaN","NaN","4","1","1","False","0"
"40272","1519274510896","1843704354153","1843704507750","15.4978","15.3597","0.1381","3.6482","3.6337","True","NaN","15.5114","NaN","NaN","NaN","4","1","1","False","0"
"40272","1519274510896","1843704509131","1843704682901","17.4919","17.377000000000002","0.1149","4.0496","4.0446","True","NaN","17.5151","NaN","NaN","NaN","4","1","1","False","0"
"40272","1519274510896","1843704684050","1843704880544","19.7939","19.6494","0.14450000000000002","15.993200000000002","5.8067","True","NaN","19.764300000000002","NaN","NaN","NaN","4","1","1","False","0"
"40272","1519274510896","1843704881989","1843705078672","19.8286","19.668300000000002","0.1603","17.3506","3.8412","True","NaN","19.8128","NaN","NaN","NaN","4","1","1","False","0"
"40272","1519274510896","1843705080275","1843705270195","19.1191","18.992","0.12710000000000002","18.1598","3.8081","True","NaN","19.1523","NaN","NaN","NaN","4","1","1","False","0"
"40272","1519274510896","1843705271466","1843705466483","19.6619","19.5017","0.1602","15.032200000000001","7.1082","True","NaN","19.628800000000002","NaN","NaN","NaN","4","1","1","False","0"
"40272","1519274510896","1843705468085","1843705659296","19.274800000000003","19.121100000000002","0.1537","16.0288","7.4248","True","NaN","19.2813","NaN","NaN","NaN","4","1","1","False","0"
"40272","1519274510896","1843705660833","1843705848538","18.9598","18.770500000000002","0.1893","16.6035","4.756600000000001","True","NaN","18.924200000000003","NaN","NaN","NaN","4","1","1","False","0"
"40272","1519274510896","1843705850431","1843706004153","15.480500000000001","15.372200000000001","0.10830000000000001","2.1546000000000003","2.1492","True","NaN","15.5615","NaN","NaN","NaN","4","1","1","False","0"
"40272","1519274510896","1843706005236","1843706178995","17.503800000000002","17.3759","0.1279","18.1159","3.4813","True","NaN","17.4842","NaN","NaN","NaN","4","1","1","False","0"
"40272","1519274510896","1843706180274","1843706324773","14.585700000000001","14.449900000000001","0.1358","3.664","3.6592000000000002","True","NaN","14.5778","NaN","NaN","NaN","4","1","1","False","0"
"40272","1519274510896","1843706326131","1843706526364","20.166900000000002","20.023300000000003","0.1436","16.3729","3.4498","True","NaN","20.159100000000002","NaN","NaN","NaN","4","1","1","False","0"
"40272","1519274510896","1843706527800","1843706687533","16.1333","15.9733","0.16","16.0587","5.1557","True","NaN","16.1169","NaN","NaN","NaN","4","1","1","False","0"
"40272","1519274510896","1843706689133","1843706852737","16.4978","16.360400000000002","0.1374","2.1434","2.1394","True","NaN","16.520400000000002","NaN","NaN","NaN","4","1","1","False","0"
"40272","1519274510896","1843706854111","1843707012775","15.96","15.8664","0.0936","16.2426","3.345","True","NaN","16.003800000000002","NaN","NaN","NaN","4","1","1","False","0"
"40272","1519274510896","1843707013711","1843707194099","18.170900000000003","18.038800000000002","0.1321","1.8475000000000001","1.8424","True","NaN","18.1324","NaN","NaN","NaN","4","1","1","False","0"
"40272","1519274510896","1843707195420","1843707376010","18.1603","18.059","0.1013","3.4843","3.4798","True","NaN","18.191100000000002","NaN","NaN","NaN","4","1","1","False","0"
"40272","1519274510896","1843707377023","1843707547753","17.166900000000002","17.073","0.09390000000000001","3.0958","3.091","True","NaN","17.174300000000002","NaN","NaN","NaN","4","1","1","False","0"
"40272","1519274510896","1843707548692","1843707749707","20.2555","20.1015","0.154","6.4688","6.4645","True","NaN","20.1954","NaN","NaN","NaN","4","1","1","False","0"
"40272","1519274510896","1843707751247","1843707933192","18.2971","18.1945","0.10260000000000001","1.9355","1.9318000000000002","True","NaN","18.3485","NaN","NaN","NaN","4","1","1","False","0"
"40272","1519274510896","1843707934218","1843708151800","21.909200000000002","21.758200000000002","0.151","23.9835","5.4368","True","NaN","21.8608","NaN","NaN","NaN","4","1","1","False","0"
"40272","1519274510896","1843708153310","1843708370933","21.9227","21.7623","0.16040000000000001","20.503500000000003","4.7169","True","NaN","21.9133","NaN","NaN","NaN","4","1","1","False","0"
"40272","1519274510896","1843708372537","1843708585223","21.3735","21.2686","0.10490000000000001","1.9517","1.9475","True","NaN","21.429000000000002","NaN","NaN","NaN","4","1","1","False","0"
"40272","1519274510896","1843708586272","1843708809950","22.516800000000003","22.367800000000003","0.149","22.1325","5.0073","True","NaN","22.4727","NaN","NaN","NaN","4","1","1","False","0"
"40272","1519274510896","1843708811440","1843709012802","20.2524","20.136200000000002","0.11620000000000001","1.6908","1.6875","True","NaN","20.2852","NaN","NaN","NaN","4","1","1","False","0"
"40272","1519274510896","1843709013964","1843709222561","21.0101","20.8597","0.1504","21.2057","5.2826","True","NaN","20.9759","NaN","NaN","NaN","4","1","1","False","0"
"40272","1519274510896","1843709224065","1843709423602","20.075000000000003","19.9537","0.1213","3.0949","3.091","True","NaN","20.104100000000003","NaN","NaN","NaN","4","1","1","False","0"
"40272","1519274510896","1843709424815","1843709640685","21.7366","21.587","0.1496","18.680300000000003","3.3847","True","NaN","21.7083","NaN","NaN","NaN","4","1","1","False","0"
"40272","1519274510896","1843709642181","1843709852915","21.1721","21.0734","0.09870000000000001","3.1933000000000002","3.1897","True","NaN","21.223000000000003","NaN","NaN","NaN","4","1","1","False","0"
"40272","1519274510896","1843709853902","1843710098749","24.5828","24.4847","0.0981","22.2239","4.2061","True","NaN","24.5834","NaN","NaN","NaN","4","1","1","False","0"
"40272","1519274510896","1843710099730","1843710343410","24.529300000000003","24.368000000000002","0.1613","22.299200000000003","2.7887","True","NaN","24.4661","NaN","NaN","NaN","4","1","1","False","0"
"40272","1519274510896","1843710345023","1843710603507","26.015","25.8484","0.1666","3.1415","3.1187","False","18.1823","26.009700000000002","2751.5386000000003","8.899700000000001","34.7481","8","1","1","False","0"
"40272","1519274510896","1843710605173","1843710805612","20.2037","20.0439","0.1598","21.6081","4.5975","False","30.2941","20.2105","18.1823","6.8715","26.9154","8","1","1","False","0"
"40272","1519274510896","1843710807210","1843711085556","28.020200000000003","27.834600000000002","0.18560000000000001","26.6587","3.2335000000000003","False","12.1251","27.994400000000002","30.2941","9.1712","37.0058","8","1","1","False","0"
"40272","1519274510896","1843711087412","1843711253227","16.7163","16.581500000000002","0.1348","15.1584","1.6645","False","18.192600000000002","16.7671","12.1251","4.5292","21.1107","8","1","1","False","0"
"40272","1519274510896","1843711254575","1843711436762","18.349300000000003","18.218700000000002","0.1306","18.2152","1.5287000000000002","False","24.2206","18.3535","18.192600000000002","4.3683000000000005","22.587","8","1","1","False","0"
"40272","1519274510896","1843711438068","1843711657443","22.1229","21.9375","0.1854","25.3316","4.7532000000000005","False","18.1672","22.0681","24.2206","6.5208","28.4583","8","1","1","False","0"
"40272","1519274510896","1843711659297","1843711869240","21.131300000000003","20.994300000000003","0.137","19.3094","2.9152","False","18.1857","21.1797","18.1672","3.5083","24.5026","8","1","1","False","0"
"40272","1519274510896","1843711870610","1843712061464","19.247","19.0854","0.16160000000000002","18.4967","2.1814","False","24.2558","19.2224","18.1857","2.4716","21.557000000000002","8","1","1","False","0"
"40272","1519274510896","1843712063080","1843712261844","20.0753","19.8764","0.19890000000000002","22.4495","4.5667","False","18.186700000000002","20.038","24.2558","6.6894","26.565800000000003","8","1","1","False","0"
"40272","1519274510896","1843712263833","1843712469111","20.660400000000003","20.527800000000003","0.1326","17.9326","1.8130000000000002","False","24.2783","20.7267","18.186700000000002","4.1494","24.677200000000003","8","1","1","False","0"
"40272","1519274510896","1843712470437","1843712681807","21.2821","21.137","0.1451","20.966800000000003","1.8342","False","18.157","21.2696","24.2783","7.1581","28.2951","8","1","1","False","0"
"40272","1519274510896","1843712683258","1843712882481","20.0629","19.9223","0.1406","20.799","2.2303","False","18.1746","20.0674","18.157","5.2477","25.17","8","1","1","False","0"
"40272","1519274510896","1843712883887","1843713076460","19.3805","19.2573","0.1232","18.9612","1.8098","False","18.1649","19.3979","18.1746","4.0244","23.2817","8","1","1","False","0"
"40272","1519274510896","1843713077692","1843713271103","19.4741","19.3411","0.133","19.4863","1.8265","False","18.230600000000003","19.4643","18.1649","2.725","22.066100000000002","8","1","1","False","0"
"40272","1519274510896","1843713272433","1843713421972","15.1277","14.9539","0.1738","16.5026","3.2230000000000003","False","18.1229","15.0869","18.230600000000003","5.8687000000000005","20.8226","8","1","1","False","0"
"40272","1519274510896","1843713423710","1843713610251","18.8121","18.6541","0.158","18.7975","3.1873","False","24.2509","18.8279","18.1229","5.1637","23.817800000000002","8","1","1","False","0"
"40272","1519274510896","1843713611831","1843713832589","22.235300000000002","22.0758","0.1595","23.1477","4.113700000000001","False","18.163600000000002","22.233800000000002","24.2509","7.1808000000000005","29.256600000000002","8","1","1","False","0"
"40272","1519274510896","1843713834184","1843714052101","21.9551","21.791700000000002","0.16340000000000002","21.0504","3.212","False","24.250300000000003","21.9512","18.163600000000002","3.3932","25.184900000000003","8","1","1","False","0"
"40272","1519274510896","1843714053735","1843714255833","20.3887","20.2098","0.1789","21.430800000000005","4.2522","False","24.2647","20.3732","24.250300000000003","7.270300000000001","27.4801","8","1","1","False","0"
"40272","1519274510896","1843714257622","1843714505802","24.992900000000002","24.818","0.1749","25.338100000000004","4.6028","False","18.1615","24.9969","24.2647","6.5381","31.3561","8","1","1","False","0"
"40272","1519274510896","1843714507551","1843714685215","17.9354","17.7664","0.169","17.2031","3.8677","False","18.1776","17.941300000000002","18.1615","6.7583","24.524700000000003","8","1","1","False","0"
"40272","1519274510896","1843714686905","1843714899300","21.3996","21.2395","0.16010000000000002","20.393","2.8438000000000003","False","24.2501","21.4085","18.1776","3.5274","24.7669","8","1","1","False","0"
"40272","1519274510896","1843714900901","1843715113784","21.4589","21.2883","0.1706","23.072100000000002","4.4735000000000005","False","18.1765","21.4484","24.2501","6.3291","27.6174","8","1","1","False","0"
"40272","1519274510896","1843715115490","1843715324755","21.063000000000002","20.9265","0.1365","18.386","1.7787000000000002","False","24.2401","21.0971","18.1765","3.4085","24.335","8","1","1","False","0"
"40272","1519274510896","1843715326120","1843715529201","20.502399999999998","20.3081","0.1943","24.6126","5.913200000000001","False","18.2148","20.4446","24.2401","7.204000000000001","27.5121","8","1","1","False","0"
"40272","1519274510896","1843715531144","1843715729601","19.962600000000002","19.8457","0.1169","17.1457","3.3621000000000003","False","18.1848","20.040000000000003","18.2148","5.3788","25.224500000000003","8","1","1","False","0"
"40272","1519274510896","1843715730770","1843715922165","19.279000000000003","19.1395","0.1395","17.744","1.5394","False","18.153100000000002","19.2564","18.1848","4.3072","23.4467","8","1","1","False","0"
"40272","1519274510896","1843715923560","1843716120367","19.8308","19.6807","0.1501","20.291600000000003","2.005","False","18.2044","19.8202","18.153100000000002","2.6401000000000003","22.320800000000002","8","1","1","False","0"
"40272","1519274510896","1843716121868","1843716286551","16.6238","16.4683","0.1555","16.3688","1.7463000000000002","False","18.1674","16.6184","18.2044","4.226100000000001","20.6944","8","1","1","False","0"
"40272","1519274510896","1843716288106","1843716488055","20.1441","19.9949","0.1492","20.3494","1.9547","False","24.2466","20.1504","18.1674","2.2431","22.238","8","1","1","False","0"
"40272","1519274510896","1843716489547","1843716686731","19.886200000000002","19.718400000000003","0.1678","22.6792","4.7496","False","18.192","19.8676","24.2466","6.6221000000000005","26.340500000000002","8","1","1","False","0"
"40272","1519274510896","1843716688409","1843716870509","18.4055","18.21","0.1955","17.3057","3.6567000000000003","False","18.1839","18.3778","18.192","6.4363","24.6463","8","1","1","False","0"
"40272","1519274510896","1843716872464","1843717053291","18.2529","18.0827","0.17020000000000002","18.1462","3.5586","False","18.1625","18.278200000000002","18.1839","6.3420000000000005","24.4247","8","1","1","False","0"
"40272","1519274510896","1843717054993","1843717243496","19.0092","18.8503","0.1589","18.943","3.4802","False","18.1961","19.020500000000002","18.1625","5.484","24.334300000000002","8","1","1","False","0"
"40272","1519274510896","1843717245085","1843717414566","17.118","16.9481","0.1699","17.092000000000002","3.4516","False","18.1754","17.107","18.1961","6.5731","23.5212","8","1","1","False","0"
"40272","1519274510896","1843717416265","1843717589199","17.446900000000003","17.293400000000002","0.1535","17.9737","3.9793000000000003","False","12.1205","17.4633","18.1754","7.285200000000001","24.5786","8","1","1","False","0"
"40272","1519274510896","1843717590734","1843717734707","14.533100000000001","14.397300000000001","0.1358","12.574100000000001","2.0157000000000003","False","18.157600000000002","14.5508","12.1205","4.854900000000001","19.252200000000002","8","1","1","False","0"
"40272","1519274510896","1843717736065","1843717932991","19.841800000000003","19.692600000000002","0.1492","20.7403","2.9130000000000003","False","18.1939","19.828400000000002","18.157600000000002","3.1841000000000004","22.8767","8","1","1","False","0"
"40272","1519274510896","1843717934483","1843718117213","18.4013","18.273","0.1283","18.257","3.0535","False","18.2196","18.4222","18.1939","2.9558","21.2288","8","1","1","False","0"
"40272","1519274510896","1843718118496","1843718252138","13.514100000000001","13.3642","0.1499","12.898000000000001","2.1576","False","12.1294","13.492500000000001","18.2196","7.6829","21.0471","8","1","1","False","0"
"40272","1519274510896","1843718253637","1843718412762","16.058500000000002","15.912500000000001","0.14600000000000002","15.881400000000001","1.9864000000000002","False","18.1292","16.0624","12.1294","3.7499000000000002","19.6624","8","1","1","False","0"
"40272","1519274510896","1843718414222","1843718589384","17.655900000000003","17.5162","0.13970000000000002","18.5079","2.8253","False","24.2714","17.662200000000002","18.1292","4.2169","21.7331","8","1","1","False","0"
"40272","1519274510896","1843718590781","1843718784868","19.5785","19.4087","0.1698","19.7204","2.9692000000000003","False","12.0785","19.5484","24.2714","8.9399","28.3486","8","1","1","False","0"
"40272","1519274510896","1843718786566","1843718956377","17.111600000000003","16.9811","0.1305","17.2438","3.0937","False","18.2145","17.1509","12.0785","3.8675","20.8486","8","1","1","False","0"
"40272","1519274510896","1843718957682","1843719137267","18.1191","17.9585","0.16060000000000002","17.7792","2.7736","False","12.094000000000001","18.089000000000002","18.2145","3.9930000000000003","21.9515","8","1","1","False","0"
"40272","1519274510896","1843719138873","1843719262164","12.4618","12.3291","0.1327","13.1501","3.4471000000000003","False","12.146600000000001","12.489700000000001","12.094000000000001","3.5973","15.926400000000001","8","1","1","False","0"
"40272","1519274510896","1843719263491","1843719371878","10.978200000000001","10.838700000000001","0.1395","10.675","3.1359000000000004","False","12.1315","10.971400000000001","12.146600000000001","4.7725","15.6112","8","1","1","False","0"
"40272","1519274510896","1843719373273","1843719489877","11.7809","11.660400000000001","0.12050000000000001","10.915","2.2686","False","12.1118","11.799900000000001","12.1315","5.1041","16.7645","8","1","1","False","0"
"40272","1519274510896","1843719491082","1843719622373","13.300300000000002","13.129100000000001","0.17120000000000002","12.834800000000001","1.8505","False","18.179100000000002","13.249600000000001","12.1118","3.9663000000000004","17.0954","8","1","1","False","0"
"40272","1519274510896","1843719624085","1843719744568","12.205200000000001","12.048300000000001","0.1569","16.4682","6.0999","False","6.057300000000001","12.2195","18.179100000000002","9.9259","21.9742","8","1","1","False","0"
"40272","1519274510896","1843719746137","1843719873662","12.8908","12.752500000000001","0.1383","8.683","1.8645","False","12.115400000000001","12.9094","6.057300000000001","3.0738000000000003","15.826300000000002","8","1","1","False","0"
"40272","1519274510896","1843719875045","1843719996667","12.3302","12.1622","0.168","12.5759","2.1286","False","18.2087","12.300500000000001","12.115400000000001","2.8887","15.0509","8","1","1","False","0"
"40272","1519274510896","1843719998347","1843720131952","13.482","13.3605","0.12150000000000001","13.0753","1.9886000000000001","False","12.093","13.528500000000001","18.2087","7.5689","20.9294","8","1","1","False","0"
"40272","1519274510896","1843720133167","1843720295793","16.4067","16.2626","0.1441","16.53","1.838","False","12.108400000000001","16.3841","12.093","3.2778","19.5404","8","1","1","False","0"
"40272","1519274510896","1843720297234","1843720424980","12.908600000000002","12.774600000000001","0.134","13.1949","2.1158","False","18.2052","12.918700000000001","12.108400000000001","2.4675000000000002","15.2421","8","1","1","False","0"
"40272","1519274510896","1843720426320","1843720568311","14.448500000000001","14.199100000000001","0.2494","15.8345","3.5512","False","18.197100000000002","14.3331","18.2052","6.3396","20.538700000000002","8","1","1","False","0"
"40272","1519274510896","1843720570805","1843720733706","16.454100000000004","16.290100000000002","0.164","14.906","1.9720000000000002","False","12.1202","16.5395","18.197100000000002","7.9972","24.287300000000002","8","1","1","False","0"
"40272","1519274510896","1843720735346","1843720887062","15.314700000000002","15.171600000000002","0.1431","15.223400000000002","1.8543","False","18.1769","15.335600000000001","12.1202","4.7818000000000005","19.953400000000002","8","1","1","False","0"
"40272","1519274510896","1843720888493","1843721070677","18.353","18.218400000000003","0.1346","19.1899","2.698","False","18.1917","18.3615","18.1769","4.5972","22.8156","8","1","1","False","0"
"40272","1519274510896","1843721072023","1843721227361","15.744900000000001","15.533800000000001","0.2111","16.852","3.8396000000000003","False","12.0922","15.6684","18.1917","7.120500000000001","22.654300000000003","8","1","1","False","0"
"40272","1519274510896","1843721229472","1843721357202","12.951000000000002","12.773000000000001","0.17800000000000002","14.1613","5.0458","False","18.197","12.9841","12.0922","6.2286","19.0016","8","1","1","False","0"
"40272","1519274510896","1843721358982","1843721519206","16.2089","16.0224","0.1865","13.223700000000001","2.061","False","12.129800000000001","16.200400000000002","18.197","8.225200000000001","24.247600000000002","8","1","1","False","0"
"40272","1519274510896","1843721521071","1843721654583","13.5021","13.3512","0.1509","15.293100000000003","3.8303000000000003","False","18.1722","13.537700000000001","12.129800000000001","6.8173","20.1685","8","1","1","False","0"
"40272","1519274510896","1843721656092","1843721831805","17.7525","17.5713","0.1812","17.7074","3.7891000000000004","False","12.118400000000001","17.7222","18.1722","7.2673000000000005","24.8386","8","1","1","False","0"
"40272","1519274510896","1843721833617","1843721966683","13.478800000000001","13.306600000000001","0.17220000000000002","12.9815","3.3030000000000004","False","18.1754","13.4878","12.118400000000001","5.8979","19.2045","8","1","1","False","0"
"40272","1519274510896","1843721968405","1843722138667","17.1835","17.0262","0.1573","18.2697","4.3719","False","12.1325","17.1984","18.1754","6.8749","23.9011","8","1","1","False","0"
"40272","1519274510896","1843722140240","1843722271107","13.2687","13.0867","0.182","12.255700000000001","3.3803","False","12.1304","13.244","12.1325","5.7634","18.8501","8","1","1","False","0"
"40272","1519274510896","1843722272927","1843722409862","13.818","13.6935","0.1245","11.9986","1.8230000000000002","False","12.1211","13.8755","12.1304","4.0183","17.7118","8","1","1","False","0"
"40272","1519274510896","1843722411107","1843722531986","12.222100000000001","12.087900000000001","0.1342","12.5024","1.8124","False","18.1679","12.2124","12.1211","3.927","16.0149","8","1","1","False","0"
"40272","1519274510896","1843722533328","1843722688238","15.640400000000001","15.491000000000001","0.1494","17.3049","3.4861","False","12.1255","15.625200000000001","18.1679","6.4697000000000005","21.960700000000003","8","1","1","False","0"
"40272","1519274510896","1843722689732","1843722812390","12.5691","12.2658","0.3033","12.2634","3.2997","False","12.1157","12.4152","12.1255","6.180000000000001","18.445800000000002","8","1","1","False","0"
"40272","1519274510896","1843722815423","1843722954657","14.0561","13.9234","0.1327","12.738100000000001","1.8531000000000002","False","18.1921","14.226700000000001","12.1157","4.069","17.9924","8","1","1","False","0"
"40272","1519274510896","1843722955984","1843723121519","16.7388","16.5535","0.18530000000000002","17.4357","2.5737","False","12.1377","16.6862","18.1921","5.5749","22.128400000000003","8","1","1","False","0"
"40272","1519274510896","1843723123372","1843723251809","12.9678","12.8437","0.1241","12.0921","1.6716","False","18.197300000000002","13.029","12.1377","4.6836","17.5273","8","1","1","False","0"
"40272","1519274510896","1843723253050","1843723410444","15.897300000000001","15.739400000000002","0.1579","17.6892","3.4807","False","18.157500000000002","15.8635","18.197300000000002","7.0174","22.756800000000002","8","1","1","False","0"
"40272","1519274510896","1843723412023","1843723596819","18.6388","18.4796","0.1592","18.622500000000002","3.4638","False","12.0876","18.6375","18.157500000000002","6.5374","25.017","8","1","1","False","0"
"40272","1519274510896","1843723598411","1843723763336","16.657799999999998","16.4925","0.1653","14.796000000000001","1.5914000000000001","False","24.2647","16.6517","12.0876","1.9733","18.4658","8","1","1","False","0"
"40272","1519274510896","1843723764989","1843723944372","18.1049","17.9383","0.1666","22.3161","5.8116","False","12.1195","18.1036","24.2647","8.134400000000001","26.0727","8","1","1","False","0"
"40272","1519274510896","1843723946038","1843724107380","16.2887","16.1342","0.1545","12.5448","2.0753","False","18.1846","16.300800000000002","12.1195","3.9531","20.087300000000003","8","1","1","False","0"
"40272","1519274510896","1843724108925","1843724277811","17.0278","16.8886","0.13920000000000002","17.0532","2.0735","False","18.1975","17.043100000000003","18.1846","5.094600000000001","21.9832","8","1","1","False","0"
"40272","1519274510896","1843724279203","1843724461735","18.4126","18.2532","0.15940000000000001","18.2275","2.3097000000000003","False","18.1626","18.392400000000002","18.1975","4.8997","23.152900000000002","8","1","1","False","0"
"40272","1519274510896","1843724463329","1843724633758","17.2108","17.0429","0.16790000000000002","19.6567","4.357600000000001","False","18.1922","17.2023","18.1626","5.86","22.902900000000002","8","1","1","False","0"
"40272","1519274510896","1843724635437","1843724827387","19.3314","19.195","0.1364","17.7409","2.7511","False","18.1598","19.3629","18.1922","4.6893","23.8843","8","1","1","False","0"
"40272","1519274510896","1843724828751","1843725021069","19.3905","19.2318","0.1587","18.830000000000002","2.197","False","24.265800000000002","19.3682","18.1598","3.4809","22.7127","8","1","1","False","0"
"40272","1519274510896","1843725022656","1843725226894","20.5713","20.4238","0.14750000000000002","20.283500000000004","1.9123","False","18.1768","20.5825","24.265800000000002","7.1642","27.588","8","1","1","False","0"
"40272","1519274510896","1843725228369","1843725425185","19.8568","19.6816","0.1752","21.2922","3.3608000000000002","False","24.2514","19.8291","18.1768","5.511900000000001","25.1935","8","1","1","False","0"
"40272","1519274510896","1843725426937","1843725635764","21.0565","20.8827","0.1738","20.550800000000002","2.8394","False","18.1823","21.0579","24.2514","8.705400000000001","29.5881","8","1","1","False","0"
"40272","1519274510896","1843725637502","1843725826656","19.122300000000003","18.9154","0.2069","18.1858","1.9389","False","18.1795","19.0892","18.1823","7.798500000000001","26.713900000000002","8","1","1","False","0"
"40272","1519274510896","1843725828725","1843726008619","18.178","17.9894","0.18860000000000002","18.308400000000002","2.0561000000000003","False","18.173000000000002","18.1963","18.1795","7.781700000000001","25.7711","8","1","1","False","0"
"40272","1519274510896","1843726010505","1843726209464","20.122300000000003","19.8959","0.22640000000000002","22.405099999999997","4.339","False","18.189","20.084500000000002","18.173000000000002","5.8702000000000005","25.7661","8","1","1","False","0"
"40272","1519274510896","1843726211728","1843726405794","19.5381","19.4066","0.1315","16.8684","1.6395000000000002","False","18.1841","19.633000000000003","18.189","4.426200000000001","23.832800000000002","8","1","1","False","0"
"40272","1519274510896","1843726407109","1843726573001","16.8002","16.5892","0.21100000000000002","18.502100000000002","3.3807","False","18.145","16.7207","18.1841","5.889600000000001","22.4788","8","1","1","False","0"
"40272","1519274510896","1843726575111","1843726780389","20.725700000000003","20.527800000000003","0.19790000000000002","20.23","2.8734","False","24.274700000000003","20.7388","18.145","3.2958000000000003","23.823600000000003","8","1","1","False","0"
"40272","1519274510896","1843726782368","1843726967067","18.6594","18.469900000000003","0.1895","18.6857","2.8959","False","18.1853","18.6678","24.274700000000003","8.902700000000001","27.372600000000002","8","1","1","False","0"
"40272","1519274510896","1843726968962","1843727162490","19.5391","19.352800000000002","0.18630000000000002","18.576900000000002","1.9383000000000001","False","18.1799","19.5423","18.1853","7.5457","26.898500000000002","8","1","1","False","0"
"40272","1519274510896","1843727164353","1843727375496","21.2778","21.1143","0.1635","21.538","2.585","False","18.1618","21.3006","18.1799","4.425","25.5393","8","1","1","False","0"
"40272","1519274510896","1843727377131","1843727570758","19.5524","19.3627","0.1897","19.220100000000002","1.8622","False","24.2632","19.5262","18.1618","3.0606","22.4233","8","1","1","False","0"
"40272","1519274510896","1843727572655","1843727764330","19.3212","19.1675","0.1537","19.3293","1.8575000000000002","False","18.1807","19.357200000000002","24.2632","7.966600000000001","27.1341","8","1","1","False","0"
"40272","1519274510896","1843727765867","1843727955985","19.1842","19.0118","0.1724","21.8076","4.489","False","18.1725","19.1655","18.1807","6.981800000000001","25.9936","8","1","1","False","0"
"40272","1519274510896","1843727957709","1843728160265","20.3824","20.2556","0.1268","18.6122","2.6959","False","18.1505","20.428","18.1725","4.7263","24.9819","8","1","1","False","0"
"40272","1519274510896","1843728161533","1843728361070","20.1157","19.9537","0.162","19.3555","1.9449","False","30.3187","20.0805","18.1505","2.7963","22.75","8","1","1","False","0"
"40272","1519274510896","1843728362690","1843728655411","29.4261","29.272100000000002","0.154","30.559","3.0802","False","24.2664","29.4341","30.3187","3.6809000000000003","32.953","8","1","1","False","0"
"40272","1519274510896","1843728656951","1843728856633","20.1672","19.9682","0.199","19.9301","2.8709000000000002","False","18.185000000000002","20.1222","24.2664","7.8251","27.793300000000002","8","1","1","False","0"
"40272","1519274510896","1843728858623","1843729043458","18.6733","18.4835","0.1898","17.723200000000002","1.8979000000000001","False","18.1522","18.6825","18.185000000000002","7.3276","25.8111","8","1","1","False","0"
"40272","1519274510896","1843729045356","1843729241287","19.7806","19.5931","0.1875","21.259","3.3968000000000003","False","18.2158","19.7829","18.1522","5.6969","25.290000000000003","8","1","1","False","0"
"40272","1519274510896","1843729243162","1843729428938","18.7093","18.5776","0.1317","17.5704","2.2234000000000003","False","18.1677","18.7651","18.2158","5.147600000000001","23.7252","8","1","1","False","0"
"40272","1519274510896","1843729430255","1843729615008","18.631","18.4753","0.1557","18.1808","1.7794","False","18.1921","18.607","18.1677","4.7083","23.183600000000002","8","1","1","False","0"
"40272","1519274510896","1843729616565","1843729792260","17.7011","17.5695","0.1316","18.151600000000002","2.2237","False","18.1442","17.7252","18.1921","5.1752","22.7447","8","1","1","False","0"
"40272","1519274510896","1843729793576","1843729989590","19.747500000000002","19.6014","0.1461","20.770200000000003","3.2508000000000004","False","24.2741","19.733","18.1442","3.5864000000000003","23.187800000000003","8","1","1","False","0"
"40272","1519274510896","1843729991051","1843730189916","20.0898","19.8865","0.2033","18.6151","1.8103","False","12.0922","20.032600000000002","24.2741","7.8279000000000005","27.7144","8","1","1","False","0"
"40272","1519274510896","1843730191949","1843730352965","16.236700000000003","16.1016","0.1351","17.6235","3.4716","False","18.2084","16.3049","12.0922","3.6152","19.7168","8","1","1","False","0"
"40272","1519274510896","1843730354316","1843730527773","17.4779","17.3457","0.1322","16.1137","1.7953000000000001","False","18.1746","17.480800000000002","18.2084","4.3428","21.6885","8","1","1","False","0"
"40272","1519274510896","1843730529095","1843730718911","19.1311","18.9816","0.1495","19.1899","1.8725","False","18.1839","19.1138","18.1746","3.4036","22.3852","8","1","1","False","0"
"40272","1519274510896","1843730720406","1843730867228","14.9034","14.6822","0.2212","16.5307","3.5202","False","18.1786","14.831700000000001","18.1839","6.755800000000001","21.438000000000002","8","1","1","False","0"
"40272","1519274510896","1843730869440","1843731066009","19.8108","19.6569","0.1539","18.4356","2.1154","False","18.166900000000002","19.8781","18.1786","5.0563","24.7132","8","1","1","False","0"
"40272","1519274510896","1843731067548","1843731226674","16.085900000000002","15.912600000000001","0.1733","17.763","3.8011000000000004","False","30.334400000000002","16.0665","18.166900000000002","7.156700000000001","23.069300000000002","8","1","1","False","0"
"40272","1519274510896","1843731228407","1843731510289","28.362900000000003","28.188200000000002","0.17470000000000002","27.613400000000002","3.0445","False","12.072700000000001","28.361500000000003","30.334400000000002","9.1296","37.3178","8","1","1","False","0"
"40272","1519274510896","1843731512036","1843731699724","18.909900000000004","18.768800000000002","0.1411","17.9402","2.0676","False","24.2897","18.9435","12.072700000000001","2.2588","21.0276","8","1","1","False","0"
"40272","1519274510896","1843731701135","1843731882976","18.3622","18.1841","0.1781","18.2402","1.9614","False","12.096200000000001","18.325200000000002","24.2897","8.2233","26.407400000000003","8","1","1","False","0"
"40272","1519274510896","1843731884757","1843732055797","17.2899","17.104","0.1859","17.5384","2.2805","False","18.166","17.2821","12.096200000000001","3.0374000000000003","20.1414","8","1","1","False","0"
"40272","1519274510896","1843732057656","1843732240822","18.4966","18.3166","0.18000000000000002","18.1932","1.9084","False","30.345000000000002","18.5025","18.166","2.7009000000000003","21.017500000000002","8","1","1","False","0"
"40272","1519274510896","1843732242622","1843732477920","23.692800000000002","23.5298","0.163","25.079800000000002","3.2852","False","12.097100000000001","23.7098","30.345000000000002","9.3361","32.8659","8","1","1","False","0"
"40272","1519274510896","1843732479550","1843732663297","18.590500000000002","18.3747","0.21580000000000002","17.5018","2.2255000000000003","False","24.252200000000002","18.5377","12.097100000000001","2.8955","21.270200000000003","8","1","1","False","0"
"40272","1519274510896","1843732665455","1843732844112","18.0096","17.8657","0.1439","19.011200000000002","3.1929000000000003","False","18.1893","18.081500000000002","24.252200000000002","9.0662","26.931900000000002","8","1","1","False","0"
"40272","1519274510896","1843732845551","1843733039931","19.623","19.438000000000002","0.185","18.5079","2.0932","False","12.100000000000001","19.5819","18.1893","7.6736","27.111600000000003","8","1","1","False","0"
"40272","1519274510896","1843733041781","1843733212501","17.219099999999997","17.072","0.1471","17.0041","2.1946","False","24.265","17.257","12.100000000000001","2.5166","19.5886","8","1","1","False","0"
"40272","1519274510896","1843733213972","1843733400346","18.8014","18.6374","0.164","19.044800000000002","2.1162","False","18.179100000000002","18.7845","24.265","7.9971000000000005","26.634500000000003","8","1","1","False","0"
"40272","1519274510896","1843733401986","1843733592421","19.246100000000002","19.0435","0.2026","20.527099999999997","3.4291","False","18.1616","19.2075","18.179100000000002","6.9687","26.0122","8","1","1","False","0"
"40272","1519274510896","1843733594447","1843733755424","16.2944","16.0977","0.1967","15.575700000000001","2.6905","False","24.2496","16.3003","18.1616","8.83","24.9277","8","1","1","False","0"
"40272","1519274510896","1843733757391","1843734044481","28.941399999999998","28.709","0.23240000000000002","29.117900000000002","2.8941000000000003","False","18.1746","28.905700000000003","24.2496","4.173900000000001","32.8829","8","1","1","False","0"
"40272","1519274510896","1843734046805","1843734234663","18.94","18.785800000000002","0.1542","18.006500000000003","1.9141000000000001","False","24.2616","19.0182","18.1746","3.3303000000000003","22.1161","8","1","1","False","0"
"40272","1519274510896","1843734236205","1843734426434","19.1957","19.0229","0.1728","21.741","4.4644","False","12.1228","19.1771","24.2616","8.4148","27.437700000000003","8","1","1","False","0"
"40272","1519274510896","1843734428162","1843734581408","15.4623","15.3246","0.13770000000000002","13.0951","2.0859","False","18.1807","15.4974","12.1228","5.0402000000000005","20.364800000000002","8","1","1","False","0"
"40272","1519274510896","1843734582785","1843734777849","19.6817","19.5064","0.1753","19.1462","1.5841","False","18.1741","19.6441","18.1807","3.5768","23.0832","8","1","1","False","0"
"40272","1519274510896","1843734779602","1843734956548","17.8384","17.6946","0.1438","18.180300000000003","1.8959000000000001","False","18.19","17.8699","18.1741","3.8810000000000002","21.5756","8","1","1","False","0"
"40272","1519274510896","1843734957986","1843735136578","18.021800000000002","17.8592","0.1626","17.8949","1.7678","False","18.1702","18.003","18.19","4.0680000000000005","21.927200000000003","8","1","1","False","0"
"40272","1519274510896","1843735138204","1843735326483","18.9846","18.8279","0.1567","19.104200000000002","1.9008","False","18.1965","18.9905","18.1702","3.2477","22.0756","8","1","1","False","0"
"40272","1519274510896","1843735328050","1843735502265","17.573700000000002","17.4215","0.1522","17.9117","2.2303","False","18.154500000000002","17.578200000000002","18.1965","3.866","21.2875","8","1","1","False","0"
"40272","1519274510896","1843735503787","1843735697129","19.481099999999998","19.3342","0.1469","18.767300000000002","1.8305","False","30.3045","19.4864","18.154500000000002","2.5341","21.8683","8","1","1","False","0"
"40272","1519274510896","1843735698598","1843735949281","25.2436","25.0683","0.1753","29.763799999999996","6.0496","False","18.1855","25.215200000000003","30.3045","7.6234","32.691700000000004","8","1","1","False","0"
"40272","1519274510896","1843735951034","1843736137031","18.832600000000003","18.599700000000002","0.23290000000000002","18.1719","5.415","False","12.1003","18.775000000000002","18.1855","7.0339","25.6336","8","1","1","False","0"
"40272","1519274510896","1843736139360","1843736305490","16.8766","16.613","0.2636","13.4855","2.0547","False","18.2114","16.8459","12.1003","2.2883","18.901300000000003","8","1","1","False","0"
"40272","1519274510896","1843736308126","1843736479553","17.3256","17.1427","0.1829","17.462","2.1391","False","18.1808","17.4063","18.2114","3.0934","20.2361","8","1","1","False","0"
"40272","1519274510896","1843736481382","1843736634016","15.4282","15.2634","0.1648","16.6831","3.382","False","18.1808","15.4463","18.1808","5.8279000000000005","21.0913","8","1","1","False","0"
"40272","1519274510896","1843736635664","1843736831234","19.6991","19.557000000000002","0.1421","19.2068","2.8831","False","18.1814","19.7218","18.1808","4.2869","23.8439","8","1","1","False","0"
"40272","1519274510896","1843736832655","1843737019987","18.93","18.7332","0.1968","18.2013","2.1689000000000003","False","18.1767","18.8753","18.1814","3.593","22.3262","8","1","1","False","0"
"40272","1519274510896","1843737021955","1843737182459","16.2656","16.0504","0.2152","17.4795","3.4147000000000003","False","18.1935","16.2472","18.1767","5.5225","21.5729","8","1","1","False","0"
"40272","1519274510896","1843737184611","1843737371064","18.815500000000004","18.645300000000002","0.17020000000000002","17.5345","2.0989","False","18.1616","18.860500000000002","18.1935","4.8555","23.5008","8","1","1","False","0"
"40272","1519274510896","1843737372766","1843737549142","17.819100000000002","17.637600000000003","0.18150000000000002","20.1822","4.452100000000001","False","18.186","17.8078","18.1616","5.2093","22.8469","8","1","1","False","0"
"40272","1519274510896","1843737550957","1843737714223","16.4807","16.3266","0.15410000000000001","15.5567","3.5293","False","30.3277","16.508100000000002","18.186","6.8872","23.213800000000003","8","1","1","False","0"
"40272","1519274510896","1843737715764","1843737997239","28.42","28.1475","0.2725","28.0104","3.2076000000000002","False","12.097700000000001","28.3016","30.3277","8.9133","37.0608","8","1","1","False","0"
"40272","1519274510896","1843737999964","1843738177598","17.936","17.7634","0.1726","16.993100000000002","2.1978","False","18.1787","18.0359","12.097700000000001","2.9751000000000003","20.738500000000002","8","1","1","False","0"
"40272","1519274510896","1843738179324","1843738359420","18.134500000000003","18.009600000000002","0.12490000000000001","17.9688","2.2948","False","24.268700000000003","18.1822","18.1787","2.9716","20.9812","8","1","1","False","0"
"40272","1519274510896","1843738360669","1843738562826","20.367600000000003","20.215700000000002","0.1519","21.936300000000003","3.5786000000000002","False","18.1717","20.340600000000002","24.268700000000003","6.8997","27.1154","8","1","1","False","0"
"40272","1519274510896","1843738564345","1843738774058","21.1554","20.9713","0.1841","19.3079","1.7518","False","18.1778","21.1232","18.1717","3.9482000000000004","24.919500000000003","8","1","1","False","0"
"40272","1519274510896","1843738775899","1843738959362","18.5103","18.3463","0.164","19.6933","2.9054","False","18.1977","18.5304","18.1778","3.5956","21.9419","8","1","1","False","0"
"40272","1519274510896","1843738961002","1843739130528","17.1222","16.9526","0.1696","16.071","1.868","False","18.1868","17.116600000000002","18.1977","4.6767","21.6293","8","1","1","False","0"
"40272","1519274510896","1843739132224","1843739315443","18.458","18.3219","0.1361","18.1856","1.5823","False","18.1539","18.491500000000002","18.1868","4.372","22.693900000000003","8","1","1","False","0"
"40272","1519274510896","1843739316804","1843739501738","18.653000000000002","18.4934","0.15960000000000002","19.157500000000002","2.0821","False","18.181","18.6295","18.1539","3.8964000000000003","22.3898","8","1","1","False","0"
"40272","1519274510896","1843739503334","1843739693047","19.124299999999998","18.9713","0.153","18.915","1.8809","False","24.2576","19.1309","18.181","2.9465000000000003","21.9178","8","1","1","False","0"
"40272","1519274510896","1843739694577","1843739897126","20.455","20.2549","0.2001","21.855","3.3213000000000004","False","18.1894","20.4079","24.2576","6.796200000000001","27.0511","8","1","1","False","0"
"40272","1519274510896","1843739899127","1843740069687","17.236","17.056","0.18000000000000002","16.1003","2.1522","False","18.1677","17.2561","18.1894","7.729500000000001","24.785500000000003","8","1","1","False","0"
"40272","1519274510896","1843740071487","1843740282415","21.2762","21.0928","0.1834","21.960500000000003","2.8468","False","18.2068","21.2728","18.1677","4.6244000000000005","25.717200000000002","8","1","1","False","0"
"40272","1519274510896","1843740284249","1843740463025","18.0087","17.8776","0.1311","17.0682","1.8785","False","24.2267","18.061","18.2068","4.7702","22.6478","8","1","1","False","0"
"40272","1519274510896","1843740464336","1843740678499","21.6422","21.4163","0.22590000000000002","21.434900000000003","2.1879","False","18.1732","21.5474","24.2267","7.4495000000000005","28.8658","8","1","1","False","0"
"40272","1519274510896","1843740680758","1843740862764","18.390700000000002","18.2006","0.19010000000000002","20.6428","3.9610000000000003","False","18.172","18.4265","18.1732","7.1962","25.396800000000002","8","1","1","False","0"
"40272","1519274510896","1843740864665","1843741063065","20.0052","19.84","0.1652","19.576","3.5165","False","18.198","20.0301","18.172","5.3381","25.1781","8","1","1","False","0"
"40272","1519274510896","1843741064717","1843741258371","19.553800000000003","19.3654","0.1884","17.927500000000002","1.9006","False","18.1649","19.5306","18.198","4.0055000000000005","23.370900000000002","8","1","1","False","0"
"40272","1519274510896","1843741260255","1843741445064","18.689600000000002","18.480900000000002","0.2087","18.9783","2.1982","False","24.2761","18.6693","18.1649","3.5011","21.982","8","1","1","False","0"
"40272","1519274510896","1843741447151","1843741641719","19.622400000000003","19.4568","0.1656","19.5669","2.1222000000000003","False","18.1494","19.6655","24.2761","8.1117","27.5685","8","1","1","False","0"
"40272","1519274510896","1843741643375","1843741880351","23.8502","23.6976","0.1526","23.6876","1.9487","False","24.2495","23.863200000000003","18.1494","2.3979","26.0955","8","1","1","False","0"
"40272","1519274510896","1843741881877","1843742083189","20.3463","20.1312","0.2151","22.0809","3.7118","False","18.2073","20.2838","24.2495","6.3636","26.4948","8","1","1","False","0"
"40272","1519274510896","1843742085340","1843742277925","19.437700000000003","19.2585","0.1792","17.8597","2.1442","False","18.159200000000002","19.4736","18.2073","5.097300000000001","24.355800000000002","8","1","1","False","0"
"40272","1519274510896","1843742279717","1843742462423","18.4216","18.2706","0.151","19.2482","2.9279","False","18.1891","18.4498","18.159200000000002","4.8067","23.0773","8","1","1","False","0"
"40272","1519274510896","1843742463933","1843742635566","17.4035","17.1633","0.24020000000000002","17.9496","3.5162","False","18.1708","17.3143","18.1891","5.681500000000001","22.8448","8","1","1","False","0"
"40272","1519274510896","1843742637968","1843742835254","20.0485","19.7286","0.3199","18.2471","1.8428","False","18.1747","19.9688","18.1708","3.8835","23.6121","8","1","1","False","0"
"40272","1519274510896","1843742838453","1843743025973","18.951100000000004","18.752000000000002","0.1991","19.085","2.1914000000000002","False","18.1932","19.0719","18.1747","2.9863","21.738300000000002","8","1","1","False","0"
"40272","1519274510896","1843743027964","1843743171481","14.506300000000001","14.351700000000001","0.15460000000000002","16.3019","3.6115000000000004","False","18.1827","14.5508","18.1932","6.6287","20.9804","8","1","1","False","0"
"40272","1519274510896","1843743173027","1843743351407","18.0603","17.838","0.2223","19.431","5.006200000000001","False","18.165","17.9926","18.1827","6.8188","24.6568","8","1","1","False","0"
"40272","1519274510896","1843743353630","1843743528521","17.6585","17.4891","0.1694","18.9222","6.2563","False","18.2129","17.7114","18.165","7.2724","24.7615","8","1","1","False","0"
"40272","1519274510896","1843743530215","1843743703007","17.4371","17.2792","0.1579","13.177900000000001","1.9866000000000001","False","18.181800000000003","17.448600000000003","18.2129","8.0367","25.315900000000003","8","1","1","False","0"
"40272","1519274510896","1843743704586","1843743904827","20.2687","20.0241","0.2446","21.743100000000002","3.5365","False","18.1644","20.182000000000002","18.181800000000003","6.0365","26.0606","8","1","1","False","0"
"40272","1519274510896","1843743907273","1843744097307","19.182499999999997","19.0034","0.1791","18.919800000000002","3.1932","False","18.1793","19.248","18.1644","4.9529000000000005","23.956300000000002","8","1","1","False","0"
"40272","1519274510896","1843744099098","1843744294055","19.7441","19.4957","0.2484","18.3247","1.8627","False","18.195","19.6748","18.1793","3.4574000000000003","22.953100000000003","8","1","1","False","0"
"40272","1519274510896","1843744296539","1843744467541","17.256","17.1002","0.1558","17.230900000000002","1.7625000000000002","False","18.1601","17.3486","18.195","4.3038","21.404","8","1","1","False","0"
"40272","1519274510896","1843744469099","1843744659331","19.1925","19.0232","0.1693","19.641799999999996","2.202","False","18.2025","19.179000000000002","18.1601","3.2849000000000004","22.3081","8","1","1","False","0"
"40272","1519274510896","1843744661024","1843744822113","16.2574","16.108900000000002","0.14850000000000002","16.3835","2.33","False","18.172700000000003","16.278200000000002","18.2025","5.2092","21.3181","8","1","1","False","0"
"40272","1519274510896","1843744823598","1843745016572","19.441","19.2974","0.1436","18.9723","1.8553000000000002","False","18.1948","19.4459","18.172700000000003","3.9360000000000004","23.2334","8","1","1","False","0"
"40272","1519274510896","1843745018008","1843745187335","17.060100000000002","16.9327","0.1274","17.2817","2.0687","False","18.1662","17.0763","18.1948","5.0545","21.9872","8","1","1","False","0"
"40272","1519274510896","1843745188609","1843745372432","18.580000000000002","18.3823","0.19770000000000001","19.6508","3.1721000000000004","False","18.178","18.509700000000002","18.1662","4.711","23.093300000000003","8","1","1","False","0"
"40272","1519274510896","1843745374409","1843745548408","17.556400000000004","17.399900000000002","0.1565","17.8386","3.4312","False","18.218500000000002","17.5976","18.178","5.2914","22.691300000000002","8","1","1","False","0"
"40272","1519274510896","1843745549973","1843745712874","16.442600000000002","16.290100000000002","0.1525","14.637400000000001","1.9475","False","24.213","16.4466","18.218500000000002","7.0633","23.3534","8","1","1","False","0"
"40272","1519274510896","1843745714399","1843745936069","22.4038","22.167","0.2368","23.796400000000002","3.0706","False","12.119","22.3195","24.213","8.956800000000001","31.123800000000003","8","1","1","False","0"
"40272","1519274510896","1843745938437","1843746110494","17.4097","17.2057","0.20400000000000001","16.235400000000002","1.8829","False","18.2027","17.442500000000003","12.119","3.6333","20.839000000000002","8","1","1","False","0"
"40272","1519274510896","1843746112534","1843746284346","17.34","17.1812","0.1588","17.104300000000002","1.617","False","18.1525","17.3852","18.2027","4.4508","21.632","8","1","1","False","0"
"40272","1519274510896","1843746285934","1843746475431","19.1099","18.9497","0.1602","19.6846","2.1950000000000003","False","18.209500000000002","19.1085","18.1525","3.4948","22.4445","8","1","1","False","0"
"40272","1519274510896","1843746477033","1843746642399","16.7288","16.5366","0.1922","16.5627","2.0277000000000003","False","18.1807","16.6968","18.209500000000002","5.0075","21.5441","8","1","1","False","0"
"40272","1519274510896","1843746644321","1843746830898","18.8074","18.657700000000002","0.1497","18.3947","1.6106","False","24.250700000000002","18.8499","18.1807","4.3383","22.996000000000002","8","1","1","False","0"
"40272","1519274510896","1843746832395","1843747034140","20.3367","20.174500000000002","0.1622","20.903000000000002","2.1763","False","18.1583","20.3242","24.250700000000002","8.264800000000001","28.439300000000003","8","1","1","False","0"
"40272","1519274510896","1843747035762","1843747214726","18.0916","17.8964","0.1952","18.1557","2.1861","False","18.206200000000003","18.058600000000002","18.1583","8.3645","26.260900000000003","8","1","1","False","0"
"40272","1519274510896","1843747216678","1843747400967","18.619500000000002","18.428900000000002","0.19060000000000002","18.267500000000002","1.9018000000000002","False","18.1687","18.624100000000002","18.206200000000003","7.9466","26.375500000000002","8","1","1","False","0"
"40272","1519274510896","1843747402873","1843747616007","21.446900000000003","21.3134","0.1335","21.3652","1.7918","False","18.175","21.504","18.1687","4.6113","25.9247","8","1","1","False","0"
"40272","1519274510896","1843747617342","1843747792801","17.674","17.5459","0.12810000000000002","18.109","2.2262","False","18.182000000000002","17.6794","18.175","5.1069","22.652800000000003","8","1","1","False","0"
"40272","1519274510896","1843747794082","1843747985380","19.2816","19.1298","0.15180000000000002","18.9035","1.8601","False","24.2484","19.2579","18.182000000000002","4.031000000000001","23.160800000000002","8","1","1","False","0"
"40272","1519274510896","1843747986898","1843748177691","19.2538","19.0793","0.17450000000000002","20.462300000000003","3.0701","False","12.0858","19.2311","24.2484","9.048300000000001","28.1276","8","1","1","False","0"
"40272","1519274510896","1843748179436","1843748360375","18.2621","18.0939","0.16820000000000002","17.171200000000002","2.358","False","18.2101","18.2684","12.0858","2.8657000000000004","20.959600000000002","8","1","1","False","0"
"40272","1519274510896","1843748362057","1843748507794","14.7425","14.5737","0.1688","16.1954","3.4404000000000003","False","18.160500000000003","14.741900000000001","18.2101","6.3339","20.907600000000002","8","1","1","False","0"
"40272","1519274510896","1843748509482","1843748697278","18.951","18.779600000000002","0.1714","19.9663","4.4562","False","18.207900000000002","18.9484","18.160500000000003","5.546","24.3256","8","1","1","False","0"
"40272","1519274510896","1843748698992","1843748862680","16.9759","16.3688","0.6071000000000001","15.959800000000001","3.5574000000000003","False","18.181800000000003","16.540200000000002","18.207900000000002","7.2137","23.5825","8","1","1","False","0"
"40272","1519274510896","1843748868751","1843749039437","17.2401","17.0686","0.1715","15.9578","2.1606","False","18.1875","17.6757","18.181800000000003","7.7198","24.788400000000003","8","1","1","False","0"
"40272","1519274510896","1843749041152","1843749215306","17.6552","17.4154","0.2398","17.685100000000002","2.2277","False","12.0858","17.5869","18.1875","8.320400000000001","25.7358","8","1","1","False","0"
"40272","1519274510896","1843749217704","1843749395375","17.923299999999998","17.7671","0.1562","17.6421","1.8939000000000001","False","18.201900000000002","18.0069","12.0858","2.3993","20.1664","8","1","1","False","0"
"40272","1519274510896","1843749396937","1843749560970","16.5664","16.4033","0.1631","16.723100000000002","2.049","False","18.1761","16.5595","18.201900000000002","4.0417000000000005","20.445","8","1","1","False","0"
"40272","1519274510896","1843749562601","1843749729891","16.878","16.729","0.149","19.203500000000002","4.3791","False","18.200400000000002","16.8921","18.1761","5.3257","22.0547","8","1","1","False","0"
"40272","1519274510896","1843749731381","1843749889898","16","15.851700000000001","0.14830000000000002","13.484100000000002","1.8583","False","12.1117","16.000700000000002","18.200400000000002","7.5254","23.377100000000002","8","1","1","False","0"
"40272","1519274510896","1843749891381","1843750021876","13.2096","13.0495","0.16010000000000002","15.0547","3.7117","False","12.1005","13.1978","12.1117","6.4393","19.4888","8","1","1","False","0"
"40272","1519274510896","1843750023477","1843750176116","15.437500000000002","15.263900000000001","0.1736","13.8987","2.176","False","18.2025","15.424000000000001","12.1005","3.1158","18.3797","8","1","1","False","0"
"40272","1519274510896","1843750177852","1843750315665","13.8987","13.7813","0.1174","13.397300000000001","1.9821000000000002","False","12.1164","13.9549","18.2025","7.3634","21.1447","8","1","1","False","0"
"40272","1519274510896","1843750316839","1843750467970","15.239400000000002","15.113100000000001","0.1263","15.465200000000001","1.8849","False","12.132200000000001","15.230500000000001","12.1164","4.2493","19.3624","8","1","1","False","0"
"40272","1519274510896","1843750469233","1843750588454","12.0591","11.9221","0.137","11.811900000000001","1.6378000000000001","False","18.1656","12.0484","12.132200000000001","4.3331","16.255200000000002","8","1","1","False","0"
"40272","1519274510896","1843750589824","1843750745661","15.7708","15.5837","0.18710000000000002","18.8158","4.7035","False","12.1241","15.7207","18.1656","6.7780000000000005","22.361700000000003","8","1","1","False","0"
"40272","1519274510896","1843750747532","1843750873742","12.776900000000001","12.621","0.1559","11.494799999999998","3.4103000000000003","False","12.124600000000001","12.808100000000001","12.1241","6.094","18.715","8","1","1","False","0"
"40272","1519274510896","1843750875301","1843751004242","13.0188","12.8941","0.1247","11.897200000000002","2.2725","False","6.0351","13.05","12.124600000000001","5.1686000000000005","18.0627","8","1","1","False","0"
"40272","1519274510896","1843751005489","1843751093704","8.981300000000001","8.8215","0.1598","8.5817","1.8848","False","18.1949","8.946200000000001","6.0351","2.2575000000000003","11.079","8","1","1","False","0"
"40272","1519274510896","1843751095302","1843751228747","13.5233","13.3445","0.17880000000000001","16.140800000000002","4.5256","False","6.081","13.5043","18.1949","6.9481","20.2926","8","1","1","False","0"
"40272","1519274510896","1843751230535","1843751323859","9.4971","9.3324","0.1647","6.6816","1.6825","False","12.1289","9.5112","6.081","3.5179","12.8503","8","1","1","False","0"
"40272","1519274510896","1843751325506","1843751434788","11.073500000000001","10.9282","0.1453","11.1027","1.7152","False","12.087900000000001","11.0929","12.1289","4.5539000000000005","15.4821","8","1","1","False","0"
"40272","1519274510896","1843751436241","1843751570710","13.580100000000002","13.446900000000001","0.1332","13.9411","2.0700000000000003","False","12.1143","13.5922","12.087900000000001","3.0496000000000003","16.4965","8","1","1","False","0"
"40272","1519274510896","1843751572042","1843751700418","12.9875","12.8376","0.1499","12.7748","1.8657000000000001","False","18.204","12.9708","12.1143","2.1931000000000003","15.030700000000001","8","1","1","False","0"
"40272","1519274510896","1843751701917","1843751831711","13.1306","12.9794","0.1512","15.967","4.702","False","6.0437","13.1293","18.204","7.2678","20.2472","8","1","1","False","0"
"40272","1519274510896","1843751833223","1843751937215","10.5767","10.3992","0.17750000000000002","7.7292000000000005","1.8556000000000001","False","18.2041","10.5504","6.0437","2.7611000000000003","13.160300000000001","8","1","1","False","0"
"40272","1519274510896","1843751938990","1843752061431","12.3999","12.244100000000001","0.1558","13.628400000000001","3.0858000000000003","False","6.0591","12.4216","18.2041","8.5436","20.7877","8","1","1","False","0"
"40272","1519274510896","1843752062989","1843752171868","11.0319","10.8879","0.14400000000000002","9.6738","1.7251","False","12.1155","11.043700000000001","6.0591","3.559","14.446900000000001","8","1","1","False","0"
"40272","1519274510896","1843752173308","1843752281440","10.9435","10.8132","0.1303","10.9694","1.7423000000000002","False","12.115300000000001","10.9572","12.1155","4.7173","15.5305","8","1","1","False","0"
"40272","1519274510896","1843752282743","1843752397832","11.6327","11.5089","0.12380000000000001","12.864500000000001","3.3094","False","12.143","11.6392","12.115300000000001","5.1934000000000005","16.7023","8","1","1","False","0"
"40272","1519274510896","1843752399070","1843752498713","10.1258","9.9643","0.1615","10.4785","3.3427000000000002","False","12.103200000000001","10.0881","12.143","7.2483","17.212600000000002","8","1","1","False","0"
"40272","1519274510896","1843752500328","1843752646311","14.7384","14.5983","0.1401","13.1571","1.7373","False","12.1121","14.7598","12.103200000000001","4.5917","19.19","8","1","1","False","0"
"40272","1519274510896","1843752647712","1843752731749","8.5486","8.4037","0.1449","12.8224","6.0246","False","6.0834","8.543800000000001","12.1121","8.16","16.5637","8","1","1","False","0"
"40272","1519274510896","1843752733198","1843752839037","10.712299999999999","10.5839","0.12840000000000001","6.298900000000001","1.6039","False","12.1026","10.7288","6.0834","3.5146","14.098500000000001","8","1","1","False","0"
"40272","1519274510896","1843752840321","1843752938179","9.9548","9.7858","0.169","11.5761","3.2475","False","12.1431","9.914200000000001","12.1026","5.703","15.488800000000001","8","1","1","False","0"
"40272","1519274510896","1843752939869","1843753040574","10.340100000000001","10.070500000000001","0.2696","9.1949","2.1739","False","12.094100000000001","10.239500000000001","12.1431","7.6066","17.6771","8","1","1","False","0"
"40272","1519274510896","1843753043270","1843753179668","13.812000000000001","13.639800000000001","0.17220000000000002","14.928500000000001","3.2134","False","6.0596000000000005","13.909400000000002","12.094100000000001","5.791300000000001","19.4311","8","1","1","False","0"
"40272","1519274510896","1843753181390","1843753266450","8.6461","8.506","0.1401","7.1012","1.655","False","24.2511","8.6782","6.0596000000000005","3.1727000000000003","11.678700000000001","8","1","1","False","0"
"40272","1519274510896","1843753267851","1843753448465","18.200100000000003","18.061400000000003","0.13870000000000002","19.6834","3.141","False","6.056","18.2015","24.2511","9.2223","27.2837","8","1","1","False","0"
"40272","1519274510896","1843753449852","1843753566684","11.804200000000002","11.683200000000001","0.12100000000000001","11.1312","2.459","False","12.142000000000001","11.821900000000001","6.056","3.4564000000000004","15.139600000000002","8","1","1","False","0"
"40272","1519274510896","1843753567894","1843753645247","7.898700000000001","7.7353000000000005","0.16340000000000002","7.559900000000001","2.1397","False","12.108600000000001","7.8563","12.142000000000001","7.742100000000001","15.477400000000001","8","1","1","False","0"
"40272","1519274510896","1843753646881","1843753749424","10.380500000000001","10.2543","0.1262","11.803600000000001","3.5443000000000002","False","6.0703000000000005","10.4177","12.108600000000001","9.433","19.6873","8","1","1","False","0"
"40272","1519274510896","1843753750686","1843753869703","12.0723","11.9017","0.1706","10.1615","1.9680000000000002","False","12.1426","12.0279","6.0703000000000005","3.4754","15.3771","8","1","1","False","0"
"40272","1519274510896","1843753871409","1843753956627","8.704500000000001","8.5218","0.1827","10.335700000000001","3.3004000000000002","False","12.106","8.692400000000001","12.1426","6.9256","15.4474","8","1","1","False","0"
"40272","1519274510896","1843753958454","1843754069754","11.284","11.13","0.154","10.1339","2.1282","False","6.1113","11.312700000000001","12.106","7.7189000000000005","18.8489","8","1","1","False","0"
"40272","1519274510896","1843754071294","1843754173544","10.4027","10.225","0.1777","9.9564","1.6705","False","18.1191","10.379000000000001","6.1113","3.4512","13.676200000000001","8","1","1","False","0"
"40272","1519274510896","1843754175321","1843754314540","14.0747","13.9219","0.15280000000000002","14.3017","1.9087","False","6.0509","14.0996","18.1191","7.470700000000001","21.3926","8","1","1","False","0"
"40272","1519274510896","1843754316068","1843754415073","10.0393","9.900500000000001","0.1388","9.845500000000001","1.6983000000000001","False","12.140400000000001","10.0533","6.0509","3.4683","13.3688","8","1","1","False","0"
"40272","1519274510896","1843754416461","1843754507528","9.3136","9.1067","0.2069","10.9466","3.3644000000000003","False","12.1136","9.2455","12.140400000000001","6.3632","15.4699","8","1","1","False","0"
"40272","1519274510896","1843754509597","1843754622996","11.5059","11.3399","0.166","11.964500000000001","3.8120000000000003","False","6.0686","11.546800000000001","12.1136","6.930000000000001","18.2699","8","1","1","False","0"
"40272","1519274510896","1843754624656","1843754718319","9.495800000000001","9.3663","0.1295","7.4262999999999995","1.7197","False","12.1129","9.532300000000001","6.0686","3.4663000000000004","12.832600000000001","8","1","1","False","0"
"40272","1519274510896","1843754719614","1843754818454","10.0595","9.884","0.17550000000000002","11.5","3.1969000000000003","False","12.1064","10.0135","12.1129","5.5657000000000005","15.4497","8","1","1","False","0"
"40272","1519274510896","1843754820209","1843754929205","11.0806","10.899600000000001","0.18100000000000002","12.463700000000001","4.5776","False","6.0574","11.0751","12.1064","6.597","17.4966","8","1","1","False","0"
"40272","1519274510896","1843754931015","1843755033077","10.3549","10.2062","0.1487","7.894900000000001","2.1032","False","18.1854","10.3872","6.0574","2.2672000000000003","12.4734","8","1","1","False","0"
"40272","1519274510896","1843755034564","1843755177735","14.5014","14.3171","0.18430000000000002","16.694","4.294700000000001","False","12.1394","14.465800000000002","18.1854","5.986800000000001","20.303900000000002","8","1","1","False","0"
"40272","1519274510896","1843755179578","1843755283023","10.5108","10.3445","0.1663","8.1044","1.9006","False","6.0452","10.5288","12.1394","7.5974","17.9419","8","1","1","False","0"
"40272","1519274510896","1843755284686","1843755386107","10.292200000000001","10.142100000000001","0.1501","10.5774","2.4896000000000003","False","12.116200000000001","10.3084","6.0452","3.3342","13.4763","8","1","1","False","0"
"40272","1519274510896","1843755387608","1843755510266","12.4283","12.2658","0.1625","12.088000000000001","1.8353000000000002","False","12.1357","12.4159","12.116200000000001","3.0345","15.3003","8","1","1","False","0"
"40272","1519274510896","1843755511891","1843755595844","8.5715","8.3953","0.1762","10.481300000000001","3.7504000000000004","False","6.0394000000000005","8.5578","12.1357","6.6124","15.007700000000002","8","1","1","False","0"
"40272","1519274510896","1843755597606","1843755700132","10.434000000000001","10.252600000000001","0.1814","8.476700000000001","1.7973000000000001","False","12.1326","10.4288","6.0394000000000005","2.2230000000000003","12.4756","8","1","1","False","0"
"40272","1519274510896","1843755701946","1843755800744","10.019300000000001","9.879800000000001","0.1395","11.101299999999998","2.8539000000000003","False","12.1251","10.061200000000001","12.1326","4.2944","14.1742","8","1","1","False","0"
"40272","1519274510896","1843755802139","1843755903032","10.2572","10.0893","0.16790000000000002","10.9322","3.5521000000000003","False","12.1506","10.2288","12.1251","6.1907000000000005","16.28","8","1","1","False","0"
"40272","1519274510896","1843755904711","1843756007696","10.468200000000001","10.2985","0.16970000000000002","8.978","2.0581","False","12.0822","10.4664","12.1506","7.8749","18.1734","8","1","1","False","0"
"40272","1519274510896","1843756009393","1843756139587","13.198500000000001","13.019400000000001","0.1791","16.029700000000002","4.8965000000000005","False","6.0441","13.1891","12.0822","6.768000000000001","19.7874","8","1","1","False","0"
"40272","1519274510896","1843756141378","1843756233633","9.3721","9.2255","0.1466","6.0864","1.5976000000000001","False","12.1317","9.4046","6.0441","3.4075","12.633000000000001","8","1","1","False","0"
"40272","1519274510896","1843756235099","1843756348081","11.477000000000002","11.298200000000001","0.17880000000000001","12.7659","2.9022","False","12.1509","11.4448","12.1317","4.0944","15.392600000000002","8","1","1","False","0"
"40272","1519274510896","1843756349869","1843756450623","10.2454","10.0754","0.17","10.6508","3.2994000000000003","False","12.1179","10.2542","12.1509","5.9911","16.0665","8","1","1","False","0"
"40272","1519274510896","1843756452323","1843756560737","11.0154","10.8414","0.17400000000000002","11.0516","3.3425000000000002","False","6.0333000000000006","11.0114","12.1179","7.0976","17.939","8","1","1","False","0"
"40272","1519274510896","1843756562477","1843756658454","9.7387","9.5977","0.14100000000000001","8.088700000000001","1.6692","False","12.141900000000001","9.771700000000001","6.0333000000000006","3.3592","12.956900000000001","8","1","1","False","0"
"40272","1519274510896","1843756659864","1843756767947","10.9785","10.808300000000001","0.17020000000000002","10.9969","1.7204000000000002","False","12.119100000000001","10.949300000000001","12.141900000000001","4.5518","15.360100000000001","8","1","1","False","0"
"40272","1519274510896","1843756769649","1843756890987","12.2863","12.1338","0.1525","12.0888","1.4948000000000001","False","12.1439","12.304","12.119100000000001","4.3669","16.500700000000002","8","1","1","False","0"
"40272","1519274510896","1843756892512","1843756976568","8.566699999999999","8.4056","0.16110000000000002","8.8256","1.7541","False","12.106900000000001","8.5581","12.1439","7.9527","16.3583","8","1","1","False","0"
"40272","1519274510896","1843756978179","1843757097420","12.0906","11.924100000000001","0.1665","12.2104","1.8845","False","6.0575","12.0852","12.106900000000001","7.9744","19.898500000000002","8","1","1","False","0"
"40272","1519274510896","1843757099085","1843757203065","10.554499999999999","10.398","0.1565","10.352","1.6702000000000001","False","12.1149","10.5645","6.0575","3.4674","13.865400000000001","8","1","1","False","0"
"40272","1519274510896","1843757204630","1843757305200","10.1852","10.057","0.1282","11.488000000000001","3.2920000000000003","False","12.1301","10.2135","12.1149","5.3688","15.4258","8","1","1","False","0"
"40272","1519274510896","1843757306482","1843757408598","10.4441","10.2116","0.2325","11.0752","3.6811000000000003","False","6.0314000000000005","10.3398","12.1301","7.1591000000000005","17.3707","8","1","1","False","0"
"40272","1519274510896","1843757410923","1843757507953","9.840100000000001","9.703000000000001","0.1371","8.0337","1.7947000000000002","False","12.160200000000001","9.935500000000001","6.0314000000000005","3.2550000000000003","12.958","8","1","1","False","0"
"40272","1519274510896","1843757509324","1843757622243","11.4454","11.2919","0.1535","12.5418","2.8896","False","18.174200000000003","11.429","12.160200000000001","3.9862","15.2781","8","1","1","False","0"
"40272","1519274510896","1843757623778","1843757757171","13.487300000000001","13.339300000000001","0.14800000000000002","13.471300000000001","2.8771","False","6.0501000000000005","13.4928","18.174200000000003","8.6676","22.0069","8","1","1","False","0"
"40272","1519274510896","1843757758651","1843757869018","11.1573","11.0367","0.1206","10.1224","1.8290000000000002","False","12.1258","11.184700000000001","6.0501000000000005","3.5330000000000004","14.569700000000001","8","1","1","False","0"
"40272","1519274510896","1843757870224","1843757956433","8.805100000000001","8.6209","0.1842","10.5164","3.5677000000000003","False","6.037100000000001","8.7415","12.1258","6.9173","15.538200000000002","8","1","1","False","0"
"40272","1519274510896","1843757958275","1843758052318","9.553","9.404300000000001","0.1487","7.665500000000001","1.6643000000000001","False","12.118","9.5885","6.037100000000001","3.3659000000000003","12.7702","8","1","1","False","0"
"40272","1519274510896","1843758053805","1843758178459","12.628200000000001","12.4654","0.1628","12.8367","1.8733000000000002","False","12.1228","12.6141","12.118","2.8698","15.3352","8","1","1","False","0"
"40272","1519274510896","1843758180087","1843758288284","11.038200000000002","10.819700000000001","0.2185","11.905900000000003","2.8059000000000003","False","12.1362","10.9825","12.1228","4.0101","14.8298","8","1","1","False","0"
"40272","1519274510896","1843758290469","1843758401161","11.180200000000001","11.0692","0.111","11.400500000000001","2.9439","False","12.135200000000001","11.287700000000001","12.1362","4.8586","15.927800000000001","8","1","1","False","0"
"40272","1519274510896","1843758402271","1843758508052","10.7543","10.578100000000001","0.1762","11.250300000000001","3.478","False","12.0999","10.6891","12.135200000000001","6.3047","16.8828","8","1","1","False","0"
"40272","1519274510896","1843758509814","1843758635768","12.755200000000002","12.595400000000001","0.1598","12.5365","3.2468000000000004","False","6.0618","12.771600000000001","12.0999","5.633","18.2284","8","1","1","False","0"
"40272","1519274510896","1843758637366","1843758720337","8.4185","8.2971","0.12140000000000001","6.7748","1.8878000000000001","False","12.1256","8.456900000000001","6.0618","3.2379000000000002","11.535","8","1","1","False","0"
"40272","1519274510896","1843758721551","1843758831629","11.145900000000001","11.007800000000001","0.1381","11.3587","1.8002","False","12.1232","11.1292","12.1256","4.2343","15.2421","8","1","1","False","0"
"40272","1519274510896","1843758833010","1843758955170","12.3596","12.216000000000001","0.1436","12.370600000000001","1.8210000000000002","False","12.1365","12.3541","12.1232","4.0034","16.2194","8","1","1","False","0"
"40272","1519274510896","1843758956606","1843759034830","7.9834","7.8224","0.161","8.318100000000001","2.1647000000000003","False","12.1109","7.966","12.1365","8.1739","15.996300000000002","8","1","1","False","0"
"40272","1519274510896","1843759036440","1843759142824","10.781600000000001","10.6384","0.1432","12.379000000000001","3.7564","False","6.060700000000001","10.7994","12.1109","9.4854","20.1238","8","1","1","False","0"
"40272","1519274510896","1843759144256","1843759263377","12.059000000000001","11.9121","0.1469","10.047500000000001","1.7356","False","12.109","12.0553","6.060700000000001","3.4908","15.4029","8","1","1","False","0"
"40272","1519274510896","1843759264846","1843759350737","8.749","8.5891","0.15990000000000001","11.677900000000001","4.6789000000000005","False","6.1154","8.736","12.109","6.8638","15.452900000000001","8","1","1","False","0"
"40272","1519274510896","1843759352336","1843759445271","9.4456","9.2935","0.1521","6.4106000000000005","1.6285","False","12.0694","9.4534","6.1154","3.5258000000000003","12.8193","8","1","1","False","0"
"40272","1519274510896","1843759446792","1843759569025","12.3577","12.2233","0.13440000000000002","12.552399999999999","1.8296000000000001","False","12.1317","12.3754","12.0694","3.2198","15.443100000000001","8","1","1","False","0"
"40272","1519274510896","1843759570369","1843759671510","10.250200000000001","10.1141","0.1361","10.5055","2.0831","False","18.182000000000002","10.2485","12.1317","5.103000000000001","15.2171","8","1","1","False","0"
"40272","1519274510896","1843759672871","1843759829264","15.780100000000001","15.6393","0.1408","15.920900000000001","2.2262","False","6.0587","15.775400000000001","18.182000000000002","7.509600000000001","23.1489","8","1","1","False","0"
"40272","1519274510896","1843759830672","1843759930260","10.1231","9.9588","0.1643","9.6082","1.7425000000000002","False","12.125","10.0996","6.0587","3.4687","13.4275","8","1","1","False","0"
"40272","1519274510896","1843759931903","1843760034065","10.359200000000001","10.2162","0.14300000000000002","10.8558","2.2143","False","12.108500000000001","10.3805","12.125","5.2132000000000005","15.429400000000001","8","1","1","False","0"
"40272","1519274510896","1843760035495","1843760148523","11.491600000000002","11.302800000000001","0.1888","13.3991","4.1266","False","12.1472","11.4458","12.108500000000001","5.875900000000001","17.1787","8","1","1","False","0"
"40272","1519274510896","1843760150411","1843760255255","10.639600000000002","10.4844","0.1552","8.2692","1.75","False","6.0303","10.673200000000001","12.1472","7.349900000000001","17.834300000000002","8","1","1","False","0"
"40272","1519274510896","1843760256807","1843760355940","10.0828","9.913300000000001","0.1695","11.1127","2.793","False","12.1439","10.0685","6.0303","3.3117","13.225000000000001","8","1","1","False","0"
"40272","1519274510896","1843760357635","1843760463819","10.7268","10.618400000000001","0.10840000000000001","9.6491","1.9673","False","12.1248","10.7879","12.1439","4.6677","15.286100000000001","8","1","1","False","0"
"40272","1519274510896","1843760464903","1843760583134","11.9474","11.8231","0.12430000000000001","12.2103","1.9497","False","12.1098","11.9315","12.1248","4.861000000000001","16.6841","8","1","1","False","0"
"40272","1519274510896","1843760584377","1843760678060","9.5433","9.3683","0.17500000000000002","11.1463","3.5709","False","6.031700000000001","9.492600000000001","12.1098","7.4782","16.846500000000002","8","1","1","False","0"
"40272","1519274510896","1843760679810","1843760779765","10.1347","9.9955","0.13920000000000002","8.174100000000001","1.601","False","12.1423","10.1705","6.031700000000001","3.3394000000000004","13.334900000000001","8","1","1","False","0"
"40272","1519274510896","1843760781157","1843760893540","11.3781","11.2383","0.1398","11.5805","1.8118","False","12.1201","11.377500000000001","12.1423","4.1042000000000005","15.342500000000001","8","1","1","False","0"
"40272","1519274510896","1843760894938","1843761001388","10.799500000000002","10.645000000000001","0.1545","12.214400000000001","3.2305","False","12.132900000000001","10.7848","12.1201","5.439500000000001","16.084500000000002","8","1","1","False","0"
"40272","1519274510896","1843761002933","1843761104094","10.288300000000001","10.116100000000001","0.17220000000000002","10.335600000000001","3.2823","False","6.0361","10.2706","12.132900000000001","7.3018","17.4179","8","1","1","False","0"
"40272","1519274510896","1843761105816","1843761204802","10.0696","9.8986","0.171","8.4192","1.6355000000000002","False","18.198","10.0708","6.0361","3.2671","13.165700000000001","8","1","1","False","0"
"40272","1519274510896","1843761206512","1843761367616","16.262","16.110400000000002","0.1516","16.906200000000002","2.2528","False","6.0454","16.2814","18.198","5.1837","21.2941","8","1","1","False","0"
"40272","1519274510896","1843761369132","1843761446267","7.860500000000001","7.713500000000001","0.14700000000000002","7.2584","1.6612","False","12.1574","7.8651","6.0454","3.3640000000000003","11.0775","8","1","1","False","0"
"40272","1519274510896","1843761447737","1843761561928","11.5587","11.4191","0.1396","11.8088","1.9085","False","12.086500000000001","11.5661","12.1574","3.9553000000000003","15.374400000000001","8","1","1","False","0"
"40272","1519274510896","1843761563324","1843761675141","11.343700000000002","11.181700000000001","0.162","12.215200000000003","2.8044000000000002","False","12.119800000000001","11.3213","12.086500000000001","4.7205","15.9022","8","1","1","False","0"
"40272","1519274510896","1843761676761","1843761815951","14.0912","13.919","0.17220000000000002","13.1067","1.8305","False","12.14","14.081000000000001","12.119800000000001","2.7593","16.6783","8","1","1","False","0"
"40272","1519274510896","1843761817673","1843761915286","9.8651","9.7613","0.1038","10.1949","2.3951000000000002","False","12.130700000000001","9.9335","12.14","4.965800000000001","14.7271","8","1","1","False","0"
"40272","1519274510896","1843761916324","1843762016212","10.178","9.988800000000001","0.1892","11.657200000000001","3.6217","False","12.0893","10.092600000000001","12.130700000000001","7.003900000000001","16.9927","8","1","1","False","0"
"40272","1519274510896","1843762018104","1843762136642","12.020100000000001","11.853800000000001","0.1663","13.743500000000001","5.339300000000001","False","6.1399","12.043000000000001","12.0893","7.0502","18.904","8","1","1","False","0"
"40272","1519274510896","1843762138305","1843762232978","9.6028","9.4673","0.1355","6.0549","1.7774","False","18.127000000000002","9.633600000000001","6.1399","3.5565","13.023800000000001","8","1","1","False","0"
"40272","1519274510896","1843762234333","1843762373352","14.041300000000001","13.901900000000001","0.1394","14.0759","1.8127","False","6.0477","14.0374","18.127000000000002","7.646100000000001","21.548000000000002","8","1","1","False","0"
"40272","1519274510896","1843762374746","1843762475797","10.2248","10.1051","0.1197","10.146700000000001","1.7253","False","12.1423","10.2445","6.0477","3.4493","13.554400000000001","8","1","1","False","0"
"40272","1519274510896","1843762476994","1843762561201","8.5984","8.4207","0.1777","10.692400000000001","3.8399","False","6.032100000000001","8.5404","12.1423","7.051200000000001","15.471900000000002","8","1","1","False","0"
"40272","1519274510896","1843762562978","1843762658892","9.756","9.5914","0.1646","7.5869","1.6713","False","12.1217","9.7691","6.032100000000001","3.3142","12.9056","8","1","1","False","0"
"40272","1519274510896","1843762660538","1843762764209","10.4905","10.3671","0.12340000000000001","10.7171","1.879","False","12.118","10.5317","12.1217","4.9042","15.2713","8","1","1","False","0"
"40272","1519274510896","1843762765443","1843762894477","13.038800000000002","12.903400000000001","0.13540000000000002","13.355800000000002","2.1931000000000003","False","12.1525","13.026800000000001","12.118","3.9954","16.8988","8","1","1","False","0"
"40272","1519274510896","1843762895831","1843763009353","11.4889","11.3522","0.13670000000000002","11.007100000000001","1.7217","False","12.121","11.4876","12.1525","4.6603","16.0125","8","1","1","False","0"
"40272","1519274510896","1843763010720","1843763106579","9.7437","9.5859","0.1578","11.486999999999998","3.4775","False","6.029100000000001","9.7226","12.121","7.0587","16.6446","8","1","1","False","0"
"40272","1519274510896","1843763108157","1843763204045","9.738700000000001","9.5888","0.1499","7.9381","1.6612","False","12.1254","9.7466","6.029100000000001","3.3412","12.930000000000001","8","1","1","False","0"
"40272","1519274510896","1843763205544","1843763314725","11.042800000000002","10.9181","0.1247","10.9224","1.5405","False","18.1886","11.068000000000001","12.1254","4.3986","15.3167","8","1","1","False","0"
"40272","1519274510896","1843763315972","1843763472421","15.810700000000002","15.644900000000002","0.1658","19.207","4.9510000000000005","False","6.0533","15.7696","18.1886","6.8176000000000005","22.462500000000002","8","1","1","False","0"
"40272","1519274510896","1843763474079","1843763566139","9.335","9.206000000000001","0.129","6.2391000000000005","1.8441","False","18.183500000000002","9.3718","6.0533","3.4991000000000003","12.7051","8","1","1","False","0"
"40272","1519274510896","1843763567429","1843763724395","15.8175","15.6966","0.12090000000000001","17.8873","4.3131","False","12.1309","15.825600000000001","18.183500000000002","5.857","21.5536","8","1","1","False","0"
"40272","1519274510896","1843763725604","1843763848024","12.442900000000002","12.242","0.20090000000000002","11.7132","3.2075","False","6.0544","12.3629","12.1309","5.625","17.867","8","1","1","False","0"
"40272","1519274510896","1843763850033","1843763942853","9.4611","9.282","0.1791","7.9205000000000005","1.6772","False","18.186600000000002","9.4829","6.0544","2.1965","11.4785","8","1","1","False","0"
"40272","1519274510896","1843763944644","1843764081957","13.908700000000001","13.731300000000001","0.1774","16.6815","4.4382","False","6.0516000000000005","13.910400000000001","18.186600000000002","6.472700000000001","20.204","8","1","1","False","0"
"40272","1519274510896","1843764083731","1843764181066","9.865400000000001","9.733500000000001","0.13190000000000002","7.5639","2.111","False","18.2115","9.9109","6.0516000000000005","2.6134","12.3469","8","1","1","False","0"
"40272","1519274510896","1843764182385","1843764311026","13.004900000000001","12.8641","0.1408","13.763200000000001","2.8746","False","6.0415","12.996","18.2115","7.8289","20.693","8","1","1","False","0"
"40272","1519274510896","1843764312434","1843764414346","10.369","10.1912","0.1778","9.1487","1.6968","False","12.1353","10.332","6.0415","3.5384","13.729600000000001","8","1","1","False","0"
"40272","1519274510896","1843764416124","1843764509965","9.5883","9.3841","0.20420000000000002","11.3236","3.4143000000000003","False","12.120800000000001","9.5619","12.1353","6.111800000000001","15.4959","8","1","1","False","0"
"40272","1519274510896","1843764512007","1843764645579","13.4762","13.3572","0.11900000000000001","11.7664","1.6721000000000001","False","12.1332","13.5614","12.120800000000001","4.6712","18.0284","8","1","1","False","0"
"40272","1519274510896","1843764646769","1843764754310","10.910400000000001","10.754100000000001","0.1563","12.4711","3.2473","False","12.107700000000001","10.8731","12.1332","5.9313","16.6854","8","1","1","False","0"
"40272","1519274510896","1843764755873","1843764875940","12.190100000000001","12.0067","0.1834","12.107","3.1787","False","12.1015","12.163","12.107700000000001","5.876","17.8827","8","1","1","False","0"
"40272","1519274510896","1843764877774","1843765023820","14.736300000000002","14.604600000000001","0.1317","13.4048","1.8218","False","12.128","14.788","12.1015","3.1895000000000002","17.7941","8","1","1","False","0"
"40272","1519274510896","1843765025137","1843765134622","11.116800000000001","10.948500000000001","0.1683","12.9503","3.6615","False","12.1365","11.080200000000001","12.128","4.2373","15.1858","8","1","1","False","0"
"40272","1519274510896","1843765136305","1843765247534","11.227300000000001","11.122900000000001","0.1044","9.703000000000001","2.4419","False","12.107000000000001","11.2912","12.1365","5.0826","16.2055","8","1","1","False","0"
"40272","1519274510896","1843765248578","1843765356357","10.949","10.7779","0.1711","12.1707","3.3665000000000003","False","12.132000000000001","10.8823","12.107000000000001","6.307300000000001","17.0852","8","1","1","False","0"
"40272","1519274510896","1843765358068","1843765488183","13.1869","13.0115","0.1754","12.1392","2.3447","False","12.1281","13.1826","12.132000000000001","5.2567","18.2682","8","1","1","False","0"
"40272","1519274510896","1843765489937","1843765582644","9.4461","9.2707","0.1754","9.2453","2.1341","False","6.0896","9.446100000000001","12.1281","7.938700000000001","17.209400000000002","8","1","1","False","0"
"40272","1519274510896","1843765584398","1843765688788","10.5855","10.439","0.14650000000000002","10.2102","1.7221000000000002","False","18.1555","10.6144","6.0896","3.4139000000000004","13.8529","8","1","1","False","0"
"40272","1519274510896","1843765690253","1843765821396","13.2796","13.1143","0.1653","13.585500000000001","2.0497","False","6.0547","13.260800000000001","18.1555","8.3086","21.422900000000002","8","1","1","False","0"
"40272","1519274510896","1843765823049","1843765931068","10.9383","10.8019","0.1364","10.5721","1.6709","False","12.1006","10.9672","6.0547","3.3961","14.198","8","1","1","False","0"
"40272","1519274510896","1843765932432","1843766056173","12.5489","12.3741","0.1748","12.9993","2.1363000000000003","False","12.1285","12.5105","12.1006","2.9862","15.3603","8","1","1","False","0"
"40272","1519274510896","1843766057921","1843766167953","11.141399999999999","11.0032","0.13820000000000002","10.809700000000001","1.7896","False","12.096200000000001","11.178","12.1285","3.9367","14.939900000000002","8","1","1","False","0"
"40272","1519274510896","1843766169335","1843766301351","13.363600000000002","13.201600000000001","0.162","13.5418","1.9719","False","12.1357","13.3398","12.096200000000001","2.6931000000000003","15.8947","8","1","1","False","0"
"40272","1519274510896","1843766302971","1843766415746","11.4287","11.2775","0.1512","11.6668","2.2172","False","12.1286","11.4395","12.1357","3.3893","14.6668","8","1","1","False","0"
"40272","1519274510896","1843766417258","1843766514225","9.8728","9.6967","0.1761","10.967","3.3189","False","12.1315","9.847900000000001","12.1286","5.67","15.366700000000002","8","1","1","False","0"
"40272","1519274510896","1843766515986","1843766647891","13.3174","13.1905","0.1269","11.5442","1.5221","False","12.114","13.3666","12.1315","4.4349","17.625400000000003","8","1","1","False","0"
"40272","1519274510896","1843766649160","1843766734008","8.6383","8.4848","0.1535","12.6132","5.5091","False","6.045100000000001","8.6117","12.114","7.937200000000001","16.422","8","1","1","False","0"
"40272","1519274510896","1843766735543","1843766840466","10.6701","10.4923","0.1778","6.827200000000001","1.6644","False","18.1945","10.645800000000001","6.045100000000001","3.3365","13.828800000000001","8","1","1","False","0"
"40272","1519274510896","1843766842244","1843766990407","14.9533","14.8163","0.137","16.8154","3.8307","False","6.0766","14.994100000000001","18.1945","6.5369","21.3532","8","1","1","False","0"
"40272","1519274510896","1843766991777","1843767081517","9.1507","8.974","0.1767","7.1770000000000005","1.5902","False","12.0914","9.111","6.0766","3.5025","12.476500000000001","8","1","1","False","0"
"40272","1519274510896","1843767083284","1843767206453","12.458","12.3169","0.1411","13.062999999999999","2.1528","False","12.1495","12.4936","12.0914","3.1003000000000003","15.417200000000001","8","1","1","False","0"
"40272","1519274510896","1843767207864","1843767306671","10.029200000000001","9.880700000000001","0.14850000000000002","10.230400000000001","2.3672","False","12.119900000000001","10.0218","12.1495","5.228000000000001","15.1087","8","1","1","False","0"
"40272","1519274510896","1843767308156","1843767426524","12.0586","11.8368","0.2218","11.9268","2.2981000000000003","False","12.1202","11.9853","12.119900000000001","5.3626000000000005","17.1994","8","1","1","False","0"
"40272","1519274510896","1843767428742","1843767550190","12.2884","12.1448","0.1436","12.6303","2.5589","False","12.1003","12.3666","12.1202","5.1162","17.261","8","1","1","False","0"
"40272","1519274510896","1843767551626","1843767682533","13.2504","13.0907","0.1597","12.4259","1.7563000000000002","False","12.139800000000001","13.234300000000001","12.1003","3.9822","17.0729","8","1","1","False","0"
"40272","1519274510896","1843767684130","1843767770388","8.788499999999999","8.6258","0.1627","9.0783","2.0435000000000003","False","12.119900000000001","8.7855","12.139800000000001","7.3365","15.9623","8","1","1","False","0"
"40272","1519274510896","1843767772015","1843767901968","13.1719","12.9953","0.1766","14.5259","3.4037","False","12.1196","13.158000000000001","12.119900000000001","6.2984","19.2937","8","1","1","False","0"
"40272","1519274510896","1843767903734","1843768031449","12.943400000000002","12.771500000000001","0.1719","12.8286","3.2859000000000003","False","12.1204","12.9481","12.1196","5.4699","18.241400000000002","8","1","1","False","0"
"40272","1519274510896","1843768033168","1843768146601","11.5059","11.343300000000001","0.1626","11.9496","3.7236000000000002","False","12.1239","11.5152","12.1204","6.0751","17.418400000000002","8","1","1","False","0"
"40272","1519274510896","1843768148227","1843768260534","11.443000000000001","11.2307","0.21230000000000002","11.0433","3.3466","False","12.1174","11.3933","12.1239","6.805700000000001","18.0364","8","1","1","False","0"
"40272","1519274510896","1843768262657","1843768391527","13.043800000000001","12.887","0.1568","12.971899999999998","3.2503","False","12.1402","13.099300000000001","12.1174","5.8238","18.710800000000003","8","1","1","False","0"
"40272","1519274510896","1843768393095","1843768500944","10.942400000000001","10.7849","0.1575","11.0967","3.4021000000000003","False","6.0461","10.9417","12.1402","7.0223","17.8072","8","1","1","False","0"
"40272","1519274510896","1843768502519","1843768597354","9.609200000000001","9.483500000000001","0.1257","7.843","1.6228","False","18.2458","9.641","6.0461","3.4274","12.9109","8","1","1","False","0"
"40272","1519274510896","1843768598611","1843768729775","13.2542","13.1164","0.1378","17.4771","5.8505","False","5.9769000000000005","13.2421","18.2458","8.4311","21.5475","8","1","1","False","0"
"40272","1519274510896","1843768731153","1843768839693","11.0478","10.854000000000001","0.1938","6.9023","1.7249","False","6.054200000000001","10.991800000000001","5.9769000000000005","3.4162000000000003","14.2702","8","1","1","False","0"
"40272","1519274510896","1843768841631","1843768913630","7.3237000000000005","7.1999","0.12380000000000001","7.237500000000001","1.9111","False","12.119800000000001","7.3937","6.054200000000001","2.0767","9.2766","8","1","1","False","0"
"40272","1519274510896","1843768914868","1843769009517","9.6143","9.4649","0.1494","10.8076","2.8151","False","18.206500000000002","9.588700000000001","12.119800000000001","4.6078","14.072700000000001","8","1","1","False","0"
"40272","1519274510896","1843769011011","1843769165206","15.586200000000002","15.419500000000001","0.16670000000000001","17.4556","4.7024","False","6.078200000000001","15.568900000000001","18.206500000000002","7.2454","22.6649","8","1","1","False","0"
"40272","1519274510896","1843769166873","1843769265299","9.993400000000001","9.842600000000001","0.15080000000000002","6.9735","1.6694","False","12.0972","10.0093","6.078200000000001","3.3143000000000002","13.1569","8","1","1","False","0"
"40272","1519274510896","1843769266807","1843769385575","12.013800000000002","11.876800000000001","0.137","11.818000000000001","1.4676","False","12.122200000000001","12.027600000000001","12.0972","3.3839","15.2607","8","1","1","False","0"
"40272","1519274510896","1843769386945","1843769491623","10.63","10.4678","0.1622","11.122200000000003","1.9554","False","12.136600000000001","10.604800000000001","12.122200000000001","4.9013","15.369100000000001","8","1","1","False","0"
"40272","1519274510896","1843769493245","1843769581896","9.0137","8.8651","0.1486","9.1971","2.1434","False","6.0278","9.0273","12.136600000000001","8.0106","16.875700000000002","8","1","1","False","0"
"40272","1519274510896","1843769583382","1843769689769","10.7805","10.6387","0.1418","10.115","1.4791","False","18.2084","10.7873","6.0278","3.2511","13.889800000000001","8","1","1","False","0"
"40272","1519274510896","1843769691187","1843769825946","13.627200000000002","13.475900000000001","0.15130000000000002","14.2737","2.1311","False","6.0335","13.617700000000001","18.2084","7.8418","21.317700000000002","8","1","1","False","0"
"40272","1519274510896","1843769827459","1843769930587","10.4844","10.312800000000001","0.1716","10.0252","1.6626","False","12.1181","10.4641","6.0335","3.4112","13.724","8","1","1","False","0"
"40272","1519274510896","1843769932303","1843770060927","13.038","12.862400000000001","0.1756","13.511600000000001","2.1532","False","12.1447","13.034","12.1181","2.4953000000000003","15.357700000000001","8","1","1","False","0"
"40272","1519274510896","1843770062683","1843770162706","10.1219","10.0023","0.11960000000000001","9.8481","1.8546","False","12.1285","10.177900000000001","12.1447","4.4621","14.464400000000001","8","1","1","False","0"
"40272","1519274510896","1843770163902","1843770268501","10.6217","10.459900000000001","0.1618","12.0007","3.2536","False","12.1166","10.579500000000001","12.1285","6.0111","16.471","8","1","1","False","0"
"40272","1519274510896","1843770270119","1843770392298","12.388300000000001","12.2179","0.1704","12.330099999999998","3.2016","False","12.1239","12.379700000000001","12.1166","5.748","17.9659","8","1","1","False","0"
"40272","1519274510896","1843770394002","1843770510131","11.7873","11.6129","0.1744","11.9977","3.4115","False","12.1128","11.7833","12.1239","6.0886000000000005","17.7015","8","1","1","False","0"
"40272","1519274510896","1843770511875","1843770638537","12.8187","12.6662","0.1525","11.2485","1.8335000000000001","False","12.1327","12.8406","12.1128","5.3608","18.027","8","1","1","False","0"
"40272","1519274510896","1843770640062","1843770730391","9.2044","9.0329","0.1715","13.0417","6.034000000000001","False","6.0533","9.1854","12.1327","8.3081","17.341","8","1","1","False","0"
"40272","1519274510896","1843770732106","1843770840012","10.928500000000001","10.790600000000001","0.1379","6.8588000000000005","1.596","False","12.102300000000001","10.962100000000001","6.0533","3.3993","14.189900000000002","8","1","1","False","0"
"40272","1519274510896","1843770841391","1843770963967","12.3955","12.2576","0.1379","12.633700000000001","1.8369","False","12.148200000000001","12.3955","12.102300000000001","3.1061","15.363700000000001","8","1","1","False","0"
"40272","1519274510896","1843770965346","1843771057170","9.3596","9.182400000000001","0.1772","10.705300000000001","3.1958","False","12.1102","9.3203","12.148200000000001","5.934","15.1164","8","1","1","False","0"
"40272","1519274510896","1843771058942","1843771178535","12.1212","11.9593","0.16190000000000002","12.091000000000001","3.1598","False","6.0582","12.1365","12.1102","5.9077","17.867","8","1","1","False","0"
"40272","1519274510896","1843771180154","1843771263847","8.5462","8.3693","0.1769","7.0223","1.6651","False","12.1301","8.5312","6.0582","3.4347000000000003","11.804","8","1","1","False","0"
"40272","1519274510896","1843771265616","1843771373489","10.9346","10.7873","0.14730000000000001","11.0455","1.7267000000000001","False","12.1166","10.9642","12.1301","4.6006","15.3879","8","1","1","False","0"
"40272","1519274510896","1843771374962","1843771492386","11.8648","11.7424","0.12240000000000001","12.030700000000001","1.8924","False","12.111","11.889700000000001","12.1166","4.827500000000001","16.5699","8","1","1","False","0"
"40272","1519274510896","1843771493610","1843771627437","13.5297","13.3827","0.14700000000000002","13.7949","2.1684","False","12.120000000000001","13.5051","12.111","3.4334000000000002","16.816100000000002","8","1","1","False","0"
"40272","1519274510896","1843771628907","1843771731919","10.4335","10.3012","0.1323","12.2187","3.9480000000000004","False","12.132800000000001","10.4482","12.120000000000001","5.1052","15.406400000000001","8","1","1","False","0"
"40272","1519274510896","1843771733242","1843771848955","11.7423","11.5713","0.171","9.6457","1.873","False","12.126100000000001","11.7036","12.132800000000001","5.534400000000001","17.105700000000002","8","1","1","False","0"
"40272","1519274510896","1843771850665","1843771952477","10.3839","10.1812","0.20270000000000002","10.282899999999998","1.7793","False","6.046200000000001","10.3522","12.126100000000001","7.3083","17.4895","8","1","1","False","0"
"40272","1519274510896","1843771954504","1843772050821","9.7692","9.6317","0.1375","9.6255","1.6092000000000002","False","12.119200000000001","9.8344","6.046200000000001","3.5201000000000002","13.151800000000001","8","1","1","False","0"
"40272","1519274510896","1843772052196","1843772175501","12.4869","12.3305","0.1564","12.6057","1.7371","False","12.1075","12.468","12.119200000000001","3.1713","15.501800000000001","8","1","1","False","0"
"40272","1519274510896","1843772177065","1843772302951","12.729600000000001","12.588600000000001","0.14100000000000001","12.834200000000001","1.8332000000000002","False","12.1265","12.745000000000001","12.1075","2.5338000000000003","15.1224","8","1","1","False","0"
"40272","1519274510896","1843772304361","1843772416904","11.3994","11.2543","0.1451","11.657799999999998","2.0964","False","12.147","11.3953","12.1265","3.265","14.519300000000001","8","1","1","False","0"
"40272","1519274510896","1843772418355","1843772507827","9.127600000000001","8.9472","0.1804","10.3483","3.3339000000000003","False","12.1225","9.0923","12.147","6.3197","15.266900000000001","8","1","1","False","0"
"40272","1519274510896","1843772509631","1843772617494","10.9678","10.7863","0.18150000000000002","11.378","3.7295000000000003","False","12.106100000000001","10.966700000000001","12.1225","7.4755","18.2618","8","1","1","False","0"
"40272","1519274510896","1843772619309","1843772755009","13.7905","13.57","0.2205","13.220099999999999","3.2168","False","12.148100000000001","13.7515","12.106100000000001","5.8301","19.400100000000002","8","1","1","False","0"
"40272","1519274510896","1843772757214","1843772855644","10.0143","9.843","0.1713","8.976600000000001","2.1219","False","12.1022","10.063500000000001","12.148100000000001","7.914700000000001","17.7577","8","1","1","False","0"
"40272","1519274510896","1843772857357","1843772996336","14.0753","13.8979","0.1774","15.2743","3.3315","False","18.1962","14.0692","12.1022","5.9477","19.8456","8","1","1","False","0"
"40272","1519274510896","1843772998110","1843773141641","14.5218","14.353100000000001","0.16870000000000002","14.9694","3.7793","False","12.0975","14.5305","18.1962","9.6134","23.9665","8","1","1","False","0"
"40272","1519274510896","1843773143328","1843773302080","16.046400000000002","15.875200000000001","0.17120000000000002","16.7818","4.5008","False","12.1205","16.0439","12.0975","5.667000000000001","21.5422","8","1","1","False","0"
"40272","1519274510896","1843773303792","1843773441767","13.926900000000002","13.797500000000001","0.12940000000000002","11.3579","1.9209","False","12.107700000000001","13.9687","12.1205","3.8188","17.616300000000003","8","1","1","False","0"
"40272","1519274510896","1843773443061","1843773580654","13.873000000000001","13.759300000000001","0.11370000000000001","13.7721","2.1088","False","24.259500000000003","13.8887","12.107700000000001","2.0378000000000003","15.7971","8","1","1","False","0"
"40272","1519274510896","1843773581791","1843773715010","13.4823","13.321900000000001","0.16040000000000001","18.6785","7.0327","False","6.0534","13.4356","24.259500000000003","12.8617","26.183600000000002","8","1","1","False","0"
"40272","1519274510896","1843773716614","1843773871462","15.7457","15.4848","0.2609","10.4146","1.7537","False","12.134400000000001","15.6452","6.0534","3.2699000000000003","18.7547","8","1","1","False","0"
"40272","1519274510896","1843773874071","1843773960447","8.808100000000001","8.6376","0.1705","10.4657","3.3644000000000003","False","12.1205","8.8985","12.134400000000001","6.505800000000001","15.143400000000002","8","1","1","False","0"
"40272","1519274510896","1843773962152","1843774101203","14.035","13.905100000000001","0.12990000000000002","12.365400000000001","1.6753","False","12.1188","14.075600000000001","12.1205","4.5507","18.4558","8","1","1","False","0"
"40272","1519274510896","1843774102502","1843774222192","12.114300000000002","11.969000000000001","0.1453","13.1948","2.7589","False","12.106200000000001","12.0989","12.1188","4.570600000000001","16.5396","8","1","1","False","0"
"40272","1519274510896","1843774223645","1843774362511","14.070400000000001","13.886600000000001","0.18380000000000002","13.1049","1.8313000000000001","False","18.2046","14.0319","12.106200000000001","2.6449000000000003","16.5315","8","1","1","False","0"
"40272","1519274510896","1843774364349","1843774486552","12.3951","12.2203","0.1748","13.5609","2.9662","False","6.0327","12.404100000000001","18.2046","8.445400000000001","20.6657","8","1","1","False","0"
"40272","1519274510896","1843774488300","1843774607431","12.0643","11.9131","0.1512","11.2423","2.1401","False","18.196","12.087900000000001","6.0327","2.3902","14.3033","8","1","1","False","0"
"40272","1519274510896","1843774608943","1843774765951","15.8503","15.700800000000001","0.1495","16.5759","2.8742","False","12.1205","15.852","18.196","4.7342","20.435000000000002","8","1","1","False","0"
"40272","1519274510896","1843774767446","1843774893467","12.7462","12.6021","0.1441","12.651900000000001","2.7781000000000002","False","18.1936","12.7516","12.1205","4.1031","16.7052","8","1","1","False","0"
"40272","1519274510896","1843774894908","1843775027608","13.413800000000002","13.270000000000001","0.1438","13.682300000000001","3.0458000000000003","False","12.1216","13.414100000000001","18.1936","8.8826","22.1526","8","1","1","False","0"
"40272","1519274510896","1843775029046","1843775164630","13.715200000000001","13.5584","0.1568","12.523600000000002","1.8426","False","12.113900000000001","13.702200000000001","12.1216","7.3020000000000005","20.860400000000002","8","1","1","False","0"
"40272","1519274510896","1843775166198","1843775306612","14.23","14.041400000000001","0.18860000000000002","15.6127","3.2808","False","12.109900000000001","14.1982","12.113900000000001","5.217700000000001","19.2591","8","1","1","False","0"
"40272","1519274510896","1843775308498","1843775441270","13.4099","13.2772","0.1327","12.0169","1.8324","False","18.1952","13.4658","12.109900000000001","3.8618","17.139","8","1","1","False","0"
"40272","1519274510896","1843775442597","1843775570777","12.953000000000001","12.818000000000001","0.135","14.276299999999999","3.1574","False","6.0612","12.950700000000001","18.1952","9.106300000000001","21.924300000000002","8","1","1","False","0"
"40272","1519274510896","1843775572127","1843775688484","11.8401","11.6357","0.2044","10.440800000000001","1.737","False","12.093300000000001","11.7707","6.0612","3.3968000000000003","15.0325","8","1","1","False","0"
"40272","1519274510896","1843775690528","1843775819957","13.0864","12.9429","0.14350000000000002","13.0875","1.7638","False","18.2227","13.147300000000001","12.093300000000001","2.3428","15.2857","8","1","1","False","0"
"40272","1519274510896","1843775821392","1843775945901","12.620800000000001","12.4509","0.1699","12.9846","2.1348000000000003","False","12.1247","12.5944","18.2227","7.971100000000001","20.422","8","1","1","False","0"
"40272","1519274510896","1843775947600","1843776064510","11.8816","11.691","0.19060000000000002","11.908000000000001","2.2030000000000003","False","12.1021","11.8609","12.1247","8.2349","19.925900000000002","8","1","1","False","0"
"40272","1519274510896","1843776066416","1843776204367","13.942100000000002","13.795100000000001","0.14700000000000002","15.423900000000001","3.6379","False","12.0996","13.985700000000001","12.1021","6.3513","20.1464","8","1","1","False","0"
"40272","1519274510896","1843776205837","1843776351894","14.790000000000001","14.6057","0.18430000000000002","14.1422","3.0016000000000003","False","18.200400000000002","14.7527","12.0996","3.6982000000000004","18.303900000000002","8","1","1","False","0"
"40272","1519274510896","1843776353737","1843776505621","15.303700000000001","15.188400000000001","0.1153","16.6033","4.5812","False","12.101","15.3727","18.200400000000002","6.5259","21.7143","8","1","1","False","0"
"40272","1519274510896","1843776506774","1843776656986","15.154","15.0212","0.1328","14.0443","3.1696","False","18.2122","15.1365","12.101","3.4904","18.5116","8","1","1","False","0"
"40272","1519274510896","1843776658314","1843776794820","13.792100000000001","13.6506","0.14150000000000001","13.490300000000001","2.8764000000000003","False","6.0932","13.7834","18.2122","7.9192","21.5698","8","1","1","False","0"
"40272","1519274510896","1843776796235","1843776901202","10.6499","10.4967","0.1532","9.4025","1.6252","False","18.1279","10.638200000000001","6.0932","3.3742","13.8709","8","1","1","False","0"
"40272","1519274510896","1843776902734","1843777051267","15.063400000000001","14.8533","0.2101","16.9068","3.5026","False","18.1921","15.0065","18.1279","6.4956000000000005","21.3489","8","1","1","False","0"
"40272","1519274510896","1843777053368","1843777223154","17.1576","16.9786","0.17900000000000002","18.3569","4.6891","False","12.1126","17.1887","18.1921","7.4990000000000006","24.477600000000002","8","1","1","False","0"
"40272","1519274510896","1843777224944","1843777380691","15.724","15.5747","0.14930000000000002","12.954400000000001","1.9109","False","24.2509","15.7537","12.1126","3.8579000000000003","19.4326","8","1","1","False","0"
"40272","1519274510896","1843777382184","1843777583595","20.329600000000003","20.1411","0.1885","21.540300000000002","3.1239000000000003","False","12.0959","20.2904","24.2509","7.8184000000000005","27.959500000000002","8","1","1","False","0"
"40272","1519274510896","1843777585480","1843777720190","13.7818","13.471","0.3108","16.136300000000002","5.618","False","24.2712","13.659500000000001","12.0959","6.2548","19.7258","8","1","1","False","0"
"40272","1519274510896","1843777723298","1843777949452","22.756500000000003","22.6154","0.1411","21.7821","4.4931","False","12.112400000000001","22.9262","24.2712","7.5998","30.215200000000003","8","1","1","False","0"
"40272","1519274510896","1843777950863","1843778113918","16.451400000000003","16.305500000000002","0.1459","13.891900000000001","1.9342000000000001","False","18.165300000000002","16.4466","12.112400000000001","3.2656","19.5711","8","1","1","False","0"
"40272","1519274510896","1843778115377","1843778299989","18.6159","18.4612","0.1547","18.8471","2.1615","False","18.185000000000002","18.607100000000003","18.165300000000002","2.8238000000000003","21.285","8","1","1","False","0"
"40272","1519274510896","1843778301536","1843778476710","17.6688","17.517400000000002","0.1514","18.3582","2.8624","False","18.192700000000002","17.6721","18.185000000000002","3.3367","20.854100000000003","8","1","1","False","0"
"40272","1519274510896","1843778478224","1843778634301","15.7916","15.607700000000001","0.1839","15.840499999999999","3.383","False","24.2378","15.7591","18.192700000000002","5.770300000000001","21.378","8","1","1","False","0"
"40272","1519274510896","1843778636140","1843778870136","23.5928","23.3996","0.1932","25.446599999999997","4.770300000000001","False","18.1828","23.5835","24.2378","6.4246","29.8242","8","1","1","False","0"
"40272","1519274510896","1843778872068","1843779079852","20.9221","20.7784","0.1437","18.0881","1.9234","False","24.2468","20.971600000000002","18.1828","3.6358","24.4142","8","1","1","False","0"
"40272","1519274510896","1843779081289","1843779290387","21.0679","20.9098","0.15810000000000002","24.038900000000005","4.899900000000001","False","12.117700000000001","21.0535","24.2468","6.8291","27.7389","8","1","1","False","0"
"40272","1519274510896","1843779291968","1843779429607","13.953700000000001","13.763900000000001","0.1898","11.131799999999998","2.0888","False","24.242700000000003","13.922","12.117700000000001","5.0248","18.788700000000002","8","1","1","False","0"
"40272","1519274510896","1843779431505","1843779653169","22.3357","22.1664","0.1693","25.064700000000002","4.8091","False","18.192700000000002","22.3562","24.242700000000003","6.911300000000001","29.0777","8","1","1","False","0"
"40272","1519274510896","1843779654862","1843779840959","18.7668","18.6097","0.15710000000000002","17.3773","3.4179000000000004","False","18.1975","18.779","18.192700000000002","6.325","24.9347","8","1","1","False","0"
"40272","1519274510896","1843779842530","1843780021064","18.0425","17.8534","0.18910000000000002","18.0423","3.4386","False","24.209400000000002","18.0105","18.1975","6.5120000000000005","24.3654","8","1","1","False","0"
"40272","1519274510896","1843780022955","1843780301498","28.029700000000002","27.854300000000002","0.1754","26.4895","1.8757000000000001","False","30.336000000000002","28.043400000000002","24.209400000000002","2.678","30.532300000000003","8","1","1","False","0"
"40272","1519274510896","1843780303252","1843780567758","26.622300000000003","26.4506","0.17170000000000002","29.205600000000004","4.4701","False","30.2665","26.626","30.336000000000002","6.388","32.8386","8","1","1","False","0"
"40272","1519274510896","1843780569475","1843780898433","33.0822","32.8958","0.1864","31.5209","2.8995","False","30.331500000000002","33.0675","30.2665","3.587","36.482800000000005","8","1","1","False","0"
"40272","1519274510896","1843780900297","1843781187714","28.8684","28.7417","0.1267","29.1037","3.1168","False","30.319300000000002","28.9281","30.331500000000002","4.9904","33.7321","8","1","1","False","0"
"40272","1519274510896","1843781188981","1843781465896","27.846400000000003","27.6915","0.1549","27.5756","3.1848","False","24.2298","27.8182","30.319300000000002","7.4915","35.183","8","1","1","False","0"
"40272","1519274510896","1843781467445","1843781713893","24.8169","24.6448","0.1721","25.660300000000003","3.7162","False","18.1716","24.7997","24.2298","6.921600000000001","31.5664","8","1","1","False","0"
"40272","1519274510896","1843781715614","1843781907280","19.3362","19.166600000000003","0.1696","18.9239","3.3012","False","24.2238","19.3387","18.1716","5.7545","24.921100000000003","8","1","1","False","0"
"40272","1519274510896","1843781908976","1843782142929","23.599700000000002","23.395300000000002","0.2044","25.5634","5.2794","False","24.2577","23.5649","24.2238","6.4134","29.8087","8","1","1","False","0"
"40272","1519274510896","1843782144973","1843782402296","25.8748","25.732300000000002","0.14250000000000002","24.1206","3.4947000000000004","False","24.233","25.936700000000002","24.2577","4.7344","30.466700000000003","8","1","1","False","0"
"40272","1519274510896","1843782403721","1843782652473","25.0825","24.8752","0.2073","22.1365","0.5876","False","24.248900000000003","25.0177","24.233","3.9497","28.824900000000003","8","1","1","False","0"
"40272","1519274510896","1843782654546","1843782890092","23.7081","23.5546","0.1535","23.553700000000003","0.3876","False","18.174","23.7619","24.248900000000003","4.4367","27.991300000000003","8","1","1","False","0"
"40272","1519274510896","1843782891627","1843783089216","19.898500000000002","19.7589","0.1396","19.8943","0.3912","False","18.1843","19.9124","18.174","2.6983","22.4572","8","1","1","False","0"
"40272","1519274510896","1843783090612","1843783266075","17.680600000000002","17.546300000000002","0.1343","17.5955","0.3042","False","18.1793","17.6859","18.1843","3.1967000000000003","20.743000000000002","8","1","1","False","0"
"40272","1519274510896","1843783267418","1843783455934","19.006600000000002","18.8516","0.155","19.096500000000002","0.4025","False","24.2539","18.9859","18.1793","2.3901000000000003","21.2417","8","1","1","False","0"
"40272","1519274510896","1843783457484","1843783666062","21.048000000000002","20.8578","0.1902","21.025100000000002","0.38820000000000005","False","18.180500000000002","21.012800000000002","24.2539","5.631200000000001","26.489","8","1","1","False","0"
"40272","1519274510896","1843783667964","1843783848237","18.2001","18.0273","0.1728","18.102","0.2974","False","18.1868","18.2175","18.180500000000002","5.5942","23.6215","8","1","1","False","0"
"40272","1519274510896","1843783849965","1843784024192","17.592900000000004","17.422700000000003","0.17020000000000002","17.6091","0.3047","False","18.1527","17.5955","18.1868","6.1855","23.6082","8","1","1","False","0"
"40272","1519274510896","1843784025894","1843784251465","22.709500000000002","22.557100000000002","0.1524","22.6062","0.36710000000000004","False","24.2636","22.7273","18.1527","1.6109","24.168000000000003","8","1","1","False","0"
"40272","1519274510896","1843784252989","1843784444807","19.3456","19.181800000000003","0.1638","19.5017","0.34890000000000004","False","12.1044","19.3342","24.2636","6.5403","25.7221","8","1","1","False","0"
"40272","1519274510896","1843784446445","1843784602965","15.793600000000001","15.652000000000001","0.1416","15.7566","0.30970000000000003","False","24.2487","15.815800000000001","12.1044","2.8289","18.480900000000002","8","1","1","False","0"
"40272","1519274510896","1843784604381","1843784847130","24.438200000000002","24.274900000000002","0.1633","24.5305","0.4061","False","18.177500000000002","24.416500000000003","24.2487","2.6611000000000002","26.936","8","1","1","False","0"
"40272","1519274510896","1843784848763","1843785029943","18.3057","18.118000000000002","0.1877","18.2227","0.34540000000000004","False","18.1994","18.2813","18.177500000000002","2.5573","20.6753","8","1","1","False","0"
"40272","1519274510896","1843785031820","1843785199491","16.938499999999998","16.7671","0.1714","16.9251","0.31","False","18.145500000000002","16.954800000000002","18.1994","3.8019000000000003","20.569000000000003","8","1","1","False","0"
"40272","1519274510896","1843785201205","1843785399030","19.936600000000002","19.782500000000002","0.15410000000000001","20.0121","0.3917","False","24.2755","19.9539","18.145500000000002","1.9935","21.776","8","1","1","False","0"
"40272","1519274510896","1843785400571","1843785595590","19.674100000000003","19.501900000000003","0.17220000000000002","19.7412","0.4617","False","18.1812","19.656000000000002","24.2755","6.613","26.114900000000002","8","1","1","False","0"
"40272","1519274510896","1843785597312","1843785802933","20.706300000000002","20.5621","0.1442","20.5731","0.3068","False","18.1505","20.7343","18.1812","4.0599","24.622","8","1","1","False","0"
"40272","1519274510896","1843785804375","1843786017658","21.487700000000004","21.328300000000002","0.15940000000000001","21.4859","0.32020000000000004","False","24.2542","21.4725","18.1505","0.7379","22.066200000000002","8","1","1","False","0"
"40272","1519274510896","1843786019252","1843786247677","22.998800000000003","22.8425","0.1563","23.0699","0.3886","False","24.264000000000003","23.001900000000003","24.2542","1.9902000000000002","24.832700000000003","8","1","1","False","0"
"40272","1519274510896","1843786249240","1843786466374","21.8625","21.7134","0.1491","21.874200000000002","0.3894","False","18.168300000000002","21.8697","24.264000000000003","4.3845","26.097900000000003","8","1","1","False","0"
"40272","1519274510896","1843786467865","1843786670672","20.427799999999998","20.2807","0.1471","20.345000000000002","0.3161","False","24.2451","20.4298","18.168300000000002","2.123","22.4037","8","1","1","False","0"
"40272","1519274510896","1843786672143","1843786920416","24.9757","24.8273","0.1484","24.8411","0.45270000000000005","False","24.2469","24.974400000000003","24.2451","1.3937000000000002","26.221","8","1","1","False","0"
"40272","1519274510896","1843786921900","1843787152632","23.2636","23.0732","0.1904","23.453300000000002","0.388","False","24.237000000000002","23.221600000000002","24.2469","2.419","25.4922","8","1","1","False","0"
"40272","1519274510896","1843787154536","1843787393128","24","23.8592","0.1408","24.0261","0.39280000000000004","False","24.2484","24.0496","24.237000000000002","2.6064000000000003","26.465600000000002","8","1","1","False","0"
"40272","1519274510896","1843787394536","1843787621907","22.8654","22.7371","0.1283","22.883100000000002","0.4055","False","18.1686","22.8779","24.2484","3.9769","26.714000000000002","8","1","1","False","0"
"40272","1519274510896","1843787623190","1843787832386","21.085100000000004","20.919600000000003","0.1655","20.9934","0.32080000000000003","False","24.258300000000002","21.047900000000002","18.1686","1.0976000000000001","22.017200000000003","8","1","1","False","0"
"40272","1519274510896","1843787834041","1843788022273","18.9999","18.8232","0.1767","19.053800000000003","0.39","False","18.162000000000003","18.9887","24.258300000000002","6.3672","25.1904","8","1","1","False","0"
"40272","1519274510896","1843788024040","1843788258013","23.549100000000003","23.3973","0.15180000000000002","23.4704","0.3004","False","24.2432","23.574","18.162000000000003","0.9552","24.352500000000003","8","1","1","False","0"
"40272","1519274510896","1843788259531","1843788492402","23.463500000000003","23.287100000000002","0.1764","23.5793","0.4177","False","18.1885","23.4389","24.2432","1.7595","25.0466","8","1","1","False","0"
"40272","1519274510896","1843788494166","1843788682250","18.983500000000003","18.808400000000002","0.1751","18.979400000000002","0.4193","False","18.178","18.9848","18.1885","0.9632000000000001","19.7716","8","1","1","False","0"
"40272","1519274510896","1843788684001","1843788843270","16.084000000000003","15.926900000000002","0.15710000000000002","15.9603","0.2978","False","24.2603","16.102","18.178","3.0392","18.9661","8","1","1","False","0"
"40272","1519274510896","1843788844841","1843789066540","22.3062","22.169900000000002","0.1363","22.3395","0.31470000000000004","False","18.1869","22.327","24.2603","4.9725","27.142400000000002","8","1","1","False","0"
"40272","1519274510896","1843789067903","1843789237767","17.1683","16.9864","0.1819","17.166800000000002","0.32130000000000003","False","12.116800000000001","17.122700000000002","18.1869","6.036700000000001","23.0231","8","1","1","False","0"
"40272","1519274510896","1843789239586","1843789393390","15.534699999999999","15.3804","0.15430000000000002","15.5243","0.3093","False","18.1615","15.5623","12.116800000000001","2.5912","17.971600000000002","8","1","1","False","0"
"40272","1519274510896","1843789394933","1843789568228","17.4542","17.3295","0.1247","17.3416","0.3397","False","24.2411","17.483800000000002","18.1615","3.2689000000000004","20.5984","8","1","1","False","0"
"40272","1519274510896","1843789569475","1843789812490","24.4569","24.3015","0.1554","24.6616","0.39230000000000004","False","18.1787","24.4262","24.2411","3.0838","27.3853","8","1","1","False","0"
"40272","1519274510896","1843789814044","1843790009424","19.7205","19.538","0.1825","19.715600000000002","0.4063","False","24.273","19.6934","18.1787","1.5691000000000002","21.107100000000003","8","1","1","False","0"
"40272","1519274510896","1843790011249","1843790217967","20.8638","20.6718","0.192","20.8259","0.3966","False","18.1735","20.854300000000002","24.273","4.9878","25.6596","8","1","1","False","0"
"40272","1519274510896","1843790219887","1843790422731","20.452900000000003","20.2844","0.1685","20.3882","0.2993","False","18.1754","20.4764","18.1735","2.6849000000000003","22.9693","8","1","1","False","0"
"40272","1519274510896","1843790424416","1843790586359","16.3228","16.194300000000002","0.1285","16.3438","0.3035","False","18.175900000000002","16.3628","18.1754","4.4975000000000005","20.6918","8","1","1","False","0"
"40272","1519274510896","1843790587644","1843790789950","20.4859","20.230600000000003","0.2553","20.4358","0.33680000000000004","False","24.2483","20.3591","18.175900000000002","2.3143000000000002","22.544900000000002","8","1","1","False","0"
"40272","1519274510896","1843790792503","1843791003382","21.2759","21.0879","0.188","21.2859","0.3015","False","18.1875","21.3432","24.2483","5.2194","26.3073","8","1","1","False","0"
"40272","1519274510896","1843791005262","1843791200200","19.7068","19.4938","0.21300000000000002","19.7118","0.3357","False","24.2239","19.681800000000003","18.1875","3.7251000000000003","23.2189","8","1","1","False","0"
"40272","1519274510896","1843791202330","1843791424411","22.427000000000003","22.2081","0.2189","22.478","0.3655","False","42.4501","22.421100000000003","24.2239","5.527900000000001","27.736","8","1","1","False","0"
"40272","1519274510896","1843791426600","1843791853467","42.8934","42.6867","0.20670000000000002","42.8935","0.5104000000000001","False","24.223100000000002","42.9056","42.4501","5.0724","47.759100000000004","8","1","1","False","0"
"40272","1519274510896","1843791855534","1843792139403","28.601100000000002","28.3869","0.2142","28.6552","0.4166","False","42.447500000000005","28.593600000000002","24.223100000000002","0.7019000000000001","29.088800000000003","8","1","1","False","0"
"40272","1519274510896","1843792141545","1843792553181","41.349900000000005","41.1636","0.18630000000000002","41.1377","0.448","False","30.309600000000003","41.3778","42.447500000000005","1.7716","42.9352","8","1","1","False","0"
"40272","1519274510896","1843792555044","1843792835795","28.254","28.075100000000003","0.1789","28.3609","0.2828","False","30.288300000000003","28.261400000000002","30.309600000000003","3.8198000000000003","31.8949","8","1","1","False","0"
"40272","1519274510896","1843792837584","1843793127409","29.1584","28.9825","0.1759","29.2574","0.387","False","18.1826","29.1614","30.288300000000003","4.9467","33.9292","8","1","1","False","0"
"40272","1519274510896","1843793129168","1843793309659","18.2626","18.0491","0.21350000000000002","18.2574","0.3834","False","18.1586","18.225","18.1826","4.9043","22.953400000000002","8","1","1","False","0"
"40272","1519274510896","1843793311794","1843793532180","22.283800000000003","22.038600000000002","0.2452","22.1954","0.327","False","30.331100000000003","22.252100000000002","18.1586","0.8108000000000001","22.849400000000003","8","1","1","False","0"
"40272","1519274510896","1843793534632","1843793791063","25.8199","25.6431","0.1768","25.9056","0.38220000000000004","False","24.230700000000002","25.8883","30.331100000000003","5.2536000000000005","30.896700000000003","8","1","1","False","0"
"40272","1519274510896","1843793792831","1843794050236","25.951900000000002","25.7405","0.2114","25.9981","0.4254","False","18.159000000000002","25.9173","24.230700000000002","3.567","29.3075","8","1","1","False","0"
"40272","1519274510896","1843794052350","1843794258314","20.840200000000003","20.596400000000003","0.24380000000000002","20.747","0.3628","False","24.273","20.8078","18.159000000000002","0.9182","21.5146","8","1","1","False","0"
"40272","1519274510896","1843794260752","1843794458666","20.042099999999998","19.7914","0.25070000000000003","19.9874","0.33140000000000003","False","18.182100000000002","20.0352","24.273","5.156000000000001","24.947400000000002","8","1","1","False","0"
"40272","1519274510896","1843794461173","1843794637860","17.883100000000002","17.6687","0.2144","17.9525","0.36160000000000003","False","24.244500000000002","17.9194","18.182100000000002","5.4187","23.087400000000002","8","1","1","False","0"
"40272","1519274510896","1843794640004","1843794897531","25.9386","25.7527","0.1859","25.9726","0.38420000000000004","False","24.239600000000003","25.967100000000002","24.244500000000002","3.6961000000000004","29.448800000000002","8","1","1","False","0"
"40272","1519274510896","1843794899390","1843795124716","22.751800000000003","22.532600000000002","0.2192","22.8468","0.5081","False","24.2466","22.718500000000002","24.239600000000003","5.2172","27.7498","8","1","1","False","0"
"40272","1519274510896","1843795126908","1843795380526","25.563100000000002","25.361800000000002","0.2013","25.4507","0.3622","False","18.186400000000003","25.581","24.2466","3.8828","29.244600000000002","8","1","1","False","0"
"40272","1519274510896","1843795382539","1843795575036","19.4651","19.2497","0.2154","19.410700000000002","0.3254","False","24.2165","19.451","18.186400000000003","2.6182000000000003","21.867900000000002","8","1","1","False","0"
"40272","1519274510896","1843795577190","1843795822413","24.7847","24.5223","0.2624","24.8447","0.4143","False","24.2591","24.7377","24.2165","2.097","26.619300000000003","8","1","1","False","0"
"40272","1519274510896","1843795825037","1843796068211","24.535300000000003","24.317400000000003","0.2179","24.3288","0.4204","False","24.2371","24.579800000000002","24.2591","1.7763","26.093700000000002","8","1","1","False","0"
"40272","1519274510896","1843796070390","1843796301801","23.322200000000002","23.1411","0.1811","23.5197","0.36410000000000003","False","24.2237","23.359","24.2371","2.6544000000000003","25.7955","8","1","1","False","0"
"40272","1519274510896","1843796303612","1843796555856","25.547100000000004","25.224400000000003","0.32270000000000004","25.552500000000002","0.43910000000000005","False","24.2829","25.4055","24.2237","1.4726000000000001","26.697000000000003","8","1","1","False","0"
"40272","1519274510896","1843796559083","1843796764066","20.6753","20.4983","0.17700000000000002","20.6008","0.2817","False","18.1619","20.821","24.2829","4.9345","25.4328","8","1","1","False","0"
"40272","1519274510896","1843796765836","1843796954345","19.0211","18.8509","0.17020000000000002","19.0121","0.2798","False","18.1596","19.027900000000002","18.1619","4.0685","22.9194","8","1","1","False","0"
"40272","1519274510896","1843796956047","1843797170961","21.669800000000002","21.491400000000002","0.1784","21.712600000000002","0.3224","False","24.265800000000002","21.6616","18.1596","0.5665","22.0579","8","1","1","False","0"
"40272","1519274510896","1843797172745","1843797379407","20.8733","20.6662","0.2071","20.890600000000003","0.3417","False","18.1706","20.8446","24.265800000000002","3.9877000000000002","24.6539","8","1","1","False","0"
"40272","1519274510896","1843797381478","1843797566153","18.6476","18.4675","0.1801","18.5962","0.2921","False","24.2696","18.6746","18.1706","3.4837000000000002","21.9512","8","1","1","False","0"
"40272","1519274510896","1843797567954","1843797788953","22.267000000000003","22.0999","0.1671","22.4587","0.4681","False","18.1296","22.28","24.2696","5.4733","27.5732","8","1","1","False","0"
"40272","1519274510896","1843797790624","1843798019229","23.119000000000003","22.860500000000002","0.2585","22.8882","0.27840000000000004","False","30.3201","23.0276","18.1296","0.5753","23.4358","8","1","1","False","0"
"40272","1519274510896","1843798021814","1843798290151","27.0082","26.8337","0.17450000000000002","27.1075","0.3432","False","24.275100000000002","27.092200000000002","30.3201","3.8032000000000004","30.6369","8","1","1","False","0"
"40272","1519274510896","1843798291896","1843798520505","23.075300000000002","22.8609","0.2144","23.047700000000003","0.32880000000000004","False","18.142200000000003","23.035400000000003","24.275100000000002","5.0429","27.9038","8","1","1","False","0"
"40272","1519274510896","1843798522649","1843798742217","22.137600000000003","21.9568","0.18080000000000002","22.1094","0.2912","False","24.249200000000002","22.171200000000002","18.142200000000003","1.0139","22.9707","8","1","1","False","0"
"40272","1519274510896","1843798744025","1843798980635","23.8337","23.661","0.17270000000000002","23.896700000000003","0.34940000000000004","False","24.2401","23.841800000000003","24.249200000000002","1.4213","25.0823","8","1","1","False","0"
"40272","1519274510896","1843798982362","1843799227691","24.850900000000003","24.5329","0.318","24.866600000000002","0.4354","False","30.3411","24.7056","24.2401","0.9558000000000001","25.4887","8","1","1","False","0"
"40272","1519274510896","1843799230871","1843799479162","25.0824","24.8291","0.2533","25.0637","0.3941","False","18.1463","25.147100000000002","30.3411","6.1498","30.978900000000003","8","1","1","False","0"
"40272","1519274510896","1843799481695","1843799699167","21.9026","21.7472","0.1554","21.8551","0.29650000000000004","False","24.2716","22.000500000000002","18.1463","2.2956000000000003","24.0428","8","1","1","False","0"
"40272","1519274510896","1843799700721","1843799906363","20.8356","20.5642","0.27140000000000003","20.8478","0.3685","False","18.1778","20.7196","24.2716","5.8476","26.4118","8","1","1","False","0"
"40272","1519274510896","1843799909077","1843800106927","19.966","19.785","0.18100000000000002","19.912300000000002","0.2713","False","18.1679","20.0564","18.1778","3.9690000000000003","23.754","8","1","1","False","0"
"40272","1519274510896","1843800108737","1843800311058","20.443600000000004","20.232100000000003","0.21150000000000002","20.433400000000002","0.2667","False","24.2533","20.4131","18.1679","1.7238","21.9559","8","1","1","False","0"
"40272","1519274510896","1843800313173","1843800521218","20.9571","20.8045","0.1526","21.0064","0.2822","False","18.1833","21.016000000000002","24.2533","4.9611","25.765600000000003","8","1","1","False","0"
"40272","1519274510896","1843800522744","1843800714729","19.36","19.1985","0.1615","19.236800000000002","0.3315","False","18.1931","19.351100000000002","18.1833","3.7933000000000003","22.9918","8","1","1","False","0"
"40272","1519274510896","1843800716344","1843800893255","17.876800000000003","17.691100000000002","0.1857","17.990000000000002","0.3013","False","18.1766","17.852600000000002","18.1931","4.1338","21.8249","8","1","1","False","0"
"40272","1519274510896","1843800895112","1843801079501","18.7249","18.4389","0.28600000000000003","18.7031","0.3085","False","24.249200000000002","18.6246","18.1766","3.6858","22.1247","8","1","1","False","0"
"40272","1519274510896","1843801082361","1843801310921","23.049500000000002","22.856","0.1935","23.0593","0.2787","False","18.165300000000002","23.142","24.249200000000002","4.793","27.649","8","1","1","False","0"
"40272","1519274510896","1843801312856","1843801511103","20.067","19.8247","0.24230000000000002","20.044700000000002","0.2939","False","18.2071","20.0182","18.165300000000002","2.9401","22.7648","8","1","1","False","0"
"40272","1519274510896","1843801513526","1843801701695","19.085","18.8169","0.2681","19.1246","0.3396","False","24.218700000000002","19.0592","18.2071","2.088","20.9049","8","1","1","False","0"
"40272","1519274510896","1843801704376","1843801913392","21.111400000000003","20.901600000000002","0.20980000000000001","21.2159","0.4232","False","12.0858","21.169700000000002","24.218700000000002","5.1370000000000005","26.038600000000002","8","1","1","False","0"
"40272","1519274510896","1843801915490","1843802079388","16.6771","16.3898","0.2873","16.5543","0.3111","False","36.4163","16.599600000000002","12.0858","0.6232","17.013","8","1","1","False","0"
"40272","1519274510896","1843802082261","1843802395780","31.5363","31.3519","0.1844","31.6319","0.3811","False","18.1627","31.639200000000002","36.4163","5.4003000000000005","36.7522","8","1","1","False","0"
"40272","1519274510896","1843802397624","1843802595016","19.9779","19.7392","0.23870000000000002","19.9066","0.32580000000000003","False","24.2363","19.9236","18.1627","3.6394","23.378600000000002","8","1","1","False","0"
"40272","1519274510896","1843802597403","1843802831694","23.6564","23.429100000000002","0.2273","23.709400000000002","0.3544","False","24.2531","23.6678","24.2363","4.2079","27.637","8","1","1","False","0"
"40272","1519274510896","1843802833967","1843803050342","21.8769","21.6375","0.2394","21.921","0.4309","False","12.087800000000001","21.864800000000002","24.2531","6.5962000000000005","28.233700000000002","8","1","1","False","0"
"40272","1519274510896","1843803052736","1843803218134","16.8642","16.5398","0.3244","16.6945","0.3115","False","24.239900000000002","16.7792","12.087800000000001","1.9048","18.4446","8","1","1","False","0"
"40272","1519274510896","1843803221378","1843803461765","24.278200000000002","24.038700000000002","0.23950000000000002","24.4249","0.4048","False","24.2697","24.363100000000003","24.239900000000002","1.7816","25.8203","8","1","1","False","0"
"40272","1519274510896","1843803464160","1843803677651","21.5443","21.3491","0.1952","21.540300000000002","0.39390000000000003","False","24.2289","21.5886","24.2697","4.4627","25.8118","8","1","1","False","0"
"40272","1519274510896","1843803679603","1843803943106","26.5629","26.3503","0.2126","26.3702","0.4476","False","24.2667","26.5455","24.2289","2.1461","28.4964","8","1","1","False","0"
"40272","1519274510896","1843803945232","1843804161727","21.8719","21.6495","0.22240000000000001","22.073800000000002","0.40340000000000004","False","24.2462","21.8621","24.2667","4.5507","26.200200000000002","8","1","1","False","0"
"40272","1519274510896","1843804163951","1843804387322","22.5812","22.3371","0.2441","22.562900000000006","0.3971","False","24.2345","22.5595","24.2462","6.2374","28.5745","8","1","1","False","0"
"40272","1519274510896","1843804389763","1843804627038","24.080500000000004","23.727500000000003","0.35300000000000004","23.9983","0.3682","False","18.1917","23.971600000000002","24.2345","6.5003","30.227800000000002","8","1","1","False","0"
"40272","1519274510896","1843804630568","1843804850544","22.2008","21.997600000000002","0.20320000000000002","22.2464","0.3383","False","24.2393","22.3506","18.1917","2.3414","24.339000000000002","8","1","1","False","0"
"40272","1519274510896","1843804852576","1843805067430","21.674100000000003","21.485400000000002","0.1887","21.6907","0.3633","False","24.2267","21.6886","24.2393","4.8921","26.3775","8","1","1","False","0"
"40272","1519274510896","1843805069317","1843805310618","24.3333","24.130100000000002","0.20320000000000002","24.3852","0.39890000000000003","False","18.1767","24.3188","24.2267","4.8","28.930100000000003","8","1","1","False","0"
"40272","1519274510896","1843805312650","1843805513916","20.4193","20.1266","0.2927","20.351100000000002","0.3493","False","24.2478","20.329800000000002","18.1767","2.6469","22.773500000000002","8","1","1","False","0"
"40272","1519274510896","1843805516843","1843805748792","23.4212","23.1949","0.2263","23.381099999999996","0.3163","False","24.258100000000002","23.4876","24.2478","3.4071000000000002","26.602","8","1","1","False","0"
"40272","1519274510896","1843805751055","1843805968891","22.0594","21.7836","0.2758","22.112000000000002","0.3927","False","18.1701","22.009900000000002","24.258100000000002","5.6553","27.4389","8","1","1","False","0"
"40272","1519274510896","1843805971649","1843806171900","20.217200000000002","20.025100000000002","0.19210000000000002","20.1979","0.33340000000000003","False","18.145","20.300900000000002","18.1701","3.5245","23.5496","8","1","1","False","0"
"40272","1519274510896","1843806173821","1843806379391","20.795700000000004","20.557000000000002","0.23870000000000002","20.7619","0.32430000000000003","False","24.271700000000003","20.749100000000002","18.145","0.9204","21.4774","8","1","1","False","0"
"40272","1519274510896","1843806381778","1843806601826","22.290399999999998","22.0048","0.2856","22.3549","0.38870000000000005","False","18.1552","22.2435","24.271700000000003","2.9486000000000003","24.953400000000002","8","1","1","False","0"
"40272","1519274510896","1843806604682","1843806805932","20.3745","20.125","0.2495","20.3653","0.3704","False","30.3442","20.410600000000002","18.1552","0.6932","20.8182","8","1","1","False","0"
"40272","1519274510896","1843806808427","1843807066497","25.997500000000002","25.807000000000002","0.1905","26.0488","0.4086","False","24.238400000000002","26.0565","30.3442","4.9809","30.7879","8","1","1","False","0"
"40272","1519274510896","1843807068402","1843807315958","24.947000000000003","24.7556","0.19140000000000001","24.947300000000002","0.3945","False","24.2422","24.9461","24.238400000000002","4.2732","29.0288","8","1","1","False","0"
"40272","1519274510896","1843807317872","1843807545273","22.9475","22.7401","0.2074","22.6931","0.35000000000000003","False","24.249000000000002","22.9315","24.2422","5.5839","28.324","8","1","1","False","0"
"40272","1519274510896","1843807547347","1843807787096","24.2267","23.9749","0.2518","24.4217","0.3765","False","18.1842","24.1823","24.249000000000002","5.6506","29.625500000000002","8","1","1","False","0"
"40272","1519274510896","1843807789614","1843807964573","17.756200000000003","17.495900000000002","0.26030000000000003","17.701800000000002","0.3103","False","18.1702","17.747700000000002","18.1842","6.0871","23.583000000000002","8","1","1","False","0"
"40272","1519274510896","1843807967176","1843808154615","18.923","18.7439","0.1791","18.9342","0.3035","False","12.084200000000001","19.0042","18.1702","5.2531","23.997","8","1","1","False","0"
"40272","1519274510896","1843808156406","1843808303806","14.9707","14.74","0.23070000000000002","15.0418","0.38230000000000003","False","24.2562","14.9191","12.084200000000001","2.4182","17.1582","8","1","1","False","0"
"40272","1519274510896","1843808306113","1843808547046","24.2693","24.093300000000003","0.17600000000000002","24.2685","0.35850000000000004","False","18.169","24.324","24.2562","2.3504","26.4437","8","1","1","False","0"
"40272","1519274510896","1843808548806","1843808743684","19.6788","19.4878","0.191","19.6761","0.3779","False","18.1771","19.663800000000002","18.169","0.8556","20.343400000000003","8","1","1","False","0"
"40272","1519274510896","1843808745594","1843808921537","17.8565","17.5943","0.2622","17.885","0.4272","False","36.391200000000005","17.7853","18.1771","1.2474","18.8417","8","1","1","False","0"
"40272","1519274510896","1843808924159","1843809259051","33.7184","33.489200000000004","0.22920000000000001","33.6163","0.3089","False","18.186600000000002","33.751400000000004","36.391200000000005","3.8872","37.376400000000004","8","1","1","False","0"
"40272","1519274510896","1843809261343","1843809430293","17.0934","16.895","0.19840000000000002","17.0978","0.3149","False","18.1693","17.124200000000002","18.186600000000002","4.9496","21.8446","8","1","1","False","0"
"40272","1519274510896","1843809432277","1843809628228","19.797200000000004","19.595100000000002","0.2021","19.945","0.4455","False","24.265900000000002","19.7935","18.1693","3.3254","22.9205","8","1","1","False","0"
"40272","1519274510896","1843809630249","1843809840039","21.203400000000002","20.979000000000003","0.22440000000000002","21.043400000000002","0.2978","False","12.0798","21.1811","24.265900000000002","6.410200000000001","27.389200000000002","8","1","1","False","0"
"40272","1519274510896","1843809842283","1843809988855","14.830900000000002","14.657200000000001","0.17370000000000002","14.8473","0.2978","False","30.3302","14.8816","12.0798","3.6084","18.2656","8","1","1","False","0"
"40272","1519274510896","1843809990592","1843810284402","29.590600000000002","29.381","0.2096","29.665100000000002","0.3885","False","18.184","29.5547","30.3302","4.383900000000001","33.764900000000004","8","1","1","False","0"
"40272","1519274510896","1843810286498","1843810480610","19.604","19.4112","0.1928","19.4384","0.35900000000000004","False","18.1855","19.620800000000003","18.184","2.9471000000000003","22.3583","8","1","1","False","0"
"40272","1519274510896","1843810482538","1843810642256","16.1516","15.9718","0.17980000000000002","16.2463","0.3002","False","24.2228","16.1646","18.1855","4.968","20.9398","8","1","1","False","0"
"40272","1519274510896","1843810644054","1843810912731","27.084300000000002","26.867700000000003","0.21660000000000001","27.1692","0.4038","False","30.3277","27.047500000000003","24.2228","2.1433","29.011000000000003","8","1","1","False","0"
"40272","1519274510896","1843810914897","1843811174654","26.2431","25.9757","0.2674","26.192600000000006","0.37270000000000003","False","36.3763","26.192300000000003","30.3277","6.278700000000001","32.254400000000004","8","1","1","False","0"
"40272","1519274510896","1843811177328","1843811538298","36.3921","36.097","0.29510000000000003","36.4118","0.39790000000000003","False","30.2908","36.3644","36.3763","6.2906","42.3876","8","1","1","False","0"
"40272","1519274510896","1843811541249","1843811840722","30.2071","29.947300000000002","0.25980000000000003","30.197000000000003","0.3695","False","24.247500000000002","30.2424","30.2908","6.339","36.286300000000004","8","1","1","False","0"
"40272","1519274510896","1843811843320","1843812088811","24.928300000000004","24.549100000000003","0.37920000000000004","24.9399","0.439","False","24.216","24.8089","24.247500000000002","5.7776000000000005","30.326700000000002","8","1","1","False","0"
"40272","1519274510896","1843812092603","1843812336114","24.5634","24.351100000000002","0.21230000000000002","24.562","0.38980000000000004","False","24.2663","24.7303","24.216","5.2633","29.6144","8","1","1","False","0"
"40272","1519274510896","1843812338237","1843812586291","25.037200000000002","24.805400000000002","0.2318","25.4605","0.7989","False","24.2469","25.0177","24.2663","4.5119","29.317300000000003","8","1","1","False","0"
"40272","1519274510896","1843812588609","1843812806980","22.075499999999998","21.8371","0.2384","22.037000000000003","0.7701","False","24.2357","22.0689","24.2469","6.689900000000001","28.527","8","1","1","False","0"
"40272","1519274510896","1843812809364","1843813057601","25.0897","24.823700000000002","0.266","24.8534","0.5415","False","30.3148","25.0621","24.2357","5.8635","30.6872","8","1","1","False","0"
"40272","1519274510896","1843813060261","1843813351650","29.435500000000005","29.138900000000003","0.29660000000000003","29.6776","0.8022","False","18.1617","29.4049","30.3148","6.7734000000000005","35.9123","8","1","1","False","0"
"40272","1519274510896","1843813354616","1843813543060","19.0359","18.8444","0.1915","18.8158","0.5346000000000001","False","12.1195","19.141000000000002","18.1617","5.7941","24.6385","8","1","1","False","0"
"40272","1519274510896","1843813544975","1843813661966","11.955200000000001","11.699100000000001","0.2561","11.946800000000001","0.551","False","12.0981","11.890600000000001","12.1195","6.023000000000001","17.7221","8","1","1","False","0"
"40272","1519274510896","1843813664527","1843813831480","16.9204","16.6953","0.22510000000000002","16.9475","0.5706","False","30.3277","16.9514","12.0981","1.1697","17.865000000000002","8","1","1","False","0"
"40272","1519274510896","1843813833731","1843814088437","25.7149","25.4706","0.24430000000000002","25.4894","0.8069000000000001","False","30.305200000000003","25.695700000000002","30.3277","5.8017","31.2723","8","1","1","False","0"
"40272","1519274510896","1843814090880","1843814411521","32.272800000000004","32.0641","0.2087","32.475","0.5397000000000001","False","30.3088","32.3084","30.305200000000003","3.7985","35.8626","8","1","1","False","0"
"40272","1519274510896","1843814413608","1843814682415","27.165300000000002","26.8807","0.2846","27.476000000000003","0.8722000000000001","False","24.2467","27.0894","30.3088","7.0179","33.8986","8","1","1","False","0"
"40272","1519274510896","1843814685261","1843814934702","25.235500000000002","24.944100000000002","0.2914","25.5534","1.191","False","24.235400000000002","25.2287","24.2467","6.035900000000001","30.98","8","1","1","False","0"
"40272","1519274510896","1843814937616","1843815188893","25.3276","25.1277","0.19990000000000002","24.7136","0.5546","False","24.2542","25.4191","24.235400000000002","4.8522","29.9799","8","1","1","False","0"
"40272","1519274510896","1843815190892","1843815416979","22.8868","22.608700000000002","0.2781","23.186300000000003","0.8749","False","18.1625","22.808600000000002","24.2542","6.2978000000000005","28.9065","8","1","1","False","0"
"40272","1519274510896","1843815419760","1843815620584","20.2635","20.0824","0.1811","20.0392","0.603","False","24.241300000000003","20.360500000000002","18.1625","4.0998","24.1822","8","1","1","False","0"
"40272","1519274510896","1843815622395","1843815859752","23.936400000000003","23.7357","0.20070000000000002","23.9292","0.5895","False","24.244600000000002","23.916800000000002","24.241300000000003","4.424300000000001","28.16","8","1","1","False","0"
"40272","1519274510896","1843815861759","1843816112762","25.3449","25.1003","0.2446","25.5967","0.8803000000000001","False","24.2527","25.301000000000002","24.244600000000002","3.3679","28.468200000000003","8","1","1","False","0"
"40272","1519274510896","1843816115208","1843816324859","21.2635","20.9651","0.2984","20.933","0.5711","False","18.172800000000002","21.2097","24.2527","6.410900000000001","27.376","8","1","1","False","0"
"40272","1519274510896","1843816327843","1843816529557","20.362900000000003","20.171400000000002","0.1915","20.4193","0.5850000000000001","False","24.2118","20.4698","18.172800000000002","4.1139","24.2853","8","1","1","False","0"
"40272","1519274510896","1843816531472","1843816785393","25.639200000000002","25.392100000000003","0.24710000000000001","25.898500000000002","0.8611000000000001","False","24.288600000000002","25.5836","24.2118","2.7421","28.1342","8","1","1","False","0"
"40272","1519274510896","1843816787864","1843817025214","23.935","23.735","0.2","23.9416","0.8588","False","30.285400000000003","23.982100000000003","24.288600000000002","3.0486","26.7836","8","1","1","False","0"
"40272","1519274510896","1843817027214","1843817326591","30.172400000000003","29.937700000000003","0.23470000000000002","30.1872","0.8948","False","30.3187","30.137700000000002","30.285400000000003","3.1963000000000004","33.134","8","1","1","False","0"
"40272","1519274510896","1843817328938","1843817625794","29.9485","29.6856","0.2629","30.03","0.9675","False","42.432","29.9203","30.3187","3.5947","33.280300000000004","8","1","1","False","0"
"40272","1519274510896","1843817628423","1843818057651","43.1831","42.9228","0.26030000000000003","43.1319","0.9338000000000001","False","36.3438","43.185700000000004","42.432","2.841","45.7638","8","1","1","False","0"
"40272","1519274510896","1843818060254","1843818382535","32.491400000000006","32.228100000000005","0.26330000000000003","32.0448","0.9666","False","24.2374","32.4884","36.3438","6.696400000000001","38.9245","8","1","1","False","0"
"40272","1519274510896","1843818385168","1843818654245","27.1657","26.907700000000002","0.258","27.634900000000002","0.9476","False","24.219","27.171000000000003","24.2374","3.7628000000000004","30.6705","8","1","1","False","0"
"40272","1519274510896","1843818656825","1843818902639","24.800800000000002","24.581400000000002","0.2194","24.4971","0.6329","False","30.332500000000003","24.8394","24.219","3.1424000000000003","27.7238","8","1","1","False","0"
"40272","1519274510896","1843818904833","1843819197345","29.4663","29.2512","0.2151","29.7588","0.9087000000000001","False","24.2539","29.4706","30.332500000000003","4.0043","33.255500000000005","8","1","1","False","0"
"40272","1519274510896","1843819199496","1843819426487","22.9203","22.6991","0.2212","23.873900000000003","1.9054","False","24.227800000000002","22.9142","24.2539","5.344","28.043100000000003","8","1","1","False","0"
"40272","1519274510896","1843819428699","1843819698924","27.1984","27.0225","0.1759","25.969300000000004","0.6227","False","24.2448","27.2437","24.227800000000002","2.3281","29.3506","8","1","1","False","0"
"40272","1519274510896","1843819700683","1843819933618","23.515400000000003","23.2935","0.22190000000000001","23.825100000000003","0.9471","False","24.219","23.4694","24.2448","3.1035000000000004","26.397000000000002","8","1","1","False","0"
"40272","1519274510896","1843819935837","1843820191969","25.8684","25.613200000000003","0.25520000000000004","25.9099","1.0045","False","24.242900000000002","25.8351","24.219","1.4874","27.1006","8","1","1","False","0"
"40272","1519274510896","1843820194521","1843820404053","21.103","20.953200000000002","0.14980000000000002","21.0605","0.9272","False","48.5172","21.2084","24.242900000000002","4.5219000000000005","25.4751","8","1","1","False","0"
"40272","1519274510896","1843820405551","1843820872838","47.025800000000004","46.7287","0.29710000000000003","48.1569","2.1102000000000003","False","30.294500000000003","46.8785","48.5172","6.1606000000000005","52.889300000000006","8","1","1","False","0"
"40272","1519274510896","1843820875809","1843821185699","31.217000000000002","30.989","0.228","30.0852","0.9533","False","24.2573","31.2861","30.294500000000003","5.1690000000000005","36.158","8","1","1","False","0"
"40272","1519274510896","1843821187979","1843821418285","23.2631","23.0306","0.2325","24.677400000000002","2.3760000000000003","False","24.198","23.2586","24.2573","6.1677","29.1983","8","1","1","False","0"
"40272","1519274510896","1843821420610","1843821704447","28.6695","28.3837","0.2858","27.756","1.481","False","24.256800000000002","28.616200000000003","24.198","1.7495","30.133200000000002","8","1","1","False","0"
"40272","1519274510896","1843821707305","1843821941045","23.564000000000004","23.374000000000002","0.19","23.1861","1.4882","False","30.329700000000003","23.6598","24.256800000000002","2.3465000000000003","25.7205","8","1","1","False","0"
"40272","1519274510896","1843821942945","1843822199513","25.8595","25.6568","0.20270000000000002","25.8974","1.1075000000000002","False","30.286","25.8468","30.329700000000003","6.829400000000001","32.486200000000004","8","1","1","False","0"
"40272","1519274510896","1843822201540","1843822541006","34.2462","33.946600000000004","0.29960000000000003","34.6929","1.5981","False","42.4346","34.149300000000004","30.286","2.9661","36.9127","8","1","1","False","0"
"40272","1519274510896","1843822544002","1843822930407","38.915600000000005","38.6405","0.2751","39.9742","2.6592000000000002","False","30.290000000000003","38.9401","42.4346","6.4606","45.1011","8","1","1","False","0"
"40272","1519274510896","1843822933158","1843823254446","32.3606","32.1288","0.2318","31.3257","1.5829","False","30.325000000000003","32.4039","30.290000000000003","4.3467","36.475500000000004","8","1","1","False","0"
"40272","1519274510896","1843823256764","1843823561169","30.6524","30.4405","0.2119","30.585500000000003","1.514","False","30.300900000000002","30.6723","30.325000000000003","3.9994","34.4399","8","1","1","False","0"
"40272","1519274510896","1843823563288","1843823827271","26.6883","26.398300000000003","0.29000000000000004","26.685200000000002","1.5462","False","30.276400000000002","26.610200000000003","30.300900000000002","7.6901","34.0884","8","1","1","False","0"
"40272","1519274510896","1843823830171","1843824182415","35.492000000000004","35.2244","0.2676","35.4605","1.5021","False","18.1906","35.5144","30.276400000000002","2.4521","37.676500000000004","8","1","1","False","0"
"40272","1519274510896","1843824185091","1843824343503","15.9755","15.8412","0.1343","15.691","1.1591","False","24.2513","16.108800000000002","18.1906","4.5339","20.3751","8","1","1","False","0"
"40272","1519274510896","1843824344846","1843824588508","24.624900000000004","24.366200000000003","0.2587","24.9419","1.5217","False","24.2622","24.500500000000002","24.2513","4.2847","28.6509","8","1","1","False","0"
"40272","1519274510896","1843824591095","1843824828241","23.933500000000002","23.7146","0.2189","23.890900000000002","1.4776","False","30.293100000000003","23.973300000000002","24.2622","4.5736","28.2882","8","1","1","False","0"
"40272","1519274510896","1843824830430","1843825106428","27.92","27.599800000000002","0.32020000000000004","27.7771","1.3838000000000001","False","24.233500000000003","27.8187","30.293100000000003","7.048","34.647800000000004","8","1","1","False","0"
"40272","1519274510896","1843825109630","1843825359395","25.267000000000003","24.9765","0.29050000000000004","27.3124","3.399","False","24.273300000000003","25.2967","24.233500000000003","5.9848","30.9613","8","1","1","False","0"
"40272","1519274510896","1843825362300","1843825639797","28.1031","27.7497","0.3534","25.8013","1.1421000000000001","False","30.281100000000002","28.040200000000002","24.273300000000003","2.2179","29.9676","8","1","1","False","0"
"40272","1519274510896","1843825643331","1843825937306","29.564","29.3975","0.1665","29.7526","1.5632000000000001","False","30.2912","29.7509","30.281100000000002","2.7481","32.1456","8","1","1","False","0"
"40272","1519274510896","1843825938971","1843826225589","28.8622","28.661800000000003","0.20040000000000002","30.6426","3.0346","False","24.2482","28.828300000000002","30.2912","4.211","32.872800000000005","8","1","1","False","0"
"40272","1519274510896","1843826227593","1843826463011","23.754900000000003","23.541800000000002","0.2131","22.778200000000002","2.0508","False","24.2495","23.7422","24.2482","4.7170000000000005","28.2588","8","1","1","False","0"
"40272","1519274510896","1843826465142","1843826691307","22.873600000000003","22.616500000000002","0.2571","24.028000000000002","3.2384","False","24.2562","22.829600000000003","24.2495","6.136900000000001","28.753400000000003","8","1","1","False","0"
"40272","1519274510896","1843826693878","1843826919072","22.7698","22.5194","0.2504","21.099700000000002","1.5669000000000002","False","24.2436","22.776500000000002","24.2562","7.6166","30.136000000000003","8","1","1","False","0"
"40272","1519274510896","1843826921576","1843827162332","24.3947","24.0756","0.3191","24.3485","1.5863","False","24.223300000000002","24.326","24.2436","7.5342","31.6098","8","1","1","False","0"
"40272","1519274510896","1843827165523","1843827406306","24.295800000000003","24.078300000000002","0.2175","24.889100000000003","2.0977","False","18.1614","24.3974","24.223300000000002","7.3601","31.4384","8","1","1","False","0"
"40272","1519274510896","1843827408481","1843827634464","22.786","22.598300000000002","0.1877","22.8326","2.1223","False","24.2526","22.8158","18.1614","2.7057","25.304000000000002","8","1","1","False","0"
"40272","1519274510896","1843827636341","1843827867461","23.311600000000002","23.112000000000002","0.1996","23.2097","2.0202","False","36.3662","23.2997","24.2526","3.6586000000000003","26.7706","8","1","1","False","0"
"40272","1519274510896","1843827869457","1843828137391","27.0694","26.793400000000002","0.276","31.9693","6.9584","False","12.1144","26.993000000000002","36.3662","13.0318","39.8252","8","1","1","False","0"
"40272","1519274510896","1843828140151","1843828341707","20.342299999999998","20.1556","0.1867","16.5962","3.1768","False","24.2653","20.4316","12.1144","4.7146","24.8702","8","1","1","False","0"
"40272","1519274510896","1843828343574","1843828528678","18.8046","18.5104","0.2942","21.3677","5.8056","False","12.091000000000001","18.697100000000002","24.2653","10.2828","28.793200000000002","8","1","1","False","0"
"40272","1519274510896","1843828531620","1843828737024","20.7362","20.5404","0.1958","15.975100000000001","0.9799","False","18.1794","20.834600000000002","12.091000000000001","1.5392000000000001","22.079600000000003","8","1","1","False","0"
"40272","1519274510896","1843828738982","1843828905652","16.846600000000002","16.667","0.1796","17.6003","1.7341","False","18.1978","16.8628","18.1794","2.8558000000000003","19.5228","8","1","1","False","0"
"40272","1519274510896","1843828907448","1843829084495","17.922400000000003","17.704700000000003","0.2177","18.124000000000002","1.9524000000000001","False","18.1677","17.8843","18.1978","3.1693000000000002","20.874000000000002","8","1","1","False","0"
"40272","1519274510896","1843829086672","1843829249943","16.4894","16.3271","0.1623","18.4086","4.2542","False","12.1392","16.544800000000002","18.1677","4.7922","21.119300000000003","8","1","1","False","0"
"40272","1519274510896","1843829251566","1843829390664","14.1315","13.9098","0.2217","11.616000000000001","1.3585","False","18.175900000000002","14.0721","12.1392","2.8593","16.7691","8","1","1","False","0"
"40272","1519274510896","1843829392881","1843829556171","16.5702","16.329","0.2412","19.1077","3.9146","False","12.1083","16.5507","18.175900000000002","4.484500000000001","20.8135","8","1","1","False","0"
"40272","1519274510896","1843829558583","1843829695234","13.9196","13.6651","0.2545","11.638","1.6195000000000002","False","18.1954","13.9063","12.1083","2.6865","16.3516","8","1","1","False","0"
"40272","1519274510896","1843829697779","1843829865999","17.0001","16.822","0.1781","17.6868","2.2604","False","18.1556","17.0765","18.1954","3.8054","20.6274","8","1","1","False","0"
"40272","1519274510896","1843829867780","1843830012720","14.756600000000002","14.494000000000002","0.2626","18.1495","5.7167","False","12.1568","14.6721","18.1556","7.2889","21.7829","8","1","1","False","0"
"40272","1519274510896","1843830015346","1843830163036","14.9537","14.769","0.1847","12.024700000000003","2.7557","False","18.162100000000002","15.031600000000001","12.1568","4.4141","19.1831","8","1","1","False","0"
"40272","1519274510896","1843830164883","1843830330916","17.3667","16.6033","0.7634000000000001","16.012700000000002","1.9575","False","24.2299","16.788","18.162100000000002","5.788200000000001","22.3915","8","1","1","False","0"
"40272","1519274510896","1843830338550","1843830602914","26.604300000000002","26.436400000000003","0.16790000000000002","27.773100000000003","2.7732","False","18.203400000000002","27.1998","24.2299","2.8183000000000002","29.2547","8","1","1","False","0"
"40272","1519274510896","1843830604593","1843830760910","15.7798","15.6317","0.1481","17.0728","3.8445","False","18.1855","15.799600000000002","18.203400000000002","5.2221","20.8538","8","1","1","False","0"
"40272","1519274510896","1843830762391","1843830909258","14.8467","14.6867","0.16","13.6033","2.6057","False","12.1445","14.834800000000001","18.1855","8.5728","23.259500000000003","8","1","1","False","0"
"40272","1519274510896","1843830910858","1843831044895","13.567400000000001","13.4037","0.1637","12.222000000000001","1.2543","False","12.0991","13.5637","12.1445","7.1536","20.5573","8","1","1","False","0"
"40272","1519274510896","1843831046532","1843831179286","13.506200000000002","13.275400000000001","0.2308","13.696800000000001","1.473","False","12.1151","13.4391","12.0991","5.8136","19.089000000000002","8","1","1","False","0"
"40272","1519274510896","1843831181594","1843831317183","13.7147","13.558900000000001","0.1558","14.906500000000001","2.6495","False","18.1812","13.7897","12.1151","4.139","17.6979","8","1","1","False","0"
"40272","1519274510896","1843831318741","1843831457570","14.0576","13.882900000000001","0.17470000000000002","13.6967","2.2929","False","6.0419","14.0387","18.1812","8.281500000000001","22.1644","8","1","1","False","0"
"40272","1519274510896","1843831459317","1843831583808","12.624800000000002","12.449100000000001","0.1757","11.7407","1.4088","False","18.198900000000002","12.623800000000001","6.0419","1.6996","14.1487","8","1","1","False","0"
"40272","1519274510896","1843831585565","1843831740060","15.596400000000001","15.4495","0.1469","17.711000000000002","3.5048000000000004","False","12.1193","15.625200000000001","18.198900000000002","4.2733","19.7228","8","1","1","False","0"
"40272","1519274510896","1843831741529","1843831880001","13.9824","13.8472","0.13520000000000001","11.702200000000001","1.5189000000000001","False","18.2102","13.994100000000001","12.1193","2.3985000000000003","16.2457","8","1","1","False","0"
"40272","1519274510896","1843831881353","1843832011558","13.1838","13.0205","0.1633","14.651100000000003","2.6977","False","12.1173","13.155700000000001","18.2102","7.453","20.4735","8","1","1","False","0"
"40272","1519274510896","1843832013191","1843832144133","13.263200000000001","13.0942","0.169","13.4647","2.9050000000000002","False","12.115400000000001","13.2575","12.1173","6.3128","19.407","8","1","1","False","0"
"40272","1519274510896","1843832145823","1843832291414","14.6889","14.5591","0.1298","13.100100000000001","1.2936","False","18.189500000000002","14.728100000000001","12.115400000000001","3.7001000000000004","18.2592","8","1","1","False","0"
"40272","1519274510896","1843832292712","1843832444973","15.421100000000001","15.2261","0.195","16.9296","2.8256","False","6.0109","15.3559","18.189500000000002","6.5337000000000005","21.759800000000002","8","1","1","False","0"
"40272","1519274510896","1843832446923","1843832555090","11.0309","10.8167","0.2142","9.347900000000001","1.1875","False","18.1963","11.011700000000001","6.0109","1.5329000000000002","12.3496","8","1","1","False","0"
"40272","1519274510896","1843832557232","1843832721941","16.6092","16.4709","0.1383","18.1032","2.6189","False","12.127","16.685100000000002","18.1963","3.0441000000000003","19.515","8","1","1","False","0"
"40272","1519274510896","1843832723324","1843832846734","12.482000000000001","12.341000000000001","0.14100000000000001","11.363900000000001","1.5024000000000002","False","18.212500000000002","12.4793","12.127","2.6918","15.0328","8","1","1","False","0"
"40272","1519274510896","1843832848144","1843833006069","16.0256","15.7925","0.2331","16.4515","2.025","False","12.074900000000001","15.9335","18.212500000000002","4.9708000000000006","20.7633","8","1","1","False","0"
"40272","1519274510896","1843833008400","1843833153743","14.7059","14.5343","0.1716","14.620600000000001","1.8497000000000001","False","18.1947","14.7674","12.074900000000001","2.2783","16.8126","8","1","1","False","0"
"40272","1519274510896","1843833155459","1843833312882","15.8678","15.7423","0.1255","18.2397","4.2036","False","18.2143","15.9139","18.1947","4.5591","20.3014","8","1","1","False","0"
"40272","1519274510896","1843833314137","1843833471972","15.9649","15.7835","0.1814","14.757000000000001","3.0300000000000002","False","12.108500000000001","15.909","18.2143","6.864400000000001","22.6479","8","1","1","False","0"
"40272","1519274510896","1843833473786","1843833628854","15.6592","15.5068","0.1524","14.076400000000001","1.4259000000000002","False","18.1859","15.6882","12.108500000000001","3.2847","18.7915","8","1","1","False","0"
"40272","1519274510896","1843833630378","1843833783803","15.551400000000001","15.342500000000001","0.2089","16.7698","2.6743","False","18.1843","15.494900000000001","18.1859","5.975700000000001","21.3182","8","1","1","False","0"
"40272","1519274510896","1843833785892","1843833951860","16.770100000000003","16.5968","0.1733","15.5159","1.4063","False","12.0875","16.8057","18.1843","7.3543","23.9511","8","1","1","False","0"
"40272","1519274510896","1843833953593","1843834106767","15.4717","15.317400000000001","0.15430000000000002","17.4145","3.3431","False","18.2221","15.4907","12.0875","3.9511000000000003","19.2685","8","1","1","False","0"
"40272","1519274510896","1843834108310","1843834256833","15.035700000000002","14.852300000000001","0.1834","14.320500000000003","2.6382000000000003","False","12.081700000000001","15.0066","18.2221","7.166600000000001","22.018900000000002","8","1","1","False","0"
"40272","1519274510896","1843834258667","1843834417472","16.0496","15.880500000000001","0.1691","14.9654","1.5345","False","24.2741","16.0639","12.081700000000001","3.1844","19.0649","8","1","1","False","0"
"40272","1519274510896","1843834419163","1843834616669","19.884700000000002","19.750600000000002","0.1341","19.9255","1.8812","False","12.104800000000001","19.919700000000002","24.2741","7.5388","27.2894","8","1","1","False","0"
"40272","1519274510896","1843834618010","1843834785892","16.9331","16.7882","0.1449","16.658","1.2954","False","18.1963","16.9223","12.104800000000001","2.7213000000000003","19.5095","8","1","1","False","0"
"40272","1519274510896","1843834787341","1843834951706","16.582800000000002","16.436500000000002","0.1463","16.7374","1.4416","False","18.168300000000002","16.581400000000002","18.1963","4.3362","20.7727","8","1","1","False","0"
"40272","1519274510896","1843834953169","1843835105915","15.552900000000001","15.274600000000001","0.2783","18.555600000000002","4.5693","False","18.1752","15.420900000000001","18.168300000000002","7.083600000000001","22.3582","8","1","1","False","0"
"40272","1519274510896","1843835108698","1843835303688","19.6917","19.499000000000002","0.1927","18.729100000000003","3.5267000000000004","False","18.227600000000002","19.7773","18.1752","5.4815000000000005","24.980500000000003","8","1","1","False","0"
"40272","1519274510896","1843835305615","1843835470918","16.698","16.5303","0.16770000000000002","16.1053","2.9128000000000003","False","18.1599","16.723000000000003","18.227600000000002","6.9861","23.5164","8","1","1","False","0"
"40272","1519274510896","1843835472595","1843835656458","18.6014","18.386300000000002","0.2151","17.962600000000002","2.2889","False","12.113000000000001","18.554000000000002","18.1599","6.5920000000000005","24.9783","8","1","1","False","0"
"40272","1519274510896","1843835658609","1843835805599","14.84","14.699","0.14100000000000001","13.9169","1.3343","False","18.1581","14.914100000000001","12.113000000000001","3.7909","18.489900000000002","8","1","1","False","0"
"40272","1519274510896","1843835807009","1843835998391","19.445","19.1382","0.3068","19.887800000000002","1.8686","False","18.235400000000002","19.2792","18.1581","2.6698","21.808","8","1","1","False","0"
"40272","1519274510896","1843836001459","1843836147947","14.8488","14.648800000000001","0.2","15.7719","2.718","False","18.168","14.9556","18.235400000000002","5.9496","20.5984","8","1","1","False","0"
"40272","1519274510896","1843836149947","1843836308992","16.076800000000002","15.9045","0.1723","17.3319","3.9709000000000003","False","18.1725","16.1045","18.168","8.0131","23.9176","8","1","1","False","0"
"40272","1519274510896","1843836310715","1843836504360","19.5523","19.3645","0.18780000000000002","18.9947","3.4309000000000003","False","18.1581","19.5368","18.1725","6.6488000000000005","26.0133","8","1","1","False","0"
"40272","1519274510896","1843836506238","1843836708007","20.3383","20.1769","0.16140000000000002","20.292","3.375","False","18.2066","20.364700000000003","18.1581","4.442200000000001","24.6191","8","1","1","False","0"
"40272","1519274510896","1843836709621","1843836885109","17.6741","17.5488","0.1253","15.767800000000001","1.7439","False","18.1618","17.7102","18.2066","4.9386","22.4874","8","1","1","False","0"
"40272","1519274510896","1843836886362","1843837053580","16.9078","16.7218","0.186","17.8813","2.4479","False","12.1327","16.8471","18.1618","6.2533","22.9751","8","1","1","False","0"
"40272","1519274510896","1843837055440","1843837200661","14.6723","14.5221","0.1502","13.6644","1.4166","False","18.184","14.7081","12.1327","3.6779","18.2","8","1","1","False","0"
"40272","1519274510896","1843837202163","1843837357455","15.8093","15.529200000000001","0.2801","16.765800000000002","2.3836","False","18.191300000000002","15.679400000000001","18.184","6.1825","21.7117","8","1","1","False","0"
"40272","1519274510896","1843837360256","1843837533889","17.547000000000004","17.363300000000002","0.1837","17.675","2.5126","False","18.1616","17.6434","18.191300000000002","6.7304","24.093700000000002","8","1","1","False","0"
"40272","1519274510896","1843837535726","1843837705053","17.110300000000002","16.9327","0.1776","18.639400000000002","4.0532","False","12.130700000000001","17.116400000000002","18.1616","7.775600000000001","24.7083","8","1","1","False","0"
"40272","1519274510896","1843837706829","1843837857380","15.218800000000002","15.055100000000001","0.1637","12.5349","1.3641","False","18.178900000000002","15.232700000000001","12.130700000000001","4.6736","19.7287","8","1","1","False","0"
"40272","1519274510896","1843837859017","1843838019946","16.2911","16.0929","0.19820000000000002","17.5069","2.5737","False","12.1003","16.256600000000002","18.178900000000002","6.5959","22.6888","8","1","1","False","0"
"40272","1519274510896","1843838021928","1843838184689","16.4472","16.2761","0.1711","15.4098","1.5393000000000001","False","18.206400000000002","16.4743","12.1003","2.2219","18.498","8","1","1","False","0"
"40272","1519274510896","1843838186400","1843838327110","14.284500000000001","14.071000000000002","0.21350000000000002","14.6235","1.9011","False","18.1792","14.2421","18.206400000000002","6.1862","20.2572","8","1","1","False","0"
"40272","1519274510896","1843838329245","1843838497067","16.9699","16.7822","0.1877","19.1445","4.0688","False","12.116000000000001","16.9957","18.1792","7.3697","24.1519","8","1","1","False","0"
"40272","1519274510896","1843838498944","1843838658359","16.1645","15.941500000000001","0.223","13.322100000000002","1.2298","False","18.186","16.1292","12.116000000000001","3.3565","19.298000000000002","8","1","1","False","0"
"40272","1519274510896","1843838660589","1843838818857","16.0139","15.8268","0.18710000000000002","16.316300000000002","1.5210000000000001","False","18.1888","16.0498","18.186","5.4927","21.3195","8","1","1","False","0"
"40272","1519274510896","1843838820728","1843838988501","16.942","16.7773","0.1647","18.2273","2.7912000000000003","False","12.1319","16.9644","18.1888","6.7171","23.494400000000002","8","1","1","False","0"
"40272","1519274510896","1843838990148","1843839130896","14.235400000000002","14.074800000000002","0.16060000000000002","12.588000000000001","1.1568","False","18.1541","14.239500000000001","12.1319","4.609500000000001","18.6843","8","1","1","False","0"
"40272","1519274510896","1843839132502","1843839311852","18.0804","17.935000000000002","0.1454","20.1884","3.2358000000000002","False","18.2026","18.0956","18.1541","4.668","22.603","8","1","1","False","0"
"40272","1519274510896","1843839313306","1843839466683","15.463","15.3377","0.1253","13.516900000000001","1.5936000000000001","False","18.174400000000002","15.4831","18.2026","7.3875","22.7252","8","1","1","False","0"
"40272","1519274510896","1843839467936","1843839656934","19.058000000000003","18.899800000000003","0.1582","19.8201","2.0656","False","18.2005","19.025100000000002","18.174400000000002","6.5368","25.436600000000002","8","1","1","False","0"
"40272","1519274510896","1843839658516","1843839832302","17.574800000000003","17.378600000000002","0.1962","16.694300000000002","1.2221","False","12.118400000000001","17.5368","18.2005","7.200500000000001","24.5791","8","1","1","False","0"
"40272","1519274510896","1843839834264","1843839969594","13.725600000000002","13.533000000000001","0.19260000000000002","13.9671","1.4418","False","12.091700000000001","13.7292","12.118400000000001","5.589700000000001","19.122700000000002","8","1","1","False","0"
"40272","1519274510896","1843839971520","1843840113318","14.3378","14.1798","0.158","15.076799999999999","2.1635","False","18.188200000000002","14.3724","12.091700000000001","3.309","17.4888","8","1","1","False","0"
"40272","1519274510896","1843840114898","1843840254169","14.118400000000001","13.927100000000001","0.1913","13.206199999999999","1.2747000000000002","False","12.1348","14.0851","18.188200000000002","7.412100000000001","21.3392","8","1","1","False","0"
"40272","1519274510896","1843840256082","1843840375340","12.0998","11.9258","0.17400000000000002","12.1819","1.3521","False","12.114700000000001","12.1171","12.1348","7.4298","19.355600000000003","8","1","1","False","0"
"40272","1519274510896","1843840377080","1843840508815","13.350000000000001","13.1735","0.17650000000000002","14.9436","2.9458","False","12.0961","13.3475","12.114700000000001","6.197","19.3705","8","1","1","False","0"
"40272","1519274510896","1843840510580","1843840675219","16.637700000000002","16.463900000000002","0.1738","14.9859","1.2774","False","18.212400000000002","16.6404","12.0961","1.6527","18.116600000000002","8","1","1","False","0"
"40272","1519274510896","1843840676957","1843840809620","13.4471","13.266300000000001","0.18080000000000002","13.9413","1.7851000000000001","False","18.1465","13.440100000000001","18.212400000000002","6.425000000000001","19.691300000000002","8","1","1","False","0"
"40272","1519274510896","1843840811428","1843840995680","18.589100000000002","18.4252","0.16390000000000002","19.186700000000002","2.3741000000000003","False","18.182100000000002","18.606","18.1465","5.9655000000000005","24.390700000000002","8","1","1","False","0"
"40272","1519274510896","1843840997319","1843841211956","21.692","21.4637","0.2283","21.245800000000003","1.9546000000000001","False","18.207900000000002","21.6276","18.182100000000002","2.52","23.983700000000002","8","1","1","False","0"
"40272","1519274510896","1843841214239","1843841357044","14.4562","14.2805","0.1757","14.7102","2.1791","False","12.1342","14.5088","18.207900000000002","6.2191","20.4996","8","1","1","False","0"
"40272","1519274510896","1843841358801","1843841502196","14.447700000000001","14.339500000000001","0.1082","13.1636","1.2205000000000001","False","18.1715","14.5152","12.1342","3.8381000000000003","18.1776","8","1","1","False","0"
"40272","1519274510896","1843841503278","1843841651317","14.9816","14.8039","0.1777","16.5749","2.5056000000000003","False","12.1288","14.9121","18.1715","7.0975","21.901400000000002","8","1","1","False","0"
"40272","1519274510896","1843841653094","1843841798540","14.680200000000001","14.5446","0.1356","13.465","1.2605","False","12.098600000000001","14.7223","12.1288","4.5040000000000004","19.0486","8","1","1","False","0"
"40272","1519274510896","1843841799896","1843841939250","14.113100000000001","13.935400000000001","0.1777","14.103200000000001","1.2623","False","18.1688","14.071000000000002","12.098600000000001","2.5316","16.467000000000002","8","1","1","False","0"
"40272","1519274510896","1843841941027","1843842098351","15.867","15.7324","0.1346","18.142","3.5234","False","12.108","15.9101","18.1688","4.7903","20.5227","8","1","1","False","0"
"40272","1519274510896","1843842099697","1843842250506","15.218100000000002","15.080900000000002","0.13720000000000002","12.987400000000001","1.2973000000000001","False","18.188200000000002","15.2155","12.108","1.6828","16.7637","8","1","1","False","0"
"40272","1519274510896","1843842251878","1843842424993","17.4873","17.311500000000002","0.1758","18.1099","1.9400000000000002","False","18.2167","17.448700000000002","18.188200000000002","2.4223","19.733800000000002","8","1","1","False","0"
"40272","1519274510896","1843842426751","1843842587061","16.191100000000002","16.031000000000002","0.16010000000000002","15.5434","1.2766","False","18.185200000000002","16.2068","18.2167","4.4322","20.4632","8","1","1","False","0"
"40272","1519274510896","1843842588662","1843842742410","15.5432","15.3748","0.16840000000000002","16.7083","2.4517","False","12.1224","15.5349","18.185200000000002","7.0825000000000005","22.4573","8","1","1","False","0"
"40272","1519274510896","1843842744094","1843842877240","13.521700000000001","13.3146","0.2071","12.6202","1.5750000000000002","False","12.0974","13.483","12.1224","5.721900000000001","19.0365","8","1","1","False","0"
"40272","1519274510896","1843842879311","1843843030599","15.2844","15.1288","0.15560000000000002","15.305900000000001","1.5675000000000001","False","18.2029","15.3359","12.0974","2.4834","17.6122","8","1","1","False","0"
"40272","1519274510896","1843843032155","1843843178902","14.861100000000002","14.674700000000001","0.1864","14.8709","1.5824","False","18.1706","14.830300000000001","18.2029","5.856","20.5307","8","1","1","False","0"
"40272","1519274510896","1843843180766","1843843341322","16.199800000000003","16.055600000000002","0.1442","16.3362","1.7059","False","12.1232","16.242","18.1706","7.7846","23.8402","8","1","1","False","0"
"40272","1519274510896","1843843342764","1843843490255","14.8764","14.7491","0.1273","14.6111","1.4313","False","12.1216","14.8933","12.1232","5.0145","19.7636","8","1","1","False","0"
"40272","1519274510896","1843843491528","1843843620784","13.057100000000002","12.925600000000001","0.1315","12.910400000000001","1.288","False","18.1923","13.052900000000001","12.1216","4.083200000000001","17.0088","8","1","1","False","0"
"40272","1519274510896","1843843622099","1843843772498","15.1978","15.039900000000001","0.1579","15.771700000000001","1.8762","False","12.111","15.1714","18.1923","7.104100000000001","22.144000000000002","8","1","1","False","0"
"40272","1519274510896","1843843774077","1843843921002","14.8262","14.6925","0.1337","14.6523","2.0028","False","12.093200000000001","14.8504","12.111","4.3647","19.0572","8","1","1","False","0"
"40272","1519274510896","1843843922339","1843844066558","14.672600000000001","14.4219","0.25070000000000003","14.377400000000002","1.4899","False","18.2222","14.5556","12.093200000000001","1.9023","16.3242","8","1","1","False","0"
"40272","1519274510896","1843844069065","1843844191047","12.3599","12.1982","0.1617","12.4428","1.4974","False","18.1703","12.4489","18.2222","7.6756","19.8738","8","1","1","False","0"
"40272","1519274510896","1843844192664","1843844381136","19.0638","18.8472","0.21660000000000001","20.067800000000002","2.5265","False","12.1239","19.0089","18.1703","6.837000000000001","25.6842","8","1","1","False","0"
"40272","1519274510896","1843844383302","1843844521202","13.9428","13.790000000000001","0.15280000000000002","13.263","1.8009000000000002","False","18.1811","14.0066","12.1239","4.9543","18.744300000000003","8","1","1","False","0"
"40272","1519274510896","1843844522730","1843844681327","16.0668","15.8597","0.2071","15.4482","1.2187000000000001","False","12.134400000000001","16.0125","18.1811","7.1229000000000005","22.9826","8","1","1","False","0"
"40272","1519274510896","1843844683398","1843844799178","11.761700000000001","11.578000000000001","0.1837","11.854800000000001","1.3118","False","12.089","11.7851","12.134400000000001","7.4722","19.0502","8","1","1","False","0"
"40272","1519274510896","1843844801015","1843844962644","16.3307","16.1629","0.1678","16.6131","1.5767","False","12.1209","16.346600000000002","12.089","3.2146000000000003","19.3775","8","1","1","False","0"
"40272","1519274510896","1843844964322","1843845085341","12.2522","12.1019","0.15030000000000002","11.9638","1.2696","False","18.210900000000002","12.2697","12.1209","3.0658000000000003","15.1677","8","1","1","False","0"
"40272","1519274510896","1843845086844","1843845223635","13.8343","13.6791","0.1552","13.811","1.2626000000000002","False","12.1106","13.829400000000001","18.210900000000002","7.4473","21.1264","8","1","1","False","0"
"40272","1519274510896","1843845225187","1843845364731","14.098900000000002","13.954400000000001","0.14450000000000002","14.670000000000002","1.8212000000000002","False","12.108600000000001","14.1096","12.1106","5.448300000000001","19.4027","8","1","1","False","0"
"40272","1519274510896","1843845366176","1843845501142","13.6554","13.4966","0.1588","12.7972","0.9751000000000001","False","12.134500000000001","13.6411","12.108600000000001","3.9158000000000004","17.4124","8","1","1","False","0"
"40272","1519274510896","1843845502730","1843845618991","11.749600000000001","11.626100000000001","0.12350000000000001","11.995800000000001","1.202","False","12.087800000000001","11.7849","12.134500000000001","4.2654000000000005","15.8915","8","1","1","False","0"
"40272","1519274510896","1843845620226","1843845756753","13.815500000000002","13.652700000000001","0.1628","14.023200000000001","1.4186","False","24.2756","13.776200000000001","12.087800000000001","2.577","16.2297","8","1","1","False","0"
"40272","1519274510896","1843845758381","1843845955940","19.9119","19.7559","0.156","20.6794","2.1943","False","12.0929","19.9187","24.2756","6.9339","26.6898","8","1","1","False","0"
"40272","1519274510896","1843845957500","1843846130312","17.405900000000003","17.281200000000002","0.1247","16.3963","1.4757","False","18.223100000000002","17.4372","12.0929","1.5896000000000001","18.8708","8","1","1","False","0"
"40272","1519274510896","1843846131559","1843846260907","13.104000000000001","12.934800000000001","0.16920000000000002","14.244","2.3235","False","18.157600000000002","13.0595","18.223100000000002","6.7532000000000005","19.688000000000002","8","1","1","False","0"
"40272","1519274510896","1843846262599","1843846455942","19.529500000000002","19.334300000000002","0.1952","19.2063","2.0083","False","12.1323","19.503500000000003","18.157600000000002","5.4073","24.741600000000002","8","1","1","False","0"
"40272","1519274510896","1843846457894","1843846582801","12.6372","12.4907","0.14650000000000002","11.9261","1.2753","False","18.171400000000002","12.6859","12.1323","4.8537","17.3444","8","1","1","False","0"
"40272","1519274510896","1843846584266","1843846766359","18.344500000000004","18.209300000000002","0.13520000000000001","18.879","1.8134000000000001","False","12.1117","18.355800000000002","18.171400000000002","4.6693","22.878600000000002","8","1","1","False","0"
"40272","1519274510896","1843846767711","1843846906871","14.0596","13.916","0.1436","13.706800000000001","1.4621000000000002","False","24.254900000000003","14.051200000000001","12.1117","2.7298","16.6458","8","1","1","False","0"
"40272","1519274510896","1843846908307","1843847099965","19.3357","19.1658","0.1699","22.7936","4.9256","False","12.0992","19.3094","24.254900000000003","7.6753","26.8411","8","1","1","False","0"
"40272","1519274510896","1843847101664","1843847260812","16.137500000000003","15.914800000000001","0.2227","12.4018","1.2638","False","18.212500000000002","16.0847","12.0992","3.6898","19.6046","8","1","1","False","0"
"40272","1519274510896","1843847263039","1843847403970","14.236100000000002","14.093100000000002","0.14300000000000002","14.6051","1.5544","False","12.1411","14.315800000000001","18.212500000000002","7.5865","21.6796","8","1","1","False","0"
"40272","1519274510896","1843847405400","1843847531255","12.7573","12.585500000000001","0.1718","13.6918","2.5037000000000003","False","18.163800000000002","12.7285","12.1411","6.9991","19.584600000000002","8","1","1","False","0"
"40272","1519274510896","1843847532973","1843847698635","16.7432","16.566200000000002","0.17700000000000002","18.5841","4.3549","False","12.114500000000001","16.738","18.163800000000002","8.424900000000001","24.9911","8","1","1","False","0"
"40272","1519274510896","1843847700405","1843847846456","14.7787","14.6051","0.1736","12.010100000000001","1.5647","False","12.1228","14.782100000000002","12.114500000000001","5.7573","20.3624","8","1","1","False","0"
"40272","1519274510896","1843847848192","1843847970385","12.383700000000001","12.2193","0.16440000000000002","12.4131","1.601","False","12.099","12.392900000000001","12.1228","5.4872000000000005","17.706500000000002","8","1","1","False","0"
"40272","1519274510896","1843847972029","1843848117153","14.6513","14.512400000000001","0.1389","14.5722","1.5116","False","18.210900000000002","14.6768","12.099","2.9094","17.4218","8","1","1","False","0"
"40272","1519274510896","1843848118542","1843848257127","13.977500000000001","13.858500000000001","0.11900000000000001","13.5271","1.5949","False","12.1142","13.9974","18.210900000000002","7.1229000000000005","20.9814","8","1","1","False","0"
"40272","1519274510896","1843848258317","1843848407612","15.0845","14.9295","0.155","15.2416","1.2147000000000001","False","12.106300000000001","15.0485","12.1142","4.1886","19.118100000000002","8","1","1","False","0"
"40272","1519274510896","1843848409162","1843848544975","13.726600000000001","13.5813","0.1453","14.0553","1.5487","False","18.1817","13.7363","12.106300000000001","2.5586","16.1399","8","1","1","False","0"
"40272","1519274510896","1843848546428","1843848721853","17.696","17.5425","0.1535","17.1816","1.0332000000000001","False","12.1211","17.6878","18.1817","3.0525","20.595000000000002","8","1","1","False","0"
"40272","1519274510896","1843848723388","1843848847398","12.5427","12.401","0.14170000000000002","12.8109","1.3049000000000002","False","18.1776","12.5545","12.1211","2.6191","15.020100000000001","8","1","1","False","0"
"40272","1519274510896","1843848848815","1843849019212","17.1916","17.0397","0.1519","17.493000000000002","1.5946","False","12.1739","17.1814","18.1776","3.6153","20.655","8","1","1","False","0"
"40272","1519274510896","1843849020731","1843849141874","12.245","12.1143","0.1307","12.245899999999999","1.5796000000000001","False","30.255100000000002","12.266200000000001","12.1739","3.523","15.637300000000002","8","1","1","False","0"
"40272","1519274510896","1843849143181","1843849429964","28.816300000000002","28.6783","0.138","29.8458","2.6357","False","18.1887","28.809","30.255100000000002","4.9691","33.647400000000005","8","1","1","False","0"
"40272","1519274510896","1843849431344","1843849581337","15.2004","14.9993","0.2011","14.5714","2.0220000000000002","False","6.0555","15.137300000000002","18.1887","8.0205","23.0198","8","1","1","False","0"
"40272","1519274510896","1843849583348","1843849693539","11.1416","11.0191","0.12250000000000001","10.8033","1.6528","False","18.180500000000002","11.2202","6.0555","2.8558000000000003","13.8749","8","1","1","False","0"
"40272","1519274510896","1843849694764","1843849846962","15.376000000000001","15.219800000000001","0.1562","16.6647","2.9584","False","12.1164","15.342300000000002","18.180500000000002","5.694","20.913800000000002","8","1","1","False","0"
"40272","1519274510896","1843849848524","1843849988933","14.1913","14.0409","0.1504","13.2954","2.0446","False","18.1734","14.1971","12.1164","3.6133","17.6542","8","1","1","False","0"
"40272","1519274510896","1843849990437","1843850174850","18.5879","18.441300000000002","0.1466","18.46","1.9385000000000001","False","12.138100000000001","18.5917","18.1734","3.1950000000000003","21.636300000000002","8","1","1","False","0"
"40272","1519274510896","1843850176316","1843850299186","12.417000000000002","12.287","0.13","11.7737","1.6312","False","18.1947","12.4336","12.138100000000001","2.8995","15.1865","8","1","1","False","0"
"40272","1519274510896","1843850300486","1843850461372","16.311799999999998","16.0886","0.2232","16.6498","1.7155","False","18.1782","16.218600000000002","18.1947","4.8756","20.9642","8","1","1","False","0"
"40272","1519274510896","1843850463604","1843850609858","14.817100000000002","14.6254","0.1917","15.184700000000001","2.0142","False","6.048100000000001","14.848600000000001","18.1782","8.2052","22.8306","8","1","1","False","0"
"40272","1519274510896","1843850611775","1843850729999","11.9482","11.8224","0.1258","11.675","1.7085000000000001","False","18.1826","12.014100000000001","6.048100000000001","2.2392000000000003","14.0616","8","1","1","False","0"
"40272","1519274510896","1843850731257","1843850868884","13.9366","13.7627","0.1739","15.488700000000001","3.2739000000000003","False","12.115300000000001","13.8885","18.1826","6.5333000000000006","20.296","8","1","1","False","0"
"40272","1519274510896","1843850870623","1843851019758","15.0411","14.9135","0.12760000000000002","13.7103","1.9338000000000002","False","12.111","15.0874","12.115300000000001","3.5612000000000004","18.474700000000002","8","1","1","False","0"
"40272","1519274510896","1843851021034","1843851152996","13.3335","13.196200000000001","0.1373","13.3644","1.9697","False","18.188100000000002","13.3238","12.111","2.3484000000000003","15.5446","8","1","1","False","0"
"40272","1519274510896","1843851154369","1843851302185","14.9709","14.781600000000001","0.1893","16.7899","3.8119","False","12.143","14.9189","18.188100000000002","5.6176","20.3992","8","1","1","False","0"
"40272","1519274510896","1843851304078","1843851439099","13.6316","13.5021","0.1295","11.4381","1.5906","False","18.1885","13.6914","12.143","4.0692","17.5713","8","1","1","False","0"
"40272","1519274510896","1843851440394","1843851591497","15.2904","15.1103","0.1801","17.2005","3.5166","False","12.1004","15.2398","18.1885","7.0179","22.1282","8","1","1","False","0"
"40272","1519274510896","1843851593298","1843851740614","14.861","14.7316","0.12940000000000002","13.038400000000001","1.6765","False","12.1088","14.911700000000002","12.1004","4.2066","18.938200000000002","8","1","1","False","0"
"40272","1519274510896","1843851741908","1843851875138","13.4541","13.323","0.1311","13.4893","1.7142000000000002","False","18.204","13.4524","12.1088","2.863","16.186","8","1","1","False","0"
"40272","1519274510896","1843851876449","1843852030682","15.577200000000001","15.423300000000001","0.1539","16.8571","3.0093","False","12.094800000000001","15.554400000000001","18.204","5.5126","20.9359","8","1","1","False","0"
"40272","1519274510896","1843852032221","1843852180926","15.0323","14.8705","0.1618","14.0248","1.9938","False","18.2118","15.0244","12.094800000000001","2.583","17.453500000000002","8","1","1","False","0"
"40272","1519274510896","1843852182544","1843852317533","13.619800000000001","13.4989","0.12090000000000001","15.7468","4.4049000000000005","False","12.111600000000001","13.6607","18.2118","7.1341","20.633000000000003","8","1","1","False","0"
"40272","1519274510896","1843852318742","1843852467295","14.987700000000002","14.855300000000002","0.13240000000000002","12.4375","1.5522","False","18.1933","14.9762","12.111600000000001","4.2695","19.1248","8","1","1","False","0"
"40272","1519274510896","1843852468619","1843852616222","14.9031","14.7603","0.1428","14.9631","1.6273","False","12.1114","14.892700000000001","18.1933","7.5701","22.3304","8","1","1","False","0"
"40272","1519274510896","1843852617650","1843852765962","14.9656","14.8312","0.13440000000000002","14.961300000000001","1.6144","False","12.1114","14.974","12.1114","4.7075000000000005","19.538700000000002","8","1","1","False","0"
"40272","1519274510896","1843852767306","1843852898050","13.202900000000001","13.0744","0.1285","13.2216","1.6336000000000002","False","18.1948","13.2088","12.1114","3.6101","16.6845","8","1","1","False","0"
"40272","1519274510896","1843852899335","1843853061384","16.375400000000003","16.204900000000002","0.1705","17.1517","2.4339","False","18.186400000000003","16.3334","18.1948","5.471500000000001","21.6764","8","1","1","False","0"
"40272","1519274510896","1843853063089","1843853232894","17.1585","16.9805","0.17800000000000002","17.721700000000002","3.0055","False","12.1128","17.151","18.186400000000003","6.5069","23.4874","8","1","1","False","0"
"40272","1519274510896","1843853234674","1843853364087","13.115","12.9413","0.17370000000000002","13.147300000000001","3.0241000000000002","False","18.1949","13.1193","12.1128","5.5004","18.4417","8","1","1","False","0"
"40272","1519274510896","1843853365824","1843853523352","15.902800000000001","15.7528","0.15","17.2082","4.3193","False","12.1151","15.9265","18.1949","7.768800000000001","23.5216","8","1","1","False","0"
"40272","1519274510896","1843853524852","1843853668538","14.521700000000001","14.3686","0.1531","12.501700000000001","2.3117","False","18.179100000000002","14.518600000000001","12.1151","5.3653","19.733900000000002","8","1","1","False","0"
"40272","1519274510896","1843853670069","1843853831805","16.3277","16.1736","0.15410000000000001","17.6015","3.5799000000000003","False","12.1187","16.326700000000002","18.179100000000002","7.217700000000001","23.3913","8","1","1","False","0"
"40272","1519274510896","1843853833346","1843853959148","12.753400000000001","12.580200000000001","0.17320000000000002","12.4588","3.2843","False","12.093300000000001","12.734300000000001","12.1187","6.6021","19.1823","8","1","1","False","0"
"40272","1519274510896","1843853960880","1843854096552","13.691600000000001","13.567200000000001","0.12440000000000001","14.7138","4.2918","False","12.121500000000001","13.740400000000001","12.093300000000001","4.955","18.5222","8","1","1","False","0"
"40272","1519274510896","1843854097796","1843854244459","14.817200000000001","14.666300000000001","0.1509","12.538400000000001","2.0213","False","18.1898","14.790700000000001","12.121500000000001","2.2858","16.9521","8","1","1","False","0"
"40272","1519274510896","1843854245968","1843854385566","14.081500000000002","13.959800000000001","0.1217","16.0089","4.2329","False","12.1362","14.110700000000001","18.1898","6.3649000000000004","20.3247","8","1","1","False","0"
"40272","1519274510896","1843854386783","1843854529457","14.4275","14.2674","0.16010000000000002","12.0244","1.5404","False","12.1057","14.389100000000001","12.1362","4.112","18.3794","8","1","1","False","0"
"40272","1519274510896","1843854531058","1843854664763","13.5211","13.3705","0.1506","13.6714","1.6931","False","18.194100000000002","13.530600000000002","12.1057","2.6871","16.0576","8","1","1","False","0"
"40272","1519274510896","1843854666269","1843854806565","14.186","14.0296","0.1564","16.021900000000002","3.5465","False","12.1187","14.180200000000001","18.194100000000002","6.7010000000000005","20.730600000000003","8","1","1","False","0"
"40272","1519274510896","1843854808129","1843854945340","13.8497","13.7211","0.12860000000000002","12.1175","1.7907000000000002","False","12.1178","13.877500000000001","12.1187","4.942200000000001","18.6633","8","1","1","False","0"
"40272","1519274510896","1843854946626","1843855087759","14.256400000000001","14.1133","0.1431","14.3161","1.8585","False","18.1876","14.241900000000001","12.1178","2.8181000000000003","16.9314","8","1","1","False","0"
"40272","1519274510896","1843855089190","1843855228294","14.064300000000001","13.910400000000001","0.1539","15.708300000000001","3.5015","False","12.124","14.053500000000001","18.1876","6.9522","20.8626","8","1","1","False","0"
"40272","1519274510896","1843855229833","1843855365756","13.7264","13.5923","0.1341","12.384300000000001","2.1648","False","12.111600000000001","13.7462","12.124","5.33","18.9223","8","1","1","False","0"
"40272","1519274510896","1843855367097","1843855501858","13.6121","13.4761","0.136","13.202300000000001","1.7494","False","18.2071","13.6102","12.111600000000001","3.8314000000000004","17.3075","8","1","1","False","0"
"40272","1519274510896","1843855503218","1843855641916","14.009300000000001","13.869800000000001","0.1395","14.3321","2.0746","False","12.102400000000001","14.0058","18.2071","8.0327","21.9025","8","1","1","False","0"
"40272","1519274510896","1843855643311","1843855789423","14.7504","14.6112","0.13920000000000002","14.9732","2.3017000000000003","False","12.1042","14.7507","12.102400000000001","5.3844","19.9956","8","1","1","False","0"
"40272","1519274510896","1843855790815","1843855941045","15.208100000000002","15.023000000000001","0.18510000000000001","14.792000000000002","1.901","False","18.1982","15.1622","12.1042","2.3264","17.3494","8","1","1","False","0"
"40272","1519274510896","1843855942896","1843856079401","13.8175","13.650500000000001","0.167","16.227600000000002","4.3024000000000004","False","12.143600000000001","13.835600000000001","18.1982","6.689","20.3395","8","1","1","False","0"
"40272","1519274510896","1843856081071","1843856232931","15.2943","15.186","0.10830000000000001","12.497700000000002","1.8243","False","18.1512","15.353000000000002","12.143600000000001","3.4796","18.6656","8","1","1","False","0"
"40272","1519274510896","1843856234014","1843856391091","15.8854","15.7077","0.1777","18.665","4.2849","False","12.110000000000001","15.816","18.1512","5.8148","21.5225","8","1","1","False","0"
"40272","1519274510896","1843856392868","1843856538452","14.705900000000002","14.5584","0.14750000000000002","12.4891","2.0556","False","18.1916","14.7361","12.110000000000001","3.1887000000000003","17.7471","8","1","1","False","0"
"40272","1519274510896","1843856539927","1843856704511","16.593700000000002","16.4584","0.1353","18.831","4.288","False","18.2114","16.605900000000002","18.1916","4.7744","21.2328","8","1","1","False","0"
"40272","1519274510896","1843856705864","1843856855988","15.158500000000002","15.012400000000001","0.1461","12.6082","1.7484000000000002","False","12.1057","15.1477","18.2114","7.838100000000001","22.8505","8","1","1","False","0"
"40272","1519274510896","1843856857449","1843856992395","13.7814","13.4946","0.2868","15.228200000000001","3.3236000000000003","False","12.167300000000001","13.6407","12.1057","6.303100000000001","19.797700000000003","8","1","1","False","0"
"40272","1519274510896","1843856995263","1843857138765","14.513300000000001","14.350200000000001","0.1631","13.0897","1.7753","False","18.1573","14.637","12.167300000000001","3.8334","18.183600000000002","8","1","1","False","0"
"40272","1519274510896","1843857140396","1843857283521","14.4638","14.3125","0.15130000000000002","15.380100000000002","2.6901","False","12.0667","14.4756","18.1573","7.5151","21.8276","8","1","1","False","0"
"40272","1519274510896","1843857285034","1843857423252","13.9821","13.821800000000001","0.1603","14.5028","3.2129000000000003","False","18.2163","13.9731","12.0667","5.608700000000001","19.430500000000002","8","1","1","False","0"
"40272","1519274510896","1843857424855","1843857587442","16.4156","16.2587","0.1569","15.867600000000001","2.666","False","12.0915","16.419","18.2163","7.406000000000001","23.6647","8","1","1","False","0"
"40272","1519274510896","1843857589011","1843857754183","16.6702","16.517200000000003","0.153","15.763100000000001","1.7423000000000002","False","18.2137","16.6741","12.0915","2.8234000000000004","19.340600000000002","8","1","1","False","0"
"40272","1519274510896","1843857755713","1843857893983","13.9845","13.827","0.1575","16.4192","4.1905","False","12.1082","13.98","18.2137","7.0571","20.8841","8","1","1","False","0"
"40272","1519274510896","1843857895558","1843858056532","16.2008","16.0974","0.1034","13.518","1.7662","False","18.1949","16.2549","12.1082","2.9104","19.0078","8","1","1","False","0"
"40272","1519274510896","1843858057566","1843858196956","14.1007","13.939","0.1617","15.916899999999998","3.3234000000000004","False","12.1425","14.0424","18.1949","7.0629","21.001900000000003","8","1","1","False","0"
"40272","1519274510896","1843858198573","1843858352947","15.5919","15.4374","0.1545","14.4229","2.1555","False","18.1355","15.5991","12.1425","3.6063","19.0437","8","1","1","False","0"
"40272","1519274510896","1843858354492","1843858513033","16.026600000000002","15.8541","0.17250000000000001","18.643900000000002","4.7774","False","12.1205","16.0086","18.1355","5.7332","21.587300000000003","8","1","1","False","0"
"40272","1519274510896","1843858514758","1843858651972","13.848600000000001","13.721400000000001","0.1272","10.836099999999998","1.7458","False","18.1902","13.8939","12.1205","3.9598","17.6812","8","1","1","False","0"
"40272","1519274510896","1843858653244","1843858810587","15.8962","15.734300000000001","0.16190000000000002","18.3749","4.2393","False","12.1172","15.861500000000001","18.1902","6.2885","22.0228","8","1","1","False","0"
"40272","1519274510896","1843858812206","1843858962135","15.154300000000001","14.9929","0.16140000000000002","12.921800000000001","2.0044","False","18.1944","15.154800000000002","12.1172","3.2509","18.2438","8","1","1","False","0"
"40272","1519274510896","1843858963749","1843859107488","14.569","14.3739","0.1951","17.349","4.8133","False","12.126100000000001","14.535300000000001","18.1944","6.91","21.283900000000003","8","1","1","False","0"
"40272","1519274510896","1843859109439","1843859249547","14.139600000000002","14.010800000000001","0.1288","11.1302","1.7689000000000001","False","12.113000000000001","14.205900000000002","12.126100000000001","4.8302000000000005","18.841","8","1","1","False","0"
"40272","1519274510896","1843859250835","1843859386448","13.687800000000001","13.561300000000001","0.1265","13.6486","1.7271","False","18.183500000000002","13.690100000000001","12.113000000000001","3.2531000000000003","16.8144","8","1","1","False","0"
"40272","1519274510896","1843859387713","1843859539768","15.3687","15.2055","0.1632","16.8731","3.2576","False","12.120000000000001","15.332","18.183500000000002","6.1046000000000005","21.310100000000002","8","1","1","False","0"
"40272","1519274510896","1843859541400","1843859676760","13.681300000000002","13.536000000000001","0.1453","12.097700000000001","1.6464","False","18.1914","13.699200000000001","12.120000000000001","4.5254","18.061400000000003","8","1","1","False","0"
"40272","1519274510896","1843859678213","1843859830875","15.452200000000001","15.266200000000001","0.186","15.683000000000002","1.9046","False","12.1373","15.4115","18.1914","7.305300000000001","22.5715","8","1","1","False","0"
"40272","1519274510896","1843859832735","1843859957055","12.5466","12.432","0.11460000000000001","13.6125","3.2295000000000003","False","12.0874","12.618","12.1373","6.8246","19.256600000000002","8","1","1","False","0"
"40272","1519274510896","1843859958201","1843860092390","13.5554","13.4189","0.1365","15.470199999999998","4.8617","False","18.201700000000002","13.5335","12.0874","5.3785","18.7974","8","1","1","False","0"
"40272","1519274510896","1843860093755","1843860248999","15.9286","15.5244","0.4042","12.8718","1.9368","False","12.1254","15.660900000000002","18.201700000000002","7.919300000000001","23.4437","8","1","1","False","0"
"40272","1519274510896","1843860253041","1843860377100","12.535200000000001","12.4059","0.1293","14.508600000000001","3.774","False","12.1027","12.8101","12.1254","7.2346","19.6405","8","1","1","False","0"
"40272","1519274510896","1843860378393","1843860525075","14.7979","14.6682","0.1297","13.082500000000001","2.0561000000000003","False","18.1919","14.797500000000001","12.1027","4.5398000000000005","19.208000000000002","8","1","1","False","0"
"40272","1519274510896","1843860526372","1843860678325","15.366800000000001","15.195300000000001","0.1715","15.0434","1.7647000000000002","False","12.1327","15.325000000000001","18.1919","7.406700000000001","22.602","8","1","1","False","0"
"40272","1519274510896","1843860680040","1843860798709","11.997300000000001","11.866900000000001","0.13040000000000002","13.709800000000001","3.4483","False","12.1082","12.038400000000001","12.1327","7.501","19.367900000000002","8","1","1","False","0"
"40272","1519274510896","1843860800013","1843860939548","14.1136","13.9535","0.16010000000000002","13.1508","2.488","False","12.0983","14.0839","12.1082","5.5253000000000005","19.4788","8","1","1","False","0"
"40272","1519274510896","1843860941149","1843861078324","13.851300000000002","13.717500000000001","0.1338","13.3306","1.9691","False","18.201900000000002","13.877600000000001","12.0983","3.746","17.4635","8","1","1","False","0"
"40272","1519274510896","1843861079662","1843861236575","15.8549","15.6913","0.1636","18.0564","4.1839","False","18.2137","15.8251","18.201900000000002","6.122800000000001","21.8141","8","1","1","False","0"
"40272","1519274510896","1843861238211","1843861404350","16.754","16.6139","0.1401","14.1218","1.5367000000000002","False","18.1779","16.7775","18.2137","7.559","24.172900000000002","8","1","1","False","0"
"40272","1519274510896","1843861405751","1843861584258","17.9976","17.8507","0.1469","18.2723","1.8082","False","12.097000000000001","17.9908","18.1779","7.7461","25.5968","8","1","1","False","0"
"40272","1519274510896","1843861585727","1843861738366","15.365100000000002","15.263900000000001","0.1012","15.1372","1.8434000000000001","False","12.1071","15.4108","12.097000000000001","4.432300000000001","19.6962","8","1","1","False","0"
"40272","1519274510896","1843861739378","1843861869012","13.1042","12.9634","0.1408","13.3369","1.8253000000000001","False","18.1907","13.0646","12.1071","3.4748","16.438200000000002","8","1","1","False","0"
"40272","1519274510896","1843861870420","1843862027490","15.856900000000001","15.707","0.1499","17.3339","3.2990000000000004","False","12.1012","15.847800000000001","18.1907","5.8177","21.5247","8","1","1","False","0"
"40272","1519274510896","1843862028989","1843862176884","14.9412","14.7895","0.1517","13.8186","2.1682","False","18.2234","14.939400000000001","12.1012","2.9795000000000003","17.769000000000002","8","1","1","False","0"
"40272","1519274510896","1843862178401","1843862314684","13.771600000000001","13.628300000000001","0.1433","16.2198","4.6253","False","12.1004","13.780000000000001","18.2234","7.4229","21.0512","8","1","1","False","0"
"40272","1519274510896","1843862316117","1843862467465","15.2658","15.1348","0.131","12.3488","1.7012","False","12.107000000000001","15.2781","12.1004","4.2452000000000005","19.380000000000003","8","1","1","False","0"
"40272","1519274510896","1843862468775","1843862602592","13.519","13.3817","0.1373","13.912","2.0980000000000003","False","18.210800000000003","13.5127","12.107000000000001","2.8395","16.2212","8","1","1","False","0"
"40272","1519274510896","1843862603965","1843862747332","14.4946","14.3367","0.1579","15.8399","3.4426","False","18.1723","14.474","18.210800000000003","6.576300000000001","20.913","8","1","1","False","0"
"40272","1519274510896","1843862748911","1843862901281","15.3676","15.237","0.1306","17.9766","6.0433","False","12.1151","15.394900000000002","18.1723","9.3537","24.590700000000002","8","1","1","False","0"
"40272","1519274510896","1843862902587","1843863051479","15.0507","14.8892","0.1615","12.5024","3.5188","False","12.1129","15.0198","12.1151","6.449000000000001","21.3382","8","1","1","False","0"
"40272","1519274510896","1843863053094","1843863203192","15.1403","15.0098","0.1305","13.784600000000001","2.1429","False","18.2179","15.1713","12.1129","3.3906","18.4004","8","1","1","False","0"
"40272","1519274510896","1843863204497","1843863351156","14.8308","14.6659","0.16490000000000002","16.1708","3.4894000000000003","False","18.1779","14.7964","18.2179","6.8121","21.478","8","1","1","False","0"
"40272","1519274510896","1843863352805","1843863509031","15.7609","15.6226","0.1383","15.421000000000001","3.1442","False","12.1083","15.787500000000001","18.1779","9.2025","24.825100000000003","8","1","1","False","0"
"40272","1519274510896","1843863510414","1843863653920","14.5119","14.3506","0.1613","14.947700000000001","3.5959000000000003","False","12.104000000000001","14.488900000000001","12.1083","6.8219","21.1725","8","1","1","False","0"
"40272","1519274510896","1843863655533","1843863806522","15.25","15.0989","0.1511","13.574300000000001","1.9121000000000001","False","18.2036","15.260200000000001","12.104000000000001","3.6657","18.7646","8","1","1","False","0"
"40272","1519274510896","1843863808033","1843863970819","16.4255","16.2786","0.1469","17.6253","3.4362000000000004","False","18.177500000000002","16.4297","18.2036","5.4396","21.7182","8","1","1","False","0"
"40272","1519274510896","1843863972288","1843864135696","16.492","16.3408","0.1512","17.2098","3.8308","False","12.1225","16.4877","18.177500000000002","7.1294","23.470200000000002","8","1","1","False","0"
"40272","1519274510896","1843864137208","1843864264221","12.879","12.7013","0.1777","12.6616","3.6323000000000003","False","18.1968","12.852500000000001","12.1225","6.3994","19.1007","8","1","1","False","0"
"40272","1519274510896","1843864265998","1843864443086","17.8739","17.7088","0.1651","18.0885","3.8362000000000003","False","12.104600000000001","17.8865","18.1968","6.709700000000001","24.4185","8","1","1","False","0"
"40272","1519274510896","1843864444737","1843864579704","13.6563","13.4967","0.15960000000000002","11.9647","2.1204","False","18.1811","13.661800000000001","12.104600000000001","5.1525","18.6492","8","1","1","False","0"
"40272","1519274510896","1843864581300","1843864736329","15.688600000000001","15.5029","0.1857","15.6034","2.0788","False","12.1186","15.662500000000001","18.1811","7.6711","23.174","8","1","1","False","0"
"40272","1519274510896","1843864738186","1843864864640","12.8068","12.6454","0.16140000000000002","14.3931","3.6414","False","18.1945","12.831100000000001","12.1186","6.958600000000001","19.604","8","1","1","False","0"
"40272","1519274510896","1843864866254","1843865034503","16.9914","16.8249","0.1665","15.536100000000001","2.1913","False","12.125300000000001","16.9863","18.1945","8.1668","24.9917","8","1","1","False","0"
"40272","1519274510896","1843865036168","1843865190926","15.720500000000001","15.475800000000001","0.2447","15.2485","1.7514","False","18.1644","15.6423","12.125300000000001","4.6498","20.125600000000002","8","1","1","False","0"
"40272","1519274510896","1843865193373","1843865358791","16.753800000000002","16.541800000000002","0.21200000000000002","18.407","3.407","False","12.088700000000001","16.7865","18.1644","6.0277","22.5695","8","1","1","False","0"
"40272","1519274510896","1843865360911","1843865507042","14.7682","14.613100000000001","0.15510000000000002","14.427000000000001","3.028","False","18.2225","14.8251","12.088700000000001","3.2913","17.904400000000003","8","1","1","False","0"
"40272","1519274510896","1843865508593","1843865661641","15.5107","15.3048","0.2059","15.779200000000001","3.3183000000000002","False","18.186600000000002","15.459900000000001","18.2225","6.0539000000000005","21.358700000000002","8","1","1","False","0"
"40272","1519274510896","1843865663700","1843865831898","17.0689","16.8198","0.24910000000000002","17.0808","3.3844000000000003","False","12.1149","17.0257","18.186600000000002","7.2148","24.0346","8","1","1","False","0"
"40272","1519274510896","1843865834389","1843865977725","14.5013","14.3336","0.16770000000000002","13.029100000000003","1.8456000000000001","False","12.084000000000001","14.5827","12.1149","4.747","19.0806","8","1","1","False","0"
"40272","1519274510896","1843865979402","1843866109225","13.0965","12.9823","0.11420000000000001","14.3175","3.3224","False","18.2305","13.15","12.084000000000001","3.681","16.6633","8","1","1","False","0"
"40272","1519274510896","1843866110367","1843866254074","14.5348","14.370700000000001","0.1641","13.3863","1.9091","False","18.1769","14.484900000000001","18.2305","7.4266000000000005","21.7973","8","1","1","False","0"
"40272","1519274510896","1843866255715","1843866439096","18.486800000000002","18.3381","0.1487","20.0176","3.4255","False","12.0937","18.502200000000002","18.1769","7.1013","25.439400000000003","8","1","1","False","0"
"40272","1519274510896","1843866440583","1843866593636","15.469000000000001","15.3053","0.1637","14.057400000000001","2.0203","False","18.2256","15.454","12.0937","3.741","19.046300000000002","8","1","1","False","0"
"40272","1519274510896","1843866595273","1843866732803","13.9159","13.753","0.16290000000000002","13.774500000000002","1.895","False","12.0668","13.9167","18.2256","8.049900000000001","21.8029","8","1","1","False","0"
"40272","1519274510896","1843866734432","1843866908663","17.564300000000003","17.4231","0.14120000000000002","17.535500000000003","1.848","False","18.1977","17.586000000000002","12.0668","2.5307","19.9538","8","1","1","False","0"
"40272","1519274510896","1843866910075","1843867060029","15.1576","14.9954","0.1622","16.8565","3.5551000000000004","False","12.0998","15.136600000000001","18.1977","5.5918","20.5872","8","1","1","False","0"
"40272","1519274510896","1843867061651","1843867212616","15.2645","15.0965","0.168","13.8153","2.0989","False","36.3781","15.258700000000001","12.0998","2.4329","17.529400000000003","8","1","1","False","0"
"40272","1519274510896","1843867214296","1843867556297","34.3829","34.2001","0.18280000000000002","34.9435","2.6772","False","18.186500000000002","34.3681","36.3781","4.4429","38.643","8","1","1","False","0"
"40272","1519274510896","1843867558125","1843867694628","13.840000000000002","13.650300000000001","0.1897","17.273600000000002","6.1154","False","12.132900000000001","13.8331","18.186500000000002","8.7963","22.4466","8","1","1","False","0"
"40272","1519274510896","1843867696525","1843867836563","14.2728","14.0038","0.269","11.9067","3.7799","False","12.1262","14.1935","12.132900000000001","6.7357000000000005","20.7395","8","1","1","False","0"
"40272","1519274510896","1843867839253","1843867957173","11.9557","11.792","0.1637","11.7417","3.5162","False","12.0791","12.061","12.1262","6.8009","18.5929","8","1","1","False","0"
"40272","1519274510896","1843867958810","1843868125641","16.8346","16.6831","0.1515","15.163499999999999","1.8494000000000002","False","18.2166","16.8468","12.0791","2.0332","18.7163","8","1","1","False","0"
"40272","1519274510896","1843868127156","1843868275736","14.9944","14.858","0.1364","15.6416","2.4801","False","18.187","15.009500000000001","18.2166","5.2403","20.098300000000002","8","1","1","False","0"
"40272","1519274510896","1843868277100","1843868429683","15.4367","15.2583","0.1784","14.9337","1.9921000000000002","False","12.1159","15.3947","18.187","8.0326","23.2909","8","1","1","False","0"
"40272","1519274510896","1843868431467","1843868571274","14.1126","13.9807","0.13190000000000002","15.317","3.4916","False","18.186600000000002","14.1591","12.1159","5.989400000000001","19.970100000000002","8","1","1","False","0"
"40272","1519274510896","1843868572593","1843868732462","16.19","15.9869","0.2031","14.950600000000001","1.9678","False","6.0456","16.1188","18.186600000000002","8.0572","24.0441","8","1","1","False","0"
"40272","1519274510896","1843868734493","1843868850025","11.6997","11.5532","0.14650000000000002","11.5748","1.8221","False","24.2287","11.756300000000001","6.0456","2.3465000000000003","13.899700000000001","8","1","1","False","0"
"40272","1519274510896","1843868851490","1843869034619","18.493600000000004","18.312900000000003","0.1807","18.8384","2.1784","False","24.2623","18.459400000000002","24.2287","8.1158","26.428700000000003","8","1","1","False","0"
"40272","1519274510896","1843869036426","1843869287621","25.302500000000002","25.119500000000002","0.183","27.554000000000002","4.4447","False","12.1423","25.3002","24.2623","7.0779000000000005","32.1974","8","1","1","False","0"
"40272","1519274510896","1843869289451","1843869406612","11.8688","11.7161","0.1527","11.0946","3.6582000000000003","False","12.0847","11.8991","12.1423","7.3211","19.037200000000002","8","1","1","False","0"
"40272","1519274510896","1843869408139","1843869567913","16.1085","15.977400000000001","0.1311","14.6805","2.2096","False","18.1904","16.130100000000002","12.0847","3.2757","19.2531","8","1","1","False","0"
"40272","1519274510896","1843869569224","1843869714809","14.733600000000001","14.5585","0.1751","16.93","4.4223","False","12.143","14.6896","18.1904","6.7765","21.335","8","1","1","False","0"
"40272","1519274510896","1843869716560","1843869850080","13.518600000000001","13.352","0.1666","11.6333","2.5428","False","18.1724","13.5271","12.143","5.3924","18.744400000000002","8","1","1","False","0"
"40272","1519274510896","1843869851746","1843870006564","15.6506","15.481800000000002","0.1688","15.269200000000001","2.1617","False","18.179000000000002","15.6484","18.1724","7.9164","23.398200000000003","8","1","1","False","0"
"40272","1519274510896","1843870008252","1843870184673","17.784499999999998","17.6421","0.1424","17.8322","2.1321","False","12.0981","17.8109","18.179000000000002","8.2845","25.9266","8","1","1","False","0"
"40272","1519274510896","1843870186097","1843870362945","17.831899999999997","17.6848","0.1471","17.5497","1.9048","False","18.224","17.8272","12.0981","2.5554","20.2402","8","1","1","False","0"
"40272","1519274510896","1843870364416","1843870523678","16.065800000000003","15.926200000000001","0.1396","16.194300000000002","2.0424","False","18.1524","16.0733","18.224","4.7061","20.6323","8","1","1","False","0"
"40272","1519274510896","1843870525074","1843870709261","18.5635","18.4187","0.1448","19.5603","3.3755","False","18.2146","18.5583","18.1524","4.3002","22.7189","8","1","1","False","0"
"40272","1519274510896","1843870710709","1843870854809","14.6263","14.41","0.21630000000000002","13.558900000000001","2.0151","False","18.163600000000002","14.5548","18.2146","7.96","22.37","8","1","1","False","0"
"40272","1519274510896","1843870856972","1843871037187","18.1974","18.0215","0.1759","18.025100000000002","1.8052000000000001","False","30.3088","18.2378","18.163600000000002","7.885800000000001","25.907300000000003","8","1","1","False","0"
"40272","1519274510896","1843871038946","1843871309939","27.222400000000004","27.099300000000003","0.1231","30.3416","4.906000000000001","False","12.119200000000001","27.2752","30.3088","10.919400000000001","38.0187","8","1","1","False","0"
"40272","1519274510896","1843871311170","1843871465429","15.5786","15.4259","0.1527","12.5012","1.8457000000000001","False","12.1071","15.549000000000001","12.119200000000001","7.4896","22.9155","8","1","1","False","0"
"40272","1519274510896","1843871466956","1843871624340","15.888300000000001","15.7384","0.1499","16.069300000000002","2.0166","False","18.2121","15.891100000000002","12.1071","3.7056","19.444000000000003","8","1","1","False","0"
"40272","1519274510896","1843871625839","1843871761421","13.702000000000002","13.558200000000001","0.1438","13.9215","2.2436000000000003","False","18.1578","13.7081","18.2121","8.2096","21.7678","8","1","1","False","0"
"40272","1519274510896","1843871762859","1843871968430","20.743000000000002","20.557100000000002","0.1859","21.8108","3.3331","False","18.1887","20.7009","18.1578","5.6665","26.2236","8","1","1","False","0"
"40272","1519274510896","1843871970289","1843872131418","16.2685","16.1129","0.15560000000000002","15.0779","2.13","False","18.1688","16.2988","18.1887","7.5564","23.6693","8","1","1","False","0"
"40272","1519274510896","1843872132974","1843872295642","16.4251","16.2668","0.1583","21.404500000000002","7.105300000000001","False","12.1323","16.4224","18.1688","9.302800000000001","25.5696","8","1","1","False","0"
"40272","1519274510896","1843872297225","1843872443141","14.730400000000001","14.591600000000001","0.1388","11.357000000000001","3.7201","False","12.0976","14.7499","12.1323","6.6852","21.2768","8","1","1","False","0"
"40272","1519274510896","1843872444529","1843872597214","15.4105","15.268500000000001","0.14200000000000002","13.8604","2.1776","False","18.1798","15.407300000000001","12.0976","3.3755","18.644000000000002","8","1","1","False","0"
"40272","1519274510896","1843872598634","1843872789996","19.297600000000003","19.136200000000002","0.16140000000000002","18.9725","1.8725","False","18.2053","19.278200000000002","18.1798","2.2771","21.4133","8","1","1","False","0"
"40272","1519274510896","1843872791610","1843872932001","14.345200000000002","14.039100000000001","0.30610000000000004","15.769400000000001","3.7462","False","18.180300000000003","14.2005","18.2053","6.2819","20.321","8","1","1","False","0"
"40272","1519274510896","1843872935062","1843873094971","16.1336","15.9909","0.1427","18.881500000000003","6.0200000000000005","False","12.1189","16.297","18.180300000000003","8.1652","24.156100000000002","8","1","1","False","0"
"40272","1519274510896","1843873096398","1843873245926","15.107099999999999","14.9528","0.15430000000000002","11.356100000000001","2.266","False","18.191000000000003","15.095500000000001","12.1189","5.1886","20.1414","8","1","1","False","0"
"40272","1519274510896","1843873247469","1843873426066","18.0066","17.8597","0.1469","18.1","2.3767","False","24.229300000000002","18.014","18.191000000000003","5.365600000000001","23.2253","8","1","1","False","0"
"40272","1519274510896","1843873427535","1843873652074","22.6353","22.4539","0.1814","24.8912","4.6355","False","24.247400000000003","22.6008","24.229300000000002","6.9941","29.448","8","1","1","False","0"
"40272","1519274510896","1843873653888","1843873901851","24.961100000000002","24.796300000000002","0.1648","23.7801","3.4419","False","24.209600000000002","24.977700000000002","24.247400000000003","6.263800000000001","31.060100000000002","8","1","1","False","0"
"40272","1519274510896","1843873903499","1843874166688","26.480000000000004","26.318900000000003","0.16110000000000002","25.8651","2.8328","False","24.250400000000003","26.483700000000002","24.209600000000002","3.9897","30.308600000000002","8","1","1","False","0"
"40272","1519274510896","1843874168299","1843874412742","24.619600000000002","24.444300000000002","0.1753","24.987299999999998","3.2003000000000004","False","24.258000000000003","24.6054","24.250400000000003","3.6347","28.079","8","1","1","False","0"
"40272","1519274510896","1843874414495","1843874635566","22.280900000000003","22.107100000000003","0.1738","23.401400000000002","4.3312","False","18.1566","22.282400000000003","24.258000000000003","5.6103000000000005","27.7174","8","1","1","False","0"
"40272","1519274510896","1843874637304","1843874842169","20.6283","20.4865","0.1418","18.4798","2.1678","False","36.400600000000004","20.6603","18.1566","3.1066000000000003","23.5931","8","1","1","False","0"
"40272","1519274510896","1843874843587","1843875146205","30.482400000000002","30.2618","0.22060000000000002","31.2559","2.9711000000000003","False","12.101700000000001","30.4036","36.400600000000004","9.1036","39.3654","8","1","1","False","0"
"40272","1519274510896","1843875148411","1843875316708","16.965600000000002","16.829700000000003","0.1359","17.0823","3.0516","False","18.1768","17.0503","12.101700000000001","4.155","20.9847","8","1","1","False","0"
"40272","1519274510896","1843875318067","1843875473981","15.7703","15.5914","0.1789","16.2007","3.5046000000000004","False","12.113000000000001","15.727300000000001","18.1768","6.604500000000001","22.1959","8","1","1","False","0"
"40272","1519274510896","1843875475770","1843875624389","14.9931","14.8619","0.1312","14.0858","2.5694","False","18.1998","15.0408","12.113000000000001","3.6767000000000003","18.538600000000002","8","1","1","False","0"
"40272","1519274510896","1843875625701","1843875808604","18.486400000000003","18.290300000000002","0.1961","17.2198","1.8326","False","18.153000000000002","18.4215","18.1998","3.455","21.7453","8","1","1","False","0"
"40272","1519274510896","1843875810565","1843875953454","14.4238","14.2889","0.13490000000000002","19.5353","6.415500000000001","False","12.133600000000001","14.485000000000001","18.153000000000002","7.123","21.4119","8","1","1","False","0"
"40272","1519274510896","1843875954803","1843876117966","16.4526","16.316300000000002","0.1363","10.3034","0.2716","False","18.1949","16.4512","12.133600000000001","2.8054","19.1217","8","1","1","False","0"
"40272","1519274510896","1843876119329","1843876286289","16.823400000000003","16.696","0.1274","16.86","0.3033","False","18.1949","16.8323","18.1949","4.168","20.864","8","1","1","False","0"
"40272","1519274510896","1843876287563","1843876447540","16.182","15.9977","0.18430000000000002","16.1723","0.314","False","12.1241","16.1251","18.1949","6.2378","22.235500000000002","8","1","1","False","0"
"40272","1519274510896","1843876449383","1843876576304","12.8482","12.6921","0.15610000000000002","12.9075","0.37160000000000004","False","12.091600000000001","12.8764","12.1241","5.4855","18.1776","8","1","1","False","0"
"40272","1519274510896","1843876577865","1843876723790","14.7231","14.592500000000001","0.1306","14.672400000000001","0.30610000000000004","False","18.2118","14.748600000000001","12.091600000000001","2.8285","17.421","8","1","1","False","0"
"40272","1519274510896","1843876725096","1843876884678","16.074","15.958200000000001","0.1158","16.063000000000002","0.2852","False","12.0943","16.0888","18.2118","4.9515","20.9097","8","1","1","False","0"
"40272","1519274510896","1843876885836","1843877024428","14.021600000000001","13.859200000000001","0.16240000000000002","14.0038","0.2777","False","12.102500000000001","13.975000000000001","12.0943","3.0708","16.93","8","1","1","False","0"
"40272","1519274510896","1843877026052","1843877162442","13.772800000000002","13.639000000000001","0.1338","13.8069","0.3104","False","18.2282","13.801400000000001","12.102500000000001","1.3719000000000001","15.010900000000001","8","1","1","False","0"
"40272","1519274510896","1843877163780","1843877318768","15.626000000000001","15.498800000000001","0.1272","15.7132","0.39380000000000004","False","12.089500000000001","15.6326","18.2282","3.9675000000000002","19.4663","8","1","1","False","0"
"40272","1519274510896","1843877320040","1843877447420","12.863600000000002","12.738000000000001","0.12560000000000002","12.771500000000001","0.2998","False","18.1845","12.8652","12.089500000000001","3.1918","15.9298","8","1","1","False","0"
"40272","1519274510896","1843877448676","1843877627357","18.021800000000002","17.868100000000002","0.1537","18.0957","0.3791","False","12.107800000000001","17.9937","18.1845","3.3826","21.250700000000002","8","1","1","False","0"
"40272","1519274510896","1843877628894","1843877777159","15.0119","14.826500000000001","0.1854","14.9061","0.3015","False","18.1875","14.9802","12.107800000000001","0.5102","15.3367","8","1","1","False","0"
"40272","1519274510896","1843877779013","1843877926274","14.8413","14.7261","0.11520000000000001","14.757900000000001","0.4186","False","24.2921","14.9115","18.1875","3.7862","18.5123","8","1","1","False","0"
"40272","1519274510896","1843877927426","1843878142434","21.6644","21.5008","0.1636","21.8914","0.43060000000000004","False","12.1006","21.616","24.2921","6.4623","27.9631","8","1","1","False","0"
"40272","1519274510896","1843878144070","1843878288222","14.593300000000001","14.4152","0.1781","14.4723","0.31320000000000003","False","18.1939","14.578800000000001","12.1006","3.9841","18.3993","8","1","1","False","0"
"40272","1519274510896","1843878290003","1843878465202","17.6587","17.5199","0.1388","17.6694","0.3088","False","12.1129","17.698","18.1939","4.48","21.9999","8","1","1","False","0"
"40272","1519274510896","1843878466590","1843878596099","13.0797","12.9509","0.1288","13.0759","0.30210000000000004","False","12.0815","13.0897","12.1129","3.5032","16.4541","8","1","1","False","0"
"40272","1519274510896","1843878597387","1843878730897","13.486300000000002","13.351","0.1353","13.4929","0.3111","False","18.2299","13.479800000000001","12.0815","2.1049","15.455900000000002","8","1","1","False","0"
"40272","1519274510896","1843878732250","1843878889865","15.981600000000002","15.761500000000002","0.22010000000000002","16.055","0.4058","False","12.0997","15.8968","18.2299","4.438000000000001","20.1995","8","1","1","False","0"
"40272","1519274510896","1843878892066","1843879029298","13.8759","13.7232","0.1527","13.834100000000001","0.3617","False","18.1812","13.9433","12.0997","2.5944000000000003","16.317600000000002","8","1","1","False","0"
"40272","1519274510896","1843879030825","1843879182510","15.3212","15.1685","0.1527","15.2788","0.3119","False","18.186500000000002","15.321200000000001","18.1812","5.454400000000001","20.6229","8","1","1","False","0"
"40272","1519274510896","1843879184037","1843879367452","18.47","18.3415","0.1285","18.552400000000002","0.3791","False","12.114","18.4942","18.186500000000002","5.1467","23.488200000000003","8","1","1","False","0"
"40272","1519274510896","1843879368737","1843879517566","15.057300000000001","14.882900000000001","0.1744","14.973500000000001","0.3078","False","18.178","15.0114","12.114","2.2493000000000003","17.1322","8","1","1","False","0"
"40272","1519274510896","1843879519310","1843879667451","14.9724","14.8141","0.1583","14.975100000000001","0.31470000000000004","False","18.176000000000002","14.9885","18.178","5.4388000000000005","20.2529","8","1","1","False","0"
"40272","1519274510896","1843879669034","1843879885551","21.7894","21.6517","0.13770000000000002","21.7974","0.3144","False","12.1136","21.810000000000002","18.176000000000002","1.8048000000000002","23.456500000000002","8","1","1","False","0"
"40272","1519274510896","1843879886928","1843880019324","13.453400000000002","13.239600000000001","0.21380000000000002","13.4664","0.3612","False","18.2256","13.3773","12.1136","0.5411","13.780700000000001","8","1","1","False","0"
"40272","1519274510896","1843880021462","1843880151940","13.216000000000001","13.0478","0.16820000000000002","13.197600000000001","0.31370000000000003","False","12.098500000000001","13.261600000000001","18.2256","5.5051000000000005","18.5529","8","1","1","False","0"
"40272","1519274510896","1843880153622","1843880281485","12.894200000000001","12.7863","0.10790000000000001","12.776299999999999","0.3205","False","12.1071","12.954500000000001","12.098500000000001","4.6491","17.4354","8","1","1","False","0"
"40272","1519274510896","1843880282564","1843880439866","15.8776","15.7302","0.1474","16.0031","0.3149","False","18.2127","15.8381","12.1071","0.9181","16.648300000000003","8","1","1","False","0"
"40272","1519274510896","1843880441340","1843880576809","13.692900000000002","13.5469","0.14600000000000002","13.7645","0.39","False","12.0839","13.6943","18.2127","5.4365000000000006","18.9834","8","1","1","False","0"
"40272","1519274510896","1843880578269","1843880732426","15.563400000000001","15.415700000000001","0.1477","15.4783","0.29350000000000004","False","12.109200000000001","15.5617","12.0839","1.9587","17.3744","8","1","1","False","0"
"40272","1519274510896","1843880733903","1843880860933","12.862800000000002","12.703000000000001","0.1598","12.8788","0.32130000000000003","False","24.2956","12.8507","12.109200000000001","1.2172","13.920200000000001","8","1","1","False","0"
"40272","1519274510896","1843880862531","1843881064147","20.2902","20.1616","0.12860000000000002","20.365300000000005","0.3849","False","12.097000000000001","20.3214","24.2956","5.191400000000001","25.353","8","1","1","False","0"
"40272","1519274510896","1843881065433","1843881213763","14.9715","14.833","0.1385","14.882800000000001","0.3012","False","18.2042","14.9616","12.097000000000001","2.3268","17.1598","8","1","1","False","0"
"40272","1519274510896","1843881215148","1843881363592","15.0234","14.8444","0.17900000000000002","15.018600000000003","0.3106","False","12.0809","14.9829","18.2042","5.548100000000001","20.392500000000002","8","1","1","False","0"
"40272","1519274510896","1843881365382","1843881525182","16.1319","15.98","0.1519","16.125500000000002","0.30720000000000003","False","18.203500000000002","16.159000000000002","12.0809","1.47","17.45","8","1","1","False","0"
"40272","1519274510896","1843881526701","1843881692769","16.7448","16.6068","0.138","16.7678","0.3084","False","18.1513","16.7587","18.203500000000002","2.9148","19.5216","8","1","1","False","0"
"40272","1519274510896","1843881694149","1843881850394","15.7505","15.624500000000001","0.126","15.717500000000001","0.2758","False","24.2759","15.762500000000001","18.1513","5.3036","20.9281","8","1","1","False","0"
"40272","1519274510896","1843881851654","1843882121357","27.117800000000003","26.9703","0.14750000000000002","27.2239","0.3831","False","18.1914","27.096300000000003","24.2759","2.4832","29.453500000000002","8","1","1","False","0"
"40272","1519274510896","1843882122832","1843882265427","14.5937","14.259500000000001","0.3342","14.325800000000001","0.3027","False","12.074","14.407","18.1914","6.267600000000001","20.5271","8","1","1","False","0"
"40272","1519274510896","1843882268769","1843882426962","15.9336","15.8193","0.1143","16.0089","0.3347","False","24.241600000000002","16.1535","12.074","2.1881","18.0074","8","1","1","False","0"
"40272","1519274510896","1843882428105","1843882680641","25.411700000000003","25.253600000000002","0.15810000000000002","25.6191","0.4082","False","18.2332","25.367900000000002","24.241600000000002","1.0618","26.3154","8","1","1","False","0"
"40272","1519274510896","1843882682222","1843882818013","13.7685","13.5791","0.1894","13.7329","0.3793","False","12.0884","13.737200000000001","18.2332","5.5578","19.1369","8","1","1","False","0"
"40272","1519274510896","1843882819907","1843882976519","15.8269","15.661200000000001","0.16570000000000001","15.740300000000001","0.30010000000000003","False","18.2225","15.8506","12.0884","1.7956","17.4568","8","1","1","False","0"
"40272","1519274510896","1843882978176","1843883116165","13.955600000000002","13.798900000000001","0.1567","13.968100000000002","0.3","False","12.083400000000001","13.9646","18.2225","6.0535000000000005","19.8524","8","1","1","False","0"
"40272","1519274510896","1843883117732","1843883282149","16.5854","16.4417","0.1437","16.5872","0.29460000000000003","False","18.1932","16.5984","12.083400000000001","1.5385","17.9802","8","1","1","False","0"
"40272","1519274510896","1843883283586","1843883426473","14.437100000000001","14.2887","0.1484","14.4383","0.2924","False","12.140500000000001","14.432400000000001","18.1932","5.299300000000001","19.588","8","1","1","False","0"
"40272","1519274510896","1843883427957","1843883584013","15.775400000000001","15.6056","0.1698","15.790700000000001","0.3262","False","18.167","15.754000000000001","12.140500000000001","1.6858000000000002","17.2914","8","1","1","False","0"
"40272","1519274510896","1843883585711","1843883765101","18.078500000000002","17.939","0.1395","18.0908","0.3209","False","24.267300000000002","18.108800000000002","18.167","1.744","19.683","8","1","1","False","0"
"40272","1519274510896","1843883766496","1843883974785","21.029400000000003","20.8289","0.2005","20.9832","0.3009","False","24.2128","20.968400000000003","24.267300000000002","5.0429","25.8718","8","1","1","False","0"
"40272","1519274510896","1843883976790","1843884218122","24.3807","24.133200000000002","0.24750000000000003","24.4603","0.5761000000000001","False","18.189700000000002","24.3337","24.2128","4.922000000000001","29.055200000000003","8","1","1","False","0"
"40272","1519274510896","1843884220597","1843884433637","21.5572","21.304000000000002","0.25320000000000004","21.5412","0.4022","False","24.218","21.5515","18.189700000000002","1.5602","22.8642","8","1","1","False","0"
"40272","1519274510896","1843884436169","1843884639578","20.5215","20.3409","0.1806","20.428","0.5151","False","18.191100000000002","20.5941","24.218","5.1841","25.525000000000002","8","1","1","False","0"
"40272","1519274510896","1843884641384","1843884822157","18.2531","18.0773","0.1758","18.2707","0.2808","False","18.194300000000002","18.2579","18.191100000000002","5.1173","23.1946","8","1","1","False","0"
"40272","1519274510896","1843884823915","1843885012958","19.034499999999998","18.9043","0.1302","19.0552","0.273","False","18.1839","19.0801","18.194300000000002","4.2315000000000005","23.1358","8","1","1","False","0"
"40272","1519274510896","1843885014260","1843885194691","18.177100000000003","18.043100000000003","0.134","18.1719","0.2756","False","18.1833","18.1733","18.1839","4.2421","22.2852","8","1","1","False","0"
"40272","1519274510896","1843885196031","1843885387227","19.326600000000003","19.119600000000002","0.20700000000000002","19.3272","0.3017","False","12.090100000000001","19.253600000000002","18.1833","3.1718","22.2914","8","1","1","False","0"
"40272","1519274510896","1843885389297","1843885528290","14.096400000000001","13.8993","0.1971","14.190000000000001","0.38480000000000003","False","24.28","14.106300000000001","12.090100000000001","1.1556","15.0549","8","1","1","False","0"
"40272","1519274510896","1843885530261","1843885722777","19.4866","19.2516","0.23500000000000001","19.448900000000002","0.3774","False","18.1541","19.448700000000002","24.28","5.9869","25.238500000000002","8","1","1","False","0"
"40272","1519274510896","1843885725127","1843885923499","20.0198","19.8372","0.1826","19.945500000000003","0.2858","False","18.1979","20.072200000000002","18.1541","4.0688","23.906000000000002","8","1","1","False","0"
"40272","1519274510896","1843885925325","1843886122175","19.847500000000004","19.685000000000002","0.1625","19.9621","0.37210000000000004","False","12.0949","19.8676","18.1979","2.3991000000000002","22.0841","8","1","1","False","0"
"40272","1519274510896","1843886123800","1843886254309","13.228","13.0509","0.1771","13.2003","0.3471","False","24.2849","13.2134","12.0949","1.2806","14.3315","8","1","1","False","0"
"40272","1519274510896","1843886256080","1843886456334","20.1916","20.0254","0.16620000000000001","20.2259","0.3956","False","18.175700000000003","20.2025","24.2849","5.363","25.3884","8","1","1","False","0"
"40272","1519274510896","1843886457996","1843886627615","17.1642","16.9619","0.2023","17.159200000000002","0.39030000000000004","False","18.175700000000003","17.1281","18.175700000000003","6.4106000000000005","23.372500000000002","8","1","1","False","0"
"40272","1519274510896","1843886629638","1843886854044","22.6616","22.4406","0.221","22.6567","0.3865","False","18.1762","22.6429","18.175700000000003","1.9434","24.384","8","1","1","False","0"
"40272","1519274510896","1843886856254","1843887038657","18.404600000000002","18.2403","0.1643","18.3595","0.331","False","18.1797","18.4613","18.1762","1.6583","19.898600000000002","8","1","1","False","0"
"40272","1519274510896","1843887040300","1843887216392","17.7959","17.6092","0.1867","17.631800000000002","0.4439","False","18.1863","17.773500000000002","18.1797","2.0645000000000002","19.6737","8","1","1","False","0"
"40272","1519274510896","1843887218259","1843887397656","18.207800000000002","17.939700000000002","0.2681","18.343600000000002","0.3619","False","18.183500000000002","18.1264","18.1863","2.1244","20.0641","8","1","1","False","0"
"40272","1519274510896","1843887400337","1843887560906","16.239600000000003","16.056900000000002","0.1827","16.2833","0.3705","False","12.091000000000001","16.325","18.183500000000002","3.9829000000000003","20.0398","8","1","1","False","0"
"40272","1519274510896","1843887562733","1843887710480","14.9486","14.774700000000001","0.1739","14.9222","0.3241","False","18.212500000000002","14.957400000000002","12.091000000000001","1.1165","15.891200000000001","8","1","1","False","0"
"40272","1519274510896","1843887712219","1843887885060","17.482200000000002","17.284100000000002","0.1981","17.525000000000002","0.38","False","18.1725","17.458000000000002","18.212500000000002","1.871","19.1551","8","1","1","False","0"
"40272","1519274510896","1843887887041","1843888028311","14.373600000000001","14.127","0.2466","14.292900000000001","0.3199","False","18.1967","14.3251","18.1725","5.7184","19.8454","8","1","1","False","0"
"40272","1519274510896","1843888030777","1843888219391","19.0205","18.8614","0.15910000000000002","19.0122","0.2812","False","18.1816","19.108","18.1967","4.8071","23.6685","8","1","1","False","0"
"40272","1519274510896","1843888220982","1843888396829","17.7362","17.5847","0.1515","17.7606","0.2973","False","12.0889","17.7438","18.1816","5.2449","22.829600000000003","8","1","1","False","0"
"40272","1519274510896","1843888398344","1843888543563","14.7131","14.5219","0.1912","14.725800000000001","0.3195","False","18.1778","14.6734","12.0889","2.6604","17.1823","8","1","1","False","0"
"40272","1519274510896","1843888545475","1843888729364","18.6347","18.3889","0.24580000000000002","18.651600000000002","0.36660000000000004","False","18.2219","18.5801","18.1778","2.2581","20.647000000000002","8","1","1","False","0"
"40272","1519274510896","1843888731822","1843888888878","15.871500000000001","15.7056","0.16590000000000002","15.891300000000001","0.35750000000000004","False","18.1871","15.951400000000001","18.2219","4.5286","20.2342","8","1","1","False","0"
"40272","1519274510896","1843888890537","1843889071268","18.202","18.0731","0.12890000000000001","18.1609","0.2934","False","12.116100000000001","18.239","18.1871","4.4767","22.5498","8","1","1","False","0"
"40272","1519274510896","1843889072557","1843889204074","13.3248","13.1517","0.1731","13.2932","0.2876","False","18.1641","13.280600000000002","12.116100000000001","3.3122000000000003","16.463900000000002","8","1","1","False","0"
"40272","1519274510896","1843889205805","1843889366626","16.2656","16.0821","0.1835","16.3779","0.394","False","18.2058","16.255200000000002","18.1641","5.2211","21.3032","8","1","1","False","0"
"40272","1519274510896","1843889368461","1843889538690","17.1979","17.0229","0.17500000000000002","16.9582","0.3257","False","12.149600000000001","17.206400000000002","18.2058","6.2205","23.2434","8","1","1","False","0"
"40272","1519274510896","1843889540440","1843889690596","15.1858","15.015600000000001","0.17020000000000002","15.3152","0.2853","False","18.146800000000002","15.1906","12.149600000000001","3.1795","18.1951","8","1","1","False","0"
"40272","1519274510896","1843889692298","1843889864362","17.379500000000004","17.206400000000002","0.1731","17.4516","0.3579","False","12.1057","17.3766","18.146800000000002","3.9497","21.156100000000002","8","1","1","False","0"
"40272","1519274510896","1843889866093","1843889988453","12.4412","12.236","0.20520000000000002","12.3429","0.2761","False","18.206500000000002","12.4091","12.1057","3.6463","15.8823","8","1","1","False","0"
"40272","1519274510896","1843889990505","1843890147957","15.9528","15.7452","0.2076","15.973","0.2988","False","12.0751","15.9504","18.206500000000002","5.9024","21.6476","8","1","1","False","0"
"40272","1519274510896","1843890150033","1843890292041","14.385000000000002","14.200800000000001","0.1842","14.383500000000002","0.2861","False","18.230700000000002","14.4084","12.0751","3.5691","17.7699","8","1","1","False","0"
"40272","1519274510896","1843890293883","1843890463188","17.090600000000002","16.930500000000002","0.16010000000000002","17.1815","0.3644","False","12.069500000000001","17.1147","18.230700000000002","4.6851","21.6156","8","1","1","False","0"
"40272","1519274510896","1843890464789","1843890608047","14.5287","14.325800000000001","0.2029","14.434700000000001","0.2795","False","18.2153","14.4859","12.069500000000001","2.2687","16.5945","8","1","1","False","0"
"40272","1519274510896","1843890610076","1843890763257","15.500800000000002","15.318100000000001","0.1827","15.552900000000001","0.3281","False","12.096300000000001","15.521","18.2153","4.963","20.281100000000002","8","1","1","False","0"
"40272","1519274510896","1843890765084","1843890913281","15.035800000000002","14.819700000000001","0.21610000000000001","14.985700000000001","0.3032","False","18.1944","15.002400000000002","12.096300000000001","2.0569","16.8766","8","1","1","False","0"
"40272","1519274510896","1843890915442","1843891070763","15.700300000000002","15.532100000000002","0.16820000000000002","15.7841","0.3613","False","18.181","15.7482","18.1944","4.5031","20.0352","8","1","1","False","0"
"40272","1519274510896","1843891072445","1843891243056","17.3071","17.0611","0.24600000000000002","17.4607","0.552","False","18.1624","17.229300000000002","18.181","5.4548000000000005","22.515900000000002","8","1","1","False","0"
"40272","1519274510896","1843891245516","1843891436895","19.3164","19.137900000000002","0.17850000000000002","19.0809","0.2867","False","18.2114","19.3839","18.1624","4.2333","23.3712","8","1","1","False","0"
"40272","1519274510896","1843891438680","1843891611187","17.453100000000003","17.250700000000002","0.2024","17.506700000000002","0.34290000000000004","False","12.093300000000001","17.4292","18.2114","5.0155","22.2662","8","1","1","False","0"
"40272","1519274510896","1843891613211","1843891774386","16.3726","16.1175","0.2551","16.341900000000003","0.3211","False","18.2052","16.3199","12.093300000000001","0.7889","16.9064","8","1","1","False","0"
"40272","1519274510896","1843891776937","1843891915074","13.961300000000001","13.8137","0.1476","13.9915","0.7143","False","12.0967","14.068800000000001","18.2052","4.9253","18.739","8","1","1","False","0"
"40272","1519274510896","1843891916550","1843892073214","15.880600000000001","15.666400000000001","0.2142","15.8139","0.2869","False","18.2133","15.814","12.0967","1.208","16.8744","8","1","1","False","0"
"40272","1519274510896","1843892075356","1843892234257","16.0826","15.8901","0.1925","16.2716","0.44730000000000003","False","18.2265","16.104300000000002","18.2133","3.317","19.2071","8","1","1","False","0"
"40272","1519274510896","1843892236182","1843892433170","19.8652","19.698800000000002","0.16640000000000002","19.864800000000002","0.4219","False","18.113","19.8913","18.2265","1.6522000000000001","21.351000000000003","8","1","1","False","0"
"40272","1519274510896","1843892434834","1843892581368","14.856100000000001","14.653400000000001","0.20270000000000002","14.746","0.36920000000000003","False","18.1771","14.8198","18.113","4.9454","19.5988","8","1","1","False","0"
"40272","1519274510896","1843892583395","1843892793193","21.2027","20.9798","0.22290000000000001","21.2192","0.38230000000000003","False","24.2365","21.1825","18.1771","1.9400000000000002","22.919800000000002","8","1","1","False","0"
"40272","1519274510896","1843892795422","1843893037320","24.4202","24.1898","0.23040000000000002","24.491200000000003","0.42760000000000004","False","24.2709","24.4127","24.2365","1.7638","25.9536","8","1","1","False","0"
"40272","1519274510896","1843893039624","1843893246691","20.9158","20.7067","0.2091","20.838","0.36050000000000004","False","18.184","20.9371","24.2709","5.0976","25.8043","8","1","1","False","0"
"40272","1519274510896","1843893248782","1843893415564","16.9293","16.6782","0.2511","16.8637","0.32730000000000004","False","18.178900000000002","16.8873","18.184","6.3943","23.0725","8","1","1","False","0"
"40272","1519274510896","1843893418075","1843893623137","20.6507","20.5062","0.14450000000000002","20.6626","0.28200000000000003","False","18.1631","20.7573","18.178900000000002","3.8159","24.322100000000002","8","1","1","False","0"
"40272","1519274510896","1843893624582","1843893824220","20.263800000000003","19.963800000000003","0.3","20.253","0.32580000000000003","False","18.1782","20.1083","18.1631","1.8707","21.834500000000002","8","1","1","False","0"
"40272","1519274510896","1843893827220","1843893994334","16.8761","16.7114","0.1647","16.8961","0.2947","False","24.2928","17.011400000000002","18.1782","3.0375","19.748900000000003","8","1","1","False","0"
"40272","1519274510896","1843893995981","1843894220903","22.673000000000002","22.4922","0.18080000000000002","22.700300000000002","0.3509","False","30.2623","22.6569","24.2928","4.6734","27.1656","8","1","1","False","0"
"40272","1519274510896","1843894222711","1843894522358","30.1815","29.9647","0.21680000000000002","30.2116","0.3803","False","18.1644","30.145500000000002","30.2623","4.7902000000000005","34.7549","8","1","1","False","0"
"40272","1519274510896","1843894524526","1843894734251","21.1675","20.9725","0.195","20.9751","0.38730000000000003","False","18.1845","21.1893","18.1644","1.7653","22.7378","8","1","1","False","0"
"40272","1519274510896","1843894736201","1843894911482","17.697100000000002","17.528100000000002","0.169","17.8449","0.3178","False","18.232","17.723100000000002","18.1845","2.2267","19.7548","8","1","1","False","0"
"40272","1519274510896","1843894913172","1843895093323","18.2703","18.0151","0.25520000000000004","18.406200000000002","0.47590000000000005","False","18.1323","18.1841","18.232","2.2746","20.2897","8","1","1","False","0"
"40272","1519274510896","1843895095875","1843895268047","17.411900000000003","17.217200000000002","0.1947","17.3377","0.3967","False","18.1816","17.4724","18.1323","2.9345000000000003","20.1517","8","1","1","False","0"
"40272","1519274510896","1843895269994","1843895469040","20.1594","19.904600000000002","0.2548","20.155","0.41960000000000003","False","24.2441","20.0993","18.1816","1.0168000000000001","20.921400000000002","8","1","1","False","0"
"40272","1519274510896","1843895471588","1843895696770","22.7945","22.5182","0.2763","22.782","0.401","False","18.1719","22.773","24.2441","2.4879000000000002","25.0061","8","1","1","False","0"
"40272","1519274510896","1843895699533","1843895887736","19.0898","18.8203","0.2695","19.0759","0.3986","False","24.2478","19.096600000000002","18.1719","1.5632000000000001","20.3835","8","1","1","False","0"
"40272","1519274510896","1843895890431","1843896127345","23.9588","23.6914","0.2674","23.9903","0.4277","False","24.248800000000003","23.960900000000002","24.2478","1.8501","25.541500000000003","8","1","1","False","0"
"40272","1519274510896","1843896130019","1843896348172","22.0248","21.8153","0.20950000000000002","21.9599","0.32980000000000004","False","24.271700000000003","22.082700000000003","24.248800000000003","4.0162","25.831500000000002","8","1","1","False","0"
"40272","1519274510896","1843896350267","1843896580004","23.1675","22.9737","0.1938","23.204900000000002","0.365","False","24.215300000000003","23.1832","24.271700000000003","5.1047","28.078400000000002","8","1","1","False","0"
"40272","1519274510896","1843896581942","1843896835944","25.6853","25.4002","0.2851","25.698800000000002","0.38530000000000003","False","30.2982","25.594","24.215300000000003","3.726","29.1262","8","1","1","False","0"
"40272","1519274510896","1843896838795","1843897144717","30.8501","30.592200000000002","0.2579","30.8469","0.40240000000000004","False","24.2462","30.8773","30.2982","3.1469","33.7391","8","1","1","False","0"
"40272","1519274510896","1843897147296","1843897407427","26.253600000000002","26.0131","0.24050000000000002","26.2936","0.4373","False","30.3793","26.271","24.2462","1.1221","27.1352","8","1","1","False","0"
"40272","1519274510896","1843897409832","1843897681619","27.354400000000002","27.178700000000003","0.1757","27.303700000000003","0.3574","False","36.276","27.4192","30.3793","4.0822","31.260900000000003","8","1","1","False","0"
"40272","1519274510896","1843897683376","1843898071305","39.056700000000006","38.7929","0.26380000000000003","39.0327","0.3617","False","30.3243","38.9686","36.276","1.3896000000000002","40.182500000000005","8","1","1","False","0"
"40272","1519274510896","1843898073943","1843898328528","25.654500000000002","25.4585","0.196","25.497600000000002","0.4707","False","24.2619","25.7223","30.3243","5.9916","31.450100000000003","8","1","1","False","0"
"40272","1519274510896","1843898330488","1843898591098","26.2466","26.061","0.18560000000000001","26.392400000000002","0.3163","False","24.2417","26.257","24.2619","3.9965","30.0575","8","1","1","False","0"
"40272","1519274510896","1843898592954","1843898820300","22.9509","22.7346","0.21630000000000002","22.977700000000002","0.3755","False","24.2547","22.9202","24.2417","5.3180000000000005","28.0526","8","1","1","False","0"
"40272","1519274510896","1843898822463","1843899053272","23.2873","23.0809","0.2064","23.235100000000003","0.31470000000000004","False","18.1495","23.2972","24.2547","6.2755","29.3564","8","1","1","False","0"
"40272","1519274510896","1843899055336","1843899281812","23.2085","22.6476","0.5609000000000001","23.0163","0.3694","False","24.2517","22.854000000000003","18.1495","1.5710000000000002","24.218600000000002","8","1","1","False","0"
"40272","1519274510896","1843899287421","1843899507150","22.190400000000004","21.972900000000003","0.2175","22.469","0.3926","False","18.1861","22.5338","24.2517","3.2889000000000004","25.2618","8","1","1","False","0"
"40272","1519274510896","1843899509325","1843899675501","16.796499999999998","16.6176","0.1789","16.6701","0.26940000000000003","False","18.1541","16.8351","18.1861","4.6399","21.2575","8","1","1","False","0"
"40272","1519274510896","1843899677290","1843899887984","21.2878","21.0694","0.2184","21.2955","0.2916","False","24.2714","21.2483","18.1541","1.5457","22.6151","8","1","1","False","0"
"40272","1519274510896","1843899890168","1843900100547","21.2279","21.0379","0.19","21.3291","0.3654","False","18.1808","21.2563","24.2714","4.5608","25.5987","8","1","1","False","0"
"40272","1519274510896","1843900102447","1843900304240","20.3795","20.1793","0.20020000000000002","20.3182","0.3154","False","24.244600000000002","20.369300000000003","18.1808","2.3723","22.5516","8","1","1","False","0"
"40272","1519274510896","1843900306242","1843900517994","22.135","21.1752","0.9598000000000001","22.119","0.31880000000000003","False","18.1579","21.375400000000003","24.244600000000002","5.2415","26.416700000000002","8","1","1","False","0"
"40272","1519274510896","1843900527592","1843900739054","21.555500000000002","21.1462","0.4093","21.4522","0.3302","False","24.2878","22.106","18.1579","1.2934","22.439600000000002","8","1","1","False","0"
"40272","1519274510896","1843900743147","1843900945026","20.440600000000003","20.187900000000003","0.25270000000000004","20.5227","0.28550000000000003","False","24.214000000000002","20.5972","24.2878","4.984","25.1719","8","1","1","False","0"
"40272","1519274510896","1843900947553","1843901213412","26.752900000000004","26.585900000000002","0.167","26.818","0.3211","False","24.246000000000002","26.8386","24.214000000000002","2.3594","28.945300000000003","8","1","1","False","0"
"40272","1519274510896","1843901215082","1843901445380","23.2236","23.0298","0.1938","23.0778","0.3387","False","24.248900000000003","23.1968","24.246000000000002","3.4086000000000003","26.4384","8","1","1","False","0"
"40272","1519274510896","1843901447318","1843901673611","22.797","22.6293","0.16770000000000002","22.880100000000002","0.278","False","24.235200000000003","22.8231","24.248900000000003","4.8344000000000005","27.463700000000003","8","1","1","False","0"
"40272","1519274510896","1843901675288","1843901943056","27.0084","26.7768","0.2316","27.0472","0.32280000000000003","False","24.222","26.9445","24.235200000000003","2.1251","28.9019","8","1","1","False","0"
"40272","1519274510896","1843901945372","1843902197737","25.5463","25.2365","0.3098","25.503600000000002","0.32580000000000003","False","30.3337","25.4681","24.222","0.879","26.1155","8","1","1","False","0"
"40272","1519274510896","1843902200835","1843902467950","26.8745","26.7115","0.163","27.328200000000002","0.7139","False","24.235","27.0213","30.3337","4.1914","30.902900000000002","8","1","1","False","0"
"40272","1519274510896","1843902469580","1843902727182","26.0093","25.7602","0.24910000000000002","25.999100000000002","0.7323000000000001","False","30.3125","25.9232","24.235","2.5032","28.2634","8","1","1","False","0"
"40272","1519274510896","1843902729673","1843903006396","27.8547","27.6723","0.1824","27.805400000000002","0.6566000000000001","False","30.297500000000003","27.921400000000002","30.3125","4.8943","32.5666","8","1","1","False","0"
"40272","1519274510896","1843903008220","1843903302340","29.795","29.412000000000003","0.383","29.918400000000002","0.9812000000000001","False","24.2302","29.5944","30.297500000000003","5.5974","35.0094","8","1","1","False","0"
"40272","1519274510896","1843903306170","1843903574331","27.134500000000003","26.816100000000002","0.3184","26.8172","0.5373","False","30.3439","27.1991","24.2302","2.6285000000000003","29.4446","8","1","1","False","0"
"40272","1519274510896","1843903577515","1843903847215","27.2954","26.970000000000002","0.3254","27.279700000000002","0.5354","False","18.1313","27.288400000000003","30.3439","5.684","32.654","8","1","1","False","0"
"40272","1519274510896","1843903850469","1843904064661","21.6527","21.4192","0.2335","21.6919","0.5199","False","24.2531","21.744600000000002","18.1313","2.0707","23.489900000000002","8","1","1","False","0"
"40272","1519274510896","1843904066996","1843904303805","23.9826","23.6809","0.3017","23.9803","0.5539000000000001","False","30.3139","23.9144","24.2531","2.4094","26.090300000000003","8","1","1","False","0"
"40272","1519274510896","1843904306822","1843904570990","26.665200000000002","26.416800000000002","0.2484","27.777800000000003","1.6334000000000002","False","24.2481","26.718500000000002","30.3139","6.0048","32.421600000000005","8","1","1","False","0"
"40272","1519274510896","1843904573474","1843904829039","25.7684","25.5565","0.2119","24.6465","0.48860000000000003","False","24.2179","25.8049","24.2481","4.448","30.0045","8","1","1","False","0"
"40272","1519274510896","1843904831158","1843905093759","26.537200000000002","26.2601","0.2771","26.748800000000003","0.7281000000000001","False","24.220200000000002","26.472","24.2179","2.1939","28.454","8","1","1","False","0"
"40272","1519274510896","1843905096530","1843905348300","25.4839","25.177","0.3069","25.0606","0.8103","False","24.2818","25.4541","24.220200000000002","0.9600000000000001","26.137","8","1","1","False","0"
"40272","1519274510896","1843905351369","1843905552931","20.3683","20.156200000000002","0.2121","20.619400000000002","0.5277000000000001","False","24.229100000000003","20.4631","24.2818","4.778700000000001","24.934900000000003","8","1","1","False","0"
"40272","1519274510896","1843905555052","1843905816505","26.356700000000004","26.145300000000002","0.2114","26.349600000000002","0.5196000000000001","False","24.252000000000002","26.357400000000002","24.229100000000003","2.6504000000000003","28.7957","8","1","1","False","0"
"40272","1519274510896","1843905818619","1843906050862","23.4271","23.2243","0.2028","23.4083","0.4993","False","24.2227","23.4357","24.252000000000002","3.4667000000000003","26.691000000000003","8","1","1","False","0"
"40272","1519274510896","1843906052890","1843906299884","24.9509","24.6994","0.2515","25.1614","0.7422000000000001","False","24.26","24.9022","24.2227","2.7872000000000003","27.486600000000003","8","1","1","False","0"
"40272","1519274510896","1843906302399","1843906532590","23.193900000000003","23.0191","0.1748","22.9995","0.5097","False","24.2515","23.2706","24.26","3.7766","26.7957","8","1","1","False","0"
"40272","1519274510896","1843906534338","1843906747278","21.5438","21.294","0.24980000000000002","21.5216","0.5191","False","18.185000000000002","21.4688","24.2515","6.5593","27.8533","8","1","1","False","0"
"40272","1519274510896","1843906749776","1843906938951","19.1723","18.9175","0.2548","19.4804","0.8112","False","18.154","19.1673","18.185000000000002","5.577","24.494500000000002","8","1","1","False","0"
"40272","1519274510896","1843906941499","1843907153434","21.4388","21.1935","0.24530000000000002","21.1536","0.5444","False","24.2587","21.4483","18.154","2.2827","23.476200000000002","8","1","1","False","0"
"40272","1519274510896","1843907155887","1843907369907","21.573800000000002","21.402","0.1718","21.5942","0.5251","False","24.2648","21.6473","24.2587","4.8941","26.296100000000003","8","1","1","False","0"
"40272","1519274510896","1843907371625","1843907594423","22.5041","22.2798","0.2243","22.5274","0.5739000000000001","False","18.171200000000002","22.451600000000003","24.2648","6.7073","28.9871","8","1","1","False","0"
"40272","1519274510896","1843907596666","1843907787318","19.2863","19.0652","0.22110000000000002","19.2639","0.556","False","18.169","19.2895","18.171200000000002","5.589","24.6542","8","1","1","False","0"
"40272","1519274510896","1843907789529","1843908009731","22.2447","22.020200000000003","0.2245","22.288","0.5963","False","24.2253","22.241300000000003","18.169","1.5167000000000002","23.536900000000003","8","1","1","False","0"
"40272","1519274510896","1843908011976","1843908247544","23.774300000000004","23.556800000000003","0.2175","23.547800000000002","0.5892000000000001","False","24.2448","23.7813","24.2253","1.9607","25.517500000000002","8","1","1","False","0"
"40272","1519274510896","1843908249719","1843908472839","22.5269","22.312","0.2149","22.968300000000003","0.8067000000000001","False","18.206500000000002","22.529500000000002","24.2448","3.676","25.988","8","1","1","False","0"
"40272","1519274510896","1843908474988","1843908633227","16.0559","15.8239","0.232","15.7871","0.5489","False","18.1433","16.038800000000002","18.206500000000002","5.8437","21.6676","8","1","1","False","0"
"40272","1519274510896","1843908635547","1843908847089","21.4192","21.1542","0.265","21.4284","0.5661","False","24.2591","21.386200000000002","18.1433","2.6008","23.755000000000003","8","1","1","False","0"
"40272","1519274510896","1843908849739","1843909090876","24.3089","24.1137","0.1952","24.5678","0.7919","False","24.2298","24.378700000000002","24.2591","2.4812000000000003","26.594900000000003","8","1","1","False","0"
"40272","1519274510896","1843909092828","1843909327614","23.7306","23.4786","0.252","23.739","0.8696","False","18.2118","23.6738","24.2298","3.0372000000000003","26.515800000000002","8","1","1","False","0"
"40272","1519274510896","1843909330134","1843909496059","16.746100000000002","16.5925","0.15360000000000001","16.525100000000002","0.5535","False","18.156100000000002","16.8445","18.2118","4.4045000000000005","20.997","8","1","1","False","0"
"40272","1519274510896","1843909497595","1843909704224","20.9444","20.6629","0.28150000000000003","20.907700000000002","0.5848","False","18.1885","20.8165","18.156100000000002","1.7441","22.407","8","1","1","False","0"
"40272","1519274510896","1843909707039","1843909881830","17.694000000000003","17.479100000000003","0.2149","17.739","0.5938","False","18.2099","17.7606","18.1885","2.172","19.6511","8","1","1","False","0"
"40272","1519274510896","1843909883979","1843910067607","18.5968","18.3628","0.234","18.5928","0.5923","False","24.238300000000002","18.5777","18.2099","1.8042","20.167","8","1","1","False","0"
"40272","1519274510896","1843910069947","1843910266178","19.8033","19.6231","0.1802","19.7989","0.5698","False","18.1858","19.857100000000003","24.238300000000002","6.1854000000000005","25.808500000000002","8","1","1","False","0"
"40272","1519274510896","1843910267980","1843910458154","19.213700000000003","19.017400000000002","0.1963","19.548000000000002","0.9065000000000001","False","18.1853","19.1976","18.1858","5.1736","24.191000000000003","8","1","1","False","0"
"40272","1519274510896","1843910460117","1843910631079","17.3827","17.0962","0.28650000000000003","16.821","0.6243000000000001","False","18.1672","17.2925","18.1853","6.066400000000001","23.1626","8","1","1","False","0"
"40272","1519274510896","1843910633944","1843910842216","21.0816","20.8272","0.2544","21.2653","0.5671","False","24.2302","21.1137","18.1672","3.1199000000000003","23.947100000000002","8","1","1","False","0"
"40272","1519274510896","1843910844760","1843911061096","21.8169","21.6336","0.18330000000000002","22.0546","0.771","False","24.2403","21.888","24.2302","5.4621","27.0957","8","1","1","False","0"
"40272","1519274510896","1843911062929","1843911303371","24.235","24.0442","0.1908","24.261000000000003","0.8135","False","18.2022","24.227500000000003","24.2403","5.4749","29.5191","8","1","1","False","0"
"40272","1519274510896","1843911305279","1843911506571","20.3379","20.1292","0.2087","20.0775","0.544","False","24.2509","20.32","18.2022","3.3571","23.4863","8","1","1","False","0"
"40272","1519274510896","1843911508658","1843911743572","23.693400000000004","23.491400000000002","0.202","24.0378","0.8923000000000001","False","18.1264","23.700100000000003","24.2509","3.9079","27.3993","8","1","1","False","0"
"40272","1519274510896","1843911745592","1843911956042","21.311400000000003","21.045","0.2664","20.9817","0.5969","False","30.315700000000003","21.247","18.1264","0.7873","21.8323","8","1","1","False","0"
"40272","1519274510896","1843911958706","1843912242309","29.6124","28.360300000000002","1.2521","29.816200000000002","0.8965000000000001","False","24.2706","28.626700000000003","30.315700000000003","2.4763","30.8366","8","1","1","False","0"
"40272","1519274510896","1843912254830","1843912448419","19.6034","19.358900000000002","0.24450000000000002","19.4159","0.5929","False","12.0982","20.611","24.2706","6.1359","25.4948","8","1","1","False","0"
"40272","1519274510896","1843912450864","1843912609500","16.1224","15.8636","0.25880000000000003","16.1015","0.5964","False","18.199","16.1081","12.0982","2.126","17.9896","8","1","1","False","0"
"40272","1519274510896","1843912612088","1843912788357","17.8336","17.6269","0.20670000000000002","17.8813","0.6111","False","24.249200000000002","17.8857","18.199","2.4393000000000002","20.066200000000002","8","1","1","False","0"
"40272","1519274510896","1843912790424","1843912988725","20.006800000000002","19.8301","0.1767","20.024800000000003","0.601","False","12.0997","20.0368","24.249200000000002","6.6517","26.4818","8","1","1","False","0"
"40272","1519274510896","1843912990492","1843913157160","16.844900000000003","16.666800000000002","0.1781","16.7829","0.5428000000000001","False","18.1733","16.843500000000002","12.0997","1.9079000000000002","18.5747","8","1","1","False","0"
"40272","1519274510896","1843913158941","1843913331504","17.4396","17.2563","0.18330000000000002","17.469","0.5847","False","18.2158","17.4344","18.1733","2.6468000000000003","19.903100000000002","8","1","1","False","0"
"40272","1519274510896","1843913333337","1843913477638","14.6476","14.430100000000001","0.2175","14.432","0.6646000000000001","False","12.1029","14.6134","18.2158","6.2492","20.6793","8","1","1","False","0"
"40272","1519274510896","1843913479813","1843913630541","15.234200000000001","15.0728","0.16140000000000002","15.4746","0.5814","False","18.2011","15.2903","12.1029","3.0618000000000003","18.134600000000002","8","1","1","False","0"
"40272","1519274510896","1843913632155","1843913782418","15.173","15.0263","0.1467","15.195300000000001","0.6067","False","12.077","15.187700000000001","18.2011","6.075200000000001","21.1015","8","1","1","False","0"
"40272","1519274510896","1843913783885","1843913950276","16.8757","16.6391","0.2366","16.7616","0.5769000000000001","False","24.268600000000003","16.785800000000002","12.077","1.3664","18.0055","8","1","1","False","0"
"40272","1519274510896","1843913952642","1843914140337","19.0215","18.7695","0.252","19.3793","0.8966000000000001","False","12.1325","19.0061","24.268600000000003","6.628900000000001","25.398400000000002","8","1","1","False","0"
"40272","1519274510896","1843914142857","1843914284269","14.272300000000001","14.141200000000001","0.1311","13.9894","0.5651","False","12.0854","14.3932","12.1325","4.3682","18.5094","8","1","1","False","0"
"40272","1519274510896","1843914285580","1843914438353","15.4601","15.2773","0.18280000000000002","15.436100000000001","0.5640000000000001","False","18.184900000000003","15.4084","12.0854","1.0452000000000001","16.3225","8","1","1","False","0"
"40272","1519274510896","1843914440181","1843914606651","16.829900000000002","16.647000000000002","0.1829","17.1351","0.8605","False","18.195","16.829800000000002","18.184900000000003","2.4003","19.0473","8","1","1","False","0"
"40272","1519274510896","1843914608480","1843914789274","18.2258","18.0794","0.1464","18.2725","0.8877","False","18.1939","18.2623","18.195","2.333","20.4124","8","1","1","False","0"
"40272","1519274510896","1843914790738","1843914948946","15.9875","15.8208","0.16670000000000001","15.664800000000001","0.5832","False","12.1073","15.9672","18.1939","4.5597","20.3805","8","1","1","False","0"
"40272","1519274510896","1843914950613","1843915091829","14.2971","14.1216","0.17550000000000002","14.2972","0.5901000000000001","False","18.199","14.288300000000001","12.1073","2.3787000000000003","16.5003","8","1","1","False","0"
"40272","1519274510896","1843915093584","1843915267802","17.5658","17.4218","0.14400000000000002","17.5684","0.5818","False","24.2221","17.5973","18.199","2.9804","20.4022","8","1","1","False","0"
"40272","1519274510896","1843915269242","1843915515227","24.776100000000003","24.5985","0.1776","25.1553","0.9593","False","18.194200000000002","24.7425","24.2221","2.46","27.058500000000002","8","1","1","False","0"
"40272","1519274510896","1843915517003","1843915662974","14.750000000000002","14.597100000000001","0.1529","14.186200000000003","0.6444000000000001","False","12.107700000000001","14.774700000000001","18.194200000000002","5.8795","20.4766","8","1","1","False","0"
"40272","1519274510896","1843915664503","1843915821925","15.892100000000001","15.7422","0.1499","16.1114","0.6155","False","24.2602","15.895100000000001","12.107700000000001","2.0921000000000003","17.834300000000002","8","1","1","False","0"
"40272","1519274510896","1843915823424","1843916029066","20.787","20.5642","0.2228","21.864","1.7231","False","18.1893","20.714100000000002","24.2602","5.6382","26.2024","8","1","1","False","0"
"40272","1519274510896","1843916031294","1843916204731","17.522100000000002","17.343700000000002","0.1784","16.4218","0.6078","False","18.1736","17.5665","18.1893","6.261","23.6047","8","1","1","False","0"
"40272","1519274510896","1843916206515","1843916388529","18.4486","18.2014","0.2472","18.439","0.6267","False","12.107700000000001","18.3798","18.1736","6.0548","24.2562","8","1","1","False","0"
"40272","1519274510896","1843916391001","1843916541544","15.244700000000002","15.054300000000001","0.1904","15.2355","0.5965","False","24.248800000000003","15.3015","12.107700000000001","2.861","17.915300000000002","8","1","1","False","0"
"40272","1519274510896","1843916543448","1843916767683","22.6444","22.4235","0.2209","23.063100000000002","1.0147000000000002","False","12.151900000000001","22.6139","24.248800000000003","4.4959","26.9194","8","1","1","False","0"
"40272","1519274510896","1843916769892","1843916916006","14.825500000000002","14.611400000000001","0.2141","14.4075","0.6039","False","18.1395","14.8323","12.151900000000001","1.8155000000000001","16.4269","8","1","1","False","0"
"40272","1519274510896","1843916918147","1843917093048","17.689","17.4901","0.19890000000000002","18.0697","0.9638000000000001","False","18.1827","17.7042","18.1395","2.2508","19.7409","8","1","1","False","0"
"40272","1519274510896","1843917095037","1843917282870","18.930500000000002","18.7833","0.1472","18.5622","0.5816","False","18.2417","18.982200000000002","18.1827","1.4513","20.2346","8","1","1","False","0"
"40272","1519274510896","1843917284342","1843917441362","15.8982","15.702","0.1962","16.5255","1.224","False","30.2584","15.849200000000002","18.2417","3.8438000000000003","19.5458","8","1","1","False","0"
"40272","1519274510896","1843917443324","1843917732296","29.066300000000002","28.8972","0.1691","31.942700000000002","4.0972","False","18.160800000000002","29.093400000000003","30.2584","5.0088","33.906","8","1","1","False","0"
"40272","1519274510896","1843917733987","1843917926959","19.4729","19.2972","0.1757","16.6678","1.2808000000000002","False","30.3065","19.4663","18.160800000000002","3.7033","23.000500000000002","8","1","1","False","0"
"40272","1519274510896","1843917928716","1843918217939","29.127299999999998","28.9223","0.20500000000000002","29.322300000000002","1.4959","False","24.299300000000002","29.098000000000003","30.3065","4.9118","33.8341","8","1","1","False","0"
"40272","1519274510896","1843918219989","1843918485919","26.7853","26.593","0.1923","26.3702","1.5192","False","24.2074","26.798000000000002","24.299300000000002","2.4131","29.0061","8","1","1","False","0"
"40272","1519274510896","1843918487842","1843918676545","19.0896","18.8703","0.21930000000000002","19.4434","1.4506000000000001","False","18.1741","19.0626","24.2074","7.5579","26.4282","8","1","1","False","0"
"40272","1519274510896","1843918678738","1843918866621","19.0507","18.7883","0.2624","19.6967","2.1193","False","18.1695","19.0076","18.1741","6.7244","25.512700000000002","8","1","1","False","0"
"40272","1519274510896","1843918869245","1843919060857","19.329900000000002","19.1612","0.16870000000000002","18.820700000000002","1.5624","False","18.177400000000002","19.4236","18.1695","5.4703","24.631500000000003","8","1","1","False","0"
"40272","1519274510896","1843919062544","1843919250976","19.0241","18.8432","0.1809","18.844","1.3913","False","24.2527","19.0119","18.177400000000002","4.635800000000001","23.479000000000003","8","1","1","False","0"
"40272","1519274510896","1843919252785","1843919470847","22.0538","21.8062","0.24760000000000001","21.9783","1.3423","False","18.1846","21.9871","24.2527","6.901400000000001","28.707600000000003","8","1","1","False","0"
"40272","1519274510896","1843919473323","1843919676600","20.4959","20.3277","0.16820000000000002","20.25","1.0681","False","18.206300000000002","20.575300000000002","18.1846","4.5107","24.8384","8","1","1","False","0"
"40272","1519274510896","1843919678282","1843919880216","20.3749","20.1934","0.18150000000000002","20.337500000000002","1.0252000000000001","False","18.1436","20.3616","18.206300000000002","2.3554","22.5488","8","1","1","False","0"
"40272","1519274510896","1843919882031","1843920061078","18.098300000000002","17.904700000000002","0.19360000000000002","18.4652","1.4000000000000001","False","24.2722","18.0862","18.1436","2.4128000000000003","20.317500000000003","8","1","1","False","0"
"40272","1519274510896","1843920063014","1843920288748","22.7577","22.5734","0.18430000000000002","22.863400000000002","1.5096","False","18.1786","22.767","24.2722","3.918","26.491400000000002","8","1","1","False","0"
"40272","1519274510896","1843920290591","1843920470760","18.2351","18.0169","0.2182","18.753","2.0348","False","36.3583","18.2012","18.1786","3.8954","21.912300000000002","8","1","1","False","0"
"40272","1519274510896","1843920472942","1843920820256","35.7389","34.7314","1.0075","35.110800000000005","1.7131","False","36.3487","34.949600000000004","36.3583","5.3041","40.0355","8","1","1","False","0"
"40272","1519274510896","1843920830331","1843921184446","35.6105","35.411500000000004","0.199","39.0574","5.8711","False","24.293100000000003","36.419000000000004","36.3487","5.2338000000000005","40.6453","8","1","1","False","0"
"40272","1519274510896","1843921186436","1843921413547","22.9024","22.711100000000002","0.1913","19.2638","1.2034","False","18.1476","22.9101","24.293100000000003","6.6168000000000005","29.3279","8","1","1","False","0"
"40272","1519274510896","1843921415460","1843921627790","21.3419","21.233","0.10890000000000001","22.1459","2.2625","False","18.1631","21.424300000000002","18.1476","3.3401","24.5731","8","1","1","False","0"
"40272","1519274510896","1843921628879","1843921803449","17.576900000000002","17.457","0.1199","18.3401","2.7425","False","18.2166","17.5659","18.1631","3.9373","21.3943","8","1","1","False","0"
"40272","1519274510896","1843921804648","1843921980255","17.8171","17.5607","0.2564","17.5649","2.5738000000000003","False","18.1878","17.680600000000002","18.2166","4.4733","22.034000000000002","8","1","1","False","0"
"40272","1519274510896","1843921982819","1843922167002","18.535000000000004","18.418300000000002","0.11670000000000001","18.0671","2.0227","False","30.2645","18.6747","18.1878","3.9864","22.404700000000002","8","1","1","False","0"
"40272","1519274510896","1843922168169","1843922457702","29.076","28.953300000000002","0.1227","31.524100000000004","4.4703","False","18.2052","29.07","30.2645","5.1809","34.1342","8","1","1","False","0"
"40272","1519274510896","1843922458929","1843922630248","17.3079","17.1319","0.17600000000000002","15.7881","2.9725","False","18.158","17.2546","18.2052","6.1315","23.2634","8","1","1","False","0"
"40272","1519274510896","1843922632008","1843922852700","22.273300000000003","22.069200000000002","0.2041","20.3706","1.0873000000000002","False","18.1874","22.2452","18.158","2.0443000000000002","24.113500000000002","8","1","1","False","0"
"40272","1519274510896","1843922854741","1843923023225","17.079400000000003","16.8484","0.231","17.0367","1.0488","False","18.2209","17.052500000000002","18.1874","3.1792000000000002","20.0276","8","1","1","False","0"
"40272","1519274510896","1843923025535","1843923185938","16.1767","16.040300000000002","0.1364","16.8075","1.6340000000000001","False","18.1673","16.2713","18.2209","5.1288","21.1691","8","1","1","False","0"
"40272","1519274510896","1843923187302","1843923358048","17.2504","17.0746","0.1758","17.928900000000002","2.3402000000000003","False","18.169800000000002","17.211000000000002","18.1673","6.085100000000001","23.1597","8","1","1","False","0"
"40272","1519274510896","1843923359806","1843923561950","20.3535","20.2144","0.1391","19.0133","0.9878","False","18.2044","20.3902","18.169800000000002","3.8647","24.0791","8","1","1","False","0"
"40272","1519274510896","1843923563341","1843923731602","17.026600000000002","16.8261","0.2005","17.5715","1.5561","False","18.1462","16.9652","18.2044","5.1039","21.93","8","1","1","False","0"
"40272","1519274510896","1843923733607","1843923906574","17.469900000000003","17.2967","0.17320000000000002","17.2997","1.3662","False","30.3061","17.4972","18.1462","5.7529","23.0496","8","1","1","False","0"
"40272","1519274510896","1843923908306","1843924240326","33.3408","33.202","0.1388","33.3499","1.3627","False","18.1955","33.3752","30.3061","2.6838","35.8858","8","1","1","False","0"
"40272","1519274510896","1843924241714","1843924419353","17.8702","17.7639","0.1063","17.266000000000002","1.0301","False","18.1673","17.9027","18.1955","2.9766000000000004","20.7405","8","1","1","False","0"
"40272","1519274510896","1843924420416","1843924609340","19.067200000000003","18.892400000000002","0.1748","19.3333","1.0303","False","24.2737","18.9987","18.1673","2.1452","21.0376","8","1","1","False","0"
"40272","1519274510896","1843924611088","1843924817042","20.8148","20.5954","0.2194","21.011200000000002","1.2735","False","18.174300000000002","20.770200000000003","24.2737","5.6487","26.2441","8","1","1","False","0"
"40272","1519274510896","1843924819236","1843924996199","17.9009","17.6963","0.2046","17.9631","1.3223","False","18.1863","17.9157","18.174300000000002","5.9073","23.6036","8","1","1","False","0"
"40272","1519274510896","1843924998245","1843925172054","17.576","17.3809","0.1951","18.1337","1.8874000000000002","False","18.186","17.5855","18.1863","6.508100000000001","23.889000000000003","8","1","1","False","0"
"40272","1519274510896","1843925174005","1843925355941","18.3692","18.1936","0.1756","18.9272","2.4148","False","18.1954","18.3887","18.186","6.305400000000001","24.499000000000002","8","1","1","False","0"
"40272","1519274510896","1843925357697","1843925536588","18.0561","17.8891","0.167","18.1677","2.5291","False","18.1365","18.064700000000002","18.1954","6.436100000000001","24.325200000000002","8","1","1","False","0"
"40272","1519274510896","1843925538258","1843925751452","21.4618","21.3194","0.1424","20.027","1.0778","False","18.1679","21.4864","18.1365","3.0862000000000003","24.4056","8","1","1","False","0"
"40272","1519274510896","1843925752876","1843925952316","20.135600000000004","19.944000000000003","0.19160000000000002","19.982400000000002","0.9476","False","24.273300000000003","20.0864","18.1679","1.1677","21.111700000000003","8","1","1","False","0"
"40272","1519274510896","1843925954232","1843926146672","19.5307","19.244","0.2867","20.9339","2.4128000000000003","False","18.161","19.4356","24.273300000000003","6.0054","25.2494","8","1","1","False","0"
"40272","1519274510896","1843926149539","1843926325777","17.7688","17.6238","0.14500000000000002","17.8462","2.4129","False","24.2388","17.910500000000003","18.161","6.2559000000000005","23.8797","8","1","1","False","0"
"40272","1519274510896","1843926327227","1843926606915","28.1609","27.9688","0.19210000000000002","27.0944","1.3669","False","24.239700000000003","28.1138","24.2388","2.3809","30.349700000000002","8","1","1","False","0"
"40272","1519274510896","1843926608836","1843926854942","24.873","24.6106","0.2624","24.8593","1.4056","False","18.2053","24.8027","24.239700000000003","1.8179","26.4285","8","1","1","False","0"
"40272","1519274510896","1843926857566","1843927023245","16.695600000000002","16.5679","0.1277","16.3965","1.0247","False","18.1506","16.8303","18.2053","3.1929000000000003","19.7608","8","1","1","False","0"
"40272","1519274510896","1843927024522","1843927203200","18.0011","17.867800000000003","0.1333","17.700100000000003","1.0293","False","24.2525","17.9955","18.1506","3.3480000000000003","21.2158","8","1","1","False","0"
"40272","1519274510896","1843927204533","1843927456428","25.334500000000002","25.189500000000002","0.14500000000000002","26.2708","1.6651","False","24.244","25.3228","24.2525","2.2777000000000003","27.467200000000002","8","1","1","False","0"
"40272","1519274510896","1843927457878","1843927679641","22.305400000000002","22.1763","0.1291","23.5091","2.8628","False","24.2592","22.3213","24.244","4.2004","26.3767","8","1","1","False","0"
"40272","1519274510896","1843927680932","1843927870179","19.118000000000002","18.9247","0.1933","21.4294","5.194100000000001","False","12.126000000000001","19.053800000000003","24.2592","9.405800000000001","28.3305","8","1","1","False","0"
"40272","1519274510896","1843927872112","1843928020507","14.9943","14.839500000000001","0.15480000000000002","12.4496","2.6434","False","18.1536","15.0328","12.126000000000001","6.4990000000000006","21.3385","8","1","1","False","0"
"40272","1519274510896","1843928022055","1843928241724","22.096500000000002","21.966900000000003","0.1296","20.802500000000002","1.3328","False","24.2775","22.1217","18.1536","2.5309","24.4978","8","1","1","False","0"
"40272","1519274510896","1843928243020","1843928461845","22.1056","21.8825","0.22310000000000002","22.0064","1.2857","False","18.160600000000002","22.0121","24.2775","4.7963000000000005","26.678800000000003","8","1","1","False","0"
"40272","1519274510896","1843928464076","1843928652588","19.061400000000003","18.851200000000002","0.2102","19.1616","1.3684","False","18.2041","19.0743","18.160600000000002","3.8826","22.733800000000002","8","1","1","False","0"
"40272","1519274510896","1843928654690","1843928820922","16.814700000000002","16.6232","0.1915","17.1369","1.7005000000000001","False","18.1873","16.8334","18.2041","5.2533","21.8765","8","1","1","False","0"
"40272","1519274510896","1843928822837","1843928995591","17.4342","17.2754","0.1588","17.281100000000002","1.5164","False","12.0769","17.466900000000003","18.1873","5.9737","23.249100000000002","8","1","1","False","0"
"40272","1519274510896","1843928997179","1843929150736","15.5012","15.3557","0.14550000000000002","15.569600000000001","1.5802","False","18.229400000000002","15.5145","12.0769","2.5361000000000002","17.8918","8","1","1","False","0"
"40272","1519274510896","1843929152191","1843929306743","15.644000000000002","15.455200000000001","0.1888","15.663400000000001","1.6158000000000001","False","12.0798","15.600700000000002","18.229400000000002","5.1648000000000005","20.62","8","1","1","False","0"
"40272","1519274510896","1843929308631","1843929460077","15.2688","15.1446","0.1242","14.6651","1.3027","False","18.2026","15.333400000000001","12.0798","1.9112","17.0558","8","1","1","False","0"
"40272","1519274510896","1843929461319","1843929622836","16.2889","16.1517","0.13720000000000002","16.5651","1.2694","False","18.1584","16.2759","18.2026","3.8379000000000003","19.9896","8","1","1","False","0"
"40272","1519274510896","1843929624208","1843929817024","19.4277","19.2816","0.1461","19.721400000000003","1.5757","False","18.183600000000002","19.4188","18.1584","2.5775","21.8591","8","1","1","False","0"
"40272","1519274510896","1843929818485","1843929992753","17.5803","17.4268","0.1535","17.5923","1.5781","False","18.2265","17.5729","18.183600000000002","3.1882","20.615000000000002","8","1","1","False","0"
"40272","1519274510896","1843929994288","1843930150699","15.812800000000001","15.641100000000002","0.17170000000000002","15.7581","1.5445","False","18.173000000000002","15.7946","18.2265","5.6201","21.261200000000002","8","1","1","False","0"
"40272","1519274510896","1843930152416","1843930315995","16.5217","16.3579","0.1638","16.9232","1.9378000000000002","False","18.185200000000002","16.529600000000002","18.173000000000002","7.2635000000000005","23.6214","8","1","1","False","0"
"40272","1519274510896","1843930317633","1843930500930","18.4779","18.329700000000003","0.1482","18.1004","1.5509000000000002","False","18.1701","18.4935","18.185200000000002","6.9552000000000005","25.2849","8","1","1","False","0"
"40272","1519274510896","1843930502412","1843930689019","18.9111","18.660700000000002","0.2504","20.1127","2.8031","False","12.0991","18.8089","18.1701","6.316400000000001","24.9771","8","1","1","False","0"
"40272","1519274510896","1843930691523","1843930844819","15.470500000000001","15.329600000000001","0.1409","14.073","1.3561","False","18.192800000000002","15.58","12.0991","2.8355","18.165100000000002","8","1","1","False","0"
"40272","1519274510896","1843930846228","1843931017630","17.3103","17.1402","0.1701","17.3855","1.4429","False","18.2085","17.281100000000002","18.192800000000002","3.7472000000000003","20.8874","8","1","1","False","0"
"40272","1519274510896","1843931019331","1843931168177","15.116700000000002","14.8846","0.2321","15.9495","2.3126","False","12.1018","15.0547","18.2085","6.901000000000001","21.785600000000002","8","1","1","False","0"
"40272","1519274510896","1843931170498","1843931321109","15.216700000000001","15.061100000000001","0.15560000000000002","14.265400000000001","1.3088","False","18.1889","15.2932","12.1018","3.7096","18.7707","8","1","1","False","0"
"40272","1519274510896","1843931322665","1843931491924","17.132900000000003","16.925900000000002","0.20700000000000002","17.6296","1.8471000000000002","False","18.1593","17.081500000000002","18.1889","4.817","21.742900000000002","8","1","1","False","0"
"40272","1519274510896","1843931493994","1843931674015","18.1321","18.002100000000002","0.13","19.7877","3.4518","False","18.2127","18.2091","18.1593","4.7672","22.7693","8","1","1","False","0"
"40272","1519274510896","1843931675315","1843931834312","16.0166","15.899700000000001","0.1169","13.5143","1.2729000000000001","False","12.0777","16.029700000000002","18.2127","6.950200000000001","22.8499","8","1","1","False","0"
"40272","1519274510896","1843931835481","1843932001563","16.7922","16.6082","0.184","17.428900000000002","1.6124","False","18.186700000000002","16.7251","12.0777","2.3028","18.911","8","1","1","False","0"
"40272","1519274510896","1843932003403","1843932181269","17.9809","17.7866","0.1943","17.9784","1.618","False","18.212500000000002","17.9706","18.186700000000002","2.5189","20.305500000000002","8","1","1","False","0"
"40272","1519274510896","1843932183212","1843932329940","14.8789","14.6728","0.2061","15.4952","2.2341","False","18.1779","14.8671","18.212500000000002","5.8643","20.537100000000002","8","1","1","False","0"
"40272","1519274510896","1843932332001","1843932492771","16.2664","16.077","0.1894","15.801900000000002","1.7788000000000002","False","12.1195","16.2831","18.1779","7.7591","23.836100000000002","8","1","1","False","0"
"40272","1519274510896","1843932494665","1843932644069","15.128400000000001","14.9404","0.188","14.6927","1.3252000000000002","False","18.2127","15.129800000000001","12.1195","4.7488","19.6892","8","1","1","False","0"
"40272","1519274510896","1843932645949","1843932809248","16.473000000000003","16.329900000000002","0.1431","17.4969","2.3337000000000003","False","24.181900000000002","16.5179","18.2127","6.4436","22.773500000000002","8","1","1","False","0"
"40272","1519274510896","1843932810679","1843933090816","28.1886","28.0137","0.1749","27.348100000000002","1.5025000000000002","False","24.2647","28.1568","24.181900000000002","2.4687","30.482400000000002","8","1","1","False","0"
"40272","1519274510896","1843933092565","1843933314301","22.3416","22.1736","0.168","22.640800000000002","1.7970000000000002","False","18.1922","22.3485","24.2647","4.3849","26.558500000000002","8","1","1","False","0"
"40272","1519274510896","1843933315981","1843933464933","15.101","14.8952","0.2058","14.7094","1.4334","False","12.116900000000001","15.0632","18.1922","7.5139000000000005","22.409100000000002","8","1","1","False","0"
"40272","1519274510896","1843933466991","1843933614162","14.896700000000001","14.7171","0.1796","14.900400000000001","1.4254","False","18.1824","14.9229","12.116900000000001","4.7079","19.425","8","1","1","False","0"
"40272","1519274510896","1843933615958","1843933792863","17.8393","17.6905","0.14880000000000002","17.8643","1.4336","False","18.1808","17.8701","18.1824","5.0202","22.710700000000003","8","1","1","False","0"
"40272","1519274510896","1843933794351","1843933965011","17.297600000000003","17.066000000000003","0.2316","18.1283","2.3064","False","12.098500000000001","17.2148","18.1808","5.9862","23.052200000000003","8","1","1","False","0"
"40272","1519274510896","1843933967327","1843934119311","15.3009","15.198400000000001","0.10250000000000001","14.149000000000001","1.3731","False","18.183600000000002","15.430000000000001","12.098500000000001","2.6547","17.8531","8","1","1","False","0"
"40272","1519274510896","1843934120336","1843934277907","15.899000000000001","15.757100000000001","0.1419","18.6143","3.8216","False","12.115300000000001","15.8596","18.183600000000002","4.9787","20.7358","8","1","1","False","0"
"40272","1519274510896","1843934279326","1843934419304","14.1527","13.9978","0.1549","11.905100000000001","1.5852000000000002","False","18.2027","14.139700000000001","12.115300000000001","2.9543","16.9521","8","1","1","False","0"
"40272","1519274510896","1843934420853","1843934589693","17.0919","16.884","0.2079","16.803","1.312","False","18.203200000000002","17.0389","18.2027","4.1181","21.002100000000002","8","1","1","False","0"
"40272","1519274510896","1843934591772","1843934742336","15.264100000000001","15.0564","0.20770000000000002","15.4886","1.5418","False","12.101600000000001","15.2643","18.203200000000002","7.057","22.113400000000002","8","1","1","False","0"
"40272","1519274510896","1843934744413","1843934892458","14.9314","14.8045","0.1269","14.757100000000001","1.3297","False","24.2693","15.0122","12.101600000000001","4.1464","18.9509","8","1","1","False","0"
"40272","1519274510896","1843934893727","1843935111608","21.9395","21.7881","0.1514","22.5824","1.9803000000000002","False","18.1571","21.915000000000003","24.2693","6.5007","28.288800000000002","8","1","1","False","0"
"40272","1519274510896","1843935113122","1843935300236","18.9498","18.7114","0.2384","19.224700000000002","2.3022","False","12.096300000000001","18.8628","18.1571","5.795","24.506400000000003","8","1","1","False","0"
"40272","1519274510896","1843935302620","1843935450059","14.925","14.7439","0.1811","14.0446","1.3986","False","18.200100000000003","14.9823","12.096300000000001","2.9090000000000003","17.652900000000002","8","1","1","False","0"
"40272","1519274510896","1843935451870","1843935621465","17.156000000000002","16.959500000000002","0.1965","17.093600000000002","1.3399","False","18.2107","17.1406","18.200100000000003","3.9685","20.928","8","1","1","False","0"
"40272","1519274510896","1843935623430","1843935768283","14.661000000000001","14.4853","0.1757","14.7401","1.421","False","18.166700000000002","14.6818","18.2107","7.497400000000001","21.9827","8","1","1","False","0"
"40272","1519274510896","1843935770040","1843935946396","17.8135","17.6356","0.1779","18.191000000000003","1.7819","False","12.103","17.8113","18.166700000000002","7.8528","25.488400000000002","8","1","1","False","0"
"40272","1519274510896","1843935948175","1843936106806","16.044800000000002","15.863100000000001","0.1817","15.567200000000001","1.3321","False","18.214100000000002","16.041","12.103","3.9148","19.777900000000002","8","1","1","False","0"
"40272","1519274510896","1843936108623","1843936255386","14.7894","14.676300000000001","0.1131","14.649900000000002","1.4295","False","18.1732","14.858","18.214100000000002","7.2709","21.947200000000002","8","1","1","False","0"
"40272","1519274510896","1843936256517","1843936440642","18.563100000000002","18.4125","0.1506","19.7926","2.3850000000000002","False","12.0799","18.5256","18.1732","6.918500000000001","25.331","8","1","1","False","0"
"40272","1519274510896","1843936442148","1843936602052","16.158","15.990400000000001","0.1676","15.431500000000002","1.6611","False","18.2101","16.141000000000002","12.0799","2.8574","18.8478","8","1","1","False","0"
"40272","1519274510896","1843936603728","1843936770347","16.877","16.6619","0.2151","16.5202","1.3655000000000002","False","12.0959","16.8295","18.2101","4.238","20.899900000000002","8","1","1","False","0"
"40272","1519274510896","1843936772498","1843936909883","13.8767","13.7385","0.13820000000000002","13.9427","1.3599","False","30.3353","13.9536","12.0959","2.3803","16.1188","8","1","1","False","0"
"40272","1519274510896","1843936911265","1843937191417","28.1647","28.0152","0.1495","28.717100000000002","1.9137000000000002","False","18.1844","28.1534","30.3353","4.5622","32.577400000000004","8","1","1","False","0"
"40272","1519274510896","1843937192912","1843937365943","17.4495","17.3031","0.1464","16.944300000000002","1.4173","False","18.169","17.4526","18.1844","5.2940000000000005","22.5971","8","1","1","False","0"
"40272","1519274510896","1843937367407","1843937558845","19.3042","19.143800000000002","0.16040000000000001","19.2656","1.3855000000000002","False","12.093200000000001","19.290200000000002","18.169","4.1728000000000005","23.3166","8","1","1","False","0"
"40272","1519274510896","1843937560449","1843937697865","13.9198","13.7416","0.1782","13.879800000000001","1.3528","False","18.208000000000002","13.902000000000001","12.093200000000001","2.3640000000000003","16.1056","8","1","1","False","0"
"40272","1519274510896","1843937699647","1843937844217","14.6264","14.457","0.1694","15.756200000000002","2.4685","False","12.108400000000001","14.635200000000001","18.208000000000002","5.9368","20.393800000000002","8","1","1","False","0"
"40272","1519274510896","1843937845911","1843937988611","14.4654","14.270000000000001","0.19540000000000002","13.674100000000001","1.7094","False","18.2","14.439400000000001","12.108400000000001","3.6058000000000003","17.8758","8","1","1","False","0"
"40272","1519274510896","1843937990565","1843938131161","14.196700000000002","14.059600000000001","0.1371","14.1568","1.625","False","12.105400000000001","14.255","18.2","7.550800000000001","21.610400000000002","8","1","1","False","0"
"40272","1519274510896","1843938132532","1843938271003","14.0044","13.847100000000001","0.1573","16.0087","3.6404","False","12.175500000000001","13.984200000000001","12.105400000000001","5.672000000000001","19.5191","8","1","1","False","0"
"40272","1519274510896","1843938272576","1843938410347","13.899700000000001","13.7771","0.1226","11.3397","1.3627","False","18.1342","13.9344","12.175500000000001","3.9131","17.6902","8","1","1","False","0"
"40272","1519274510896","1843938411573","1843938586552","17.6216","17.4979","0.1237","18.4445","1.8898000000000001","False","12.106900000000001","17.6205","18.1342","4.4268","21.9247","8","1","1","False","0"
"40272","1519274510896","1843938587789","1843938730577","14.4171","14.2788","0.1383","14.074100000000001","1.5531000000000001","False","18.220100000000002","14.4025","12.106900000000001","2.1312","16.41","8","1","1","False","0"
"40272","1519274510896","1843938731960","1843938857462","12.6982","12.5502","0.14800000000000002","12.6241","1.481","False","12.1174","12.688500000000001","18.220100000000002","7.662800000000001","20.213","8","1","1","False","0"
"40272","1519274510896","1843938858942","1843939003905","14.628600000000002","14.496300000000002","0.1323","14.618300000000001","1.4579","False","24.2438","14.644300000000001","12.1174","5.1359","19.6322","8","1","1","False","0"
"40272","1519274510896","1843939005228","1843939239427","23.5942","23.419900000000002","0.1743","24.3408","2.2377000000000002","False","12.0868","23.552200000000003","24.2438","5.827500000000001","29.247400000000003","8","1","1","False","0"
"40272","1519274510896","1843939241170","1843939371720","13.180600000000002","13.055000000000001","0.12560000000000002","12.3817","1.4078000000000002","False","12.1148","13.2293","12.0868","4.6850000000000005","17.740000000000002","8","1","1","False","0"
"40272","1519274510896","1843939372976","1843939506593","13.4905","13.3617","0.1288","14.373899999999999","2.2884","False","12.1315","13.487300000000001","12.1148","3.3125","16.674200000000003","8","1","1","False","0"
"40272","1519274510896","1843939507881","1843939637476","13.1201","12.9595","0.16060000000000002","12.325700000000001","1.4532","False","18.194000000000003","13.0883","12.1315","2.3557","15.3152","8","1","1","False","0"
"40272","1519274510896","1843939639082","1843939798420","16.0741","15.933800000000002","0.1403","15.988399999999999","1.4226","False","12.1109","16.0944","18.194000000000003","4.4553","20.389100000000003","8","1","1","False","0"
"40272","1519274510896","1843939799823","1843939930329","13.181600000000001","13.050600000000001","0.131","13.485000000000003","1.7176","False","18.192500000000003","13.190900000000001","12.1109","3.3753","16.425900000000002","8","1","1","False","0"
"40272","1519274510896","1843939931639","1843940063521","13.344","13.1882","0.1558","15.950000000000003","4.3365","False","12.1289","13.3192","18.192500000000003","8.2486","21.4368","8","1","1","False","0"
"40272","1519274510896","1843940065079","1843940208934","14.5265","14.3855","0.14100000000000001","12.352600000000002","2.5041","False","12.0996","14.541300000000001","12.1289","5.836200000000001","20.221700000000002","8","1","1","False","0"
"40272","1519274510896","1843940210344","1843940354115","14.5187","14.3771","0.1416","14.0531","1.6921000000000002","False","12.1148","14.5181","12.0996","3.4177","17.794800000000002","8","1","1","False","0"
"40272","1519274510896","1843940355531","1843940488295","13.4199","13.2764","0.14350000000000002","12.995700000000001","1.2677","False","18.2028","13.418000000000001","12.1148","2.1145","15.3909","8","1","1","False","0"
"40272","1519274510896","1843940489730","1843940633441","14.5256","14.3711","0.1545","15.985500000000002","2.7359","False","12.129100000000001","14.514600000000002","18.2028","5.802700000000001","20.1738","8","1","1","False","0"
"40272","1519274510896","1843940634986","1843940766934","13.321100000000001","13.1948","0.1263","12.0083","1.4067","False","12.094800000000001","13.349300000000001","12.129100000000001","4.5825000000000005","17.7773","8","1","1","False","0"
"40272","1519274510896","1843940768197","1843940908627","14.200700000000001","14.043000000000001","0.1577","14.1761","1.3905","False","18.2087","14.169300000000002","12.094800000000001","2.508","16.551000000000002","8","1","1","False","0"
"40272","1519274510896","1843940910204","1843941059794","15.097600000000002","14.959000000000001","0.1386","15.7665","2.0578000000000003","False","12.108400000000001","15.116700000000002","18.2087","5.6000000000000005","20.559","8","1","1","False","0"
"40272","1519274510896","1843941061180","1843941195485","13.5585","13.4305","0.128","12.879900000000001","1.3771","False","12.100100000000001","13.5691","12.108400000000001","4.1393","17.5698","8","1","1","False","0"
"40272","1519274510896","1843941196765","1843941334503","13.920000000000002","13.773800000000001","0.1462","14.036900000000001","1.4861","False","24.2588","13.901800000000001","12.100100000000001","2.3376","16.1114","8","1","1","False","0"
"40272","1519274510896","1843941335965","1843941502990","16.861900000000002","16.7025","0.15940000000000001","20.017300000000002","4.6555","False","6.0520000000000005","16.8487","24.2588","9.7477","26.450200000000002","8","1","1","False","0"
"40272","1519274510896","1843941504584","1843941634202","13.0983","12.9618","0.1365","9.8277","1.3795000000000002","False","18.1794","13.1212","6.0520000000000005","2.6785","15.6403","8","1","1","False","0"
"40272","1519274510896","1843941635567","1843941782669","14.864","14.7102","0.15380000000000002","16.0163","2.5387","False","24.257","14.8467","18.1794","6.0112000000000005","20.721400000000003","8","1","1","False","0"
"40272","1519274510896","1843941784207","1843942049025","26.6412","26.4818","0.15940000000000001","26.1076","2.0134000000000003","False","18.1924","26.6356","24.257","3.6326","30.1144","8","1","1","False","0"
"40272","1519274510896","1843942050619","1843942195449","14.6178","14.483","0.1348","14.053700000000001","1.7318","False","12.1132","14.6424","18.1924","7.182600000000001","21.6656","8","1","1","False","0"
"40272","1519274510896","1843942196797","1843942319178","12.378800000000002","12.238100000000001","0.14070000000000002","13.5336","2.5924","False","12.125900000000001","12.372900000000001","12.1132","6.9229","19.161","8","1","1","False","0"
"40272","1519274510896","1843942320585","1843942446147","12.687800000000001","12.5562","0.1316","12.6966","2.5941","False","12.119200000000001","12.696900000000001","12.125900000000001","6.3519000000000005","18.9081","8","1","1","False","0"
"40272","1519274510896","1843942447463","1843942568251","12.239","12.078800000000001","0.1602","12.119100000000001","2.4884","False","12.0999","12.2104","12.119200000000001","6.2607","18.3395","8","1","1","False","0"
"40272","1519274510896","1843942569853","1843942724665","15.6621","15.481200000000001","0.1809","14.6415","1.481","False","12.1409","15.6414","12.0999","2.7192000000000003","18.200400000000002","8","1","1","False","0"
"40272","1519274510896","1843942726474","1843942842961","11.7811","11.6487","0.13240000000000002","11.9146","1.5899","False","18.1915","11.829600000000001","12.1409","3.0305","14.679200000000002","8","1","1","False","0"
"40272","1519274510896","1843942844285","1843942984876","14.220500000000001","14.0591","0.16140000000000002","15.558499999999999","2.9424","False","18.175700000000003","14.191500000000001","18.1915","7.0305","21.0896","8","1","1","False","0"
"40272","1519274510896","1843942986490","1843943159627","17.4561","17.3137","0.1424","16.3387","1.8092000000000001","False","12.1158","17.4751","18.175700000000003","7.7311000000000005","25.044800000000002","8","1","1","False","0"
"40272","1519274510896","1843943161051","1843943292861","13.311100000000001","13.181000000000001","0.1301","14.2302","2.7262","False","12.139800000000001","13.323400000000001","12.1158","6.5235","19.7045","8","1","1","False","0"
"40272","1519274510896","1843943294162","1843943415898","12.3449","12.1736","0.1713","12.218200000000001","2.6105","False","12.0919","12.303700000000001","12.139800000000001","6.3596","18.5332","8","1","1","False","0"
"40272","1519274510896","1843943417611","1843943569049","15.276800000000001","15.1438","0.133","14.1304","1.4556","False","12.1195","15.315100000000001","12.0919","3.1364","18.2802","8","1","1","False","0"
"40272","1519274510896","1843943570379","1843943697395","12.8368","12.701600000000001","0.13520000000000001","12.6866","1.3061","False","18.2026","12.8346","12.1195","2.4213","15.122900000000001","8","1","1","False","0"
"40272","1519274510896","1843943698747","1843943832642","13.5601","13.3895","0.1706","14.0783","1.8492000000000002","False","12.122900000000001","13.524700000000001","18.2026","7.099200000000001","20.4887","8","1","1","False","0"
"40272","1519274510896","1843943834348","1843943955386","12.2665","12.103800000000001","0.1627","13.4581","3.0199000000000003","False","12.111500000000001","12.2744","12.122900000000001","6.9477","19.0515","8","1","1","False","0"
"40272","1519274510896","1843943957013","1843944095744","13.971100000000002","13.8731","0.098","12.9632","2.2691","False","12.1065","14.0358","12.111500000000001","5.0234000000000005","18.8965","8","1","1","False","0"
"40272","1519274510896","1843944096724","1843944227872","13.2621","13.1148","0.14730000000000001","12.9463","1.7003000000000001","False","12.120000000000001","13.212800000000001","12.1065","3.9171","17.0319","8","1","1","False","0"
"40272","1519274510896","1843944229345","1843944361278","13.415600000000001","13.1933","0.2223","13.1042","1.4501000000000002","False","12.118","13.3406","12.120000000000001","2.6965000000000003","15.889800000000001","8","1","1","False","0"
"40272","1519274510896","1843944363501","1843944484681","12.2509","12.118","0.13290000000000002","12.152800000000001","1.2821","False","18.2082","12.340300000000001","12.118","2.4742","14.5922","8","1","1","False","0"
"40272","1519274510896","1843944486010","1843944613747","12.9243","12.7737","0.1506","13.3018","1.6576000000000002","False","12.1164","12.906600000000001","18.2082","7.7758","20.549500000000002","8","1","1","False","0"
"40272","1519274510896","1843944615253","1843944746555","13.275500000000001","13.1302","0.1453","14.343300000000001","2.7266","False","12.1218","13.280800000000001","12.1164","6.611400000000001","19.741600000000002","8","1","1","False","0"
"40272","1519274510896","1843944748008","1843944874784","12.8548","12.6776","0.1772","12.678700000000003","2.5788","False","12.1134","12.8229","12.1218","5.9103","18.5879","8","1","1","False","0"
"40272","1519274510896","1843944876556","1843945027459","15.2445","15.090300000000001","0.1542","14.124500000000001","1.4466","False","12.1095","15.2675","12.1134","2.7562","17.846500000000002","8","1","1","False","0"
"40272","1519274510896","1843945029001","1843945149102","12.139300000000002","12.010100000000001","0.1292","12.473700000000001","1.7626000000000002","False","18.192500000000003","12.1643","12.1095","2.7014","14.711500000000001","8","1","1","False","0"
"40272","1519274510896","1843945150394","1843945298105","14.973500000000001","14.7711","0.2024","15.8675","2.6969000000000003","False","12.1297","14.900300000000001","18.192500000000003","5.993600000000001","20.7647","8","1","1","False","0"
"40272","1519274510896","1843945300129","1843945421145","12.253300000000001","12.101600000000001","0.1517","12.168199999999999","2.5812","False","12.115400000000001","12.304","12.1297","5.8193","17.9209","8","1","1","False","0"
"40272","1519274510896","1843945422662","1843945557228","13.6129","13.4566","0.1563","12.523900000000001","1.4973","False","12.103800000000001","13.6083","12.115400000000001","4.3264000000000005","17.783","8","1","1","False","0"
"40272","1519274510896","1843945558791","1843945676377","11.883500000000002","11.758600000000001","0.12490000000000001","13.5272","3.1246","False","12.1286","11.914900000000001","12.103800000000001","4.5153","16.2739","8","1","1","False","0"
"40272","1519274510896","1843945677626","1843945822820","14.6621","14.519400000000001","0.1427","12.9724","1.443","False","24.253800000000002","14.644300000000001","12.1286","1.9996","16.519000000000002","8","1","1","False","0"
"40272","1519274510896","1843945824247","1843946026973","20.4587","20.2726","0.18610000000000002","21.0546","2.4467000000000003","False","12.1227","20.415300000000002","24.253800000000002","5.8381","26.1107","8","1","1","False","0"
"40272","1519274510896","1843946028834","1843946157586","13.070200000000002","12.875200000000001","0.195","12.558200000000001","1.5778","False","12.112300000000001","13.061300000000001","12.1227","4.899500000000001","17.7747","8","1","1","False","0"
"40272","1519274510896","1843946159536","1843946274725","11.642000000000001","11.5189","0.1231","13.586400000000001","3.4615","False","12.115400000000001","11.7139","12.112300000000001","5.2979","16.8168","8","1","1","False","0"
"40272","1519274510896","1843946275956","1843946419161","14.4565","14.320500000000001","0.136","12.4534","1.4654","False","12.111","14.4436","12.115400000000001","2.9697","17.290200000000002","8","1","1","False","0"
"40272","1519274510896","1843946420521","1843946548825","12.9616","12.830400000000001","0.1312","13.2888","1.7866000000000002","False","18.1985","12.9664","12.111","2.1143","14.944700000000001","8","1","1","False","0"
"40272","1519274510896","1843946550137","1843946692630","14.4149","14.2493","0.1656","15.6523","3.0368","False","12.1203","14.380500000000001","18.1985","5.932300000000001","20.1816","8","1","1","False","0"
"40272","1519274510896","1843946694286","1843946837561","14.5001","14.3275","0.1726","13.1109","1.6799000000000002","False","18.1961","14.4931","12.1203","3.5595000000000003","17.887","8","1","1","False","0"
"40272","1519274510896","1843946839287","1843946980933","14.302200000000001","14.1646","0.1376","14.6965","2.0328","False","12.1103","14.337200000000001","18.1961","7.4184","21.583000000000002","8","1","1","False","0"
"40272","1519274510896","1843946982309","1843947125167","14.4454","14.2858","0.15960000000000002","14.0899","1.7002000000000002","False","12.1015","14.4234","12.1103","5.105300000000001","19.3911","8","1","1","False","0"
"40272","1519274510896","1843947126763","1843947251591","12.647200000000002","12.482800000000001","0.16440000000000002","12.281","1.323","False","30.314400000000003","12.6424","12.1015","4.5644","17.0472","8","1","1","False","0"
"40272","1519274510896","1843947253235","1843947562138","31.0759","30.8903","0.18560000000000001","31.9677","2.2302","False","12.1264","31.0547","30.314400000000003","3.8241","34.714400000000005","8","1","1","False","0"
"40272","1519274510896","1843947563994","1843947689156","12.687800000000001","12.516200000000001","0.1716","12.4998","2.0383","False","12.104800000000001","12.7018","12.1264","3.2487000000000004","15.7649","8","1","1","False","0"
"40272","1519274510896","1843947690872","1843947825429","13.6167","13.4557","0.161","13.0816","1.5078","False","18.217000000000002","13.6273","12.104800000000001","1.7262000000000002","15.1819","8","1","1","False","0"
"40272","1519274510896","1843947827039","1843947963845","13.8138","13.6806","0.1332","14.8125","2.7828","False","12.0935","13.841600000000001","18.217000000000002","6.1016","19.7822","8","1","1","False","0"
"40272","1519274510896","1843947965177","1843948113016","14.907000000000002","14.783900000000001","0.1231","14.262500000000001","1.8270000000000002","False","18.203500000000002","14.917100000000001","12.0935","3.278","18.0619","8","1","1","False","0"
"40272","1519274510896","1843948114247","1843948255553","14.2726","14.130600000000001","0.14200000000000002","13.951","1.5143","False","12.1118","14.2537","18.203500000000002","7.2278","21.3584","8","1","1","False","0"
"40272","1519274510896","1843948256973","1843948391643","13.6293","13.467","0.1623","14.868400000000001","2.7724","False","12.114700000000001","13.609","12.1118","5.7306","19.1976","8","1","1","False","0"
"40272","1519274510896","1843948393266","1843948532601","14.107000000000001","13.9335","0.17350000000000002","12.8885","1.5541","False","18.172800000000002","14.0958","12.114700000000001","3.7495000000000003","17.683","8","1","1","False","0"
"40272","1519274510896","1843948534336","1843948671694","13.874600000000001","13.735800000000001","0.1388","17.6465","5.308400000000001","False","12.159600000000001","13.9093","18.172800000000002","8.013","21.748800000000003","8","1","1","False","0"
"40272","1519274510896","1843948673082","1843948798625","13.0889","12.554300000000001","0.5346000000000001","9.2898","1.8934000000000002","False","12.098","12.693100000000001","12.159600000000001","7.479500000000001","20.0338","8","1","1","False","0"
"40272","1519274510896","1843948803971","1843948928654","12.656400000000001","12.468300000000001","0.18810000000000002","13.8986","2.7769","False","12.1365","13.0029","12.098","6.5746","19.0429","8","1","1","False","0"
"40272","1519274510896","1843948930535","1843949050250","12.126900000000001","11.9715","0.1554","12.247","2.8806000000000003","False","12.104600000000001","12.159600000000001","12.1365","6.5515","18.523","8","1","1","False","0"
"40272","1519274510896","1843949051804","1843949195852","14.5702","14.4048","0.16540000000000002","13.151","1.4542000000000002","False","12.1089","14.5602","12.104600000000001","4.0959","18.500700000000002","8","1","1","False","0"
"40272","1519274510896","1843949197506","1843949333955","13.9711","13.6449","0.3262","13.8518","1.5118","False","12.1263","13.8103","12.1089","2.3945000000000003","16.0394","8","1","1","False","0"
"40272","1519274510896","1843949337217","1843949458676","12.298200000000001","12.145900000000001","0.15230000000000002","12.498000000000001","1.5464","False","18.1939","12.472100000000001","12.1263","2.0487","14.194600000000001","8","1","1","False","0"
"40272","1519274510896","1843949460199","1843949602070","14.3482","14.187100000000001","0.16110000000000002","15.5511","2.7474000000000003","False","12.122300000000001","14.339400000000001","18.1939","5.9032","20.090300000000003","8","1","1","False","0"
"40272","1519274510896","1843949603681","1843949722317","12.017","11.8636","0.1534","11.982700000000001","2.7103","False","18.1762","12.024700000000001","12.122300000000001","6.0008","17.8644","8","1","1","False","0"
"40272","1519274510896","1843949723851","1843949882140","15.991100000000001","15.8289","0.1622","17.6113","4.327","False","6.0454","15.9823","18.1762","8.194700000000001","24.023600000000002","8","1","1","False","0"
"40272","1519274510896","1843949883762","1843950003175","12.1006","11.9413","0.1593","9.6888","1.9206","False","18.2061","12.1035","6.0454","2.1366","14.077900000000001","8","1","1","False","0"
"40272","1519274510896","1843950004768","1843950135404","13.2002","13.063600000000001","0.1366","12.525199999999998","1.5918","False","12.1304","13.222900000000001","18.2061","7.119800000000001","20.183400000000002","8","1","1","False","0"
"40272","1519274510896","1843950136770","1843950250480","11.498800000000001","11.371","0.1278","11.9109","1.6435000000000002","False","12.1121","11.5076","12.1304","7.7426","19.1136","8","1","1","False","0"
"40272","1519274510896","1843950251758","1843950400341","15.004","14.8583","0.1457","14.9726","1.6077000000000001","False","12.114700000000001","14.9861","12.1121","4.8686","19.7269","8","1","1","False","0"
"40272","1519274510896","1843950401798","1843950529881","12.948200000000002","12.808300000000001","0.1399","12.8522","1.5271000000000001","False","18.1678","12.954","12.114700000000001","4.0293","16.837600000000002","8","1","1","False","0"
"40272","1519274510896","1843950531280","1843950671696","14.176400000000001","14.0416","0.1348","18.043200000000002","5.386900000000001","False","12.146500000000001","14.181500000000002","18.1678","8.015600000000001","22.0572","8","1","1","False","0"
"40272","1519274510896","1843950673044","1843950796592","12.4892","12.354800000000001","0.13440000000000002","8.940000000000001","1.8369","False","12.087","12.489600000000001","12.146500000000001","7.6725","20.0273","8","1","1","False","0"
"40272","1519274510896","1843950797936","1843950968546","17.2102","17.061","0.1492","17.2776","1.9000000000000001","False","30.322000000000003","17.1954","12.087","2.5641000000000003","19.6251","8","1","1","False","0"
"40272","1519274510896","1843950970038","1843951235655","26.7479","26.561700000000002","0.1862","27.4568","2.6254","False","12.117","26.710900000000002","30.322000000000003","6.1752","32.7369","8","1","1","False","0"
"40272","1519274510896","1843951237517","1843951377719","14.1432","14.0202","0.12300000000000001","13.1881","1.6496000000000002","False","18.1853","14.2064","12.117","4.0858","18.106","8","1","1","False","0"
"40272","1519274510896","1843951378949","1843951517276","13.969700000000001","13.8327","0.137","16.5309","4.2208000000000006","False","12.1052","13.9557","18.1853","8.3154","22.1481","8","1","1","False","0"
"40272","1519274510896","1843951518646","1843951651924","13.4573","13.3278","0.1295","12.3932","3.1526","False","24.2699","13.4648","12.1052","6.9558","20.2836","8","1","1","False","0"
"40272","1519274510896","1843951653219","1843951879598","22.8077","22.637900000000002","0.1698","22.0487","2.4029000000000003","False","6.0303","22.767400000000002","24.2699","8.458300000000001","31.096200000000003","8","1","1","False","0"
"40272","1519274510896","1843951881296","1843952006693","12.6434","12.5397","0.1037","11.7865","1.8185","False","18.1965","12.7095","6.0303","1.7791000000000001","14.318800000000001","8","1","1","False","0"
"40272","1519274510896","1843952007730","1843952155360","14.8956","14.763","0.1326","15.990400000000001","2.6268000000000002","False","12.1213","14.866700000000002","18.1965","5.1089","19.8719","8","1","1","False","0"
"40272","1519274510896","1843952156686","1843952272050","11.6743","11.5364","0.1379","13.037500000000001","3.9942","False","18.2072","11.669","12.1213","5.5612","17.0976","8","1","1","False","0"
"40272","1519274510896","1843952273429","1843952455763","18.3792","18.2334","0.1458","16.4768","2.0877","False","12.0938","18.3713","18.2072","5.3971","23.6305","8","1","1","False","0"
"40272","1519274510896","1843952457221","1843952597823","14.2477","14.0602","0.1875","14.0531","1.9249","False","18.1965","14.206000000000001","12.0938","3.2849000000000004","17.345100000000002","8","1","1","False","0"
"40272","1519274510896","1843952599698","1843952743620","14.5342","14.3922","0.14200000000000002","15.815700000000001","3.186","False","12.1281","14.5797","18.1965","6.9017","21.2939","8","1","1","False","0"
"40272","1519274510896","1843952745040","1843952872223","12.865","12.718300000000001","0.1467","12.495800000000001","2.8157","False","12.092500000000001","12.8603","12.1281","6.1695","18.887800000000002","8","1","1","False","0"
"40272","1519274510896","1843952873690","1843953030145","15.8882","15.6455","0.2427","14.678","1.6561000000000001","False","12.116100000000001","15.792200000000001","12.092500000000001","2.4698","18.1153","8","1","1","False","0"
"40272","1519274510896","1843953032572","1843953154442","12.332400000000002","12.187000000000001","0.1454","12.3678","1.6412","False","18.2057","12.4297","12.116100000000001","2.1562","14.343200000000001","8","1","1","False","0"
"40272","1519274510896","1843953155896","1843953293802","13.9585","13.790600000000001","0.16790000000000002","15.1567","2.8483","False","12.1205","13.936","18.2057","6.4259","20.2165","8","1","1","False","0"
"40272","1519274510896","1843953295481","1843953415506","12.1597","12.002500000000001","0.1572","12.523000000000003","3.2084","False","12.108400000000001","12.1704","12.1205","6.376","18.378500000000003","8","1","1","False","0"
"40272","1519274510896","1843953417078","1843953576337","16.065","15.9259","0.1391","14.8186","1.9513","False","18.209","16.0831","12.108400000000001","2.4013","18.3272","8","1","1","False","0"
"40272","1519274510896","1843953577728","1843953707455","13.127300000000002","12.972700000000001","0.15460000000000002","12.7856","1.9488","False","12.1071","13.1118","18.209","7.4985","20.4712","8","1","1","False","0"
"40272","1519274510896","1843953709001","1843953838285","13.1184","12.9284","0.19","14.528100000000002","3.0544000000000002","False","12.1294","13.083","12.1071","6.522600000000001","19.451","8","1","1","False","0"
"40272","1519274510896","1843953840185","1843953956849","11.831900000000001","11.666400000000001","0.1655","11.940100000000001","3.1358","False","12.0922","11.8564","12.1294","6.7956","18.462","8","1","1","False","0"
"40272","1519274510896","1843953958504","1843954120367","16.3357","16.1863","0.1494","14.989600000000001","1.7949000000000002","False","12.1148","16.3518","12.0922","2.536","18.7223","8","1","1","False","0"
"40272","1519274510896","1843954121861","1843954247248","12.7009","12.5387","0.1622","12.6735","1.7669000000000001","False","18.221600000000002","12.6881","12.1148","1.9627000000000001","14.5014","8","1","1","False","0"
"40272","1519274510896","1843954248870","1843954381312","13.4099","13.244200000000001","0.16570000000000001","15.0151","3.3684000000000003","False","12.1096","13.406400000000001","18.221600000000002","6.777900000000001","20.022100000000002","8","1","1","False","0"
"40272","1519274510896","1843954382969","1843954504983","12.3655","12.201400000000001","0.1641","12.234200000000001","3.2425","False","12.1287","12.3671","12.1096","6.5204","18.7218","8","1","1","False","0"
"40272","1519274510896","1843954506624","1843954640656","13.5349","13.4032","0.1317","12.1965","1.8915000000000002","False","12.0961","13.567300000000001","12.1287","5.0818","18.485","8","1","1","False","0"
"40272","1519274510896","1843954641973","1843954784222","14.3816","14.2249","0.1567","14.4472","1.9675","False","18.210800000000003","14.3566","12.0961","2.8213","17.046200000000002","8","1","1","False","0"
"40272","1519274510896","1843954785789","1843954918864","13.470500000000001","13.307500000000001","0.163","13.412200000000002","1.9035000000000002","False","12.1105","13.4642","18.210800000000003","7.567900000000001","20.875400000000003","8","1","1","False","0"
"40272","1519274510896","1843954920494","1843955052281","13.3581","13.178700000000001","0.1794","14.413200000000003","2.9767","False","12.126900000000001","13.341700000000001","12.1105","6.3367","19.5154","8","1","1","False","0"
"40272","1519274510896","1843955054075","1843955170361","11.8115","11.6286","0.1829","12.163400000000001","3.3344","False","12.1051","11.808","12.126900000000001","6.655600000000001","18.284200000000002","8","1","1","False","0"
"40272","1519274510896","1843955172190","1843955320528","14.9659","14.8338","0.1321","13.270000000000001","1.6075000000000002","False","12.147400000000001","15.0167","12.1051","3.744","18.5778","8","1","1","False","0"
"40272","1519274510896","1843955321849","1843955432906","11.239700000000001","11.1057","0.134","11.3231","1.6909","False","18.1705","11.2378","12.147400000000001","4.6536","15.759300000000001","8","1","1","False","0"
"40272","1519274510896","1843955434246","1843955583493","15.087500000000002","14.924700000000001","0.1628","15.0751","2.0220000000000002","False","6.0421000000000005","15.0587","18.1705","7.7654000000000005","22.6901","8","1","1","False","0"
"40272","1519274510896","1843955585121","1843955690797","10.7021","10.5676","0.1345","10.9068","1.8838000000000001","False","18.2074","10.730400000000001","6.0421000000000005","3.0771","13.6447","8","1","1","False","0"
"40272","1519274510896","1843955692142","1843955830067","13.9639","13.7925","0.1714","13.658100000000001","1.5973000000000002","False","6.031000000000001","13.927000000000001","18.2074","7.3575","21.150000000000002","8","1","1","False","0"
"40272","1519274510896","1843955831781","1843955937811","10.7462","10.603","0.1432","11.0928","1.9275","False","18.195","10.7744","6.031000000000001","2.6141","13.2171","8","1","1","False","0"
"40272","1519274510896","1843955939243","1843956081082","14.3557","14.183900000000001","0.1718","16.372","3.9575","False","12.135900000000001","14.327100000000002","18.195","6.482","20.6659","8","1","1","False","0"
"40272","1519274510896","1843956082800","1843956206952","12.619900000000001","12.4152","0.20470000000000002","11.6636","3.0146","False","12.1075","12.587","12.135900000000001","6.0309","18.4461","8","1","1","False","0"
"40272","1519274510896","1843956208999","1843956341039","13.3385","13.204","0.1345","12.003699999999998","1.6436000000000002","False","12.1142","13.408700000000001","12.1075","4.7297","17.9337","8","1","1","False","0"
"40272","1519274510896","1843956342384","1843956471709","13.089200000000002","12.932500000000001","0.1567","12.9388","1.5143","False","12.133000000000001","13.067","12.1142","3.7769000000000004","16.709400000000002","8","1","1","False","0"
"40272","1519274510896","1843956473276","1843956597161","12.5245","12.3885","0.136","12.911200000000001","1.8893000000000002","False","12.1193","12.545200000000001","12.133000000000001","3.3647","15.753200000000001","8","1","1","False","0"
"40272","1519274510896","1843956598521","1843956721097","12.4138","12.2576","0.1562","12.1548","1.6380000000000001","False","12.0954","12.393600000000001","12.1193","3.0904000000000003","15.348","8","1","1","False","0"
"40272","1519274510896","1843956722659","1843956846141","12.5088","12.3482","0.16060000000000002","12.5122","1.6335000000000002","False","18.2014","12.5044","12.0954","2.6814","15.0296","8","1","1","False","0"
"40272","1519274510896","1843956847747","1843956991949","14.607000000000001","14.420200000000001","0.18680000000000002","16.8384","3.8888000000000003","False","12.1491","14.5808","18.2014","6.3020000000000005","20.7222","8","1","1","False","0"
"40272","1519274510896","1843956993817","1843957084128","9.1707","9.0311","0.1396","8.6651","3.3594","False","12.098600000000001","9.2179","12.1491","9.2332","18.264300000000002","8","1","1","False","0"
"40272","1519274510896","1843957085524","1843957237956","15.4252","15.2432","0.182","15.163300000000001","3.1191","False","6.0689","15.382800000000001","12.098600000000001","5.949","21.1922","8","1","1","False","0"
"40272","1519274510896","1843957239776","1843957328041","8.942400000000001","8.826500000000001","0.1159","7.2081","1.6432","False","18.1672","9.0085","6.0689","3.0094000000000003","11.8359","8","1","1","False","0"
"40272","1519274510896","1843957329200","1843957461828","13.4288","13.2628","0.166","17.7716","5.7094000000000005","False","6.0667","13.3787","18.1672","7.7979","21.0607","8","1","1","False","0"
"40272","1519274510896","1843957463488","1843957567944","10.5899","10.4456","0.1443","6.649500000000001","1.7671000000000001","False","12.113900000000001","10.611600000000001","6.0667","3.253","13.6986","8","1","1","False","0"
"40272","1519274510896","1843957569387","1843957686191","11.824","11.6804","0.1436","12.4277","2.3679","False","18.192","11.8247","12.113900000000001","3.5422000000000002","15.2226","8","1","1","False","0"
"40272","1519274510896","1843957687627","1843957840786","15.471200000000001","15.315900000000001","0.1553","16.2208","3.1267","False","6.0292","15.4595","18.192","6.2747","21.590600000000002","8","1","1","False","0"
"40272","1519274510896","1843957842339","1843957933906","9.305800000000001","9.1567","0.1491","8.120700000000001","1.9372","False","18.212600000000002","9.312000000000001","6.0292","2.9919000000000002","12.1486","8","1","1","False","0"
"40272","1519274510896","1843957935397","1843958094990","16.1061","15.9593","0.1468","16.3418","2.1599","False","12.138200000000001","16.1084","18.212600000000002","5.0961","21.055400000000002","8","1","1","False","0"
"40272","1519274510896","1843958096458","1843958189408","9.4601","9.295","0.1651","8.9626","1.6902000000000001","False","12.110000000000001","9.4418","12.138200000000001","7.7925","17.087500000000002","8","1","1","False","0"
"40272","1519274510896","1843958191059","1843958315373","12.6059","12.4314","0.17450000000000002","12.5127","1.5899","False","12.1113","12.5965","12.110000000000001","7.306","19.7374","8","1","1","False","0"
"40272","1519274510896","1843958317118","1843958452507","13.7069","13.5389","0.168","15.1618","3.0445","False","12.133700000000001","13.7134","12.1113","5.7039","19.242800000000003","8","1","1","False","0"
"40272","1519274510896","1843958454187","1843958567842","11.5366","11.3655","0.1711","11.6195","3.1327000000000003","False","12.1074","11.5335","12.133700000000001","6.3041","17.6696","8","1","1","False","0"
"40272","1519274510896","1843958569553","1843958685871","11.8152","11.6318","0.1834","12.5349","3.85","False","12.133600000000001","11.802900000000001","12.1074","6.6086","18.2404","8","1","1","False","0"
"40272","1519274510896","1843958687705","1843958799443","11.3532","11.1738","0.1794","10.6834","3.1803000000000003","False","6.0335","11.3572","12.133600000000001","7.385000000000001","18.5588","8","1","1","False","0"
"40272","1519274510896","1843958801237","1843958916453","11.644400000000001","11.521600000000001","0.1228","9.964400000000001","1.9534","False","12.148000000000001","11.701","6.0335","1.7175","13.2391","8","1","1","False","0"
"40272","1519274510896","1843958917681","1843959004139","8.772800000000002","8.645800000000001","0.127","9.161","1.8663","False","12.1326","8.768600000000001","12.148000000000001","5.096900000000001","13.742700000000001","8","1","1","False","0"
"40272","1519274510896","1843959005409","1843959112770","10.9199","10.7361","0.18380000000000002","12.1295","3.1115","False","12.1119","10.863100000000001","12.1326","6.3664000000000005","17.1025","8","1","1","False","0"
"40272","1519274510896","1843959114608","1843959245028","13.1888","13.042","0.1468","12.2087","2.1098","False","12.101","13.225800000000001","12.1119","5.2525","18.2945","8","1","1","False","0"
"40272","1519274510896","1843959246496","1843959373149","12.8183","12.6653","0.153","12.2248","1.5088000000000001","False","12.132900000000001","12.812100000000001","12.101","4.5414","17.2067","8","1","1","False","0"
"40272","1519274510896","1843959374679","1843959475247","10.368200000000002","10.0568","0.3114","12.005700000000001","3.3008","False","12.142900000000001","10.209800000000001","12.132900000000001","6.4645","16.5213","8","1","1","False","0"
"40272","1519274510896","1843959478361","1843959582598","10.6187","10.4237","0.195","9.4132","1.9895","False","6.0266","10.735100000000001","12.142900000000001","7.8723","18.296","8","1","1","False","0"
"40272","1519274510896","1843959584548","1843959686790","10.3679","10.2242","0.1437","11.6475","3.222","False","12.134500000000001","10.4192","6.0266","3.4797000000000002","13.7039","8","1","1","False","0"
"40272","1519274510896","1843959688227","1843959786147","9.9671","9.792","0.1751","9.7429","3.0144","False","12.1308","9.9357","12.134500000000001","5.6785000000000005","15.470500000000001","8","1","1","False","0"
"40272","1519274510896","1843959787898","1843959899385","11.3362","11.1487","0.1875","11.4725","3.1497","False","12.112400000000001","11.3238","12.1308","6.4855","17.6342","8","1","1","False","0"
"40272","1519274510896","1843959901260","1843960023854","12.441400000000002","12.259400000000001","0.182","12.3237","3.041","False","12.114600000000001","12.446900000000001","12.112400000000001","6.151000000000001","18.4104","8","1","1","False","0"
"40272","1519274510896","1843960025674","1843960135141","11.1097","10.9467","0.163","11.712400000000002","3.6291","False","6.07","11.1287","12.114600000000001","7.136900000000001","18.0836","8","1","1","False","0"
"40272","1519274510896","1843960136771","1843960231884","9.674800000000001","9.5113","0.1635","7.4849000000000006","1.4263000000000001","False","12.1286","9.6743","6.07","3.5326","13.0439","8","1","1","False","0"
"40272","1519274510896","1843960233519","1843960330305","9.841800000000001","9.678600000000001","0.1632","11.380600000000001","2.9785","False","12.0928","9.8421","12.1286","5.819100000000001","15.4977","8","1","1","False","0"
"40272","1519274510896","1843960331937","1843960456564","12.6054","12.4627","0.1427","14.592400000000001","4.9593","False","6.056","12.625900000000001","12.0928","5.2860000000000005","17.7487","8","1","1","False","0"
"40272","1519274510896","1843960457991","1843960545259","8.899000000000001","8.7268","0.17220000000000002","5.9065","1.9687000000000001","False","12.152700000000001","8.8695","6.056","2.4725","11.199300000000001","8","1","1","False","0"
"40272","1519274510896","1843960546981","1843960647571","10.213500000000002","10.059000000000001","0.1545","10.497900000000001","2.2526","False","18.180600000000002","10.231200000000001","12.152700000000001","4.394","14.453000000000001","8","1","1","False","0"
"40272","1519274510896","1843960649116","1843960798292","15.0892","14.9176","0.1716","14.825800000000001","1.9984000000000002","False","12.108600000000001","15.0721","18.180600000000002","7.5025","22.4201","8","1","1","False","0"
"40272","1519274510896","1843960800008","1843960933127","13.497600000000002","13.311900000000001","0.1857","14.616200000000001","3.1311","False","18.195","13.483500000000001","12.108600000000001","6.1276","19.439500000000002","8","1","1","False","0"
"40272","1519274510896","1843960934984","1843961092550","15.8884","15.7566","0.1318","15.099","2.612","False","18.1756","15.942300000000001","18.195","8.3803","24.1369","8","1","1","False","0"
"40272","1519274510896","1843961093868","1843961298354","20.8212","20.448600000000003","0.37260000000000004","21.4508","3.1434","False","18.1512","20.5804","18.1756","5.9755","26.424100000000003","8","1","1","False","0"
"40272","1519274510896","1843961302080","1843961473090","17.2789","17.101","0.1779","18.3752","4.0518","False","12.1531","17.4736","18.1512","6.6531","23.7541","8","1","1","False","0"
"40272","1519274510896","1843961474869","1843961617597","14.4222","14.2728","0.1494","12.8625","2.482","False","18.1844","14.450700000000001","12.1531","4.3555","18.6283","8","1","1","False","0"
"40272","1519274510896","1843961619091","1843961783185","16.575100000000003","16.4094","0.16570000000000001","17.229100000000003","3.1426000000000003","False","18.1842","16.5588","18.1844","5.9811000000000005","22.3905","8","1","1","False","0"
"40272","1519274510896","1843961784842","1843961947803","16.4833","16.2961","0.1872","15.262500000000003","1.931","False","12.100200000000001","16.4618","18.1842","7.7035","23.9996","8","1","1","False","0"
"40272","1519274510896","1843961949675","1843962068617","12.132500000000002","11.894200000000001","0.2383","15.4518","5.3039000000000005","False","12.1469","12.0814","12.100200000000001","7.722300000000001","19.616500000000002","8","1","1","False","0"
"40272","1519274510896","1843962071000","1843962193554","12.441699999999999","12.2554","0.18630000000000002","8.756","1.5724","False","6.0269","12.4937","12.1469","7.375500000000001","19.6309","8","1","1","False","0"
"40272","1519274510896","1843962195417","1843962294890","10.1555","9.9473","0.2082","11.2726","2.7208","False","18.185200000000002","10.133600000000001","6.0269","3.2688","13.2161","8","1","1","False","0"
"40272","1519274510896","1843962296972","1843962476538","18.0836","17.9566","0.127","17.125600000000002","1.6982000000000002","False","18.186400000000003","18.1648","18.185200000000002","3.2892","21.245800000000003","8","1","1","False","0"
"40272","1519274510896","1843962477808","1843962604803","12.8713","12.6995","0.1718","13.932300000000001","2.7729","False","6.0591","12.826500000000001","18.186400000000003","8.6491","21.3486","8","1","1","False","0"
"40272","1519274510896","1843962606521","1843962724256","11.901","11.7735","0.1275","10.8191","1.6753","False","12.125200000000001","11.945300000000001","6.0591","2.7629","14.5364","8","1","1","False","0"
"40272","1519274510896","1843962725531","1843962834313","11.0083","10.8782","0.1301","10.9221","1.5914000000000001","False","12.103900000000001","11.005700000000001","12.125200000000001","3.8824","14.7606","8","1","1","False","0"
"40272","1519274510896","1843962835614","1843962966455","13.2223","13.084100000000001","0.13820000000000002","14.0447","2.4209","False","12.1205","13.2142","12.103900000000001","2.7721","15.856200000000001","8","1","1","False","0"
"40272","1519274510896","1843962967837","1843963092428","12.5889","12.459100000000001","0.1298","11.8274","1.6542000000000001","False","18.1848","12.5973","12.1205","2.2953","14.7544","8","1","1","False","0"
"40272","1519274510896","1843963093726","1843963225148","13.3156","13.1422","0.1734","15.6074","3.9650000000000003","False","12.1172","13.272","18.1848","7.2081","20.3503","8","1","1","False","0"
"40272","1519274510896","1843963226882","1843963363956","13.852","13.7074","0.1446","14.697200000000002","4.796600000000001","False","12.149000000000001","13.8808","12.1172","5.444500000000001","19.1519","8","1","1","False","0"
"40272","1519274510896","1843963365402","1843963502562","13.8542","13.716000000000001","0.13820000000000002","9.3396","0.2801","False","6.0177000000000005","13.8606","12.149000000000001","3.7329000000000003","17.448900000000002","8","1","1","False","0"
"40272","1519274510896","1843963503944","1843963590896","8.862","8.6952","0.1668","8.8892","0.3195","False","12.1902","8.833400000000001","6.0177000000000005","0.9172","9.612400000000001","8","1","1","False","0"
"40272","1519274510896","1843963592564","1843963680194","8.9419","8.763","0.1789","8.989600000000001","0.3774","False","18.1367","8.9298","12.1902","4.1776","12.9406","8","1","1","False","0"
"40272","1519274510896","1843963681983","1843963853917","17.313","17.1934","0.11960000000000001","17.1489","0.41400000000000003","False","6.0474000000000006","17.3723","18.1367","4.942","22.1354","8","1","1","False","0"
"40272","1519274510896","1843963855113","1843963930003","7.674200000000001","7.489000000000001","0.1852","7.724200000000001","0.27590000000000003","False","12.1424","7.6086","6.0474000000000006","3.3808000000000002","10.8698","8","1","1","False","0"
"40272","1519274510896","1843963931855","1843964057042","12.6577","12.5187","0.139","12.7238","0.3068","False","12.1202","12.7039","12.1424","2.8193","15.338000000000001","8","1","1","False","0"
"40272","1519274510896","1843964058432","1843964171699","11.4444","11.3267","0.1177","11.4252","0.2843","False","12.1021","11.4657","12.1202","3.4738","14.800500000000001","8","1","1","False","0"
"40272","1519274510896","1843964172876","1843964311332","14.040500000000002","13.845600000000001","0.19490000000000002","14.0417","0.3201","False","6.0517","13.9633","12.1021","1.6126","15.458200000000001","8","1","1","False","0"
"40272","1519274510896","1843964313281","1843964383195","7.1667000000000005","6.9914000000000005","0.1753","7.189399999999999","0.3264","False","18.226100000000002","7.1863","6.0517","0.47800000000000004","7.4694","8","1","1","False","0"
"40272","1519274510896","1843964384948","1843964522449","13.899300000000002","13.750100000000002","0.1492","13.9466","0.35750000000000004","False","12.118400000000001","13.925400000000002","18.226100000000002","4.778700000000001","18.5288","8","1","1","False","0"
"40272","1519274510896","1843964523941","1843964651457","12.8959","12.7516","0.1443","12.8459","0.3049","False","6.019","12.9008","12.118400000000001","3.9963","16.7479","8","1","1","False","0"
"40272","1519274510896","1843964652900","1843964739514","8.827200000000001","8.6614","0.1658","8.820500000000001","0.3129","False","12.1301","8.8057","6.019","1.2096","9.871","8","1","1","False","0"
"40272","1519274510896","1843964741172","1843964830067","9.0448","8.8895","0.1553","9.1011","0.3623","False","12.154300000000001","9.0553","12.1301","4.2844","13.173900000000001","8","1","1","False","0"
"40272","1519274510896","1843964831620","1843964948582","11.829400000000001","11.696200000000001","0.1332","11.8658","0.3905","False","12.118500000000001","11.8515","12.154300000000001","4.5872","16.2834","8","1","1","False","0"
"40272","1519274510896","1843964949914","1843965063146","11.509","11.3232","0.18580000000000002","11.3793","0.2841","False","12.114","11.4564","12.118500000000001","5.2493","16.5725","8","1","1","False","0"
"40272","1519274510896","1843965065004","1843965202231","13.858200000000002","13.722700000000001","0.1355","13.8789","0.2854","False","6.029800000000001","13.9085","12.114","3.4548","17.177500000000002","8","1","1","False","0"
"40272","1519274510896","1843965203586","1843965279082","7.789300000000001","7.549600000000001","0.23970000000000002","7.7359","0.3119","False","12.131400000000001","7.6851","6.029800000000001","1.7995","9.3491","8","1","1","False","0"
"40272","1519274510896","1843965281479","1843965376703","9.714300000000001","9.522400000000001","0.19190000000000002","9.832500000000001","0.3779","False","12.1339","9.7621","12.131400000000001","4.1688","13.6912","8","1","1","False","0"
"40272","1519274510896","1843965378622","1843965518428","14.155100000000001","13.9806","0.17450000000000002","14.196100000000001","0.4041","False","12.096300000000001","14.172500000000001","12.1339","2.1302000000000003","16.1108","8","1","1","False","0"
"40272","1519274510896","1843965520173","1843965645652","12.718","12.5479","0.1701","12.608500000000001","0.31120000000000003","False","18.2253","12.7224","12.096300000000001","1.5041","14.052000000000001","8","1","1","False","0"
"40272","1519274510896","1843965647353","1843965777348","13.202700000000002","12.999500000000001","0.20320000000000002","13.3176","0.4267","False","12.115","13.1696","18.2253","6.5598","19.5593","8","1","1","False","0"
"40272","1519274510896","1843965779380","1843965914099","13.6054","13.4719","0.1335","13.4997","0.28900000000000003","False","12.1378","13.6751","12.115","4.9997","18.471600000000002","8","1","1","False","0"
"40272","1519274510896","1843965915434","1843966037589","12.3584","12.2155","0.1429","12.3269","0.2712","False","12.1059","12.349","12.1378","4.7885","17.004","8","1","1","False","0"
"40272","1519274510896","1843966039018","1843966152222","11.500300000000001","11.320400000000001","0.1799","11.541","0.3466","False","12.129800000000001","11.4633","12.1059","5.4311","16.7515","8","1","1","False","0"
"40272","1519274510896","1843966154021","1843966285338","13.308","13.1317","0.1763","13.307400000000001","0.32580000000000003","False","12.0961","13.3116","12.129800000000001","4.2493","17.381","8","1","1","False","0"
"40272","1519274510896","1843966287101","1843966432540","14.6949","14.5439","0.151","14.573300000000001","0.4378","False","12.098700000000001","14.7202","12.0961","1.6252","16.1691","8","1","1","False","0"
"40272","1519274510896","1843966434050","1843966561308","12.879800000000001","12.725800000000001","0.154","13.098","0.4042","False","18.2143","12.876800000000001","12.098700000000001","0.8471000000000001","13.5729","8","1","1","False","0"
"40272","1519274510896","1843966562848","1843966694699","13.353","13.1851","0.16790000000000002","13.3345","0.3914","False","12.1233","13.3391","18.2143","5.722300000000001","18.907400000000003","8","1","1","False","0"
"40272","1519274510896","1843966696378","1843966831907","13.7179","13.552900000000001","0.165","13.6067","0.299","False","12.1064","13.7208","12.1233","4.1248000000000005","17.6777","8","1","1","False","0"
"40272","1519274510896","1843966833557","1843966982265","15.044400000000001","14.870800000000001","0.1736","15.0722","0.3058","False","18.2029","15.0358","12.1064","1.1954","16.066200000000002","8","1","1","False","0"
"40272","1519274510896","1843966984001","1843967120280","13.808","13.6279","0.1801","13.8908","0.40090000000000003","False","12.121500000000001","13.8015","18.2029","5.5968","19.224700000000002","8","1","1","False","0"
"40272","1519274510896","1843967122081","1843967250135","12.9427","12.8054","0.1373","12.9223","0.3582","False","6.0195","12.9855","12.121500000000001","4.7328","17.5382","8","1","1","False","0"
"40272","1519274510896","1843967251508","1843967345716","9.6358","9.4208","0.215","9.546000000000001","0.3234","False","18.2207","9.5581","6.0195","1.1942000000000002","10.615","8","1","1","False","0"
"40272","1519274510896","1843967347866","1843967504835","15.8244","15.696900000000001","0.1275","15.9465","0.3839","False","12.128200000000001","15.911900000000001","18.2207","3.503","19.1999","8","1","1","False","0"
"40272","1519274510896","1843967506110","1843967605784","10.147499999999999","9.9674","0.1801","10.059000000000001","0.3125","False","12.111500000000001","10.0949","12.128200000000001","5.536300000000001","15.5037","8","1","1","False","0"
"40272","1519274510896","1843967607585","1843967735648","12.9392","12.8063","0.13290000000000002","12.940100000000001","0.3027","False","12.1235","12.986400000000001","12.111500000000001","4.6614","17.4677","8","1","1","False","0"
"40272","1519274510896","1843967736977","1843967848385","11.302800000000001","11.1408","0.162","11.2871","0.2974","False","6.0396","11.2737","12.1235","5.5112000000000005","16.652","8","1","1","False","0"
"40272","1519274510896","1843967850005","1843967929766","8.1193","7.976100000000001","0.1432","8.1066","0.2748","False","18.2097","8.1381","6.0396","3.4127","11.3888","8","1","1","False","0"
"40272","1519274510896","1843967931198","1843968089686","16.0227","15.8488","0.1739","16.0192","0.2942","False","12.1193","15.992","18.2097","5.6304","21.479200000000002","8","1","1","False","0"
"40272","1519274510896","1843968091425","1843968216957","12.695400000000001","12.5532","0.1422","12.7264","0.2957","False","12.1081","12.7271","12.1193","5.022600000000001","17.5758","8","1","1","False","0"
"40272","1519274510896","1843968218379","1843968354131","13.7036","13.5752","0.12840000000000001","13.585700000000001","0.43","False","12.108","13.717400000000001","12.1081","3.4133","16.988500000000002","8","1","1","False","0"
"40272","1519274510896","1843968355415","1843968493575","13.992700000000001","13.816","0.1767","14.200600000000001","0.4061","False","18.2045","13.9444","12.108","1.5769","15.392900000000001","8","1","1","False","0"
"40272","1519274510896","1843968495342","1843968639691","14.568200000000001","14.4349","0.1333","14.5363","0.3579","False","12.115","14.611600000000001","18.2045","5.1698","19.6047","8","1","1","False","0"
"40272","1519274510896","1843968641024","1843968782713","14.3231","14.1689","0.1542","14.357000000000001","0.4025","False","18.1839","14.302200000000001","12.115","2.9826","17.151500000000002","8","1","1","False","0"
"40272","1519274510896","1843968784255","1843968939385","15.7168","15.513","0.2038","15.6599","0.37610000000000005","False","12.1272","15.667200000000001","18.1839","5.4993","21.0123","8","1","1","False","0"
"40272","1519274510896","1843968941423","1843969068739","12.8679","12.7316","0.1363","12.917300000000001","0.3866","False","12.0732","12.935400000000001","12.1272","4.6911000000000005","17.422700000000003","8","1","1","False","0"
"40272","1519274510896","1843969070102","1843969221288","15.2897","15.1186","0.1711","15.2453","0.3635","False","18.245900000000002","15.254900000000001","12.0732","1.5094","16.628","8","1","1","False","0"
"40272","1519274510896","1843969222999","1843969370943","14.925400000000002","14.794400000000001","0.131","14.974200000000002","0.3879","False","12.889600000000002","14.9655","18.245900000000002","4.7898000000000005","19.5842","8","1","1","False","0"
"40272","1519274510896","1843969372253","1843969504940","13.436100000000001","13.2687","0.16740000000000002","13.3475","0.3025","False","11.3131","13.399700000000001","12.889600000000002","4.2797","17.5484","8","1","1","False","0"
"40272","1519274510896","1843969506614","1843969640625","13.599000000000002","13.401100000000001","0.19790000000000002","13.5854","0.304","False","12.1043","13.5685","11.3131","2.0243","15.425400000000002","8","1","1","False","0"
"40272","1519274510896","1843969642604","1843969759261","11.824800000000002","11.665700000000001","0.15910000000000002","11.9048","0.3764","False","12.1278","11.8636","12.1043","2.265","13.9307","8","1","1","False","0"
"40272","1519274510896","1843969760852","1843969886507","12.7198","12.5655","0.15430000000000002","12.7382","0.393","False","12.1247","12.7246","12.1278","1.6682000000000001","14.2337","8","1","1","False","0"
"40272","1519274510896","1843969888050","1843970003652","11.7264","11.5602","0.16620000000000001","11.7147","0.3865","False","12.1506","11.714500000000001","12.1247","2.0784000000000002","13.6386","8","1","1","False","0"
"40272","1519274510896","1843970005314","1843970094179","9.0424","8.8865","0.1559","8.9598","0.28850000000000003","False","12.1128","9.0527","12.1506","5.1763","14.062800000000001","8","1","1","False","0"
"40272","1519274510896","1843970095738","1843970233918","13.9723","13.818000000000001","0.15430000000000002","14.0119","0.34690000000000004","False","12.1326","13.9739","12.1128","3.3152000000000004","17.133200000000002","8","1","1","False","0"
"40272","1519274510896","1843970235461","1843970350660","11.6705","11.5199","0.1506","11.6225","0.2957","False","6.0185","11.6742","12.1326","3.7736","15.2935","8","1","1","False","0"
"40272","1519274510896","1843970352166","1843970437602","8.7252","8.5436","0.1816","8.759400000000001","0.3345","False","18.1831","8.6942","6.0185","1.0979","9.6415","8","1","1","False","0"
"40272","1519274510896","1843970439418","1843970614658","17.6915","17.524","0.1675","17.7372","0.3771","False","18.217100000000002","17.7056","18.1831","1.5754000000000001","19.0994","8","1","1","False","0"
"40272","1519274510896","1843970616333","1843970748393","13.3885","13.206000000000001","0.1825","13.369","0.3562","False","6.0423","13.3735","18.217100000000002","6.4190000000000005","19.625","8","1","1","False","0"
"40272","1519274510896","1843970750218","1843970854067","10.5449","10.3849","0.16","10.5039","0.313","False","18.1984","10.567400000000001","6.0423","1.8939000000000001","12.2788","8","1","1","False","0"
"40272","1519274510896","1843970855667","1843970994178","14.0092","13.8511","0.15810000000000002","14.085700000000001","0.38770000000000004","False","6.038600000000001","14.0111","18.1984","6.0812","19.9323","8","1","1","False","0"
"40272","1519274510896","1843970995759","1843971080588","8.635200000000001","8.4829","0.15230000000000002","8.5281","0.28290000000000004","False","12.1273","8.641","6.038600000000001","3.4788","11.9617","8","1","1","False","0"
"40272","1519274510896","1843971082111","1843971191419","11.113800000000001","10.930800000000001","0.183","11.0916","0.2842","False","18.202","11.0831","12.1273","4.523000000000001","15.453800000000001","8","1","1","False","0"
"40272","1519274510896","1843971193249","1843971363170","17.139","16.9921","0.1469","17.0655","0.42360000000000003","False","12.104700000000001","17.1751","18.202","5.5499","22.542","8","1","1","False","0"
"40272","1519274510896","1843971364639","1843971513207","15.0202","14.856800000000002","0.16340000000000002","15.141300000000001","0.3114","False","12.135100000000001","15.0037","12.104700000000001","2.6509","17.5077","8","1","1","False","0"
"40272","1519274510896","1843971514841","1843971629852","11.654800000000002","11.501100000000001","0.1537","11.6682","0.3183","False","12.0927","11.6645","12.135100000000001","3.1215","14.6226","8","1","1","False","0"
"40272","1519274510896","1843971631389","1843971768825","13.982800000000001","13.7436","0.23920000000000002","14.0629","0.46130000000000004","False","24.299300000000002","13.897300000000001","12.0927","1.3169","15.060500000000001","8","1","1","False","0"
"40272","1519274510896","1843971771217","1843971980933","21.230200000000004","20.971600000000002","0.2586","21.3372","0.7652","False","18.134800000000002","21.210800000000003","24.299300000000002","4.4054","25.377000000000002","8","1","1","False","0"
"40272","1519274510896","1843971983519","1843972149180","16.834100000000003","16.566100000000002","0.268","16.5924","0.3075","False","12.1325","16.8247","18.134800000000002","5.7155000000000005","22.2816","8","1","1","False","0"
"40272","1519274510896","1843972151860","1843972286457","13.6706","13.4597","0.2109","13.686100000000001","0.29200000000000004","False","18.1654","13.7277","12.1325","4.1203","17.580000000000002","8","1","1","False","0"
"40272","1519274510896","1843972288566","1843972445231","15.965300000000001","15.666500000000001","0.2988","16.0574","0.48190000000000005","False","12.1281","15.877400000000002","18.1654","6.4083000000000006","22.0748","8","1","1","False","0"
"40272","1519274510896","1843972448219","1843972582159","13.5883","13.394","0.1943","13.5031","0.2936","False","12.141200000000001","13.6928","12.1281","4.8436","18.2376","8","1","1","False","0"
"40272","1519274510896","1843972584102","1843972720220","13.835","13.6118","0.2232","13.835","0.31320000000000003","False","12.1051","13.8061","12.141200000000001","3.1787","16.7905","8","1","1","False","0"
"40272","1519274510896","1843972722452","1843972839234","11.857000000000001","11.6782","0.17880000000000001","11.836500000000001","0.277","False","12.0984","11.9014","12.1051","3.3824","15.0606","8","1","1","False","0"
"40272","1519274510896","1843972841022","1843972986801","14.820400000000001","14.577900000000001","0.24250000000000002","14.893500000000001","0.3657","False","12.1791","14.7567","12.0984","0.7241000000000001","15.302000000000001","8","1","1","False","0"
"40272","1519274510896","1843972989226","1843973098594","11.1337","10.9368","0.19690000000000002","11.1475","0.3683","False","12.060500000000001","11.179300000000001","12.1791","1.7239","12.6607","8","1","1","False","0"
"40272","1519274510896","1843973100563","1843973228926","13.0827","12.836300000000001","0.2464","13.079400000000001","0.3784","False","18.2287","13.0332","12.060500000000001","0.7512000000000001","13.5875","8","1","1","False","0"
"40272","1519274510896","1843973231390","1843973352763","12.3714","12.1373","0.2341","12.462","0.47400000000000003","False","12.1163","12.383700000000001","18.2287","6.5962000000000005","18.7335","8","1","1","False","0"
"40272","1519274510896","1843973355104","1843973499760","14.6853","14.4656","0.2197","14.4753","0.2553","False","12.1179","14.6997","12.1163","4.0128","18.4784","8","1","1","False","0"
"40272","1519274510896","1843973501957","1843973600410","10.082699999999999","9.8453","0.2374","10.124","0.3129","False","12.1311","10.065000000000001","12.1179","6.0657000000000005","15.911000000000001","8","1","1","False","0"
"40272","1519274510896","1843973602784","1843973743440","14.2305","14.0656","0.16490000000000002","14.209200000000001","0.2546","False","6.0151","14.303","12.1311","3.8938","17.959400000000002","8","1","1","False","0"
"40272","1519274510896","1843973745089","1843973831092","8.836200000000002","8.6003","0.2359","8.7319","0.3482","False","12.122100000000001","8.7652","6.0151","1.1437000000000002","9.744","8","1","1","False","0"
"40272","1519274510896","1843973833451","1843973926778","9.480300000000002","9.3327","0.1476","9.693","0.3467","False","18.2142","9.5686","12.122100000000001","3.6972","13.029900000000001","8","1","1","False","0"
"40272","1519274510896","1843973928254","1843974086177","16.015","15.792300000000001","0.2227","15.9999","0.38920000000000005","False","12.123000000000001","15.939900000000002","18.2142","5.971500000000001","21.7638","8","1","1","False","0"
"40272","1519274510896","1843974088404","1843974207910","12.167900000000001","11.950600000000001","0.21730000000000002","12.1089","0.3094","False","12.1416","12.173300000000001","12.123000000000001","5.921200000000001","17.8718","8","1","1","False","0"
"40272","1519274510896","1843974210083","1843974333971","12.5933","12.3888","0.20450000000000002","12.639700000000001","0.35300000000000004","False","12.106300000000001","12.606100000000001","12.1416","5.4567000000000005","17.8455","8","1","1","False","0"
"40272","1519274510896","1843974336016","1843974473283","13.940700000000001","13.726700000000001","0.21400000000000002","13.844000000000001","0.2622","False","12.112","13.9312","12.106300000000001","3.6318","17.3585","8","1","1","False","0"
"40272","1519274510896","1843974475423","1843974599878","12.616900000000001","12.445500000000001","0.1714","12.6353","0.2599","False","12.092600000000001","12.659500000000001","12.112","3.0843000000000003","15.529800000000002","8","1","1","False","0"
"40272","1519274510896","1843974601592","1843974739145","13.9633","13.7553","0.20800000000000002","13.9724","0.2822","False","12.113000000000001","13.9267","12.092600000000001","1.2502","15.005500000000001","8","1","1","False","0"
"40272","1519274510896","1843974741225","1843974866464","12.776900000000001","12.523900000000001","0.253","12.8636","0.3916","False","18.223000000000003","12.731900000000001","12.113000000000001","0.6313000000000001","13.1552","8","1","1","False","0"
"40272","1519274510896","1843974868994","1843975017857","15.0433","14.8863","0.157","15.0448","0.3443","False","12.1233","15.1393","18.223000000000003","3.7150000000000003","18.601300000000002","8","1","1","False","0"
"40272","1519274510896","1843975019427","1843975123251","10.5959","10.3824","0.21350000000000002","10.668700000000001","0.43920000000000003","False","12.122900000000001","10.5394","12.1233","5.298900000000001","15.6813","8","1","1","False","0"
"40272","1519274510896","1843975125386","1843975244981","12.1371","11.9595","0.1776","12.084900000000001","0.3819","False","12.1187","12.173","12.122900000000001","5.2488","17.2083","8","1","1","False","0"
"40272","1519274510896","1843975246757","1843975362885","11.8636","11.6128","0.2508","11.739500000000001","0.2949","False","12.0891","11.7904","12.1187","5.577100000000001","17.1899","8","1","1","False","0"
"40272","1519274510896","1843975365393","1843975530091","16.728099999999998","16.4698","0.25830000000000003","16.698800000000002","0.28340000000000004","False","18.2331","16.7206","12.0891","0.9456","17.4154","8","1","1","False","0"
"40272","1519274510896","1843975532674","1843975662906","13.2224","13.023200000000001","0.19920000000000002","13.369100000000001","0.37170000000000003","False","6.0095","13.281500000000001","18.2331","5.897200000000001","18.9204","8","1","1","False","0"
"40272","1519274510896","1843975664898","1843975769602","10.738999999999999","10.4704","0.2686","10.66","0.3289","False","12.1407","10.6696","6.0095","1.2371","11.707500000000001","8","1","1","False","0"
"40272","1519274510896","1843975772288","1843975888206","11.7588","11.591800000000001","0.167","11.824200000000001","0.3546","False","12.128400000000001","11.8604","12.1407","1.5174","13.109200000000001","8","1","1","False","0"
"40272","1519274510896","1843975889876","1843975991815","10.375100000000002","10.193900000000001","0.1812","10.2814","0.2682","False","12.0876","10.3609","12.128400000000001","3.2849000000000004","13.478800000000001","8","1","1","False","0"
"40272","1519274510896","1843975993627","1843976138229","14.6897","14.4602","0.2295","14.722900000000001","0.31880000000000003","False","12.1623","14.6414","12.0876","0.7311000000000001","15.1913","8","1","1","False","0"
"40272","1519274510896","1843976140524","1843976237967","9.904100000000001","9.7443","0.1598","9.9641","0.3477","False","12.1173","9.9738","12.1623","2.9196","12.6639","8","1","1","False","0"
"40272","1519274510896","1843976239565","1843976359004","12.116900000000001","11.943900000000001","0.17300000000000001","12.0577","0.2844","False","12.1202","12.1037","12.1173","2.9332000000000003","14.8771","8","1","1","False","0"
"40272","1519274510896","1843976360734","1843976462518","10.3877","10.1784","0.2093","10.339","0.27080000000000004","False","12.1175","10.3514","12.1202","4.702","14.8804","8","1","1","False","0"
"40272","1519274510896","1843976464611","1843976583050","12.009500000000001","11.843900000000001","0.1656","12.020800000000001","0.2586","False","12.133600000000001","12.0532","12.1175","4.7663","16.610200000000003","8","1","1","False","0"
"40272","1519274510896","1843976584706","1843976694555","11.229899999999999","10.9849","0.24500000000000002","11.2163","0.30710000000000004","False","12.1156","11.150500000000001","12.133600000000001","5.7494000000000005","16.7343","8","1","1","False","0"
"40272","1519274510896","1843976697005","1843976833798","13.8077","13.679300000000001","0.12840000000000001","13.852500000000001","0.2649","False","12.1217","13.9243","12.1156","3.9407","17.62","8","1","1","False","0"
"40272","1519274510896","1843976835082","1843976940297","10.7445","10.5215","0.223","10.7688","0.338","False","12.113800000000001","10.6499","12.1217","5.4125000000000005","15.934000000000001","8","1","1","False","0"
"40272","1519274510896","1843976942527","1843977079437","13.9053","13.691","0.21430000000000002","13.840800000000002","0.26990000000000003","False","12.1213","13.914000000000001","12.113800000000001","3.6123000000000003","17.3033","8","1","1","False","0"
"40272","1519274510896","1843977081580","1843977197138","11.750000000000002","11.555800000000001","0.1942","11.7463","0.2514","False","12.134300000000001","11.770100000000001","12.1213","3.9635000000000002","15.519300000000001","8","1","1","False","0"
"40272","1519274510896","1843977199080","1843977291497","9.5046","9.2417","0.2629","9.6828","0.45430000000000004","False","6.0158000000000005","9.4359","12.134300000000001","6.6619","15.9036","8","1","1","False","0"
"40272","1519274510896","1843977294126","1843977385646","9.373600000000001","9.152000000000001","0.22160000000000002","9.1774","0.26330000000000003","False","12.183900000000001","9.414900000000001","6.0158000000000005","3.2628000000000004","12.414800000000001","8","1","1","False","0"
"40272","1519274510896","1843977387862","1843977492423","10.6316","10.456100000000001","0.17550000000000002","10.6758","0.2755","False","12.082","10.6777","12.183900000000001","4.769","15.225100000000001","8","1","1","False","0"
"40272","1519274510896","1843977494178","1843977617753","12.5131","12.3575","0.15560000000000002","12.6309","0.3678","False","12.1051","12.533000000000001","12.082","4.3180000000000005","16.6755","8","1","1","False","0"
"40272","1519274510896","1843977619309","1843977760362","14.2787","14.105300000000002","0.1734","14.148000000000001","0.26","False","12.147300000000001","14.260900000000001","12.1051","2.1622","16.267500000000002","8","1","1","False","0"
"40272","1519274510896","1843977762096","1843977849997","8.980500000000001","8.7901","0.1904","9.22","0.6754","False","6.027200000000001","8.9635","12.147300000000001","5.346","14.1361","8","1","1","False","0"
"40272","1519274510896","1843977851901","1843977958276","10.874600000000001","10.637500000000001","0.2371","10.664100000000001","0.31320000000000003","False","12.1233","10.8279","6.027200000000001","0.5453","11.1828","8","1","1","False","0"
"40272","1519274510896","1843977960647","1843978075420","11.7291","11.477300000000001","0.2518","11.828800000000001","0.41390000000000005","False","12.121400000000001","11.714400000000001","12.1233","0.9542","12.4315","8","1","1","False","0"
"40272","1519274510896","1843978077938","1843978166470","9.076400000000001","8.853200000000001","0.2232","9.0311","0.35650000000000004","False","12.171000000000001","9.105","12.121400000000001","3.9706","12.8238","8","1","1","False","0"
"40272","1519274510896","1843978168702","1843978282171","11.616299999999999","11.3469","0.26940000000000003","11.5555","0.3306","False","12.1052","11.5701","12.171000000000001","4.5715","15.9184","8","1","1","False","0"
"40272","1519274510896","1843978284865","1843978395798","11.2878","11.093300000000001","0.1945","11.4437","0.4687","False","6.022","11.3627","12.1052","5.314","16.4073","8","1","1","False","0"
"40272","1519274510896","1843978397743","1843978501657","10.661200000000001","10.3914","0.26980000000000004","10.4944","0.31","False","18.2328","10.5859","6.022","0.7501","11.1415","8","1","1","False","0"
"40272","1519274510896","1843978504355","1843978635388","13.2878","13.1033","0.1845","13.409500000000001","0.3956","False","6.006200000000001","13.3731","18.2328","5.6098","18.7131","8","1","1","False","0"
"40272","1519274510896","1843978637233","1843978741506","10.6022","10.4273","0.1749","10.5126","0.3012","False","12.1303","10.6118","6.006200000000001","1.0042","11.4315","8","1","1","False","0"
"40272","1519274510896","1843978743255","1843978860006","11.8937","11.6751","0.21860000000000002","11.9764","0.3886","False","12.1233","11.850000000000001","12.1303","1.2845","12.9596","8","1","1","False","0"
"40272","1519274510896","1843978862192","1843978982986","12.3319","12.0794","0.2525","12.4342","0.5203","False","12.1415","12.298","12.1233","1.1098000000000001","13.189200000000001","8","1","1","False","0"
"40272","1519274510896","1843978985511","1843979066535","8.298900000000001","8.102400000000001","0.1965","8.118400000000001","0.335","False","12.1311","8.3549","12.1415","4.8964","12.998800000000001","8","1","1","False","0"
"40272","1519274510896","1843979068500","1843979188215","12.1578","11.9715","0.18630000000000002","12.1996","0.3679","False","12.1287","12.168000000000001","12.1311","4.859500000000001","16.831","8","1","1","False","0"
"40272","1519274510896","1843979190078","1843979310586","12.2036","12.0508","0.15280000000000002","12.1477","0.2796","False","6.0201","12.2371","12.1287","4.7511","16.8019","8","1","1","False","0"
"40272","1519274510896","1843979312114","1843979409068","10.143300000000002","9.695400000000001","0.4479","10.202200000000001","0.39280000000000004","False","18.229","9.8482","6.0201","0.923","10.618400000000001","8","1","1","False","0"
"40272","1519274510896","1843979413547","1843979534215","12.3504","12.0668","0.2836","12.4379","0.4767","False","6.003900000000001","12.514700000000001","18.229","6.637300000000001","18.7041","8","1","1","False","0"
"40272","1519274510896","1843979537051","1843979644553","10.992700000000001","10.750200000000001","0.24250000000000002","10.806600000000001","0.29500000000000004","False","24.2496","11.033800000000001","6.003900000000001","1.6074000000000002","12.357600000000001","8","1","1","False","0"
"40272","1519274510896","1843979646978","1843979879419","23.4568","23.2441","0.2127","23.5545","0.37610000000000005","False","12.134300000000001","23.486600000000003","24.2496","2.3704","25.6145","8","1","1","False","0"
"40272","1519274510896","1843979881546","1843979989083","10.9059","10.7537","0.1522","10.9276","0.3553","False","12.1126","10.9664","12.134300000000001","3.5383","14.292","8","1","1","False","0"
"40272","1519274510896","1843979990605","1843980121635","13.3551","13.103","0.2521","13.233500000000001","0.2686","False","12.1196","13.2552","12.1126","2.3957","15.498700000000001","8","1","1","False","0"
"40272","1519274510896","1843980124156","1843980256668","13.5004","13.2512","0.2492","13.588700000000001","0.3836","False","24.2891","13.503300000000001","12.1196","1.012","14.263200000000001","8","1","1","False","0"
"40272","1519274510896","1843980259160","1843980457380","19.990399999999998","19.822","0.16840000000000002","20.037300000000002","0.37570000000000003","False","12.1072","20.0712","24.2891","5.229900000000001","25.0519","8","1","1","False","0"
"40272","1519274510896","1843980459064","1843980603354","14.5625","14.429","0.1335","14.4623","0.2665","False","12.1157","14.5974","12.1072","2.7397","17.1687","8","1","1","False","0"
"40272","1519274510896","1843980604689","1843980701340","9.853000000000002","9.6651","0.1879","9.876800000000001","0.28900000000000003","False","6.0311","9.7986","12.1157","5.0568","14.721900000000002","8","1","1","False","0"
"40272","1519274510896","1843980703219","1843980800005","9.919500000000001","9.678600000000001","0.2409","9.875","0.30360000000000004","False","12.117","9.8665","6.0311","1.2214","10.9","8","1","1","False","0"
"40272","1519274510896","1843980802414","1843980922313","12.2239","11.9899","0.234","12.120600000000001","0.4519","False","24.2448","12.2308","12.117","1.1076000000000001","13.0975","8","1","1","False","0"
"40272","1519274510896","1843980924653","1843981167109","24.4273","24.2456","0.1817","24.678900000000002","0.41040000000000004","False","12.1216","24.4796","24.2448","0.8728","25.1184","8","1","1","False","0"
"40272","1519274510896","1843981168926","1843981261977","9.493400000000001","9.305100000000001","0.1883","9.438500000000001","0.3794","False","12.1341","9.4868","12.1216","3.5076","12.812700000000001","8","1","1","False","0"
"40272","1519274510896","1843981263860","1843981374543","11.2507","11.0683","0.1824","11.2279","0.3377","False","12.1144","11.2566","12.1341","4.3851","15.4534","8","1","1","False","0"
"40272","1519274510896","1843981376367","1843981490482","11.5587","11.4115","0.1472","11.6418","0.40340000000000004","False","12.1379","11.593900000000001","12.1144","4.905600000000001","16.3171","8","1","1","False","0"
"40272","1519274510896","1843981491954","1843981612847","12.32","12.0893","0.23070000000000002","12.2165","0.36000000000000004","False","12.098500000000001","12.236500000000001","12.1379","4.807","16.8963","8","1","1","False","0"
"40272","1519274510896","1843981615154","1843981753343","14.0164","13.818900000000001","0.1975","13.973500000000001","0.2859","False","12.131","14.0496","12.098500000000001","2.8559","16.6748","8","1","1","False","0"
"40272","1519274510896","1843981755318","1843981868168","11.4536","11.285","0.1686","11.5771","0.3925","False","12.135","11.4825","12.131","3.5044","14.7894","8","1","1","False","0"
"40272","1519274510896","1843981869854","1843981977760","10.978000000000002","10.790600000000001","0.1874","10.8704","0.29500000000000004","False","12.1172","10.959200000000001","12.135","4.6802","15.4708","8","1","1","False","0"
"40272","1519274510896","1843981979634","1843982084132","10.7011","10.4498","0.2513","10.687700000000001","0.3124","False","12.1193","10.6372","12.1172","6.160200000000001","16.61","8","1","1","False","0"
"40272","1519274510896","1843982086645","1843982205409","12.202300000000001","11.8764","0.3259","12.1956","0.2847","False","12.1094","12.1277","12.1193","6.151800000000001","18.028200000000002","8","1","1","False","0"
"40272","1519274510896","1843982208668","1843982364243","15.772","15.557500000000001","0.21450000000000002","15.7498","0.2844","False","12.1384","15.8834","12.1094","2.3778","17.9353","8","1","1","False","0"
"40272","1519274510896","1843982366388","1843982456395","9.2089","9.0007","0.2082","9.306700000000001","0.3705","False","12.1327","9.215200000000001","12.1384","5.301","14.3017","8","1","1","False","0"
"40272","1519274510896","1843982458477","1843982577720","12.155800000000001","11.9243","0.2315","12.084800000000001","0.3048","False","6.0252","12.1325","12.1327","5.301200000000001","17.2255","8","1","1","False","0"
"40272","1519274510896","1843982580035","1843982656726","7.8561000000000005","7.6691","0.187","7.8708","0.2995","False","12.1532","7.900600000000001","6.0252","3.4258","11.0949","8","1","1","False","0"
"40272","1519274510896","1843982658596","1843982762553","10.5962","10.3957","0.2005","10.579600000000001","0.2773","False","12.120000000000001","10.5827","12.1532","4.996300000000001","15.392000000000001","8","1","1","False","0"
"40272","1519274510896","1843982764558","1843982881262","11.8529","11.6704","0.1825","11.8177","0.4283","False","12.1171","11.8709","12.120000000000001","5.2454","16.9158","8","1","1","False","0"
"40272","1519274510896","1843982883087","1843982989729","10.940100000000001","10.664200000000001","0.27590000000000003","11.0425","0.3894","False","6.0397","10.8467","12.1171","6.5158000000000005","17.18","8","1","1","False","0"
"40272","1519274510896","1843982992488","1843983109004","11.8384","11.6516","0.18680000000000002","11.8255","0.3287","False","18.2192","11.9275","6.0397","0.628","12.2796","8","1","1","False","0"
"40272","1519274510896","1843983110872","1843983246241","13.7406","13.536900000000001","0.20370000000000002","13.7874","0.3909","False","6.0863000000000005","13.723700000000001","18.2192","5.1235","18.6604","8","1","1","False","0"
"40272","1519274510896","1843983248278","1843983329942","8.3573","8.166400000000001","0.19090000000000001","8.266300000000001","0.29400000000000004","False","12.0652","8.3701","6.0863000000000005","2.8397","11.0061","8","1","1","False","0"
"40272","1519274510896","1843983331851","1843983454982","12.528500000000001","12.3131","0.2154","12.520900000000001","0.29560000000000003","False","12.1346","12.504000000000001","12.0652","2.4009","14.714","8","1","1","False","0"
"40272","1519274510896","1843983457136","1843983550429","9.5067","9.3293","0.1774","9.535600000000002","0.2984","False","12.121400000000001","9.5447","12.1346","4.9908","14.3201","8","1","1","False","0"
"40272","1519274510896","1843983552203","1843983658644","10.853","10.6441","0.2089","10.8217","0.2863","False","24.2499","10.8215","12.121400000000001","6.2907","16.9348","8","1","1","False","0"
"40272","1519274510896","1843983660733","1843983907906","24.9619","24.7173","0.2446","24.9908","0.3215","False","12.0828","24.9262","24.2499","5.6144","30.3317","8","1","1","False","0"
"40272","1519274510896","1843983910352","1843984072308","16.4218","16.195600000000002","0.2262","16.4284","0.33630000000000004","False","12.1418","16.4402","12.0828","1.2570000000000001","17.4526","8","1","1","False","0"
"40272","1519274510896","1843984074570","1843984168836","9.647","9.4266","0.2204","9.7291","0.41150000000000003","False","18.1924","9.652800000000001","12.1418","3.746","13.172600000000001","8","1","1","False","0"
"40272","1519274510896","1843984171040","1843984324040","15.5959","15.3","0.2959","15.5388","0.39480000000000004","False","12.2032","15.5204","18.1924","6.418","21.718","8","1","1","False","0"
"40272","1519274510896","1843984326999","1843984474689","15.0328","14.769","0.26380000000000003","15.079","0.4224","False","18.1237","15.064900000000002","12.2032","3.5563000000000002","18.325300000000002","8","1","1","False","0"
"40272","1519274510896","1843984477327","1843984669311","19.389699999999998","19.1984","0.1913","19.3921","0.3924","False","12.0677","19.4622","18.1237","2.2178","21.4162","8","1","1","False","0"
"40272","1519274510896","1843984671224","1843984798876","12.9721","12.7652","0.2069","13.0098","0.431","False","24.256600000000002","12.9565","12.0677","1.329","14.0942","8","1","1","False","0"
"40272","1519274510896","1843984800945","1843985002029","20.2815","20.1084","0.1731","20.1541","0.5623","False","12.1173","20.3153","24.256600000000002","5.270300000000001","25.378700000000002","8","1","1","False","0"
"40272","1519274510896","1843985003760","1843985146397","14.5168","14.2637","0.2531","14.5256","0.3309","False","24.2533","14.4368","12.1173","2.9508","17.2145","8","1","1","False","0"
"40272","1519274510896","1843985148928","1843985365237","21.8334","21.6309","0.2025","21.8875","0.38230000000000003","False","18.1868","21.884","24.2533","5.3201","26.951","8","1","1","False","0"
"40272","1519274510896","1843985367262","1843985547563","18.191100000000002","18.0301","0.161","18.1136","0.2894","False","12.095","18.2326","18.1868","5.2743","23.3044","8","1","1","False","0"
"40272","1519274510896","1843985549173","1843985698212","15.1906","14.9039","0.2867","15.177200000000001","0.3171","False","30.3209","15.064900000000002","12.095","2.3044000000000002","17.2083","8","1","1","False","0"
"40272","1519274510896","1843985701079","1843986008399","30.974600000000002","30.732000000000003","0.2426","31.0669","0.3902","False","24.2451","31.018700000000003","30.3209","1.6066","32.3386","8","1","1","False","0"
"40272","1519274510896","1843986010825","1843986224986","21.5878","21.4161","0.17170000000000002","21.6145","0.3811","False","24.2594","21.6587","24.2451","4.1930000000000005","25.6091","8","1","1","False","0"
"40272","1519274510896","1843986226703","1843986444694","22.012900000000002","21.799100000000003","0.21380000000000002","22.0626","0.43820000000000003","False","18.1491","21.9708","24.2594","6.4816","28.280700000000003","8","1","1","False","0"
"40272","1519274510896","1843986446832","1843986663853","21.893600000000003","21.7021","0.1915","21.857","0.40490000000000004","False","24.2636","21.9159","18.1491","2.7148000000000003","24.416900000000002","8","1","1","False","0"
"40272","1519274510896","1843986665768","1843986890303","22.6264","22.453500000000002","0.1729","22.6173","0.387","False","18.1549","22.645","24.2636","4.3334","26.786900000000003","8","1","1","False","0"
"40272","1519274510896","1843986892032","1843987106457","21.750500000000002","21.442500000000003","0.308","21.6463","0.33530000000000004","False","24.2574","21.6154","18.1549","0.8729","22.3154","8","1","1","False","0"
"40272","1519274510896","1843987109537","1843987332937","22.611","22.34","0.271","22.718700000000002","0.4338","False","18.168400000000002","22.648","24.2574","2.4823","24.822300000000002","8","1","1","False","0"
"40272","1519274510896","1843987335647","1843987526280","19.244600000000002","19.0633","0.18130000000000002","19.2249","0.3774","False","24.2681","19.334300000000002","18.168400000000002","1.3164","20.3797","8","1","1","False","0"
"40272","1519274510896","1843987528093","1843987742470","21.7238","21.4377","0.2861","21.4978","0.42110000000000003","False","18.1672","21.619","24.2681","3.9655","25.403200000000002","8","1","1","False","0"
"40272","1519274510896","1843987745331","1843987940586","19.6917","19.5255","0.16620000000000001","19.8209","0.27190000000000003","False","18.174300000000002","19.811600000000002","18.1672","2.3211","21.846600000000002","8","1","1","False","0"
"40272","1519274510896","1843987942248","1843988092906","15.2345","15.065800000000001","0.16870000000000002","15.2634","0.3039","False","18.1753","15.232000000000001","18.174300000000002","5.2634","20.3292","8","1","1","False","0"
"40272","1519274510896","1843988094593","1843988296945","20.456200000000003","20.235200000000003","0.221","20.5404","0.4041","False","24.2743","20.4039","18.1753","3.0348","23.27","8","1","1","False","0"
"40272","1519274510896","1843988299155","1843988515911","21.9182","21.6756","0.2426","21.9354","0.4561","False","18.171","21.8966","24.2743","5.4125000000000005","27.0881","8","1","1","False","0"
"40272","1519274510896","1843988518337","1843988720153","20.4309","20.1816","0.24930000000000002","20.3231","0.3251","False","18.1649","20.424200000000003","18.171","3.1593","23.3409","8","1","1","False","0"
"40272","1519274510896","1843988722646","1843988905503","18.483300000000003","18.285700000000002","0.1976","18.5681","0.3951","False","18.1691","18.535","18.1649","2.7892","21.0749","8","1","1","False","0"
"40272","1519274510896","1843988907479","1843989108025","20.3143","20.0546","0.2597","20.2784","0.38720000000000004","False","24.291","20.252200000000002","18.1691","0.7061000000000001","20.7607","8","1","1","False","0"
"40272","1519274510896","1843989110622","1843989314655","20.5455","20.4033","0.1422","20.590400000000002","0.3667","False","12.0775","20.663","24.291","4.3341","24.7374","8","1","1","False","0"
"40272","1519274510896","1843989316077","1843989469155","15.509500000000001","15.3078","0.20170000000000002","15.4444","0.334","False","24.2853","15.450000000000001","12.0775","0.9616","16.2694","8","1","1","False","0"
"40272","1519274510896","1843989471172","1843989662961","19.431900000000002","19.178900000000002","0.253","19.4765","0.4052","False","18.153200000000002","19.3806","24.2853","5.8663","25.0452","8","1","1","False","0"
"40272","1519274510896","1843989665491","1843989865018","20.1584","19.9527","0.20570000000000002","20.0603","0.29000000000000004","False","24.252100000000002","20.2057","18.153200000000002","3.8138","23.7665","8","1","1","False","0"
"40272","1519274510896","1843989867075","1843990122005","25.705900000000003","25.493000000000002","0.2129","25.811700000000002","0.37770000000000004","False","18.192800000000002","25.698700000000002","24.252100000000002","2.3672","27.860200000000003","8","1","1","False","0"
"40272","1519274510896","1843990124134","1843990271564","14.9758","14.743","0.2328","14.8687","0.3004","False","18.1686","14.955900000000002","18.192800000000002","5.6041","20.3471","8","1","1","False","0"
"40272","1519274510896","1843990273892","1843990486174","21.3852","21.2282","0.157","21.4408","0.31870000000000004","False","24.2529","21.461000000000002","18.1686","2.3117","23.5399","8","1","1","False","0"
"40272","1519274510896","1843990487744","1843990700726","21.501","21.2982","0.2028","21.4383","0.43310000000000004","False","12.1348","21.4552","24.2529","5.1094","26.407600000000002","8","1","1","False","0"
"40272","1519274510896","1843990702754","1843990825103","12.435100000000002","12.234900000000001","0.20020000000000002","12.452","0.30770000000000003","False","18.1567","12.437700000000001","12.1348","4.806500000000001","17.0414","8","1","1","False","0"
"40272","1519274510896","1843990827105","1843991026080","20.0378","19.8975","0.1403","20.078","0.3009","False","18.2102","20.0977","18.1567","2.8655","22.763","8","1","1","False","0"
"40272","1519274510896","1843991027483","1843991188014","16.2403","16.0531","0.1872","16.2199","0.3116","False","18.156200000000002","16.1934","18.2102","4.8823","20.9354","8","1","1","False","0"
"40272","1519274510896","1843991189886","1843991386336","19.8512","19.645","0.20620000000000002","19.852","0.3089","False","18.174","19.8322","18.156200000000002","3.2063","22.851300000000002","8","1","1","False","0"
"40272","1519274510896","1843991388398","1843991556701","17.007900000000003","16.8303","0.1776","17.0078","0.305","False","18.1649","17.0365","18.174","4.3438","21.1741","8","1","1","False","0"
"40272","1519274510896","1843991558477","1843991760606","20.439400000000003","20.2129","0.2265","20.5943","0.4667","False","24.2635","20.3905","18.1649","2.1182000000000003","22.331100000000003","8","1","1","False","0"
"40272","1519274510896","1843991762871","1843992003695","24.2792","24.0824","0.1968","24.2422","0.4169","False","18.1663","24.3089","24.2635","2.0728","26.1552","8","1","1","False","0"
"40272","1519274510896","1843992005663","1843992200197","19.696600000000004","19.453400000000002","0.2432","19.555300000000003","0.3201","False","24.2653","19.6502","18.1663","0.5889","20.0423","8","1","1","False","0"
"40272","1519274510896","1843992202629","1843992422322","22.2069","21.9693","0.2376","22.6053","0.6993","False","24.242900000000002","22.212500000000002","24.2653","2.6417","24.611","8","1","1","False","0"
"40272","1519274510896","1843992424698","1843992672231","24.9731","24.7533","0.21980000000000002","24.9493","0.6595000000000001","False","24.236700000000003","24.9909","24.242900000000002","1.8937000000000002","26.647000000000002","8","1","1","False","0"
"40272","1519274510896","1843992674429","1843992906521","23.377200000000002","23.209200000000003","0.168","23.2205","0.4839","False","24.268800000000002","23.429000000000002","24.236700000000003","2.7014","25.910600000000002","8","1","1","False","0"
"40272","1519274510896","1843992908201","1843993139121","23.233100000000004","23.092000000000002","0.1411","23.1075","0.6776","False","24.235500000000002","23.26","24.268800000000002","3.7102000000000004","26.802200000000003","8","1","1","False","0"
"40272","1519274510896","1843993140532","1843993375415","23.716300000000004","23.488300000000002","0.228","23.8218","0.4847","False","24.240000000000002","23.6294","24.235500000000002","4.3163","27.8046","8","1","1","False","0"
"40272","1519274510896","1843993377695","1843993606641","23.1143","22.8946","0.2197","23.1174","0.4938","False","12.0873","23.122600000000002","24.240000000000002","5.4337","28.328300000000002","8","1","1","False","0"
"40272","1519274510896","1843993608838","1843993751177","14.4868","14.2339","0.2529","14.468900000000001","0.4943","False","24.2692","14.453600000000002","12.0873","3.0674","17.3013","8","1","1","False","0"
"40272","1519274510896","1843993753706","1843993969235","21.8339","21.5529","0.281","22.392300000000002","1.0688","False","18.1883","21.8058","24.2692","5.5308","27.0837","8","1","1","False","0"
"40272","1519274510896","1843993972045","1843994146102","17.6349","17.4057","0.22920000000000001","17.0926","0.49970000000000003","False","12.1433","17.686700000000002","18.1883","6.0324","23.438100000000002","8","1","1","False","0"
"40272","1519274510896","1843994148394","1843994305778","15.922600000000001","15.7384","0.1842","15.995000000000001","0.5415","False","24.235200000000003","15.967600000000001","12.1433","2.2081","17.9465","8","1","1","False","0"
"40272","1519274510896","1843994307620","1843994520365","21.4118","21.2745","0.1373","21.5835","0.7025","False","18.1538","21.4587","24.235200000000003","4.9846","26.2591","8","1","1","False","0"
"40272","1519274510896","1843994521738","1843994707999","18.7869","18.6261","0.1608","18.5607","0.47850000000000004","False","12.098600000000001","18.7634","18.1538","4.375","23.0011","8","1","1","False","0"
"40272","1519274510896","1843994709607","1843994858039","15.045800000000002","14.843200000000001","0.2026","15.151000000000002","0.5931000000000001","False","24.2494","15.004000000000001","12.098600000000001","1.4696","16.3128","8","1","1","False","0"
"40272","1519274510896","1843994860065","1843995102806","24.503700000000002","24.2741","0.2296","24.598100000000002","0.7224","False","18.165300000000002","24.4767","24.2494","1.2423","25.5164","8","1","1","False","0"
"40272","1519274510896","1843995105102","1843995287626","18.503400000000003","18.2524","0.251","18.5124","0.7268","False","18.2138","18.482","18.165300000000002","0.9256000000000001","19.178","8","1","1","False","0"
"40272","1519274510896","1843995290136","1843995433198","14.501000000000001","14.3062","0.1948","14.2832","0.5034000000000001","False","18.167","14.5572","18.2138","4.5822","18.8884","8","1","1","False","0"
"40272","1519274510896","1843995435146","1843995649881","21.6325","21.4735","0.159","21.4904","0.5532","False","18.171200000000002","21.668300000000002","18.167","1.0809","22.5544","8","1","1","False","0"
"40272","1519274510896","1843995651471","1843995830752","18.1929","17.9281","0.26480000000000004","18.3652","0.5469","False","24.2852","18.0871","18.171200000000002","1.165","19.0931","8","1","1","False","0"
"40272","1519274510896","1843995833400","1843996026971","19.561000000000003","19.357100000000003","0.2039","19.575","0.5427000000000001","False","12.0975","19.6219","24.2852","5.8283000000000005","25.1854","8","1","1","False","0"
"40272","1519274510896","1843996029010","1843996196190","16.9871","16.718","0.2691","16.9741","0.5438000000000001","False","18.1747","16.9219","12.0975","1.0039","17.7219","8","1","1","False","0"
"40272","1519274510896","1843996198881","1843996375885","17.945800000000002","17.700400000000002","0.2454","17.947300000000002","0.5544","False","24.2328","17.9695","18.1747","1.2091","18.9095","8","1","1","False","0"
"40272","1519274510896","1843996378339","1843996591256","21.4616","21.291700000000002","0.1699","21.4779","0.5179","False","18.1725","21.537100000000002","24.2328","3.9048000000000003","25.1965","8","1","1","False","0"
"40272","1519274510896","1843996592955","1843996799330","20.7878","20.6375","0.15030000000000002","20.753","0.48700000000000004","False","24.2586","20.8074","18.1725","1.2699","21.907400000000003","8","1","1","False","0"
"40272","1519274510896","1843996800833","1843997035742","23.711","23.4909","0.22010000000000002","23.9539","0.767","False","18.209300000000002","23.6412","24.2586","1.8873000000000002","25.3782","8","1","1","False","0"
"40272","1519274510896","1843997037943","1843997191534","15.565000000000001","15.359100000000002","0.2059","15.294400000000001","0.4726","False","18.1711","15.5792","18.209300000000002","4.5174","19.8765","8","1","1","False","0"
"40272","1519274510896","1843997193593","1843997397719","20.6154","20.4126","0.2028","20.6567","0.5278","False","24.2255","20.6185","18.1711","2.0700000000000003","22.4826","8","1","1","False","0"
"40272","1519274510896","1843997399747","1843997639984","24.256600000000002","24.0237","0.23290000000000002","24.553200000000004","0.8361000000000001","False","24.2528","24.2265","24.2255","2.069","26.0927","8","1","1","False","0"
"40272","1519274510896","1843997642313","1843997881145","24.245","23.883200000000002","0.3618","24.177800000000005","0.8224","False","24.2603","24.1161","24.2528","2.2057","26.088900000000002","8","1","1","False","0"
"40272","1519274510896","1843997884763","1843998091704","20.8792","20.694100000000002","0.18510000000000001","20.805600000000002","0.6753","False","24.2545","21.0559","24.2603","5.4101","26.104200000000002","8","1","1","False","0"
"40272","1519274510896","1843998093555","1843998322394","23.095200000000002","22.8839","0.21130000000000002","23.2069","0.7964","False","18.1734","23.069000000000003","24.2545","6.5956","29.4795","8","1","1","False","0"
"40272","1519274510896","1843998324507","1843998530575","20.7861","20.6068","0.17930000000000001","20.3577","0.5759000000000001","False","18.1662","20.8181","18.1734","3.9509000000000003","24.5577","8","1","1","False","0"
"40272","1519274510896","1843998532368","1843998730668","20.0469","19.830000000000002","0.2169","20.2132","0.5512","False","30.297800000000002","20.0093","18.1662","2.1078","21.9378","8","1","1","False","0"
"40272","1519274510896","1843998732837","1843999020840","29.0213","28.8003","0.221","29.0286","0.5473","False","18.1843","29.017200000000003","30.297800000000002","3.3884000000000003","32.188700000000004","8","1","1","False","0"
"40272","1519274510896","1843999023050","1843999215919","19.4421","19.2869","0.1552","19.4752","0.5391","False","24.252200000000002","19.5079","18.1843","2.0648","21.3517","8","1","1","False","0"
"40272","1519274510896","1843999217471","1843999424787","20.8939","20.7316","0.1623","21.1816","0.8383","False","12.088700000000001","20.8868","24.252200000000002","5.4302","26.1618","8","1","1","False","0"
"40272","1519274510896","1843999426410","1843999577853","15.311100000000001","15.144300000000001","0.1668","15.0045","0.5353","False","18.1884","15.306600000000001","12.088700000000001","2.2123","17.3566","8","1","1","False","0"
"40272","1519274510896","1843999579521","1843999757067","18.0035","17.7546","0.2489","18.2533","0.8067000000000001","False","18.230900000000002","17.921400000000002","18.1884","2.4793000000000003","20.233900000000002","8","1","1","False","0"
"40272","1519274510896","1843999759556","1843999933098","17.513700000000004","17.354200000000002","0.1595","17.5192","0.7834","False","24.2256","17.6031","18.230900000000002","3.1071","20.4613","8","1","1","False","0"
"40272","1519274510896","1843999934693","1844000154204","22.1764","21.9511","0.2253","21.9067","0.5700000000000001","False","18.1571","22.1106","24.2256","5.2221","27.1732","8","1","1","False","0"
"40272","1519274510896","1844000156457","1844000329716","17.569300000000002","17.3259","0.2434","17.5467","0.5525","False","18.1929","17.5512","18.1571","5.828","23.1539","8","1","1","False","0"
"40272","1519274510896","1844000332150","1844000514524","18.5056","18.2374","0.2682","18.513","0.5533","False","18.1861","18.480800000000002","18.1929","5.540100000000001","23.7775","8","1","1","False","0"
"40272","1519274510896","1844000517206","1844000685580","17.069900000000004","16.837400000000002","0.2325","17.0979","0.5725","False","12.0908","17.105600000000003","18.1861","6.6206000000000005","23.458000000000002","8","1","1","False","0"
"40272","1519274510896","1844000687905","1844000836331","15.017700000000001","14.842600000000001","0.1751","15.0936","0.6062000000000001","False","18.1792","15.0751","12.0908","3.6363000000000003","18.4789","8","1","1","False","0"
"40272","1519274510896","1844000838082","1844001002061","16.6141","16.3979","0.2162","17.584","1.6045","False","18.2493","16.573","18.1792","5.242500000000001","21.6404","8","1","1","False","0"
"40272","1519274510896","1844001004223","1844001214254","21.1742","21.0031","0.1711","19.9955","0.8005","False","18.1177","21.2193","18.2493","2.2725","23.2756","8","1","1","False","0"
"40272","1519274510896","1844001215965","1844001388060","17.381800000000002","17.209500000000002","0.1723","18.3856","1.4131","False","18.1811","17.3806","18.1177","3.0096000000000003","20.2191","8","1","1","False","0"
"40272","1519274510896","1844001389783","1844001561319","17.348000000000003","17.1536","0.19440000000000002","17.4338","1.5151000000000001","False","18.238500000000002","17.3259","18.1811","3.8648000000000002","21.0184","8","1","1","False","0"
"40272","1519274510896","1844001563263","1844001757396","19.65","19.4133","0.23670000000000002","19.404400000000003","1.2908000000000002","False","18.133300000000002","19.6077","18.238500000000002","2.4956","21.908900000000003","8","1","1","False","0"
"40272","1519274510896","1844001759763","1844001932073","17.427200000000003","17.231","0.1962","17.660800000000002","1.4806000000000001","False","36.385000000000005","17.4677","18.133300000000002","3.1612","20.392200000000003","8","1","1","False","0"
"40272","1519274510896","1844001934035","1844002266140","33.444900000000004","33.2105","0.23440000000000003","34.1298","2.1995","False","18.1782","33.4067","36.385000000000005","6.1395","39.35","8","1","1","False","0"
"40272","1519274510896","1844002268484","1844002472404","20.537399999999998","20.392","0.1454","19.6755","1.2730000000000001","False","18.1846","20.6264","18.1782","3.6913","24.0833","8","1","1","False","0"
"40272","1519274510896","1844002473858","1844002659863","18.7654","18.6005","0.16490000000000002","18.651400000000002","1.1742000000000001","False","18.1841","18.745900000000002","18.1846","3.1300000000000003","21.730500000000003","8","1","1","False","0"
"40272","1519274510896","1844002661512","1844002815885","15.5878","15.4373","0.1505","17.6214","3.2119","False","18.1781","15.602200000000002","18.1841","5.7119","21.1492","8","1","1","False","0"
"40272","1519274510896","1844002817390","1844002989688","17.5201","17.2298","0.2903","18.857100000000003","4.5962000000000005","False","18.177300000000002","17.380300000000002","18.1781","6.5097000000000005","23.7395","8","1","1","False","0"
"40272","1519274510896","1844002992591","1844003181074","19.0877","18.848300000000002","0.2394","18.398400000000002","3.8936","False","18.194000000000003","19.1386","18.177300000000002","5.5484","24.396700000000003","8","1","1","False","0"
"40272","1519274510896","1844003183468","1844003363138","18.2359","17.967000000000002","0.26890000000000003","16.6737","2.3953","False","12.100000000000001","18.206400000000002","18.194000000000003","5.5360000000000005","23.503","8","1","1","False","0"
"40272","1519274510896","1844003365827","1844003513992","15.023800000000001","14.816500000000001","0.2073","13.4108","0.9878","False","18.197","15.0854","12.100000000000001","2.5506","17.3671","8","1","1","False","0"
"40272","1519274510896","1844003516065","1844003681771","16.782100000000003","16.570600000000002","0.21150000000000002","18.209400000000002","2.136","False","18.194100000000002","16.777900000000002","18.197","3.9697","20.540300000000002","8","1","1","False","0"
"40272","1519274510896","1844003683886","1844003856683","17.497200000000003","17.279700000000002","0.2175","16.662100000000002","1.3147","False","18.1716","17.4912","18.194100000000002","4.6726","21.9523","8","1","1","False","0"
"40272","1519274510896","1844003858858","1844004026059","16.981","16.720100000000002","0.2609","17.446","1.7945","False","18.177500000000002","16.9376","18.1716","5.9066","22.6267","8","1","1","False","0"
"40272","1519274510896","1844004028668","1844004208773","18.2765","18.0105","0.266","18.2425","1.7585000000000002","False","18.186","18.2714","18.177500000000002","5.8127","23.8232","8","1","1","False","0"
"40272","1519274510896","1844004211433","1844004418725","20.9996","20.729200000000002","0.27040000000000003","20.3164","1.0708","False","18.197300000000002","20.9952","18.186","3.0035000000000003","23.7327","8","1","1","False","0"
"40272","1519274510896","1844004421429","1844004561549","14.2987","14.012","0.2867","14.564200000000001","1.339","False","18.1808","14.2824","18.197300000000002","6.9184","20.930400000000002","8","1","1","False","0"
"40272","1519274510896","1844004564416","1844004742559","18.0661","17.8143","0.2518","17.7677","1.0448","False","12.0754","18.101000000000003","18.1808","6.998200000000001","24.8125","8","1","1","False","0"
"40272","1519274510896","1844004745077","1844004905396","16.2351","16.0319","0.20320000000000002","17.314700000000002","2.1057","False","18.194000000000003","16.2837","12.0754","2.7899000000000003","18.8218","8","1","1","False","0"
"40272","1519274510896","1844004907428","1844005094726","18.9524","18.7298","0.22260000000000002","18.1177","1.2555","False","24.2695","18.933","18.194000000000003","2.0509","20.7807","8","1","1","False","0"
"40272","1519274510896","1844005096952","1844005285443","19.0686","18.8491","0.2195","19.199999999999996","1.3940000000000001","False","12.1187","19.0717","24.2695","7.2487","26.097800000000003","8","1","1","False","0"
"40272","1519274510896","1844005287638","1844005436575","15.0326","14.8937","0.1389","14.854600000000001","1.1736","False","18.1823","15.1132","12.1187","4.2542","19.1479","8","1","1","False","0"
"40272","1519274510896","1844005437964","1844005620379","18.478900000000003","18.241500000000002","0.2374","18.3944","1.1612","False","18.1939","18.3804","18.1823","4.0561","22.297600000000003","8","1","1","False","0"
"40272","1519274510896","1844005622753","1844005775752","15.7171","15.299900000000001","0.4172","16.534200000000002","1.9713","False","18.1772","15.5373","18.1939","6.7127","22.012600000000003","8","1","1","False","0"
"40272","1519274510896","1844005779924","1844005952167","17.45","17.2243","0.2257","16.565","1.0621","False","12.1011","17.6415","18.1772","7.2484","24.4727","8","1","1","False","0"
"40272","1519274510896","1844005954424","1844006115069","16.278000000000002","16.064500000000002","0.21350000000000002","16.2637","1.0681","False","18.1765","16.290200000000002","12.1011","3.0593000000000004","19.1238","8","1","1","False","0"
"40272","1519274510896","1844006117204","1844006292545","17.780500000000004","17.534100000000002","0.2464","17.529500000000002","1.3467","False","18.1953","17.747600000000002","18.1765","3.4882","21.0223","8","1","1","False","0"
"40272","1519274510896","1844006295009","1844006462536","16.982300000000002","16.7527","0.2296","17.274800000000003","1.1051","False","18.1693","16.999100000000002","18.1953","4.6844","21.4371","8","1","1","False","0"
"40272","1519274510896","1844006464832","1844006664358","20.13","19.9526","0.1774","20.1417","1.091","False","18.175700000000003","20.1822","18.1693","2.6715","22.624100000000002","8","1","1","False","0"
"40272","1519274510896","1844006666132","1844006816502","15.276100000000001","15.037","0.2391","15.882700000000002","1.7317","False","18.2028","15.214400000000001","18.175700000000003","5.6328000000000005","20.669800000000002","8","1","1","False","0"
"40272","1519274510896","1844006818893","1844006995965","17.912","17.7072","0.2048","17.9851","1.7741","False","18.1816","17.9463","18.2028","5.8893","23.596500000000002","8","1","1","False","0"
"40272","1519274510896","1844006998013","1844007176686","18.0636","17.8673","0.1963","18.1701","1.8749","False","18.184","18.072100000000002","18.1816","5.9988","23.8661","8","1","1","False","0"
"40272","1519274510896","1844007178649","1844007369161","19.18","19.0512","0.1288","18.598200000000002","1.2703","False","18.189500000000002","19.247500000000002","18.184","4.9353","23.9865","8","1","1","False","0"
"40272","1519274510896","1844007370449","1844007548613","17.9507","17.8164","0.1343","17.8304","1.1597","False","12.0784","17.9452","18.189500000000002","5.179600000000001","22.996000000000002","8","1","1","False","0"
"40272","1519274510896","1844007549956","1844007700122","15.2532","15.0166","0.2366","15.6325","1.588","False","24.2801","15.1509","12.0784","2.1071","17.1237","8","1","1","False","0"
"40272","1519274510896","1844007702488","1844007910742","21.005200000000002","20.825400000000002","0.17980000000000002","21.2085","1.7499","False","18.1829","21.062","24.2801","5.325200000000001","26.1506","8","1","1","False","0"
"40272","1519274510896","1844007912540","1844008071632","16.070800000000002","15.9092","0.16160000000000002","15.817400000000001","1.4956","False","12.0839","16.089000000000002","18.1829","7.4191","23.328300000000002","8","1","1","False","0"
"40272","1519274510896","1844008073248","1844008233564","16.2449","16.0316","0.21330000000000002","16.2146","1.491","False","24.282400000000003","16.1932","12.0839","3.3098","19.3414","8","1","1","False","0"
"40272","1519274510896","1844008235697","1844008432903","19.911","19.7206","0.1904","20.0206","1.5914000000000001","False","12.1262","19.9339","24.282400000000003","7.6583000000000006","27.3789","8","1","1","False","0"
"40272","1519274510896","1844008434807","1844008580126","14.7326","14.5319","0.20070000000000002","14.459000000000001","1.7643","False","18.1543","14.7223","12.1262","5.0622","19.5941","8","1","1","False","0"
"40272","1519274510896","1844008582133","1844008776029","19.566200000000002","19.3896","0.1766","19.8981","1.6499000000000001","False","30.3256","19.590300000000003","18.1543","3.6262000000000003","23.015800000000002","8","1","1","False","0"
"40272","1519274510896","1844008777795","1844009040555","26.515","26.276","0.23900000000000002","26.4163","2.1486","False","18.171","26.4526","30.3256","7.4992","33.7752","8","1","1","False","0"
"40272","1519274510896","1844009042945","1844009254325","21.2891","21.138","0.1511","22.2472","2.4815","False","24.233600000000003","21.377000000000002","18.171","4.293200000000001","25.4312","8","1","1","False","0"
"40272","1519274510896","1844009255836","1844009500008","24.5925","24.4172","0.1753","23.968400000000003","1.8715000000000002","False","18.1723","24.5683","24.233600000000003","3.9585000000000004","28.375700000000002","8","1","1","False","0"
"40272","1519274510896","1844009501761","1844009682089","18.159200000000002","18.0328","0.1264","19.3409","3.0354","False","18.1741","18.2081","18.1723","3.9227000000000003","21.9555","8","1","1","False","0"
"40272","1519274510896","1844009683353","1844009860522","17.8516","17.716900000000003","0.13470000000000001","17.6092","2.7879","False","18.1917","17.8433","18.1741","4.2535","21.9704","8","1","1","False","0"
"40272","1519274510896","1844009861869","1844010031846","17.1259","16.997700000000002","0.1282","17.701900000000002","3.3696","False","24.2485","17.1324","18.1917","5.3128","22.3105","8","1","1","False","0"
"40272","1519274510896","1844010033128","1844010251951","22.017","21.8823","0.13470000000000001","22.851300000000002","4.2088","False","12.114500000000001","22.0105","24.2485","7.550800000000001","29.433100000000003","8","1","1","False","0"
"40272","1519274510896","1844010253298","1844010421320","16.9504","16.8022","0.1482","14.1403","1.3909","False","18.203200000000002","16.9369","12.114500000000001","2.7284","19.5306","8","1","1","False","0"
"40272","1519274510896","1844010422802","1844010571523","15.040000000000001","14.872100000000001","0.16790000000000002","15.236600000000001","1.6173000000000002","False","12.084000000000001","15.0203","18.203200000000002","5.911300000000001","20.7834","8","1","1","False","0"
"40272","1519274510896","1844010573202","1844010708275","13.6432","13.5073","0.1359","13.0988","1.0618","False","18.2122","13.6752","12.084000000000001","4.3201","17.8274","8","1","1","False","0"
"40272","1519274510896","1844010709634","1844010882889","17.457","17.3255","0.1315","18.992","2.5806","False","18.1764","17.4614","18.2122","5.0709","22.3964","8","1","1","False","0"
"40272","1519274510896","1844010884204","1844011063011","18.0328","17.8807","0.1521","18.075400000000002","2.6258","False","12.1553","18.0122","18.1764","5.2351","23.1158","8","1","1","False","0"
"40272","1519274510896","1844011064532","1844011204948","14.1677","14.0416","0.12610000000000002","12.714500000000001","1.1713","False","24.2197","14.193700000000002","12.1553","3.1967000000000003","17.238300000000002","8","1","1","False","0"
"40272","1519274510896","1844011206209","1844011411634","20.6896","20.5425","0.1471","22.547600000000003","3.0397000000000003","False","12.103100000000001","20.6686","24.2197","6.747800000000001","27.290300000000002","8","1","1","False","0"
"40272","1519274510896","1844011413105","1844011557146","14.4951","14.404100000000001","0.091","12.336","1.1436","False","18.2051","14.551200000000001","12.103100000000001","4.2997000000000005","18.7038","8","1","1","False","0"
"40272","1519274510896","1844011558056","1844011735499","17.890400000000003","17.744300000000003","0.1461","18.2159","1.1903000000000001","False","18.155900000000003","17.8353","18.2051","4.6695","22.413800000000002","8","1","1","False","0"
"40272","1519274510896","1844011736960","1844011932493","19.7106","19.5533","0.1573","20.3005","1.8062","False","18.2075","19.6994","18.155900000000003","3.1260000000000003","22.6793","8","1","1","False","0"
"40272","1519274510896","1844011934066","1844012087149","15.495000000000001","15.308300000000001","0.1867","15.017000000000001","1.3499","False","12.090200000000001","15.4656","18.2075","5.867900000000001","21.1762","8","1","1","False","0"
"40272","1519274510896","1844012089016","1844012232094","14.4452","14.3078","0.1374","14.488900000000001","1.3572","False","18.1756","14.4945","12.090200000000001","3.4636","17.7714","8","1","1","False","0"
"40272","1519274510896","1844012233468","1844012408514","17.6523","17.5046","0.1477","18.064","1.762","False","18.2193","17.642","18.1756","3.9972000000000003","21.5018","8","1","1","False","0"
"40272","1519274510896","1844012409991","1844012596335","18.776899999999998","18.6344","0.14250000000000002","18.796400000000002","1.7887000000000002","False","24.244200000000003","18.7821","18.2193","3.4344","22.0688","8","1","1","False","0"
"40272","1519274510896","1844012597760","1844012807905","21.174500000000002","21.0145","0.16","21.2724","1.8969","False","18.1676","21.157","24.244200000000003","6.5216","27.5361","8","1","1","False","0"
"40272","1519274510896","1844012809505","1844012987192","17.931300000000004","17.768700000000003","0.1626","17.946","1.9139000000000002","False","30.3087","17.9287","18.1676","6.7605","24.5292","8","1","1","False","0"
"40272","1519274510896","1844012988818","1844013303570","31.6967","31.4752","0.2215","32.22","2.4658","False","18.1832","31.637800000000002","30.3087","5.4314","36.906600000000005","8","1","1","False","0"
"40272","1519274510896","1844013305785","1844013489461","18.502","18.3676","0.13440000000000002","17.8429","1.7682","False","18.157","18.589100000000002","18.1832","5.0255","23.3931","8","1","1","False","0"
"40272","1519274510896","1844013490805","1844013700240","21.1435","20.9435","0.2","20.6001","1.2448000000000001","False","18.180500000000002","21.0779","18.157","2.1046","23.0481","8","1","1","False","0"
"40272","1519274510896","1844013702240","1844013882025","18.2304","17.9785","0.2519","18.528000000000002","1.5651000000000002","False","18.1981","18.1785","18.180500000000002","2.1066000000000003","20.0851","8","1","1","False","0"
"40272","1519274510896","1844013884544","1844014057650","17.4522","17.3106","0.1416","16.9337","0.9946","False","24.263","17.5625","18.1981","2.7422","20.0528","8","1","1","False","0"
"40272","1519274510896","1844014059066","1844014246792","18.938000000000002","18.7726","0.16540000000000002","22.2318","4.3078","False","12.1033","18.9142","24.263","8.091000000000001","26.8636","8","1","1","False","0"
"40272","1519274510896","1844014248446","1844014423428","17.6053","17.4982","0.1071","14.260900000000001","1.2327000000000001","False","18.1906","17.663600000000002","12.1033","2.5307","20.0289","8","1","1","False","0"
"40272","1519274510896","1844014424499","1844014556916","13.4238","13.2417","0.1821","14.068900000000003","1.6048","False","18.1655","13.3488","18.1906","7.3725000000000005","20.6142","8","1","1","False","0"
"40272","1519274510896","1844014558737","1844014780882","22.3889","22.2145","0.1744","22.3172","1.5403","False","12.149000000000001","22.3966","18.1655","3.1414","25.355900000000002","8","1","1","False","0"
"40272","1519274510896","1844014782626","1844014902068","12.1031","11.9442","0.1589","12.0672","1.5027000000000001","False","18.1412","12.1186","12.149000000000001","3.1718","15.116000000000001","8","1","1","False","0"
"40272","1519274510896","1844014903657","1844015091347","18.951600000000003","18.769000000000002","0.1826","19.4103","1.9400000000000002","False","24.2709","18.9279","18.1412","2.3851","21.1541","8","1","1","False","0"
"40272","1519274510896","1844015093173","1844015292131","20.0759","19.8958","0.1801","20.159200000000002","2.0523000000000002","False","12.1006","20.078400000000002","24.2709","6.5776","26.4734","8","1","1","False","0"
"40272","1519274510896","1844015293932","1844015431134","13.878","13.7202","0.1578","13.0814","1.2491","False","18.1962","13.900300000000001","12.1006","4.7779","18.4981","8","1","1","False","0"
"40272","1519274510896","1844015432712","1844015617410","18.6032","18.4698","0.13340000000000002","18.3972","1.0248000000000002","False","12.0906","18.6276","18.1962","4.3465","22.816300000000002","8","1","1","False","0"
"40272","1519274510896","1844015618744","1844015766804","14.9867","14.806000000000001","0.1807","15.135200000000001","1.1880000000000002","False","18.1905","14.939400000000001","12.0906","1.4977","16.3037","8","1","1","False","0"
"40272","1519274510896","1844015768611","1844015903782","13.707300000000002","13.517100000000001","0.1902","14.915000000000001","2.4076","False","18.2164","13.6978","18.1905","5.9904","19.5075","8","1","1","False","0"
"40272","1519274510896","1844015905684","1844016087007","18.337600000000002","18.1323","0.2053","17.8728","1.9644000000000001","False","12.077300000000001","18.3225","18.2164","5.8843000000000005","24.0166","8","1","1","False","0"
"40272","1519274510896","1844016089060","1844016238401","15.166","14.9341","0.23190000000000002","14.5647","1.3774","False","24.261000000000003","15.1394","12.077300000000001","2.8222","17.7563","8","1","1","False","0"
"40272","1519274510896","1844016240720","1844016452232","21.299799999999998","21.1512","0.1486","23.385","3.7383","False","12.1765","21.383100000000002","24.261000000000003","5.7001","26.851300000000002","8","1","1","False","0"
"40272","1519274510896","1844016453718","1844016579531","12.728900000000001","12.5813","0.1476","10.844700000000001","1.5219","False","18.1169","12.7299","12.1765","5.1467","17.728","8","1","1","False","0"
"40272","1519274510896","1844016581007","1844016775291","19.570899999999998","19.4284","0.14250000000000002","19.6298","1.578","False","18.2131","19.576","18.1169","3.6876","23.116","8","1","1","False","0"
"40272","1519274510896","1844016776716","1844016937804","16.306800000000003","16.108800000000002","0.198","16.9766","2.2678000000000003","False","18.1847","16.2513","18.2131","5.6494","21.758200000000002","8","1","1","False","0"
"40272","1519274510896","1844016939784","1844017102435","16.4355","16.2651","0.1704","15.4036","1.2333","False","12.0782","16.4631","18.1847","7.371","23.636100000000003","8","1","1","False","0"
"40272","1519274510896","1844017104139","1844017282328","17.9828","17.8189","0.16390000000000002","17.962300000000003","1.2087","False","18.197200000000002","17.9893","12.0782","1.4599","19.2788","8","1","1","False","0"
"40272","1519274510896","1844017283967","1844017425147","14.2902","14.118","0.17220000000000002","15.2492","2.1762","False","18.1959","14.2819","18.197200000000002","5.3752","19.4932","8","1","1","False","0"
"40272","1519274510896","1844017426869","1844017600872","17.6096","17.4003","0.2093","18.005200000000002","2.5776000000000003","False","18.1808","17.5725","18.1959","5.998600000000001","23.3989","8","1","1","False","0"
"40272","1519274510896","1844017602965","1844017776473","17.5358","17.3508","0.185","17.4479","2.4901","False","18.1954","17.560100000000002","18.1808","6.6193","23.970100000000002","8","1","1","False","0"
"40272","1519274510896","1844017778323","1844017950692","17.410700000000002","17.236900000000002","0.1738","16.5805","1.6463","False","18.198600000000003","17.4219","18.1954","7.3928","24.6297","8","1","1","False","0"
"40272","1519274510896","1844017952430","1844018134050","18.3197","18.162000000000003","0.1577","18.2441","1.5675000000000001","False","12.0959","18.335800000000003","18.198600000000003","7.2556","25.4176","8","1","1","False","0"
"40272","1519274510896","1844018135627","1844018278853","14.468900000000001","14.322600000000001","0.1463","14.5503","1.6332","False","12.084000000000001","14.480300000000002","12.0959","4.8712","19.1938","8","1","1","False","0"
"40272","1519274510896","1844018280316","1844018429151","15.048200000000001","14.883500000000002","0.1647","14.7233","1.3257","False","24.283800000000003","15.029800000000002","12.084000000000001","1.9254","16.8089","8","1","1","False","0"
"40272","1519274510896","1844018430798","1844018616974","18.7857","18.6176","0.1681","19.2039","1.7456","False","12.0935","18.7823","24.283800000000003","7.426900000000001","26.044500000000003","8","1","1","False","0"
"40272","1519274510896","1844018618655","1844018771265","15.38","15.261000000000001","0.11900000000000001","14.6362","1.2849000000000002","False","18.1826","15.4291","12.0935","4.0913","19.3523","8","1","1","False","0"
"40272","1519274510896","1844018772455","1844018958728","18.8198","18.6273","0.1925","19.758100000000002","1.9495","False","18.2056","18.7463","18.1826","3.5276","22.1549","8","1","1","False","0"
"40272","1519274510896","1844018960653","1844019102318","14.3564","14.166500000000001","0.1899","14.205200000000001","1.7917","False","12.0921","14.359","18.2056","7.3742","21.5407","8","1","1","False","0"
"40272","1519274510896","1844019104217","1844019257739","15.506100000000002","15.352200000000002","0.1539","15.0038","1.2850000000000001","False","18.1967","15.542100000000001","12.0921","3.9242000000000004","19.276400000000002","8","1","1","False","0"
"40272","1519274510896","1844019259278","1844019401780","14.432300000000001","14.250200000000001","0.1821","14.834600000000002","1.6917","False","18.1932","14.404100000000001","18.1967","7.7168","21.967000000000002","8","1","1","False","0"
"40272","1519274510896","1844019403601","1844019602597","20.083","19.8996","0.1834","20.615000000000002","2.2199","False","12.1472","20.0817","18.1932","5.8283000000000005","25.7279","8","1","1","False","0"
"40272","1519274510896","1844019604431","1844019754371","15.160700000000002","14.994000000000002","0.16670000000000001","14.256899999999998","1.3281","False","24.230900000000002","15.1774","12.1472","2.7981000000000003","17.7921","8","1","1","False","0"
"40272","1519274510896","1844019756038","1844019951907","19.7484","19.5869","0.1615","20.9597","2.5239000000000003","False","12.0851","19.753600000000002","24.230900000000002","7.2754","26.8623","8","1","1","False","0"
"40272","1519274510896","1844019953522","1844020098444","14.6373","14.4922","0.1451","13.2971","1.1687","False","24.2569","14.6537","12.0851","4.7068","19.199","8","1","1","False","0"
"40272","1519274510896","1844020099895","1844020347045","24.8789","24.715","0.16390000000000002","25.309","1.6121","False","18.1915","24.860100000000003","24.2569","4.1036","28.8186","8","1","1","False","0"
"40272","1519274510896","1844020348684","1844020515442","16.839800000000004","16.675800000000002","0.164","16.8078","1.5828","False","18.1726","16.8397","18.1915","5.4554","22.1312","8","1","1","False","0"
"40272","1519274510896","1844020517082","1844020691660","17.616600000000002","17.457800000000002","0.1588","18.2791","2.2445","False","12.1034","17.6218","18.1726","6.006200000000001","23.464000000000002","8","1","1","False","0"
"40272","1519274510896","1844020693248","1844020825770","13.3782","13.2522","0.126","12.4216","1.2716","False","30.299500000000002","13.411000000000001","12.1034","4.6986","17.9508","8","1","1","False","0"
"40272","1519274510896","1844020827030","1844021152892","32.756899999999995","32.5862","0.17070000000000002","33.5047","2.0311","False","18.206500000000002","32.7122","30.299500000000002","2.2859000000000003","34.8721","8","1","1","False","0"
"40272","1519274510896","1844021154599","1844021325189","17.1675","17.059","0.1085","16.1305","1.3134000000000001","False","24.2341","17.2297","18.206500000000002","3.2627","20.3217","8","1","1","False","0"
"40272","1519274510896","1844021326274","1844021541284","21.7022","21.501","0.20120000000000002","24.1977","3.5176000000000003","False","18.191100000000002","21.6095","24.2341","5.887300000000001","27.3883","8","1","1","False","0"
"40272","1519274510896","1844021543296","1844021741008","19.9163","19.7712","0.1451","17.620900000000002","1.1953","False","18.200200000000002","19.9724","18.191100000000002","4.106","23.877200000000002","8","1","1","False","0"
"40272","1519274510896","1844021742459","1844021915736","17.4793","17.3277","0.1516","17.5378","1.2521","False","18.144000000000002","17.4728","18.200200000000002","4.8334","22.1611","8","1","1","False","0"
"40272","1519274510896","1844021917252","1844022112383","19.7082","19.5131","0.1951","20.064400000000003","1.6356000000000002","False","18.178","19.6647","18.144000000000002","3.3127","22.8258","8","1","1","False","0"
"40272","1519274510896","1844022114334","1844022302291","18.9294","18.7957","0.1337","18.6756","1.3458","False","24.277900000000002","18.9908","18.178","2.4999000000000002","21.2956","8","1","1","False","0"
"40272","1519274510896","1844022303628","1844022499805","19.7726","19.6177","0.1549","21.061700000000002","2.6408","False","18.1649","19.7514","24.277900000000002","7.026400000000001","26.6441","8","1","1","False","0"
"40272","1519274510896","1844022501354","1844022699956","19.9902","19.860200000000003","0.13","18.890700000000002","1.5361","False","12.1159","20.0151","18.1649","5.176200000000001","25.0364","8","1","1","False","0"
"40272","1519274510896","1844022701256","1844022834937","13.4965","13.3681","0.12840000000000001","13.350800000000001","1.3915","False","24.248900000000003","13.4981","12.1159","3.794","17.162100000000002","8","1","1","False","0"
"40272","1519274510896","1844022836221","1844023038264","20.372","20.2043","0.16770000000000002","23.3126","4.3399","False","12.1203","20.332700000000003","24.248900000000003","7.7102","27.9145","8","1","1","False","0"
"40272","1519274510896","1844023039941","1844023194908","15.632000000000001","15.4967","0.1353","12.6021","1.3009000000000002","False","12.1142","15.6644","12.1203","4.1661","19.6628","8","1","1","False","0"
"40272","1519274510896","1844023196261","1844023327355","13.2551","13.1094","0.1457","13.284600000000001","1.3442","False","18.2015","13.2447","12.1142","3.0356","16.145","8","1","1","False","0"
"40272","1519274510896","1844023328812","1844023494049","16.647000000000002","16.5237","0.1233","16.639400000000002","1.3192000000000002","False","12.094800000000001","16.6694","18.2015","4.5677","21.0914","8","1","1","False","0"
"40272","1519274510896","1844023495282","1844023633490","13.9641","13.8208","0.1433","13.8665","1.2339","False","18.2197","13.9441","12.094800000000001","2.7184","16.5392","8","1","1","False","0"
"40272","1519274510896","1844023634923","1844023778744","14.560100000000002","14.382100000000001","0.17800000000000002","15.224400000000001","1.9036000000000002","False","12.097900000000001","14.525400000000001","18.2197","6.4127","20.794800000000002","8","1","1","False","0"
"40272","1519274510896","1844023780524","1844023930260","15.086200000000002","14.973600000000001","0.1126","14.5974","1.6866","False","18.1611","15.1516","12.097900000000001","3.359","18.3326","8","1","1","False","0"
"40272","1519274510896","1844023931386","1844024122893","19.2894","19.1507","0.13870000000000002","19.5728","1.6843000000000001","False","18.1825","19.2633","18.1611","2.2568","21.407500000000002","8","1","1","False","0"
"40272","1519274510896","1844024124280","1844024276462","15.395000000000001","15.218200000000001","0.1768","15.440800000000001","1.744","False","30.3271","15.356900000000001","18.1825","5.0824","20.3006","8","1","1","False","0"
"40272","1519274510896","1844024278230","1844024569918","29.374000000000002","29.1688","0.20520000000000002","30.3765","2.7727","False","18.1799","29.3456","30.3271","6.0639","35.2327","8","1","1","False","0"
"40272","1519274510896","1844024571970","1844024771545","20.1462","19.9575","0.1887","18.6873","1.3311000000000002","False","18.1812","20.1627","18.1799","4.0811","24.038600000000002","8","1","1","False","0"
"40272","1519274510896","1844024773432","1844024928862","15.699200000000001","15.543000000000001","0.1562","16.913800000000002","2.4925","False","12.100900000000001","15.7317","18.1812","6.530600000000001","22.073600000000003","8","1","1","False","0"
"40272","1519274510896","1844024930424","1844025091247","16.248","16.0823","0.16570000000000001","15.107700000000001","1.3659000000000001","False","18.1855","16.238500000000002","12.100900000000001","2.3930000000000002","18.4753","8","1","1","False","0"
"40272","1519274510896","1844025092904","1844025268873","17.7391","17.5969","0.1422","17.6952","1.3095","False","18.2179","17.762600000000003","18.1855","2.8159","20.4128","8","1","1","False","0"
"40272","1519274510896","1844025270295","1844025428381","15.9326","15.8086","0.124","16.1793","1.5455","False","12.073400000000001","15.950800000000001","18.2179","5.083","20.8916","8","1","1","False","0"
"40272","1519274510896","1844025429621","1844025575777","14.786200000000001","14.6156","0.1706","14.941099999999999","1.7229","False","18.2312","14.739600000000001","12.073400000000001","2.4168000000000003","17.0324","8","1","1","False","0"
"40272","1519274510896","1844025577483","1844025712084","13.620800000000001","13.4601","0.1607","13.5668","1.6679000000000002","False","12.1006","13.630700000000001","18.2312","7.0173000000000005","20.4774","8","1","1","False","0"
"40272","1519274510896","1844025713691","1844025863670","15.131200000000002","14.997900000000001","0.1333","14.8625","1.3877000000000002","False","18.203300000000002","15.1586","12.1006","3.9593000000000003","18.9572","8","1","1","False","0"
"40272","1519274510896","1844025865003","1844026010189","14.7078","14.518600000000001","0.1892","14.8251","1.5313","False","30.294","14.651900000000001","18.203300000000002","7.5107","22.029300000000003","8","1","1","False","0"
"40272","1519274510896","1844026012081","1844026319746","30.9416","30.7665","0.1751","32.2962","2.8673","False","12.0999","30.9557","30.294","6.849","37.615500000000004","8","1","1","False","0"
"40272","1519274510896","1844026321497","1844026469029","14.865200000000002","14.753200000000001","0.112","13.555100000000001","1.8253000000000001","False","12.101700000000001","14.9283","12.0999","4.0206","18.7738","8","1","1","False","0"
"40272","1519274510896","1844026470149","1844026606800","13.8366","13.6651","0.1715","13.768400000000002","1.4787000000000001","False","18.2088","13.7771","12.101700000000001","2.3452","16.0103","8","1","1","False","0"
"40272","1519274510896","1844026608515","1844026767539","16.036","15.9024","0.1336","16.4587","1.8997000000000002","False","18.187","16.073900000000002","18.2088","4.4801","20.3825","8","1","1","False","0"
"40272","1519274510896","1844026768875","1844026929831","16.2798","16.0956","0.1842","17.055","2.7","False","12.111","16.229200000000002","18.187","6.4379","22.5335","8","1","1","False","0"
"40272","1519274510896","1844026931673","1844027075725","14.547500000000001","14.4052","0.1423","13.2635","1.3978000000000002","False","18.1995","14.589400000000001","12.111","3.9595000000000002","18.3647","8","1","1","False","0"
"40272","1519274510896","1844027077148","1844027222494","14.688","14.534600000000001","0.1534","14.6842","1.3963","False","12.1102","14.6769","18.1995","7.4821","22.0167","8","1","1","False","0"
"40272","1519274510896","1844027224028","1844027363476","14.119100000000001","13.9448","0.1743","15.1895","2.4838","False","12.085500000000001","14.0982","12.1102","5.4941","19.4389","8","1","1","False","0"
"40272","1519274510896","1844027365219","1844027519865","15.615300000000001","15.4646","0.1507","14.8971","1.7455","False","18.2077","15.638900000000001","12.085500000000001","1.9407","17.4053","8","1","1","False","0"
"40272","1519274510896","1844027521372","1844027663777","14.4252","14.2405","0.1847","16.416700000000002","3.7459000000000002","False","12.1196","14.391200000000001","18.2077","5.7572","19.997700000000002","8","1","1","False","0"
"40272","1519274510896","1844027665624","1844027808333","14.407100000000002","14.270900000000001","0.13620000000000002","12.073400000000001","1.4045","False","12.1219","14.4556","12.1196","3.4212000000000002","17.6921","8","1","1","False","0"
"40272","1519274510896","1844027809695","1844027933039","12.4757","12.3344","0.1413","12.8102","1.7368000000000001","False","18.169800000000002","12.470600000000001","12.1219","3.0725000000000002","15.4069","8","1","1","False","0"
"40272","1519274510896","1844027934452","1844028095764","16.2675","16.1312","0.1363","16.5521","2.0238","False","18.194200000000002","16.2725","18.169800000000002","4.9698","21.101000000000003","8","1","1","False","0"
"40272","1519274510896","1844028097127","1844028247728","15.1948","15.0601","0.13470000000000001","18.1231","5.2516","False","12.1126","15.1964","18.194200000000002","7.9676","23.0277","8","1","1","False","0"
"40272","1519274510896","1844028249075","1844028397506","14.983100000000002","14.843100000000002","0.14","11.7504","1.7085000000000001","False","12.1213","14.9778","12.1126","5.1024","19.945500000000003","8","1","1","False","0"
"40272","1519274510896","1844028398906","1844028538534","14.1056","13.962800000000001","0.1428","13.9452","1.5635000000000001","False","18.198","14.1028","12.1213","3.1209000000000002","17.0837","8","1","1","False","0"
"40272","1519274510896","1844028539962","1844028680974","14.259500000000001","14.1012","0.1583","15.6155","2.9210000000000003","False","12.1712","14.244000000000002","18.198","7.0749","21.1761","8","1","1","False","0"
"40272","1519274510896","1844028682557","1844028833874","15.2811","15.1317","0.1494","13.7832","1.409","False","18.136","15.290000000000001","12.1712","3.9561","19.0878","8","1","1","False","0"
"40272","1519274510896","1844028835368","1844028982870","14.9144","14.750200000000001","0.1642","16.701700000000002","3.2142","False","12.0951","14.899600000000001","18.136","7.192500000000001","21.942700000000002","8","1","1","False","0"
"40272","1519274510896","1844028984512","1844029130829","14.7706","14.6317","0.1389","12.9741","1.4015","False","18.2056","14.795900000000001","12.0951","4.4917","19.1234","8","1","1","False","0"
"40272","1519274510896","1844029132218","1844029306487","17.5489","17.4269","0.12200000000000001","18.499499999999998","2.3452","False","12.1281","17.5658","18.2056","5.1315","22.558400000000002","8","1","1","False","0"
"40272","1519274510896","1844029307707","1844029433969","12.7712","12.6262","0.14500000000000002","11.843200000000001","1.4223000000000001","False","18.1783","12.7482","12.1281","4.5114","17.1376","8","1","1","False","0"
"40272","1519274510896","1844029435419","1844029582554","14.8785","14.713500000000002","0.165","15.717600000000001","2.2764","False","12.084800000000001","14.858500000000001","18.1783","7.8312","22.544700000000002","8","1","1","False","0"
"40272","1519274510896","1844029584204","1844029746691","16.3863","16.2487","0.1376","15.526299999999999","1.4089","False","18.2196","16.413700000000002","12.084800000000001","3.5023","19.751","8","1","1","False","0"
"40272","1519274510896","1844029748067","1844029888260","14.179300000000001","14.019300000000001","0.16","14.726500000000001","1.9597","False","12.097800000000001","14.1569","18.2196","7.565","21.584300000000002","8","1","1","False","0"
"40272","1519274510896","1844029889860","1844030040682","15.186","15.0822","0.1038","16.930400000000002","3.9664","False","18.209600000000002","15.2422","12.097800000000001","4.4206","19.5028","8","1","1","False","0"
"40272","1519274510896","1844030041720","1844030189633","14.975100000000001","14.791300000000001","0.18380000000000002","13.567499999999999","2.2945","False","12.0805","14.895100000000001","18.209600000000002","7.7351","22.526400000000002","8","1","1","False","0"
"40272","1519274510896","1844030191471","1844030349289","15.917100000000001","15.7818","0.1353","14.9578","1.3358","False","18.2316","15.9656","12.0805","3.85","19.631800000000002","8","1","1","False","0"
"40272","1519274510896","1844030350642","1844030492133","14.3122","14.1491","0.1631","15.265500000000001","2.2939000000000003","False","12.0759","14.284400000000002","18.2316","7.7972","21.9463","8","1","1","False","0"
"40272","1519274510896","1844030493764","1844030640412","14.794900000000002","14.664800000000001","0.1301","16.351200000000002","3.8359","False","12.121400000000001","14.827900000000001","12.0759","5.0452","19.71","8","1","1","False","0"
"40272","1519274510896","1844030641713","1844030784597","14.449300000000001","14.288400000000001","0.16090000000000002","12.273900000000001","1.6678000000000002","False","18.1878","14.4185","12.121400000000001","2.7481","17.0365","8","1","1","False","0"
"40272","1519274510896","1844030786206","1844030942276","15.749600000000001","15.607000000000001","0.1426","16.4345","2.3546","False","12.127600000000001","15.767900000000001","18.1878","5.168","20.775000000000002","8","1","1","False","0"
"40272","1519274510896","1844030943702","1844031083097","14.0816","13.9395","0.1421","13.416300000000003","1.6886","False","12.1119","14.0821","12.127600000000001","3.2135000000000002","17.153000000000002","8","1","1","False","0"
"40272","1519274510896","1844031084518","1844031217429","13.4413","13.2911","0.1502","13.1446","1.3933","False","18.1966","13.433200000000001","12.1119","1.8922","15.183300000000001","8","1","1","False","0"
"40272","1519274510896","1844031218931","1844031361347","14.4344","14.2416","0.1928","15.085500000000003","2.0498000000000003","False","12.1027","14.3918","18.1966","5.697","19.9386","8","1","1","False","0"
"40272","1519274510896","1844031363275","1844031514669","15.2742","15.1394","0.1348","14.9892","1.7485000000000002","False","18.198800000000002","15.3322","12.1027","2.4675000000000002","17.6069","8","1","1","False","0"
"40272","1519274510896","1844031516017","1844031663751","14.9503","14.7734","0.1769","16.95","3.77","False","12.1013","14.9082","18.198800000000002","5.758100000000001","20.5315","8","1","1","False","0"
"40272","1519274510896","1844031665520","1844031823186","15.8818","15.7666","0.11520000000000001","13.427900000000001","1.6119","False","18.2103","15.9435","12.1013","1.9159000000000002","17.6825","8","1","1","False","0"
"40272","1519274510896","1844031824338","1844031947293","12.4703","12.2955","0.1748","14.3556","3.1929000000000003","False","12.1288","12.4107","18.2103","7.7155000000000005","20.011","8","1","1","False","0"
"40272","1519274510896","1844031949041","1844032093271","14.5603","14.423","0.1373","13.201","1.8309000000000002","False","12.1172","14.597800000000001","12.1288","5.2465","19.6695","8","1","1","False","0"
"40272","1519274510896","1844032094644","1844032228495","13.532700000000002","13.385100000000001","0.1476","13.1392","1.4381000000000002","False","12.094100000000001","13.522400000000001","12.1172","3.8413000000000004","17.2264","8","1","1","False","0"
"40272","1519274510896","1844032229971","1844032357185","12.8536","12.721400000000001","0.1322","13.160400000000001","1.7356","False","12.1218","12.869","12.094100000000001","3.0664000000000002","15.7878","8","1","1","False","0"
"40272","1519274510896","1844032358507","1844032489890","13.279200000000001","13.138300000000001","0.1409","12.9295","1.3867","False","18.1732","13.2705","12.1218","1.9177000000000002","15.056000000000001","8","1","1","False","0"
"40272","1519274510896","1844032491299","1844032641142","15.1302","14.984300000000001","0.1459","18.418","4.6665","False","12.1287","15.125200000000001","18.1732","4.9657","19.95","8","1","1","False","0"
"40272","1519274510896","1844032642601","1844032790175","14.9006","14.7574","0.1432","11.6934","1.4731","False","18.1898","14.903300000000002","12.1287","2.1911","16.9485","8","1","1","False","0"
"40272","1519274510896","1844032791607","1844032936445","14.6546","14.4838","0.1708","15.428700000000001","2.2583","False","18.2085","14.627","18.1898","5.753900000000001","20.2377","8","1","1","False","0"
"40272","1519274510896","1844032938153","1844033102619","16.5943","16.4466","0.1477","16.0344","1.6824000000000001","False","12.1279","16.6174","18.2085","7.345000000000001","23.791600000000003","8","1","1","False","0"
"40272","1519274510896","1844033104096","1844033220324","11.834","11.6228","0.2112","11.6021","1.5016","False","12.1019","11.7705","12.1279","7.702400000000001","19.325200000000002","8","1","1","False","0"
"40272","1519274510896","1844033222436","1844033370046","14.892900000000001","14.761000000000001","0.13190000000000002","14.7127","1.2705","False","12.1159","14.9722","12.1019","4.8321000000000005","19.5931","8","1","1","False","0"
"40272","1519274510896","1844033371365","1844033516225","14.595400000000001","14.486","0.10940000000000001","14.754700000000001","1.711","False","18.1909","14.6179","12.1159","2.3301000000000003","16.816100000000002","8","1","1","False","0"
"40272","1519274510896","1844033517319","1844033648973","13.3217","13.1654","0.1563","15.8168","3.9332000000000003","False","12.1256","13.2748","18.1909","7.2462","20.4116","8","1","1","False","0"
"40272","1519274510896","1844033650536","1844033793337","14.405500000000002","14.280100000000001","0.1254","12.004900000000001","1.5181","False","12.1083","14.4364","12.1256","4.9354000000000005","19.215500000000002","8","1","1","False","0"
"40272","1519274510896","1844033794591","1844033926352","13.3348","13.1761","0.1587","13.254900000000001","1.4503000000000001","False","18.207","13.3015","12.1083","3.7422","16.918300000000002","8","1","1","False","0"
"40272","1519274510896","1844033927939","1844034071474","14.5053","14.3535","0.15180000000000002","14.9321","1.8811","False","12.1014","14.5122","18.207","7.437","21.7905","8","1","1","False","0"
"40272","1519274510896","1844034072992","1844034204862","13.363100000000001","13.187000000000001","0.1761","14.0664","2.5928","False","12.0837","13.3388","12.1014","6.1996","19.3866","8","1","1","False","0"
"40272","1519274510896","1844034206623","1844034363184","15.8208","15.6561","0.1647","14.9923","1.7692","False","18.2252","15.8322","12.0837","2.4511000000000003","18.107200000000002","8","1","1","False","0"
"40272","1519274510896","1844034364831","1844034507340","14.426700000000002","14.250900000000001","0.1758","15.1615","2.4903","False","12.0995","14.415600000000001","18.2252","6.2607","20.5116","8","1","1","False","0"
"40272","1519274510896","1844034509098","1844034648846","14.1114","13.9748","0.1366","14.7436","3.1102000000000003","False","12.1178","14.1506","12.0995","4.2096","18.1844","8","1","1","False","0"
"40272","1519274510896","1844034650212","1844034788646","13.978100000000001","13.8434","0.13470000000000001","12.3787","1.5130000000000001","False","24.2467","13.98","12.1178","2.3474","16.1908","8","1","1","False","0"
"40272","1519274510896","1844034789993","1844035019173","23.053800000000003","22.918000000000003","0.1358","23.845000000000002","2.3019000000000003","False","12.109300000000001","23.0527","24.2467","3.5414000000000003","26.459400000000002","8","1","1","False","0"
"40272","1519274510896","1844035020531","1844035159250","14.0309","13.8719","0.159","13.1539","1.4292","False","18.1802","14.0077","12.109300000000001","1.643","15.5149","8","1","1","False","0"
"40272","1519274510896","1844035160840","1844035313017","15.330300000000001","15.2177","0.1126","15.763900000000001","2.2979000000000003","False","18.2161","15.376700000000001","18.1802","4.4465","19.6642","8","1","1","False","0"
"40272","1519274510896","1844035314143","1844035471224","15.8581","15.7081","0.15","16.5705","2.5821","False","12.1081","15.8207","18.2161","6.841900000000001","22.55","8","1","1","False","0"
"40272","1519274510896","1844035472724","1844035621916","15.0803","14.9192","0.16110000000000002","13.9344","1.4507","False","12.1044","15.0692","12.1081","3.8808000000000002","18.8","8","1","1","False","0"
"40272","1519274510896","1844035623527","1844035765211","14.326600000000001","14.1684","0.1582","14.3674","1.4709","False","18.2221","14.329500000000001","12.1044","1.6557000000000002","15.824100000000001","8","1","1","False","0"
"40272","1519274510896","1844035766793","1844035902087","13.686100000000001","13.5294","0.1567","14.7558","2.5481000000000003","False","12.085500000000001","13.687600000000002","18.2221","6.1902","19.7196","8","1","1","False","0"
"40272","1519274510896","1844035903654","1844036052643","15.024700000000001","14.898900000000001","0.1258","13.8693","1.3782","False","18.2053","15.0556","12.085500000000001","3.2201","18.119","8","1","1","False","0"
"40272","1519274510896","1844036053901","1844036204855","15.246700000000002","15.095400000000001","0.15130000000000002","16.608800000000002","2.7525","False","12.0936","15.221200000000001","18.2053","6.2042","21.2996","8","1","1","False","0"
"40272","1519274510896","1844036206368","1844036359451","15.453500000000002","15.308300000000001","0.1452","14.6242","1.9109","False","18.2213","15.4596","12.0936","2.8382","18.1465","8","1","1","False","0"
"40272","1519274510896","1844036360903","1844036504573","14.514100000000001","14.367","0.1471","15.404100000000001","2.8109","False","12.0737","14.5122","18.2213","6.5473","20.9143","8","1","1","False","0"
"40272","1519274510896","1844036506044","1844036652914","14.7985","14.687000000000001","0.1115","15.0164","3.0088000000000004","False","12.135","14.834100000000001","12.0737","3.7869","18.4739","8","1","1","False","0"
"40272","1519274510896","1844036654029","1844036790027","13.7422","13.5998","0.1424","12.3338","1.6122","False","18.1967","13.711300000000001","12.135","2.2106","15.810400000000001","8","1","1","False","0"
"40272","1519274510896","1844036791451","1844036940194","15.0485","14.8743","0.17420000000000002","15.388200000000001","1.9672","False","12.111","15.0167","18.1967","5.3906","20.2649","8","1","1","False","0"
"40272","1519274510896","1844036941936","1844037088930","14.804400000000001","14.6994","0.10500000000000001","14.0709","1.4908000000000001","False","18.1934","14.873600000000001","12.111","2.628","17.3274","8","1","1","False","0"
"40272","1519274510896","1844037089980","1844037226991","13.8671","13.7011","0.166","15.4755","2.8397","False","12.132100000000001","13.8061","18.1934","7.015300000000001","20.7164","8","1","1","False","0"
"40272","1519274510896","1844037228651","1844037369268","14.1881","14.0617","0.1264","12.961400000000001","1.5974000000000002","False","18.169600000000003","14.2277","12.132100000000001","4.919700000000001","18.9814","8","1","1","False","0"
"40272","1519274510896","1844037370532","1844037535188","16.601300000000002","16.465600000000002","0.13570000000000002","18.0853","3.0859","False","12.1159","16.592000000000002","18.169600000000003","6.4973","22.9629","8","1","1","False","0"
"40272","1519274510896","1844037536545","1844037658112","12.3156","12.1567","0.1589","13.099","3.8724000000000003","False","12.1106","12.2924","12.1159","6.3208","18.4775","8","1","1","False","0"
"40272","1519274510896","1844037659701","1844037803404","14.5028","14.3703","0.1325","12.364700000000001","1.7276","False","12.1189","14.529200000000001","12.1106","3.9022","18.2725","8","1","1","False","0"
"40272","1519274510896","1844037804729","1844037932317","12.9099","12.7588","0.1511","12.9936","1.8305","False","18.2011","12.891300000000001","12.1189","3.1298000000000004","15.8886","8","1","1","False","0"
"40272","1519274510896","1844037933828","1844038090064","15.760700000000002","15.623600000000001","0.1371","16.1786","2.2345","False","12.1087","15.774700000000001","18.2011","5.5562000000000005","21.1798","8","1","1","False","0"
"40272","1519274510896","1844038091435","1844038224643","13.458400000000001","13.3208","0.1376","12.9806","1.7498","False","18.1975","13.4579","12.1087","4.207","17.5278","8","1","1","False","0"
"40272","1519274510896","1844038226019","1844038368818","14.420000000000002","14.279900000000001","0.1401","14.5731","1.9074","False","12.114500000000001","14.4175","18.1975","7.987","22.2669","8","1","1","False","0"
"40272","1519274510896","1844038370219","1844038493005","12.4199","12.2786","0.1413","12.1171","1.6067","False","12.0999","12.418700000000001","12.114500000000001","7.6828","19.9614","8","1","1","False","0"
"40272","1519274510896","1844038494418","1844038659736","16.66","16.5318","0.1282","17.096700000000002","2.0376000000000003","False","12.111500000000001","16.6731","12.0999","3.1096000000000004","19.6414","8","1","1","False","0"
"40272","1519274510896","1844038661018","1844038786350","12.636800000000001","12.5332","0.10360000000000001","12.136000000000001","1.8118","False","18.206400000000002","12.6614","12.111500000000001","2.5597000000000003","15.0929","8","1","1","False","0"
"40272","1519274510896","1844038787386","1844038934903","14.936200000000001","14.751700000000001","0.1845","15.9162","2.536","False","12.1202","14.855300000000002","18.206400000000002","5.9108","20.6625","8","1","1","False","0"
"40272","1519274510896","1844038936748","1844039068651","13.331100000000001","13.1903","0.1408","12.268","1.4675","False","12.090300000000001","13.3748","12.1202","4.6562","17.846500000000002","8","1","1","False","0"
"40272","1519274510896","1844039070059","1844039219200","15.068000000000001","14.914100000000001","0.1539","15.1326","1.5309000000000001","False","18.231","15.0549","12.090300000000001","1.6916","16.605700000000002","8","1","1","False","0"
"40272","1519274510896","1844039220739","1844039345781","12.688500000000001","12.5042","0.18430000000000002","14.283700000000001","3.1579","False","12.0976","12.658100000000001","18.231","7.2645","19.768700000000003","8","1","1","False","0"
"40272","1519274510896","1844039347624","1844039487157","14.0949","13.9533","0.1416","12.9237","1.9409","False","18.2021","14.1376","12.0976","5.2245","19.1778","8","1","1","False","0"
"40272","1519274510896","1844039488573","1844039639829","15.2667","15.1256","0.1411","19.0196","5.7007","False","12.1164","15.2672","18.2021","8.1594","23.285","8","1","1","False","0"
"40272","1519274510896","1844039641240","1844039771236","13.133000000000001","12.999600000000001","0.13340000000000002","10.2745","2.8387000000000002","False","12.129000000000001","13.1407","12.1164","7.1351","20.134700000000002","8","1","1","False","0"
"40272","1519274510896","1844039772570","1844039896021","12.4906","12.3451","0.14550000000000002","12.6302","2.9854000000000003","False","12.1037","12.4785","12.129000000000001","6.7856000000000005","19.1307","8","1","1","False","0"
"40272","1519274510896","1844039897476","1844040025944","13.0072","12.8468","0.16040000000000001","12.854600000000001","2.8386","False","12.1096","12.9923","12.1037","5.897","18.7438","8","1","1","False","0"
"40272","1519274510896","1844040027548","1844040151208","12.551400000000001","12.366000000000001","0.1854","11.9733","2.2673","False","12.112","12.5264","12.1096","5.4802","17.8462","8","1","1","False","0"
"40272","1519274510896","1844040153062","1844040302548","15.102","14.9486","0.1534","14.363100000000001","1.5302","False","18.2129","15.134","12.112","2.4582","17.4068","8","1","1","False","0"
"40272","1519274510896","1844040304082","1844040433137","13.0302","12.9055","0.1247","13.577900000000001","2.3537","False","12.1071","13.058900000000001","18.2129","7.6122000000000005","20.5177","8","1","1","False","0"
"40272","1519274510896","1844040434384","1844040568075","13.675200000000002","13.369100000000001","0.30610000000000004","14.4738","2.8758000000000004","False","12.1966","13.4938","12.1071","6.2255","19.5946","8","1","1","False","0"
"40272","1519274510896","1844040571136","1844040713233","14.353900000000001","14.209700000000002","0.1442","13.105300000000002","1.5942","False","12.0351","14.5158","12.1966","3.9063000000000003","18.116","8","1","1","False","0"
"40272","1519274510896","1844040714675","1844040841141","12.814400000000001","12.646600000000001","0.1678","13.4464","2.253","False","18.1929","12.7908","12.0351","3.1506000000000003","15.7972","8","1","1","False","0"
"40272","1519274510896","1844040842819","1844040979933","13.877","13.711400000000001","0.1656","15.247800000000002","3.6282","False","12.1248","13.8792","18.1929","7.464300000000001","21.175700000000003","8","1","1","False","0"
"40272","1519274510896","1844040981589","1844041112609","13.2888","13.102","0.18680000000000002","12.6538","3.0023","False","12.1196","13.2676","12.1248","6.3215","19.4235","8","1","1","False","0"
"40272","1519274510896","1844041114477","1844041254512","14.1418","14.0035","0.1383","12.7319","1.5735000000000001","False","18.2129","14.1903","12.1196","4.2508","18.2543","8","1","1","False","0"
"40272","1519274510896","1844041255895","1844041406953","15.334200000000001","15.1058","0.22840000000000002","15.471100000000002","1.7653","False","12.1082","15.244100000000001","18.2129","7.219600000000001","22.325400000000002","8","1","1","False","0"
"40272","1519274510896","1844041409237","1844041537108","13.0653","12.7871","0.2782","14.1723","2.943","False","12.1141","13.015500000000001","12.1082","6.3123000000000005","19.0994","8","1","1","False","0"
"40272","1519274510896","1844041539890","1844041659334","12.1147","11.9444","0.1703","12.9177","3.6349","False","6.0498","12.2226","12.1141","6.2038","18.1482","8","1","1","False","0"
"40272","1519274510896","1844041661037","1844041749523","9.001000000000001","8.848600000000001","0.1524","7.319","1.9377000000000002","False","12.1507","9.0189","6.0498","3.2347","12.083300000000001","8","1","1","False","0"
"40272","1519274510896","1844041751047","1844041861968","11.2317","11.0921","0.1396","10.8644","1.5682","False","12.115400000000001","11.2445","12.1507","4.1409","15.233","8","1","1","False","0"
"40272","1519274510896","1844041863364","1844041961684","10.047600000000001","9.832","0.2156","11.4877","3.031","False","12.1164","9.9716","12.115400000000001","6.2847","16.1167","8","1","1","False","0"
"40272","1519274510896","1844041963840","1844042070623","10.8667","10.6783","0.1884","9.7752","1.9544000000000001","False","6.0331","10.8939","12.1164","7.5072","18.1855","8","1","1","False","0"
"40272","1519274510896","1844042072507","1844042172740","10.152600000000001","10.0233","0.1293","9.3246","1.3878000000000001","False","12.123700000000001","10.2117","6.0331","3.3286000000000002","13.3519","8","1","1","False","0"
"40272","1519274510896","1844042174033","1844042282051","10.9283","10.8018","0.1265","11.2742","1.4257","False","12.15","10.9311","12.123700000000001","4.5212","15.323","8","1","1","False","0"
"40272","1519274510896","1844042283316","1844042396786","11.468900000000001","11.347000000000001","0.12190000000000001","12.013","1.9682000000000002","False","12.13","11.473500000000001","12.15","5.1977","16.544700000000002","8","1","1","False","0"
"40272","1519274510896","1844042398005","1844042496516","10.0143","9.8511","0.1632","11.1204","3.0946000000000002","False","6.0373","9.973","12.13","7.3547","17.2058","8","1","1","False","0"
"40272","1519274510896","1844042498148","1844042596891","10.030899999999999","9.8743","0.15660000000000002","8.5305","1.5818","False","12.1212","10.0375","6.0373","3.3545000000000003","13.228800000000001","8","1","1","False","0"
"40272","1519274510896","1844042598457","1844042696717","9.9936","9.826","0.1676","11.3449","2.9448000000000003","False","6.0388","9.9826","12.1212","5.4931","15.3191","8","1","1","False","0"
"40272","1519274510896","1844042698393","1844042794538","9.7941","9.6145","0.1796","8.345","1.5158","False","12.140600000000001","9.7821","6.0388","1.7498","11.3643","8","1","1","False","0"
"40272","1519274510896","1844042796334","1844042892816","9.784600000000001","9.648200000000001","0.1364","10.5359","2.2365","False","12.145800000000001","9.8278","12.140600000000001","4.0626","13.7108","8","1","1","False","0"
"40272","1519274510896","1844042894180","1844042996227","10.4069","10.2047","0.20220000000000002","9.8727","1.7407000000000001","False","6.0149","10.3411","12.145800000000001","5.8673","16.072","8","1","1","False","0"
"40272","1519274510896","1844042998249","1844043092473","9.572099999999999","9.4224","0.1497","9.329600000000001","1.4625000000000001","False","18.210900000000002","9.624600000000001","6.0149","2.2576","11.68","8","1","1","False","0"
"40272","1519274510896","1844043093970","1844043213167","12.113000000000001","11.9197","0.1933","12.963700000000001","2.3408","False","6.0551","12.0694","18.210900000000002","8.3991","20.3188","8","1","1","False","0"
"40272","1519274510896","1844043215100","1844043322048","10.819600000000001","10.6948","0.12480000000000001","9.9862","1.4669","False","12.1477","10.8881","6.0551","3.5661","14.260900000000001","8","1","1","False","0"
"40272","1519274510896","1844043323296","1844043410338","8.870800000000001","8.7042","0.1666","9.119900000000001","1.7421","False","12.114","8.829","12.1477","6.8848","15.589","8","1","1","False","0"
"40272","1519274510896","1844043412004","1844043537134","12.682","12.513","0.169","13.7748","2.8332","False","6.0516000000000005","12.6796","12.114","6.3192","18.8322","8","1","1","False","0"
"40272","1519274510896","1844043538824","1844043628179","9.1218","8.935500000000001","0.18630000000000002","7.714300000000001","1.4362000000000001","False","12.1195","9.1045","6.0516000000000005","3.2663","12.2018","8","1","1","False","0"
"40272","1519274510896","1844043630042","1844043736897","10.801000000000002","10.685500000000001","0.1155","10.729700000000001","1.3269","False","12.1426","10.8718","12.1195","4.514","15.1995","8","1","1","False","0"
"40272","1519274510896","1844043738052","1844043843292","10.7286","10.524000000000001","0.2046","12.1437","2.7832000000000003","False","6.0041","10.6395","12.1426","6.0171","16.5411","8","1","1","False","0"
"40272","1519274510896","1844043845338","1844043935950","9.2254","9.061200000000001","0.1642","7.9853000000000005","1.5282","False","18.2234","9.2658","6.0041","2.7554000000000003","11.816600000000001","8","1","1","False","0"
"40272","1519274510896","1844043937592","1844044068049","13.2235","13.0457","0.1778","13.9113","2.2205","False","6.0614","13.209900000000001","18.2234","7.7689","20.814600000000002","8","1","1","False","0"
"40272","1519274510896","1844044069827","1844044171727","10.320200000000002","10.190000000000001","0.1302","9.2766","1.1523","False","12.115","10.3678","6.0614","3.4625000000000004","13.6525","8","1","1","False","0"
"40272","1519274510896","1844044173029","1844044284378","11.2843","11.1349","0.1494","11.3682","1.2391","False","12.1358","11.2651","12.115","4.3124","15.4473","8","1","1","False","0"
"40272","1519274510896","1844044285872","1844044392572","10.8366","10.67","0.1666","11.1876","1.6071","False","12.103100000000001","10.8194","12.1358","5.6288","16.2988","8","1","1","False","0"
"40272","1519274510896","1844044394238","1844044499095","10.666800000000002","10.485700000000001","0.1811","12.2232","3.1628000000000003","False","6.03","10.6523","12.103100000000001","7.0796","17.5653","8","1","1","False","0"
"40272","1519274510896","1844044500906","1844044596234","9.6821","9.5328","0.14930000000000002","7.975000000000001","1.4457","False","12.1281","9.7139","6.03","3.3957","12.928500000000001","8","1","1","False","0"
"40272","1519274510896","1844044597727","1844044727054","13.1004","12.9327","0.16770000000000002","13.129000000000001","1.4885000000000002","False","12.1715","13.082","12.1281","2.4418","15.374500000000001","8","1","1","False","0"
"40272","1519274510896","1844044728731","1844044819996","9.2683","9.1265","0.1418","9.8057","2.0179","False","12.0953","9.2942","12.1715","5.319100000000001","14.4456","8","1","1","False","0"
"40272","1519274510896","1844044821414","1844044930264","11.0735","10.885","0.1885","12.1045","3.0693","False","6.0625","11.0268","12.0953","6.3876","17.2726","8","1","1","False","0"
"40272","1519274510896","1844044932149","1844045019339","8.8534","8.719000000000001","0.13440000000000002","7.0831","1.2672","False","12.1219","8.9075","6.0625","3.5426","12.261600000000001","8","1","1","False","0"
"40272","1519274510896","1844045020683","1844045136403","11.7238","11.572000000000001","0.15180000000000002","11.9931","1.5370000000000001","False","12.1203","11.7064","12.1219","3.9581000000000004","15.530100000000001","8","1","1","False","0"
"40272","1519274510896","1844045137921","1844045233706","9.7612","9.5785","0.1827","11.1223","2.9210000000000003","False","12.1258","9.7303","12.1203","6.3481000000000005","15.9266","8","1","1","False","0"
"40272","1519274510896","1844045235533","1844045372014","13.776600000000002","13.648100000000001","0.1285","12.3483","1.4688","False","12.1057","13.8308","12.1258","4.6431000000000004","18.2912","8","1","1","False","0"
"40272","1519274510896","1844045373299","1844045499173","12.7364","12.5874","0.149","12.7911","1.5299","False","12.128300000000001","12.715900000000001","12.1057","4.032900000000001","16.6203","8","1","1","False","0"
"40272","1519274510896","1844045500663","1844045589967","9.1286","8.9304","0.19820000000000002","10.8391","3.2739000000000003","False","6.0636","9.0794","12.128300000000001","7.0818","16.0122","8","1","1","False","0"
"40272","1519274510896","1844045591949","1844045688791","9.8397","9.6842","0.1555","7.9628000000000005","1.3522","False","12.126900000000001","9.8824","6.0636","3.2630000000000003","12.9472","8","1","1","False","0"
"40272","1519274510896","1844045690346","1844045796227","10.726600000000001","10.5881","0.1385","10.858600000000001","1.487","False","6.0253000000000005","10.7436","12.126900000000001","4.6463","15.2344","8","1","1","False","0"
"40272","1519274510896","1844045797612","1844045871658","7.5839","7.4046","0.17930000000000001","8.3216","2.2435","False","12.1316","7.543100000000001","6.0253000000000005","3.1285000000000003","10.533100000000001","8","1","1","False","0"
"40272","1519274510896","1844045873451","1844045993877","12.183300000000001","12.0426","0.14070000000000002","12.2904","2.3346","False","12.1216","12.2219","12.1316","3.0382000000000002","15.0808","8","1","1","False","0"
"40272","1519274510896","1844045995284","1844046109952","11.616100000000001","11.466800000000001","0.14930000000000002","11.2131","1.9351","False","12.150500000000001","11.6075","12.1216","3.5523000000000002","15.0191","8","1","1","False","0"
"40272","1519274510896","1844046111445","1844046189627","7.9806","7.8182","0.16240000000000002","7.877600000000001","1.8428","False","12.1106","7.9675","12.150500000000001","7.7353000000000005","15.553500000000001","8","1","1","False","0"
"40272","1519274510896","1844046191251","1844046311023","12.1523","11.9772","0.1751","11.9282","1.6153000000000002","False","6.0494","12.1396","12.1106","7.706300000000001","19.683500000000002","8","1","1","False","0"
"40272","1519274510896","1844046312774","1844046413772","10.2405","10.0998","0.14070000000000002","10.0459","1.4146","False","12.1286","10.2749","6.0494","3.4808000000000003","13.5806","8","1","1","False","0"
"40272","1519274510896","1844046415179","1844046519648","10.596700000000002","10.446900000000001","0.14980000000000002","10.9185","1.7501","False","12.1181","10.5876","12.1286","5.0218","15.4687","8","1","1","False","0"
"40272","1519274510896","1844046521146","1844046629135","10.9751","10.7989","0.1762","12.182500000000001","2.9642","False","12.150400000000001","10.9487","12.1181","6.1912","16.9901","8","1","1","False","0"
"40272","1519274510896","1844046630897","1844046748324","11.920300000000001","11.742700000000001","0.1776","12.1211","3.1598","False","12.069600000000001","11.9189","12.150400000000001","6.422700000000001","18.1654","8","1","1","False","0"
"40272","1519274510896","1844046750100","1844046907323","15.885100000000001","15.7223","0.1628","14.6255","1.8916000000000002","False","18.2031","15.8999","12.069600000000001","2.5924","18.314700000000002","8","1","1","False","0"
"40272","1519274510896","1844046908951","1844047061085","15.3821","15.2134","0.16870000000000002","16.615000000000002","3.1224000000000003","False","18.2006","15.3762","18.2031","5.419300000000001","20.6327","8","1","1","False","0"
"40272","1519274510896","1844047062772","1844047225884","16.4982","16.3112","0.187","17.037300000000002","3.6787","False","12.116900000000001","16.4799","18.2006","7.140000000000001","23.4512","8","1","1","False","0"
"40272","1519274510896","1844047227754","1844047370846","14.4725","14.3092","0.1633","13.156","2.3356","False","18.1706","14.4962","12.116900000000001","4.7607","19.0699","8","1","1","False","0"
"40272","1519274510896","1844047372479","1844047541229","17.0683","16.875","0.1933","18.3123","3.6114","False","12.1218","17.0383","18.1706","5.893000000000001","22.768","8","1","1","False","0"
"40272","1519274510896","1844047543162","1844047669575","12.785100000000002","12.641300000000001","0.1438","11.312800000000001","2.1","False","12.1073","12.8346","12.1218","5.1802","17.8215","8","1","1","False","0"
"40272","1519274510896","1844047671013","1844047809026","13.946800000000001","13.801300000000001","0.14550000000000002","13.6083","1.7723","False","18.193","13.9451","12.1073","3.3424","17.1437","8","1","1","False","0"
"40272","1519274510896","1844047810481","1844047946924","13.818900000000001","13.644300000000001","0.1746","15.814699999999998","3.7839","False","12.1193","13.789800000000001","18.193","7.7456000000000005","21.3899","8","1","1","False","0"
"40272","1519274510896","1844047948670","1844048080241","13.3293","13.1571","0.17220000000000002","12.6416","3.0958","False","12.139100000000001","13.331700000000001","12.1193","6.5332","19.6903","8","1","1","False","0"
"40272","1519274510896","1844048081963","1844048196546","11.656900000000002","11.458300000000001","0.1986","10.2988","1.7377","False","12.1088","11.630500000000001","12.139100000000001","7.0418","18.5001","8","1","1","False","0"
"40272","1519274510896","1844048198532","1844048336604","13.9557","13.8072","0.14850000000000002","14.145800000000001","1.9162000000000001","False","12.1071","14.0058","12.1088","5.1448","18.952","8","1","1","False","0"
"40272","1519274510896","1844048338089","1844048456620","11.983100000000002","11.853100000000001","0.13","12.4862","2.4089","False","6.0514","12.0016","12.1071","5.2503","17.1034","8","1","1","False","0"
"40272","1519274510896","1844048457920","1844048534869","7.843400000000001","7.6949000000000005","0.14850000000000002","6.694500000000001","1.2755","False","12.1226","7.8249","6.0514","3.4768000000000003","11.171700000000001","8","1","1","False","0"
"40272","1519274510896","1844048536354","1844048646844","11.175500000000001","11.049000000000001","0.1265","13.328700000000001","3.4124000000000003","False","12.149000000000001","11.1975","12.1226","4.4019","15.4509","8","1","1","False","0"
"40272","1519274510896","1844048648109","1844048756545","11.0153","10.8436","0.17170000000000002","9.198400000000001","1.6235000000000002","False","12.1296","10.9701","12.149000000000001","5.5808","16.424400000000002","8","1","1","False","0"
"40272","1519274510896","1844048758262","1844048891442","13.467600000000001","13.318000000000001","0.1496","13.4038","1.5382","False","12.103900000000001","13.489700000000001","12.1296","4.2207","17.538700000000002","8","1","1","False","0"
"40272","1519274510896","1844048892938","1844049015154","12.3526","12.2216","0.131","12.3904","1.5750000000000002","False","12.106200000000001","12.3712","12.103900000000001","3.9534000000000002","16.175","8","1","1","False","0"
"40272","1519274510896","1844049016464","1844049139767","12.466000000000001","12.330300000000001","0.13570000000000002","12.759400000000001","1.8699000000000001","False","12.154200000000001","12.461300000000001","12.106200000000001","3.5983","15.928600000000001","8","1","1","False","0"
"40272","1519274510896","1844049141124","1844049229460","9.0068","8.8336","0.17320000000000002","10.5667","3.4466","False","6.0213","8.9693","12.154200000000001","6.7832","15.616800000000001","8","1","1","False","0"
"40272","1519274510896","1844049231192","1844049323829","9.4178","9.2637","0.15410000000000001","7.412","1.4234","False","18.2085","9.4369","6.0213","3.3676000000000004","12.631300000000001","8","1","1","False","0"
"40272","1519274510896","1844049325370","1844049454143","13.0621","12.8773","0.18480000000000002","13.9808","2.3605","False","6.0604000000000005","13.031400000000001","18.2085","8.5447","21.422","8","1","1","False","0"
"40272","1519274510896","1844049455991","1844049563922","10.9204","10.7931","0.1273","9.9641","1.3834","False","12.125300000000001","10.9779","6.0604000000000005","3.6272","14.420300000000001","8","1","1","False","0"
"40272","1519274510896","1844049565195","1844049653100","8.9592","8.7905","0.16870000000000002","10.7111","3.1509","False","12.1301","8.9178","12.125300000000001","6.834700000000001","15.625200000000001","8","1","1","False","0"
"40272","1519274510896","1844049654787","1844049777560","12.449200000000001","12.2773","0.1719","12.7619","3.4652000000000003","False","12.089","12.446","12.1301","6.518800000000001","18.7961","8","1","1","False","0"
"40272","1519274510896","1844049779279","1844049923727","14.567200000000001","14.4448","0.12240000000000001","13.5728","2.4487","False","18.2011","14.616700000000002","12.089","3.9911000000000003","18.4359","8","1","1","False","0"
"40272","1519274510896","1844049924951","1844050070182","14.756800000000002","14.523100000000001","0.23370000000000002","14.180200000000001","1.9433","False","12.1164","14.6455","18.2011","7.5467","22.0698","8","1","1","False","0"
"40272","1519274510896","1844050072519","1844050228938","15.787900000000002","15.641900000000001","0.14600000000000002","15.621300000000002","1.715","False","18.1556","15.8756","12.1164","3.7875","19.4294","8","1","1","False","0"
"40272","1519274510896","1844050230398","1844050406430","17.7561","17.6032","0.1529","18.3399","2.3059000000000003","False","18.2031","17.749200000000002","18.1556","4.1939","21.7971","8","1","1","False","0"
"40272","1519274510896","1844050407959","1844050586575","18.045099999999998","17.8616","0.1835","18.003700000000002","2.2984","False","18.1537","18.0145","18.2031","4.3825","22.2441","8","1","1","False","0"
"40272","1519274510896","1844050588410","1844050755292","16.8823","16.688200000000002","0.19410000000000002","18.339000000000002","3.7273","False","12.158000000000001","16.8717","18.1537","5.6645","22.352700000000002","8","1","1","False","0"
"40272","1519274510896","1844050757233","1844050892911","13.6999","13.5678","0.1321","11.5862","1.5948","False","12.132200000000001","13.7619","12.158000000000001","4.0606","17.6284","8","1","1","False","0"
"40272","1519274510896","1844050894232","1844051008870","11.604500000000002","11.4638","0.14070000000000002","11.5213","1.5171000000000001","False","12.108600000000001","11.5959","12.132200000000001","4.596900000000001","16.0607","8","1","1","False","0"
"40272","1519274510896","1844051010277","1844051139784","13.1065","12.950700000000001","0.1558","13.4968","1.9185","False","18.178900000000002","13.0914","12.108600000000001","3.6141","16.5648","8","1","1","False","0"
"40272","1519274510896","1844051141342","1844051285225","14.5492","14.388300000000001","0.16090000000000002","16.7209","4.0840000000000005","False","6.0585","14.5441","18.178900000000002","7.248900000000001","21.6372","8","1","1","False","0"
"40272","1519274510896","1844051286834","1844051386085","10.079600000000001","9.9251","0.1545","7.644500000000001","1.6419000000000001","False","12.1301","10.086","6.0585","3.2214","13.146500000000001","8","1","1","False","0"
"40272","1519274510896","1844051387630","1844051482579","9.666900000000002","9.494900000000001","0.17200000000000001","9.8","1.7893000000000001","False","18.1673","9.6494","12.1301","5.702100000000001","15.197000000000001","8","1","1","False","0"
"40272","1519274510896","1844051484299","1844051645504","16.2832","16.1205","0.1627","18.28","3.7864","False","6.065300000000001","16.2925","18.1673","7.5769","23.697400000000002","8","1","1","False","0"
"40272","1519274510896","1844051647131","1844051746601","10.086","9.947000000000001","0.139","7.673","1.3588","False","12.110100000000001","10.1097","6.065300000000001","3.5325","13.4795","8","1","1","False","0"
"40272","1519274510896","1844051747991","1844051854418","10.765300000000002","10.642700000000001","0.1226","12.4771","3.0605","False","6.0515","10.7817","12.110100000000001","4.8609","15.5036","8","1","1","False","0"
"40272","1519274510896","1844051855644","1844051929064","7.5007","7.3420000000000005","0.1587","5.82","1.3924","False","18.195","7.464600000000001","6.0515","3.4478","10.789800000000001","8","1","1","False","0"
"40272","1519274510896","1844051930651","1844052062728","13.330400000000001","13.2077","0.1227","17.063100000000002","5.5419","False","6.048500000000001","13.3664","18.195","8.2764","21.4841","8","1","1","False","0"
"40272","1519274510896","1844052063955","1844052177054","11.448300000000001","11.3099","0.1384","8.3076","1.9793","False","18.194300000000002","11.4326","6.048500000000001","2.8923","14.202200000000001","8","1","1","False","0"
"40272","1519274510896","1844052178438","1844052309782","13.305600000000002","13.134400000000001","0.17120000000000002","15.813500000000001","4.5215000000000005","False","6.043","13.2728","18.194300000000002","7.8138000000000005","20.9482","8","1","1","False","0"
"40272","1519274510896","1844052311494","1844052413850","10.379999999999999","10.2356","0.1444","6.162","0.2745","False","12.1387","10.4068","6.043","3.45","13.6856","8","1","1","False","0"
"40272","1519274510896","1844052415294","1844052521028","10.713000000000001","10.573400000000001","0.1396","10.714500000000001","0.2803","False","12.111500000000001","10.7178","12.1387","4.870900000000001","15.4443","8","1","1","False","0"
"40272","1519274510896","1844052522424","1844052641502","12.048399999999999","11.9078","0.1406","12.0553","0.2742","False","12.145800000000001","12.047400000000001","12.111500000000001","4.9350000000000005","16.8428","8","1","1","False","0"
"40272","1519274510896","1844052642908","1844052753933","11.275400000000001","11.102500000000001","0.1729","11.257000000000001","0.2801","False","6.0156","11.2431","12.145800000000001","5.8377","16.9402","8","1","1","False","0"
"40272","1519274510896","1844052755662","1844052861252","10.727500000000001","10.559000000000001","0.1685","10.751900000000001","0.30060000000000003","False","12.119900000000001","10.731900000000001","6.0156","1.1214","11.6804","8","1","1","False","0"
"40272","1519274510896","1844052862937","1844052983112","12.1882","12.0175","0.17070000000000002","12.2575","0.3771","False","12.1354","12.186","12.119900000000001","1.0553000000000001","13.0728","8","1","1","False","0"
"40272","1519274510896","1844052984819","1844053079880","9.6593","9.5061","0.1532","9.6608","0.3659","False","12.147","9.6768","12.1354","3.5139","13.020000000000001","8","1","1","False","0"
"40272","1519274510896","1844053081412","1844053210393","13.035100000000002","12.898100000000001","0.137","12.9725","0.28600000000000003","False","6.0214","13.051300000000001","12.147","2.6096","15.507700000000002","8","1","1","False","0"
"40272","1519274510896","1844053211763","1844053289056","7.8941","7.7293","0.1648","7.914000000000001","0.3231","False","12.125","7.866300000000001","6.0214","0.7647","8.494","8","1","1","False","0"
"40272","1519274510896","1844053290704","1844053377565","8.8874","8.6861","0.2013","8.893","0.36200000000000004","False","12.130600000000001","8.850900000000001","12.125","4.0388","12.7249","8","1","1","False","0"
"40272","1519274510896","1844053379578","1844053506829","12.870500000000002","12.725100000000001","0.1454","12.951400000000001","0.4032","False","12.140400000000001","12.926400000000001","12.130600000000001","3.2430000000000003","15.968100000000002","8","1","1","False","0"
"40272","1519274510896","1844053508283","1844053609332","10.2254","10.1049","0.12050000000000001","10.1224","0.2909","False","6.0315","10.250300000000001","12.140400000000001","5.133100000000001","15.238000000000001","8","1","1","False","0"
"40272","1519274510896","1844053610537","1844053715772","10.704","10.5235","0.18050000000000002","10.7257","0.336","False","18.2266","10.644","6.0315","0.5206000000000001","11.0441","8","1","1","False","0"
"40272","1519274510896","1844053717577","1844053846377","13.0624","12.88","0.1824","13.094000000000001","0.3634","False","6.047000000000001","13.060500000000001","18.2266","5.6867","18.5667","8","1","1","False","0"
"40272","1519274510896","1844053848201","1844053929694","8.292300000000001","8.1493","0.14300000000000002","8.2134","0.2737","False","12.118300000000001","8.3317","6.047000000000001","3.402","11.551300000000001","8","1","1","False","0"
"40272","1519274510896","1844053931124","1844054025892","9.658100000000001","9.4768","0.18130000000000002","9.6517","0.2879","False","12.124600000000001","9.6198","12.118300000000001","5.9005","15.3773","8","1","1","False","0"
"40272","1519274510896","1844054027705","1844054146773","12.079600000000001","11.9068","0.1728","12.082500000000001","0.28200000000000003","False","6.0289","12.0881","12.124600000000001","5.937","17.8438","8","1","1","False","0"
"40272","1519274510896","1844054148501","1844054232097","8.507100000000001","8.3596","0.14750000000000002","8.4867","0.2566","False","12.1433","8.5324","6.0289","3.4335","11.7931","8","1","1","False","0"
"40272","1519274510896","1844054233572","1844054335361","10.3465","10.1789","0.1676","10.3603","0.2738","False","12.1293","10.326400000000001","12.1433","5.2504","15.429300000000001","8","1","1","False","0"
"40272","1519274510896","1844054337037","1844054453123","11.789900000000001","11.608600000000001","0.18130000000000002","11.8064","0.2911","False","18.158","11.776200000000001","12.1293","5.6035","17.2121","8","1","1","False","0"
"40272","1519274510896","1844054454936","1844054648150","19.4566","19.3214","0.13520000000000001","19.4683","0.2911","False","12.1475","19.5027","18.158","4.2588","23.5802","8","1","1","False","0"
"40272","1519274510896","1844054649502","1844054764794","11.659400000000002","11.529200000000001","0.1302","11.724","0.3514","False","12.1258","11.6644","12.1475","4.7419","16.2711","8","1","1","False","0"
"40272","1519274510896","1844054766096","1844054892386","12.756200000000002","12.629000000000001","0.1272","12.6853","0.2792","False","6.0265","12.7592","12.1258","4.1085","16.7375","8","1","1","False","0"
"40272","1519274510896","1844054893658","1844054984052","9.2143","9.0394","0.1749","9.2323","0.31880000000000003","False","12.1187","9.1666","6.0265","0.9684","10.007800000000001","8","1","1","False","0"
"40272","1519274510896","1844054985801","1844055077202","9.3573","9.1401","0.2172","9.4441","0.41850000000000004","False","12.125200000000001","9.315000000000001","12.1187","3.7721","12.9122","8","1","1","False","0"
"40272","1519274510896","1844055079374","1844055191059","11.3209","11.1685","0.1524","11.2871","0.35900000000000004","False","12.1098","11.3857","12.125200000000001","4.5116000000000005","15.680100000000001","8","1","1","False","0"
"40272","1519274510896","1844055192583","1844055307539","11.6734","11.495600000000001","0.1778","11.667100000000001","0.3689","False","12.1643","11.648","12.1098","4.9734","16.469","8","1","1","False","0"
"40272","1519274510896","1844055309317","1844055429564","12.148600000000002","12.024700000000001","0.12390000000000001","12.1674","0.3562","False","12.120000000000001","12.2025","12.1643","4.9352","16.9599","8","1","1","False","0"
"40272","1519274510896","1844055430803","1844055542127","11.4375","11.1324","0.30510000000000004","11.3416","0.34700000000000003","False","6.0213","11.256300000000001","12.120000000000001","5.798900000000001","16.9313","8","1","1","False","0"
"40272","1519274510896","1844055545178","1844055639571","9.5934","9.439300000000001","0.15410000000000001","9.6022","0.2903","False","12.1392","9.7444","6.0213","2.0758","11.5151","8","1","1","False","0"
"40272","1519274510896","1844055641112","1844055729851","9.0721","8.8739","0.19820000000000002","9.1262","0.35300000000000004","False","12.136800000000001","9.028","12.1392","5.187","14.0609","8","1","1","False","0"
"40272","1519274510896","1844055731833","1844055854136","12.3547","12.2303","0.12440000000000001","12.296399999999998","0.2702","False","12.127500000000001","12.428500000000001","12.136800000000001","4.895300000000001","17.125600000000002","8","1","1","False","0"
"40272","1519274510896","1844055855380","1844055959725","10.6331","10.4345","0.1986","10.698400000000001","0.3598","False","12.1143","10.558900000000001","12.127500000000001","6.463900000000001","16.898400000000002","8","1","1","False","0"
"40272","1519274510896","1844055961711","1844056092178","13.306600000000001","13.046700000000001","0.2599","13.200000000000001","0.26930000000000004","False","12.1387","13.2453","12.1143","5.3329","18.3796","8","1","1","False","0"
"40272","1519274510896","1844056094777","1844056202124","10.9067","10.7347","0.17200000000000001","11.004000000000001","0.3456","False","6.0258","10.9946","12.1387","6.477","17.2117","8","1","1","False","0"
"40272","1519274510896","1844056203844","1844056293800","9.189499999999999","8.9956","0.19390000000000002","9.1082","0.2817","False","12.1051","9.1676","6.0258","3.3352","12.3308","8","1","1","False","0"
"40272","1519274510896","1844056295739","1844056424607","13.0654","12.886800000000001","0.1786","13.0959","0.2919","False","12.145000000000001","13.0807","12.1051","2.3596","15.246400000000001","8","1","1","False","0"
"40272","1519274510896","1844056426393","1844056526296","10.123400000000002","9.990300000000001","0.1331","10.1973","0.35150000000000003","False","12.1331","10.1689","12.145000000000001","4.3357","14.326","8","1","1","False","0"
"40272","1519274510896","1844056527627","1844056629913","10.479800000000001","10.2286","0.25120000000000003","10.3208","0.2849","False","12.1355","10.3617","12.1331","6.1071","16.3357","8","1","1","False","0"
"40272","1519274510896","1844056632425","1844056748604","11.7926","11.6179","0.17470000000000002","11.9466","0.3643","False","6.010000000000001","11.869100000000001","12.1355","6.3735","17.991400000000002","8","1","1","False","0"
"40272","1519274510896","1844056750351","1844056865619","11.7033","11.5268","0.17650000000000002","11.6379","0.29660000000000003","False","12.1434","11.701500000000001","6.010000000000001","0.682","12.2088","8","1","1","False","0"
"40272","1519274510896","1844056867384","1844056945720","7.9937000000000005","7.833600000000001","0.16010000000000002","8.0494","0.3492","False","12.1615","8.0101","12.1434","4.815300000000001","12.648900000000001","8","1","1","False","0"
"40272","1519274510896","1844056947321","1844057072715","12.6707","12.5394","0.1313","12.6388","0.303","False","12.106300000000001","12.6995","12.1615","4.2773","16.8167","8","1","1","False","0"
"40272","1519274510896","1844057074028","1844057192000","11.9259","11.7972","0.1287","11.982000000000001","0.3607","False","6.0276000000000005","11.928500000000001","12.106300000000001","4.4551","16.2523","8","1","1","False","0"
"40272","1519274510896","1844057193287","1844057263238","7.1519","6.995100000000001","0.1568","7.074000000000001","0.2937","False","12.1262","7.1238","6.0276000000000005","3.3589","10.354000000000001","8","1","1","False","0"
"40272","1519274510896","1844057264806","1844057374061","11.052600000000002","10.925500000000001","0.12710000000000002","11.05","0.2791","False","12.1201","11.0823","12.1262","4.4028","15.3283","8","1","1","False","0"
"40272","1519274510896","1844057375332","1844057515377","14.1334","14.0045","0.12890000000000001","14.1638","0.30960000000000004","False","12.128200000000001","14.1316","12.1201","2.3913","16.3958","8","1","1","False","0"
"40272","1519274510896","1844057516666","1844057612723","9.7566","9.6057","0.1509","9.7372","0.29300000000000004","False","6.0357","9.7346","12.128200000000001","4.7849","14.390600000000001","8","1","1","False","0"
"40272","1519274510896","1844057614232","1844057715038","10.2514","10.0806","0.1708","10.222100000000001","0.2801","False","18.2238","10.2315","6.0357","0.5891000000000001","10.6697","8","1","1","False","0"
"40272","1519274510896","1844057716746","1844057838718","12.3878","12.1972","0.19060000000000002","12.4883","0.39630000000000004","False","6.1084000000000005","12.368","18.2238","6.4449000000000005","18.6421","8","1","1","False","0"
"40272","1519274510896","1844057840624","1844057929246","9.0166","8.8622","0.1544","8.9227","0.28040000000000004","False","18.1345","9.052800000000001","6.1084000000000005","3.5005","12.3627","8","1","1","False","0"
"40272","1519274510896","1844057930790","1844058094263","16.485500000000002","16.3473","0.13820000000000002","16.4828","0.27090000000000003","False","6.0228","16.5017","18.1345","5.1333","21.480600000000003","8","1","1","False","0"
"40272","1519274510896","1844058095645","1844058188883","9.5017","9.3238","0.1779","9.5274","0.3032","False","12.1167","9.462","6.0228","1.6941000000000002","11.017900000000001","8","1","1","False","0"
"40272","1519274510896","1844058190662","1844058315565","12.661800000000001","12.490300000000001","0.1715","12.7223","0.37270000000000003","False","12.128400000000001","12.6682","12.1167","1.1426","13.632900000000001","8","1","1","False","0"
"40272","1519274510896","1844058317280","1844058399176","8.331900000000001","8.1896","0.1423","8.3201","0.3524","False","12.144","8.3611","12.128400000000001","4.9099","13.0995","8","1","1","False","0"
"40272","1519274510896","1844058400599","1844058519999","12.067700000000002","11.940000000000001","0.1277","12.0854","0.3568","False","12.1247","12.0823","12.144","4.9716000000000005","16.9116","8","1","1","False","0"
"40272","1519274510896","1844058521276","1844058644115","12.426200000000001","12.283900000000001","0.1423","12.340200000000001","0.27990000000000004","False","6.0955","12.4116","12.1247","4.6847","16.968600000000002","8","1","1","False","0"
"40272","1519274510896","1844058645538","1844058717674","7.371600000000001","7.2136000000000005","0.158","7.3452","0.26580000000000004","False","12.0611","7.3559","6.0955","3.4243","10.6379","8","1","1","False","0"
"40272","1519274510896","1844058719254","1844058863629","14.6213","14.4375","0.18380000000000002","14.6584","0.298","False","12.116200000000001","14.595500000000001","12.0611","0.8899","15.3274","8","1","1","False","0"
"40272","1519274510896","1844058865467","1844058985516","12.165400000000002","12.004900000000001","0.1605","12.274700000000001","0.4067","False","12.1493","12.1887","12.116200000000001","0.8174","12.8223","8","1","1","False","0"
"40272","1519274510896","1844058987121","1844059067058","8.106300000000001","7.9937000000000005","0.1126","7.902100000000001","0.41240000000000004","False","12.1319","8.154200000000001","12.1493","4.8125","12.8062","8","1","1","False","0"
"40272","1519274510896","1844059068184","1844059174497","10.8153","10.631300000000001","0.184","10.8949","0.2949","False","6.0676000000000005","10.7439","12.1319","6.2005","16.8318","8","1","1","False","0"
"40272","1519274510896","1844059176337","1844059280102","10.533900000000001","10.3765","0.1574","10.5763","0.31870000000000004","False","12.0747","10.560500000000001","6.0676000000000005","1.7076","12.084100000000001","8","1","1","False","0"
"40272","1519274510896","1844059281676","1844059399598","12.0013","11.792200000000001","0.2091","12.053","0.384","False","18.2127","11.9496","12.0747","1.8327","13.6249","8","1","1","False","0"
"40272","1519274510896","1844059401689","1844059547184","14.7189","14.5495","0.1694","14.7438","0.3875","False","6.0294","14.758600000000001","18.2127","5.2868","19.8363","8","1","1","False","0"
"40272","1519274510896","1844059548878","1844059625898","7.8631","7.702","0.16110000000000002","7.7189000000000005","0.2646","False","12.1128","7.8714","6.0294","3.4448000000000003","11.1468","8","1","1","False","0"
"40272","1519274510896","1844059627509","1844059753328","12.7207","12.581900000000001","0.1388","12.764000000000001","0.2914","False","12.1532","12.743","12.1128","2.8146","15.396500000000001","8","1","1","False","0"
"40272","1519274510896","1844059754716","1844059863680","11.0284","10.8964","0.132","11.1109","0.367","False","12.1487","11.0352","12.1532","3.9326000000000003","14.829","8","1","1","False","0"
"40272","1519274510896","1844059865000","1844059961332","9.8131","9.6332","0.1799","9.7113","0.28900000000000003","False","12.123000000000001","9.7652","12.1487","6.3161000000000005","15.949300000000001","8","1","1","False","0"
"40272","1519274510896","1844059963131","1844060093620","13.2184","13.048900000000001","0.1695","13.2239","0.2726","False","12.1033","13.228800000000001","12.123000000000001","5.2103","18.2592","8","1","1","False","0"
"40272","1519274510896","1844060095315","1844060205701","11.228900000000001","11.0386","0.1903","11.202200000000001","0.2821","False","6.0175","11.2081","12.1033","6.1055","17.1441","8","1","1","False","0"
"40272","1519274510896","1844060207604","1844060322581","11.6641","11.4977","0.16640000000000002","11.6965","0.2931","False","12.1379","11.688","6.0175","0.435","11.9327","8","1","1","False","0"
"40272","1519274510896","1844060324245","1844060434193","11.1771","10.9948","0.18230000000000002","11.2588","0.36260000000000003","False","12.1354","11.161200000000001","12.1379","1.4117000000000002","12.406500000000001","8","1","1","False","0"
"40272","1519274510896","1844060436016","1844060535404","10.124400000000001","9.9388","0.18560000000000001","9.991100000000001","0.2787","False","12.091000000000001","10.1211","12.1354","3.426","13.3648","8","1","1","False","0"
"40272","1519274510896","1844060537260","1844060682938","14.7497","14.5678","0.1819","14.8102","0.305","False","18.2296","14.753400000000001","12.091000000000001","0.7636000000000001","15.3314","8","1","1","False","0"
"40272","1519274510896","1844060684757","1844060807218","12.4313","12.2461","0.1852","12.551400000000001","0.4328","False","18.155","12.428","18.2296","6.5652","18.8113","8","1","1","False","0"
"40272","1519274510896","1844060809070","1844061008728","20.209600000000002","19.9658","0.24380000000000002","20.215700000000002","0.6389","False","18.2142","20.151","18.155","4.5692","24.535","8","1","1","False","0"
"40272","1519274510896","1844061011166","1844061180629","17.182100000000002","16.9463","0.2358","17.1709","0.4436","False","12.0839","17.1901","18.2142","5.5933","22.5396","8","1","1","False","0"
"40272","1519274510896","1844061182987","1844061329850","15.0074","14.686300000000001","0.3211","14.8992","0.3684","False","18.21","14.9221","12.0839","2.7551","17.4414","8","1","1","False","0"
"40272","1519274510896","1844061333061","1844061497228","16.585600000000003","16.416700000000002","0.1689","16.6154","0.3397","False","12.1385","16.7378","18.21","4.2273000000000005","20.644000000000002","8","1","1","False","0"
"40272","1519274510896","1844061498917","1844061624529","12.780700000000001","12.561200000000001","0.2195","12.689300000000001","0.2541","False","18.1716","12.7301","12.1385","3.6357000000000004","16.1969","8","1","1","False","0"
"40272","1519274510896","1844061626724","1844061784090","15.934600000000001","15.736600000000001","0.198","16.0291","0.36010000000000003","False","12.081700000000001","15.956100000000001","18.1716","5.8512","21.5878","8","1","1","False","0"
"40272","1519274510896","1844061786070","1844061950130","16.6382","16.406000000000002","0.23220000000000002","16.7434","0.44520000000000004","False","18.2072","16.604","12.081700000000001","1.3289","17.7349","8","1","1","False","0"
"40272","1519274510896","1844061952452","1844062092251","14.1782","13.9799","0.1983","14.0739","0.36110000000000003","False","12.129800000000001","14.212100000000001","18.2072","5.324","19.303900000000002","8","1","1","False","0"
"40272","1519274510896","1844062094234","1844062228572","13.640100000000002","13.433800000000002","0.2063","13.550600000000001","0.2751","False","12.1212","13.632100000000001","12.129800000000001","3.8217000000000003","17.2555","8","1","1","False","0"
"40272","1519274510896","1844062230635","1844062343637","11.5782","11.3002","0.278","11.532","0.25320000000000004","False","12.1224","11.5065","12.1212","4.4364","15.736600000000001","8","1","1","False","0"
"40272","1519274510896","1844062346417","1844062478847","13.4293","13.243","0.18630000000000002","13.5747","0.3592","False","18.172700000000003","13.521","12.1224","3.0378000000000003","16.2808","8","1","1","False","0"
"40272","1519274510896","1844062480710","1844062624412","14.6663","14.3702","0.29610000000000003","14.6582","0.41490000000000005","False","12.1274","14.556500000000002","18.172700000000003","6.654","21.0242","8","1","1","False","0"
"40272","1519274510896","1844062627373","1844062768461","14.2902","14.1088","0.1814","14.275400000000001","0.3286","False","18.1801","14.404900000000001","12.1274","4.3765","18.485300000000002","8","1","1","False","0"
"40272","1519274510896","1844062770275","1844062929272","16.133100000000002","15.899700000000001","0.23340000000000002","16.1319","0.3664","False","12.1373","16.0811","18.1801","6.4755","22.3752","8","1","1","False","0"
"40272","1519274510896","1844062931606","1844063063706","13.405100000000001","13.21","0.1951","13.408100000000001","0.35600000000000004","False","12.0906","13.4434","12.1373","5.1694","18.3794","8","1","1","False","0"
"40272","1519274510896","1844063065657","1844063203722","14.003300000000001","13.806500000000002","0.1968","14.002500000000001","0.3327","False","12.124","14.0016","12.0906","3.2584","17.0649","8","1","1","False","0"
"40272","1519274510896","1844063205690","1844063339314","13.5411","13.362400000000001","0.1787","13.5784","0.3693","False","12.099","13.5592","12.124","1.8232000000000002","15.1856","8","1","1","False","0"
"40272","1519274510896","1844063341101","1844063463776","12.5023","12.2675","0.2348","12.3907","0.2906","False","12.112300000000001","12.446200000000001","12.099","1.476","13.743500000000001","8","1","1","False","0"
"40272","1519274510896","1844063466124","1844063592849","12.9242","12.672500000000001","0.25170000000000003","13.116900000000001","0.49210000000000004","False","12.132800000000001","12.907300000000001","12.112300000000001","0.681","13.3535","8","1","1","False","0"
"40272","1519274510896","1844063595366","1844063677287","8.3759","8.1921","0.18380000000000002","8.277000000000001","0.3573","False","18.220200000000002","8.4438","12.132800000000001","4.37","12.562100000000001","8","1","1","False","0"
"40272","1519274510896","1844063679125","1844063839283","16.252100000000002","16.015800000000002","0.2363","16.275000000000002","0.39440000000000003","False","6.0471","16.1996","18.220200000000002","6.3906","22.4064","8","1","1","False","0"
"40272","1519274510896","1844063841646","1844063939144","9.984200000000001","9.7498","0.23440000000000003","9.8388","0.2616","False","12.0843","9.9861","6.0471","2.4516","12.201400000000001","8","1","1","False","0"
"40272","1519274510896","1844063941488","1844064077050","13.7856","13.5562","0.22940000000000002","13.8377","0.31170000000000003","False","12.1524","13.790600000000001","12.0843","0.7453000000000001","14.3015","8","1","1","False","0"
"40272","1519274510896","1844064079344","1844064161191","8.404200000000001","8.184700000000001","0.2195","8.4018","0.3277","False","12.138900000000001","8.414100000000001","12.1524","4.4836","12.6683","8","1","1","False","0"
"40272","1519274510896","1844064163386","1844064276465","11.5225","11.3079","0.2146","11.58","0.3766","False","12.112200000000001","11.5274","12.138900000000001","5.0951","16.403000000000002","8","1","1","False","0"
"40272","1519274510896","1844064278611","1844064415667","13.9006","13.7056","0.195","13.8283","0.27190000000000003","False","12.1346","13.920200000000001","12.112200000000001","3.2871","16.9927","8","1","1","False","0"
"40272","1519274510896","1844064417617","1844064519802","10.4763","10.2185","0.25780000000000003","10.411900000000001","0.2681","False","12.1051","10.4135","12.1346","5.0082","15.226700000000001","8","1","1","False","0"
"40272","1519274510896","1844064522380","1844064658282","13.762400000000001","13.590200000000001","0.17220000000000002","13.8314","0.2712","False","12.1499","13.848","12.1051","3.2653000000000003","16.8555","8","1","1","False","0"
"40272","1519274510896","1844064660004","1844064749838","9.243599999999999","8.9834","0.2602","9.2444","0.30770000000000003","False","12.1007","9.1556","12.1499","6.259600000000001","15.243","8","1","1","False","0"
"40272","1519274510896","1844064752440","1844064903611","15.3194","15.1171","0.2023","15.2888","0.2637","False","12.14","15.3773","12.1007","2.983","18.1001","8","1","1","False","0"
"40272","1519274510896","1844064905634","1844065006755","10.28","10.1121","0.16790000000000002","10.3198","0.2803","False","6.007700000000001","10.314400000000001","12.14","4.8086","14.9207","8","1","1","False","0"
"40272","1519274510896","1844065008434","1844065102901","9.6515","9.4467","0.2048","9.695","0.3214","False","12.111500000000001","9.614600000000001","6.007700000000001","1.2017","10.6484","8","1","1","False","0"
"40272","1519274510896","1844065104949","1844065227449","12.4683","12.25","0.21830000000000002","12.5128","0.389","False","12.194700000000001","12.4548","12.111500000000001","0.8584","13.108400000000001","8","1","1","False","0"
"40272","1519274510896","1844065229632","1844065330720","10.317400000000001","10.1088","0.2086","10.2818","0.3526","False","12.0923","10.3271","12.194700000000001","2.726","12.834800000000001","8","1","1","False","0"
"40272","1519274510896","1844065332806","1844065428376","9.729800000000001","9.557","0.1728","9.7706","0.3729","False","12.09","9.765600000000001","12.0923","5.052700000000001","14.6097","8","1","1","False","0"
"40272","1519274510896","1844065430104","1844065548203","12.0103","11.8099","0.20040000000000002","11.8544","0.2637","False","12.149000000000001","11.982700000000001","12.09","5.16","16.9699","8","1","1","False","0"
"40272","1519274510896","1844065550207","1844065676206","12.752699999999999","12.5999","0.15280000000000002","12.8123","0.25620000000000004","False","12.1088","12.8003","12.149000000000001","4.5087","17.1086","8","1","1","False","0"
"40272","1519274510896","1844065677734","1844065802352","12.6682","12.4618","0.2064","12.6213","0.2612","False","12.1316","12.614600000000001","12.1088","4.0029","16.4647","8","1","1","False","0"
"40272","1519274510896","1844065804416","1844065910942","10.792399999999999","10.6526","0.1398","10.9677","0.38880000000000003","False","6.0223","10.859","12.1316","5.2755","15.9281","8","1","1","False","0"
"40272","1519274510896","1844065912340","1844066015019","10.525300000000001","10.267900000000001","0.2574","10.3947","0.3116","False","12.1196","10.4077","6.0223","0.8901","11.158000000000001","8","1","1","False","0"
"40272","1519274510896","1844066017593","1844066119766","10.4154","10.2173","0.1981","10.5142","0.3786","False","12.219000000000001","10.4747","12.1196","2.535","12.7523","8","1","1","False","0"
"40272","1519274510896","1844066121747","1844066234459","11.4334","11.2712","0.1622","11.4204","0.3522","False","12.022","11.4693","12.219000000000001","3.2847","14.555900000000001","8","1","1","False","0"
"40272","1519274510896","1844066236081","1844066379032","14.505900000000002","14.295100000000001","0.21080000000000002","14.526800000000001","0.3798","False","12.1363","14.4573","12.022","0.8494","15.1445","8","1","1","False","0"
"40272","1519274510896","1844066381140","1844066473360","9.380500000000001","9.222000000000001","0.1585","9.3727","0.36360000000000003","False","12.163400000000001","9.4328","12.1363","3.5529","12.7749","8","1","1","False","0"
"40272","1519274510896","1844066474945","1844066583208","11.0419","10.8263","0.2156","10.9993","0.3259","False","12.1179","10.9848","12.163400000000001","4.7315000000000005","15.5578","8","1","1","False","0"
"40272","1519274510896","1844066585364","1844066696906","11.3533","11.154200000000001","0.1991","11.363000000000001","0.36610000000000004","False","12.1277","11.3698","12.1179","5.4796000000000005","16.6338","8","1","1","False","0"
"40272","1519274510896","1844066698897","1844066807119","11.0725","10.8222","0.2503","11.1166","0.41450000000000004","False","12.1057","11.0213","12.1277","6.586","17.4082","8","1","1","False","0"
"40272","1519274510896","1844066809622","1844066929507","12.2583","11.9885","0.26980000000000004","12.2085","0.36100000000000004","False","6.0217","12.238800000000001","12.1057","6.4529000000000005","18.4414","8","1","1","False","0"
"40272","1519274510896","1844066932205","1844067019643","8.956900000000001","8.7438","0.2131","8.8488","0.26230000000000003","False","24.2785","9.0136","6.0217","3.4610000000000003","12.2048","8","1","1","False","0"
"40272","1519274510896","1844067021774","1844067243056","22.3356","22.1282","0.2074","22.5153","0.4243","False","12.1027","22.3413","24.2785","5.3982","27.526400000000002","8","1","1","False","0"
"40272","1519274510896","1844067245130","1844067357671","11.440500000000002","11.254100000000001","0.1864","11.3071","0.2782","False","6.042000000000001","11.461500000000001","12.1027","6.0394000000000005","17.2935","8","1","1","False","0"
"40272","1519274510896","1844067359535","1844067472244","11.489300000000002","11.270900000000001","0.2184","11.5868","0.3764","False","12.144","11.4573","6.042000000000001","0.6241","11.895000000000001","8","1","1","False","0"
"40272","1519274510896","1844067474428","1844067550561","7.8707","7.613300000000001","0.2574","7.803800000000001","0.3271","False","12.1326","7.8317000000000005","12.144","4.9364","12.549700000000001","8","1","1","False","0"
"40272","1519274510896","1844067553135","1844067671263","12.033500000000002","11.812800000000001","0.2207","11.9375","0.24780000000000002","False","12.1456","12.0702","12.1326","4.9988","16.811600000000002","8","1","1","False","0"
"40272","1519274510896","1844067673470","1844067785364","11.4243","11.189400000000001","0.2349","11.482700000000001","0.2933","False","6.1387","11.4101","12.1456","5.7343","16.9237","8","1","1","False","0"
"40272","1519274510896","1844067787713","1844067868921","8.315900000000001","8.120800000000001","0.1951","8.3106","0.2745","False","12.0204","8.3557","6.1387","3.5173","11.638100000000001","8","1","1","False","0"
"40272","1519274510896","1844067870872","1844067984736","11.5835","11.3864","0.1971","11.5954","0.2842","False","12.1247","11.5815","12.0204","3.9562000000000004","15.342600000000001","8","1","1","False","0"
"40272","1519274510896","1844067986707","1844068103138","11.827","11.6431","0.1839","11.8069","0.2659","False","12.1224","11.840200000000001","12.1247","4.2407","15.8838","8","1","1","False","0"
"40272","1519274510896","1844068104977","1844068224584","12.14","11.960700000000001","0.17930000000000001","12.1632","0.26880000000000004","False","12.1034","12.1446","12.1224","4.218500000000001","16.1792","8","1","1","False","0"
"40272","1519274510896","1844068226377","1844068357767","13.347700000000001","13.139000000000001","0.2087","13.4132","0.34990000000000004","False","12.099300000000001","13.3183","12.1034","3.0036","16.1426","8","1","1","False","0"
"40272","1519274510896","1844068359854","1844068489211","13.0937","12.9357","0.158","13.1295","0.36360000000000003","False","12.1166","13.144400000000001","12.099300000000001","1.9585000000000001","14.894200000000001","8","1","1","False","0"
"40272","1519274510896","1844068490791","1844068614253","12.590900000000001","12.346200000000001","0.2447","12.5221","0.34790000000000004","False","12.1257","12.5042","12.1166","1.5709000000000002","13.917100000000001","8","1","1","False","0"
"40272","1519274510896","1844068616700","1844068744734","13.0038","12.8034","0.20040000000000002","12.858600000000001","0.4808","False","12.1232","13.0481","12.1257","0.6485000000000001","13.4519","8","1","1","False","0"
"40272","1519274510896","1844068746738","1844068858250","11.359700000000002","11.151200000000001","0.20850000000000002","11.581900000000001","0.3875","False","12.1265","11.351600000000001","12.1232","1.4201000000000001","12.5713","8","1","1","False","0"
"40272","1519274510896","1844068860335","1844068954253","9.595","9.3918","0.20320000000000002","9.5608","0.3784","False","12.109900000000001","9.6003","12.1265","3.9463000000000004","13.3381","8","1","1","False","0"
"40272","1519274510896","1844068956285","1844069101024","14.7234","14.4739","0.2495","14.7248","0.38370000000000004","False","24.245800000000003","14.677100000000001","12.109900000000001","1.3791","15.853000000000002","8","1","1","False","0"
"40272","1519274510896","1844069103519","1844069305167","20.3171","20.1648","0.15230000000000002","20.520500000000002","0.5469","False","18.2221","20.4143","24.245800000000003","5.2106","25.375400000000003","8","1","1","False","0"
"40272","1519274510896","1844069306690","1844069481002","17.6871","17.4312","0.2559","17.503500000000003","0.3975","False","12.082500000000001","17.5835","18.2221","5.849200000000001","23.2804","8","1","1","False","0"
"40272","1519274510896","1844069483561","1844069621528","13.974800000000002","13.796700000000001","0.1781","13.8847","0.2826","False","18.2026","14.0526","12.082500000000001","3.8791","17.675800000000002","8","1","1","False","0"
"40272","1519274510896","1844069623309","1844069789734","16.8713","16.642500000000002","0.2288","16.904400000000003","0.3577","False","12.1172","16.820600000000002","18.2026","5.2611","21.9036","8","1","1","False","0"
"40272","1519274510896","1844069792022","1844069916951","12.656","12.4929","0.1631","12.702200000000001","0.3594","False","18.169700000000002","12.7217","12.1172","4.6566","17.1495","8","1","1","False","0"
"40272","1519274510896","1844069918582","1844070100475","18.3815","18.1893","0.1922","18.3672","0.3534","False","18.1784","18.3524","18.169700000000002","4.4739","22.6632","8","1","1","False","0"
"40272","1519274510896","1844070102397","1844070276044","17.549","17.3647","0.18430000000000002","17.704700000000003","0.5137","False","18.2527","17.556900000000002","18.1784","5.095400000000001","22.4601","8","1","1","False","0"
"40272","1519274510896","1844070277887","1844070454080","17.7917","17.6193","0.1724","17.681","0.3911","False","12.048200000000001","17.8036","18.2527","5.5445","23.163800000000002","8","1","1","False","0"
"40272","1519274510896","1844070455804","1844070623678","17.0501","16.7874","0.2627","17.0153","0.396","False","18.1862","16.9598","12.048200000000001","0.6329","17.4203","8","1","1","False","0"
"40272","1519274510896","1844070626305","1844070756725","13.2598","13.042","0.21780000000000002","13.2994","0.39580000000000004","False","18.1768","13.3047","18.1862","5.5144","18.5564","8","1","1","False","0"
"40272","1519274510896","1844070758903","1844070949401","19.2466","19.0498","0.1968","19.2066","0.35150000000000003","False","12.1187","19.2676","18.1768","4.4236","23.4734","8","1","1","False","0"
"40272","1519274510896","1844070951369","1844071101270","15.1957","14.9901","0.2056","15.217400000000001","0.3915","False","18.252000000000002","15.186900000000001","12.1187","1.3554000000000002","16.3455","8","1","1","False","0"
"40272","1519274510896","1844071103326","1844071278496","17.842299999999998","17.517","0.32530000000000003","17.7382","0.5536","False","18.1631","17.7226","18.252000000000002","1.8848","19.4018","8","1","1","False","0"
"40272","1519274510896","1844071281749","1844071423392","14.3725","14.1643","0.2082","14.474400000000001","0.3781","False","18.191000000000003","14.489600000000001","18.1631","5.5583","19.7226","8","1","1","False","0"
"40272","1519274510896","1844071425474","1844071603736","18.1186","17.8262","0.2924","18.1081","0.4209","False","18.2101","18.0344","18.191000000000003","5.7149","23.5411","8","1","1","False","0"
"40272","1519274510896","1844071606660","1844071793413","18.8944","18.6753","0.21910000000000002","18.893700000000003","0.38530000000000003","False","12.0442","18.9677","18.2101","4.9573","23.6326","8","1","1","False","0"
"40272","1519274510896","1844071795604","1844071920616","12.7126","12.5012","0.2114","12.731200000000001","0.3926","False","36.341300000000004","12.7203","12.0442","4.2812","16.7824","8","1","1","False","0"
"40272","1519274510896","1844071922730","1844072271712","35.185700000000004","34.8982","0.28750000000000003","35.1674","0.402","False","12.132800000000001","35.1096","36.341300000000004","5.5129","40.411100000000005","8","1","1","False","0"
"40272","1519274510896","1844072274587","1844072437789","16.5598","16.3202","0.2396","16.8581","0.6915","False","18.1838","16.6077","12.132800000000001","1.038","17.3582","8","1","1","False","0"
"40272","1519274510896","1844072440185","1844072586915","14.9165","14.673","0.24350000000000002","14.8817","0.6758000000000001","False","18.188200000000002","14.912600000000001","18.1838","4.309200000000001","18.982200000000002","8","1","1","False","0"
"40272","1519274510896","1844072589350","1844072761951","17.4359","17.2601","0.1758","17.4645","0.6618","False","18.177300000000002","17.503600000000002","18.188200000000002","4.9938","22.2539","8","1","1","False","0"
"40272","1519274510896","1844072763709","1844072931807","17.121499999999997","16.8098","0.31170000000000003","17.0902","0.6725","False","18.1782","16.9856","18.177300000000002","6.1855","22.9953","8","1","1","False","0"
"40272","1519274510896","1844072934924","1844073107747","17.5578","17.2823","0.2755","17.5649","0.6825","False","12.1236","17.594","18.1782","6.7697","24.052","8","1","1","False","0"
"40272","1519274510896","1844073110502","1844073285001","17.6392","17.4499","0.1893","17.793400000000002","0.7903","False","18.2622","17.7254","12.1236","1.1679000000000002","18.617800000000003","8","1","1","False","0"
"40272","1519274510896","1844073286894","1844073443359","15.897700000000002","15.646500000000001","0.25120000000000003","15.8016","0.7257","False","18.1456","15.8358","18.2622","3.5943","19.2408","8","1","1","False","0"
"40272","1519274510896","1844073445871","1844073613183","16.8897","16.7312","0.1585","16.5273","0.6972","False","18.1535","16.982400000000002","18.1456","4.7575","21.4887","8","1","1","False","0"
"40272","1519274510896","1844073614768","1844073780645","16.913400000000003","16.5877","0.3257","17.2746","0.6989000000000001","False","18.167","16.7462","18.1535","6.1648000000000005","22.7525","8","1","1","False","0"
"40272","1519274510896","1844073783902","1844073964492","18.3157","18.059","0.25670000000000004","18.6146","1.042","False","18.1991","18.384700000000002","18.167","5.947100000000001","24.0061","8","1","1","False","0"
"40272","1519274510896","1844073967059","1844074171109","20.5699","20.405","0.16490000000000002","20.2868","0.6885","False","12.0966","20.6617","18.1991","3.4845","23.8895","8","1","1","False","0"
"40272","1519274510896","1844074172758","1844074317455","14.8763","14.469700000000001","0.4066","14.633500000000002","0.5195000000000001","False","24.2493","14.6346","12.0966","0.9465","15.4162","8","1","1","False","0"
"40272","1519274510896","1844074321521","1844074553421","23.380300000000002","23.19","0.1903","23.6221","0.7005","False","18.2167","23.596600000000002","24.2493","1.5992000000000002","24.7892","8","1","1","False","0"
"40272","1519274510896","1844074555324","1844074692369","13.950500000000002","13.704500000000001","0.24600000000000002","13.8786","0.6693","False","18.1707","13.8948","18.2167","5.9211","19.625600000000002","8","1","1","False","0"
"40272","1519274510896","1844074694829","1844074894840","20.268900000000002","20.0011","0.26780000000000004","20.1075","0.48210000000000003","False","18.165200000000002","20.2471","18.1707","3.8447","23.8458","8","1","1","False","0"
"40272","1519274510896","1844074897518","1844075095544","20.018400000000003","19.8026","0.21580000000000002","19.998900000000003","0.47400000000000003","False","24.2804","20.0704","18.165200000000002","1.9395","21.7421","8","1","1","False","0"
"40272","1519274510896","1844075097702","1844075293359","19.7835","19.5657","0.21780000000000002","20.0913","0.7796000000000001","False","18.1766","19.7815","24.2804","6.438400000000001","26.0041","8","1","1","False","0"
"40272","1519274510896","1844075295537","1844075481928","18.910700000000002","18.639100000000003","0.2716","18.5886","0.4859","False","18.1718","18.8569","18.1766","5.758100000000001","24.3972","8","1","1","False","0"
"40272","1519274510896","1844075484644","1844075675139","19.2193","19.049500000000002","0.1698","19.2638","0.47690000000000005","False","18.1505","19.3211","18.1718","4.6088000000000005","23.6583","8","1","1","False","0"
"40272","1519274510896","1844075676837","1844075894948","22.0495","21.8111","0.2384","22.0576","0.5221","False","18.1889","21.980900000000002","18.1505","0.7784000000000001","22.5895","8","1","1","False","0"
"40272","1519274510896","1844075897332","1844076062498","16.7519","16.5166","0.2353","16.956300000000002","0.7099000000000001","False","18.1646","16.755000000000003","18.1889","2.2123","18.7289","8","1","1","False","0"
"40272","1519274510896","1844076064851","1844076254389","19.1078","18.9538","0.154","18.9252","0.4999","False","24.2758","19.1891","18.1646","1.1878","20.1416","8","1","1","False","0"
"40272","1519274510896","1844076255929","1844076478627","22.4552","22.2698","0.1854","22.6564","0.7117","False","18.166900000000002","22.4238","24.2758","3.0398","25.3096","8","1","1","False","0"
"40272","1519274510896","1844076480481","1844076626070","14.791300000000001","14.558900000000001","0.23240000000000002","14.502300000000002","0.7069000000000001","False","18.2087","14.7443","18.166900000000002","6.462400000000001","21.0213","8","1","1","False","0"
"40272","1519274510896","1844076628394","1844076823332","19.6593","19.4938","0.1655","19.8871","0.6502","False","18.1869","19.726200000000002","18.2087","4.9449000000000005","24.4387","8","1","1","False","0"
"40272","1519274510896","1844076824987","1844077001940","17.8645","17.6953","0.16920000000000002","18.1415","0.9344","False","12.0806","17.8608","18.1869","5.271","22.9663","8","1","1","False","0"
"40272","1519274510896","1844077003632","1844077164385","16.257","16.075300000000002","0.1817","15.839500000000001","0.5117","False","24.2959","16.244500000000002","12.0806","1.1071","17.1824","8","1","1","False","0"
"40272","1519274510896","1844077166202","1844077362455","19.8441","19.6253","0.21880000000000002","20.6921","1.3627","False","18.1656","19.807000000000002","24.2959","5.596","25.221300000000003","8","1","1","False","0"
"40272","1519274510896","1844077364643","1844077541270","17.9084","17.6627","0.2457","17.0424","0.5293","False","18.1737","17.881500000000003","18.1656","5.8801000000000005","23.5428","8","1","1","False","0"
"40272","1519274510896","1844077543727","1844077727622","18.628200000000003","18.3895","0.23870000000000002","18.610400000000002","0.5202","False","18.1854","18.6352","18.1737","5.4186000000000005","23.8081","8","1","1","False","0"
"40272","1519274510896","1844077730009","1844077909284","18.173000000000002","17.927500000000002","0.24550000000000002","18.1908","0.5179","False","12.0762","18.1662","18.1854","5.4378","23.3653","8","1","1","False","0"
"40272","1519274510896","1844077911739","1844078074504","16.446700000000003","16.276500000000002","0.17020000000000002","16.4894","0.5331","False","24.271","16.522000000000002","12.0762","0.992","17.2685","8","1","1","False","0"
"40272","1519274510896","1844078076206","1844078301067","22.6861","22.4861","0.2","22.9163","0.7785000000000001","False","18.1955","22.6563","24.271","2.6067","25.0928","8","1","1","False","0"
"40272","1519274510896","1844078303067","1844078460377","15.937899999999999","15.731","0.2069","15.6851","0.5443","False","12.085","15.931000000000001","18.1955","4.8712","20.6022","8","1","1","False","0"
"40272","1519274510896","1844078462446","1844078616661","15.6339","15.4215","0.2124","15.6835","0.562","False","24.2959","15.628400000000001","12.085","1.3278","16.7493","8","1","1","False","0"
"40272","1519274510896","1844078618785","1844078814838","19.8443","19.6053","0.23900000000000002","20.370600000000003","1.1227","False","18.1494","19.817700000000002","24.2959","5.806","25.4113","8","1","1","False","0"
"40272","1519274510896","1844078817228","1844079006850","19.177","18.9622","0.21480000000000002","18.572100000000002","0.5107","False","18.2129","19.2012","18.1494","4.7542","23.7164","8","1","1","False","0"
"40272","1519274510896","1844079008998","1844079194404","18.7418","18.5406","0.20120000000000002","18.5699","0.5274","False","18.1735","18.7554","18.2129","4.2117","22.7523","8","1","1","False","0"
"40272","1519274510896","1844079196416","1844079379319","18.460600000000003","18.290300000000002","0.1703","18.6981","0.5467000000000001","False","18.1853","18.491500000000002","18.1735","3.8937000000000004","22.184","8","1","1","False","0"
"40272","1519274510896","1844079381022","1844079546754","16.7479","16.5732","0.17470000000000002","17.2914","1.0927","False","18.182000000000002","16.7435","18.1853","5.335500000000001","21.9087","8","1","1","False","0"
"40272","1519274510896","1844079548501","1844079727978","18.1434","17.9477","0.1957","18.0546","1.0124","False","18.147000000000002","18.122400000000003","18.182000000000002","5.3951","23.3428","8","1","1","False","0"
"40272","1519274510896","1844079729935","1844079941640","21.422800000000002","21.1705","0.2523","20.924400000000002","0.5428000000000001","False","24.3","21.366200000000003","18.147000000000002","2.1759","23.346400000000003","8","1","1","False","0"
"40272","1519274510896","1844079944163","1844080140298","19.825100000000003","19.613500000000002","0.2116","19.839100000000002","0.5416000000000001","False","18.1539","19.8658","24.3","6.6101","26.2236","8","1","1","False","0"
"40272","1519274510896","1844080142414","1844080326633","18.643700000000003","18.4219","0.2218","18.6355","0.5533","False","18.142500000000002","18.6335","18.1539","6.1305000000000005","24.552400000000002","8","1","1","False","0"
"40272","1519274510896","1844080328851","1844080527293","20.0459","19.8442","0.20170000000000002","20.0731","0.543","False","24.276300000000003","20.066000000000003","18.142500000000002","4.207","24.0512","8","1","1","False","0"
"40272","1519274510896","1844080529310","1844080778639","25.155","24.9329","0.22210000000000002","25.3789","0.7938000000000001","False","24.2407","25.134600000000002","24.276300000000003","3.3487","28.2816","8","1","1","False","0"
"40272","1519274510896","1844080780860","1844080987727","20.937800000000003","20.686700000000002","0.2511","20.9462","0.8146","False","18.2006","20.9088","24.2407","6.6806","27.3673","8","1","1","False","0"
"40272","1519274510896","1844080990238","1844081175386","18.7942","18.5148","0.27940000000000004","18.5667","0.5767","False","18.1612","18.765900000000002","18.2006","6.1153","24.630100000000002","8","1","1","False","0"
"40272","1519274510896","1844081178180","1844081380457","20.450200000000002","20.227700000000002","0.2225","20.4737","0.5974","False","18.1963","20.5071","18.1612","3.7694","23.9971","8","1","1","False","0"
"40272","1519274510896","1844081382682","1844081552655","17.1667","16.9973","0.1694","16.953500000000002","0.5920000000000001","False","18.163500000000003","17.2198","18.1963","4.7459","21.7432","8","1","1","False","0"
"40272","1519274510896","1844081554349","1844081744743","19.2756","19.0394","0.23620000000000002","19.4942","0.6019","False","24.2515","19.2088","18.163500000000003","3.7006","22.740000000000002","8","1","1","False","0"
"40272","1519274510896","1844081747105","1844081961948","21.763","21.4843","0.2787","21.746100000000002","0.5930000000000001","False","18.1868","21.7205","24.2515","6.2316","27.7159","8","1","1","False","0"
"40272","1519274510896","1844081964735","1844082168680","20.5898","20.3945","0.1953","20.5824","0.5639000000000001","False","18.1768","20.6732","18.1868","3.7452","24.1397","8","1","1","False","0"
"40272","1519274510896","1844082170633","1844082330684","16.247400000000003","16.005100000000002","0.24230000000000002","16.278000000000002","0.6065","False","12.0828","16.200400000000002","18.1768","5.7216000000000005","21.7267","8","1","1","False","0"
"40272","1519274510896","1844082333107","1844082497847","16.6159","16.474","0.1419","16.612000000000002","0.5603","False","18.212300000000003","16.7163","12.0828","1.0881","17.5621","8","1","1","False","0"
"40272","1519274510896","1844082499266","1844082671190","17.4467","17.1924","0.2543","17.4231","0.5808","False","24.2524","17.334300000000002","18.212300000000003","1.9661000000000002","19.1585","8","1","1","False","0"
"40272","1519274510896","1844082673733","1844082875617","20.4155","20.1884","0.22710000000000002","21.081","1.2422","False","18.1904","20.442700000000002","24.2524","5.7758","25.9642","8","1","1","False","0"
"40272","1519274510896","1844082877888","1844083080314","20.4564","20.2426","0.21380000000000002","19.7666","0.55","False","24.2511","20.4697","18.1904","3.4965","23.7391","8","1","1","False","0"
"40272","1519274510896","1844083082452","1844083298050","21.884500000000003","21.559800000000003","0.3247","21.887600000000003","0.6233000000000001","False","18.1604","21.773600000000002","24.2511","5.974","27.533800000000003","8","1","1","False","0"
"40272","1519274510896","1844083301297","1844083470305","17.1604","16.9008","0.2596","17.2772","0.6979000000000001","False","18.2074","17.2255","18.1604","6.9089","23.8097","8","1","1","False","0"
"40272","1519274510896","1844083472901","1844083673300","20.2669","20.0399","0.227","20.3546","0.7562","False","18.1504","20.299500000000002","18.2074","4.816800000000001","24.8567","8","1","1","False","0"
"40272","1519274510896","1844083675570","1844083881738","20.8045","20.6168","0.1877","20.5105","0.8762000000000001","False","18.1611","20.8438","18.1504","2.1234","22.7402","8","1","1","False","0"
"40272","1519274510896","1844083883615","1844084065034","18.2853","18.1419","0.1434","18.4448","0.5799000000000001","False","18.2041","18.3296","18.1611","1.9549","20.0968","8","1","1","False","0"
"40272","1519274510896","1844084066468","1844084237264","17.3222","17.0796","0.2426","17.305500000000002","0.6195","False","18.1994","17.223000000000003","18.2041","2.936","20.015600000000003","8","1","1","False","0"
"40272","1519274510896","1844084239690","1844084403289","16.534299999999998","16.3599","0.1744","16.5275","0.5749000000000001","False","18.1704","16.6025","18.1994","4.532900000000001","20.8928","8","1","1","False","0"
"40272","1519274510896","1844084405033","1844084591823","18.905","18.679000000000002","0.226","19.1822","0.8799","False","18.1634","18.8534","18.1704","3.8499000000000003","22.5289","8","1","1","False","0"
"40272","1519274510896","1844084594083","1844084779445","18.7462","18.5362","0.21000000000000002","18.8522","0.9498000000000001","False","12.106","18.7622","18.1634","3.2511","21.787300000000002","8","1","1","False","0"
"40272","1519274510896","1844084781545","1844084917589","13.7953","13.6044","0.19090000000000001","13.4381","0.6116","False","18.1848","13.814400000000001","12.106","1.5427000000000002","15.1471","8","1","1","False","0"
"40272","1519274510896","1844084919498","1844085085759","16.8355","16.6261","0.2094","17.138","0.9268000000000001","False","18.189700000000002","16.817","18.1848","2.9105000000000003","19.5366","8","1","1","False","0"
"40272","1519274510896","1844085087853","1844085252803","16.6497","16.495","0.1547","16.3644","0.6011000000000001","False","12.1287","16.7044","18.189700000000002","4.3958","20.890800000000002","8","1","1","False","0"
"40272","1519274510896","1844085254350","1844085382014","12.9801","12.7664","0.2137","13.5912","1.2568000000000001","False","18.2053","12.921100000000001","12.1287","3.6034","16.3698","8","1","1","False","0"
"40272","1519274510896","1844085384151","1844085544861","16.2877","16.071","0.2167","16.75","1.7104000000000001","False","12.1114","16.2847","18.2053","5.524","21.595000000000002","8","1","1","False","0"
"40272","1519274510896","1844085547028","1844085676415","13.166300000000001","12.9387","0.22760000000000002","12.6327","1.1886","False","18.187","13.1554","12.1114","4.48","17.4187","8","1","1","False","0"
"40272","1519274510896","1844085678691","1844085855960","17.9103","17.7269","0.1834","17.6551","1.2129","False","12.1133","17.9545","18.187","4.7125","22.439400000000003","8","1","1","False","0"
"40272","1519274510896","1844085857794","1844085991113","13.536200000000001","13.331900000000001","0.2043","13.779900000000001","1.1686","False","18.1944","13.5153","12.1133","3.3105","16.642400000000002","8","1","1","False","0"
"40272","1519274510896","1844085993156","1844086151490","16.031000000000002","15.833400000000001","0.1976","16.445","1.5785","False","12.1218","16.0377","18.1944","5.4672","21.3006","8","1","1","False","0"
"40272","1519274510896","1844086153466","1844086289886","13.8352","13.642000000000001","0.1932","13.3221","1.0531000000000001","False","12.086400000000001","13.8396","12.1218","3.7494","17.3914","8","1","1","False","0"
"40272","1519274510896","1844086291818","1844086433990","14.4294","14.2172","0.2122","14.356800000000002","0.9945","False","18.2145","14.410400000000001","12.086400000000001","1.4254","15.642600000000002","8","1","1","False","0"
"40272","1519274510896","1844086436112","1844086559995","12.627600000000001","12.388300000000001","0.2393","12.657300000000001","1.0291000000000001","False","12.1274","12.6005","18.2145","7.0394000000000005","19.4277","8","1","1","False","0"
"40272","1519274510896","1844086562388","1844086694938","13.4944","13.255","0.2394","14.1285","1.6732","False","12.1127","13.4943","12.1274","5.6725","18.927500000000002","8","1","1","False","0"
"40272","1519274510896","1844086697332","1844086841588","14.592200000000002","14.425600000000001","0.1666","14.203100000000001","1.2482","False","18.183500000000002","14.665000000000001","12.1127","3.1202","17.5458","8","1","1","False","0"
"40272","1519274510896","1844086843254","1844086984836","14.3475","14.1582","0.1893","14.3727","1.2807000000000002","False","12.114500000000001","14.324800000000002","18.183500000000002","6.9789","21.1371","8","1","1","False","0"
"40272","1519274510896","1844086986729","1844087121701","13.761400000000002","13.497200000000001","0.2642","14.930599999999998","2.4271000000000003","False","12.1457","13.6865","12.114500000000001","5.4069","18.9041","8","1","1","False","0"
"40272","1519274510896","1844087124343","1844087248384","12.5203","12.404100000000001","0.11620000000000001","12.1678","2.0616","False","12.102500000000001","12.6683","12.1457","4.8843000000000005","17.2884","8","1","1","False","0"
"40272","1519274510896","1844087249546","1844087387577","13.9578","13.8031","0.1547","13.0379","1.1591","False","18.188100000000002","13.9193","12.102500000000001","3.0675000000000003","16.8706","8","1","1","False","0"
"40272","1519274510896","1844087389124","1844087574617","18.724800000000002","18.549300000000002","0.17550000000000002","18.3825","1.1732","False","18.177300000000002","18.704","18.188100000000002","2.5516","21.1009","8","1","1","False","0"
"40272","1519274510896","1844087576372","1844087730164","15.560400000000001","15.3792","0.1812","17.5164","2.7793","False","12.1029","15.5547","18.177300000000002","5.1742","20.5534","8","1","1","False","0"
"40272","1519274510896","1844087731976","1844087882817","15.2664","15.084100000000001","0.18230000000000002","13.6285","1.1488","False","12.109300000000001","15.2653","12.1029","2.0118","17.0959","8","1","1","False","0"
"40272","1519274510896","1844087884640","1844088006793","12.402500000000002","12.215300000000001","0.1872","12.3621","1.1123","False","18.1921","12.3976","12.109300000000001","1.7235","13.9388","8","1","1","False","0"
"40272","1519274510896","1844088008665","1844088174005","16.766700000000004","16.534000000000002","0.23270000000000002","16.779","1.1557","False","24.256","16.7212","18.1921","3.1944000000000004","19.7284","8","1","1","False","0"
"40272","1519274510896","1844088176332","1844088379775","20.5382","20.3443","0.19390000000000002","20.9815","2.4115","False","12.0965","20.577","24.256","6.8734","27.2177","8","1","1","False","0"
"40272","1519274510896","1844088381714","1844088546896","16.6707","16.5182","0.1525","16.2946","1.1719000000000002","False","18.1931","16.7121","12.0965","2.2578","18.776","8","1","1","False","0"
"40272","1519274510896","1844088548421","1844088705215","15.7994","15.679400000000001","0.12000000000000001","18.290300000000002","3.6507","False","12.1143","15.831900000000001","18.1931","4.619000000000001","20.2984","8","1","1","False","0"
"40272","1519274510896","1844088706415","1844088853624","14.9194","14.7209","0.1985","12.382200000000001","1.1584","False","12.1037","14.840900000000001","12.1143","1.8924","16.613300000000002","8","1","1","False","0"
"40272","1519274510896","1844088855609","1844088979431","12.546600000000002","12.382200000000001","0.16440000000000002","12.5685","1.1517","False","18.2077","12.5807","12.1037","1.4154","13.797600000000001","8","1","1","False","0"
"40272","1519274510896","1844088981075","1844089133971","15.4227","15.2896","0.1331","16.977600000000002","2.6996","False","12.1224","15.454","18.2077","4.1691","19.4587","8","1","1","False","0"
"40272","1519274510896","1844089135302","1844089253954","11.982899999999999","11.8652","0.1177","11.795300000000001","2.5019","False","12.120700000000001","11.9983","12.1224","4.293200000000001","16.1584","8","1","1","False","0"
"40272","1519274510896","1844089255131","1844089368764","11.525500000000001","11.3633","0.1622","9.9528","1.3493000000000002","False","12.1134","11.481","12.120700000000001","4.9329","16.296200000000002","8","1","1","False","0"
"40272","1519274510896","1844089370386","1844089487184","11.8277","11.6798","0.1479","12.014100000000001","1.1372","False","12.1248","11.842","12.1134","5.2043","16.8841","8","1","1","False","0"
"40272","1519274510896","1844089488663","1844089594765","10.7824","10.6102","0.17220000000000002","14.113800000000001","4.4776","False","12.126000000000001","10.7581","12.1248","6.571000000000001","17.1812","8","1","1","False","0"
"40272","1519274510896","1844089596487","1844089711781","11.6856","11.5294","0.1562","8.3323","1.1164","False","6.0453","11.701600000000001","12.126000000000001","6.9954","18.524800000000003","8","1","1","False","0"
"40272","1519274510896","1844089713343","1844089828065","11.608600000000001","11.4722","0.1364","11.7027","1.197","False","18.2036","11.628400000000001","6.0453","1.4123","12.884500000000001","8","1","1","False","0"
"40272","1519274510896","1844089829429","1844089952925","12.502600000000001","12.3496","0.153","12.6828","1.3883","False","12.125300000000001","12.486","18.2036","7.1299","19.4795","8","1","1","False","0"
"40272","1519274510896","1844089954455","1844090082895","13.026600000000002","12.844000000000001","0.1826","14.2429","2.6098000000000003","False","6.026400000000001","12.997","12.125300000000001","6.2582","19.1022","8","1","1","False","0"
"40272","1519274510896","1844090084721","1844090186266","10.3134","10.1545","0.1589","8.714400000000001","1.0025","False","18.2105","10.337100000000001","6.026400000000001","1.9475","12.102","8","1","1","False","0"
"40272","1519274510896","1844090187855","1844090328304","14.244","14.0449","0.1991","15.451500000000001","2.2353","False","6.0301","14.203800000000001","18.2105","5.9542","19.999100000000002","8","1","1","False","0"
"40272","1519274510896","1844090330295","1844090435518","10.666500000000001","10.522300000000001","0.1442","9.395900000000001","0.9367000000000001","False","18.227700000000002","10.721400000000001","6.0301","1.2629000000000001","11.785200000000001","8","1","1","False","0"
"40272","1519274510896","1844090436960","1844090563377","12.8105","12.6417","0.1688","13.1568","1.2977","False","12.119200000000001","12.7859","18.227700000000002","6.7047","19.3464","8","1","1","False","0"
"40272","1519274510896","1844090565065","1844090687896","12.4411","12.283100000000001","0.158","13.431000000000001","2.2841","False","12.1288","12.4519","12.119200000000001","6.372","18.6551","8","1","1","False","0"
"40272","1519274510896","1844090689476","1844090804985","11.7947","11.5509","0.24380000000000002","10.1172","1.0055","False","12.1134","11.7089","12.1288","6.7919","18.3428","8","1","1","False","0"
"40272","1519274510896","1844090807423","1844090950296","14.4235","14.2873","0.13620000000000002","14.8527","1.0146","False","12.1264","14.5311","12.1134","4.3742","18.6615","8","1","1","False","0"
"40272","1519274510896","1844090951658","1844091069967","11.9542","11.8309","0.1233","12.021","1.0803","False","12.1175","11.9671","12.1264","4.5335","16.3644","8","1","1","False","0"
"40272","1519274510896","1844091071200","1844091190955","12.126900000000001","11.9755","0.1514","12.1091","1.0808","False","12.093900000000001","12.0988","12.1175","4.5522","16.5277","8","1","1","False","0"
"40272","1519274510896","1844091192469","1844091307650","11.677","11.5181","0.1589","11.8933","1.3097","False","18.196","11.669500000000001","12.093900000000001","4.9766","16.4947","8","1","1","False","0"
"40272","1519274510896","1844091309239","1844091488595","18.101100000000002","17.9356","0.1655","18.8752","2.0863","False","12.1026","18.0945","18.196","5.0781","23.0137","8","1","1","False","0"
"40272","1519274510896","1844091490250","1844091635336","14.668300000000002","14.508600000000001","0.1597","13.5469","0.9462","False","18.1726","14.674100000000001","12.1026","2.5066","17.0152","8","1","1","False","0"
"40272","1519274510896","1844091636933","1844091821330","18.5805","18.439700000000002","0.1408","18.880100000000002","1.2424","False","18.185000000000002","18.5994","18.1726","2.0798","20.5195","8","1","1","False","0"
"40272","1519274510896","1844091822738","1844092003190","18.1996","18.0452","0.1544","18.218500000000002","1.2636","False","18.209400000000002","18.186","18.185000000000002","2.0788","20.124000000000002","8","1","1","False","0"
"40272","1519274510896","1844092004734","1844092174036","17.0911","16.9302","0.16090000000000002","17.122500000000002","1.2941","False","18.1655","17.084600000000002","18.209400000000002","3.2036000000000002","20.1338","8","1","1","False","0"
"40272","1519274510896","1844092175645","1844092360008","18.570999999999998","18.4363","0.13470000000000001","18.8495","1.5648","False","12.1141","18.5972","18.1655","2.7719","21.2082","8","1","1","False","0"
"40272","1519274510896","1844092361355","1844092487204","12.740000000000002","12.584900000000001","0.15510000000000002","12.6408","1.4779","False","24.293200000000002","12.7196","12.1141","2.1664000000000003","14.7513","8","1","1","False","0"
"40272","1519274510896","1844092488755","1844092678614","19.1143","18.9859","0.12840000000000001","18.8607","1.5137","False","12.1175","19.141000000000002","24.293200000000002","7.3186","26.3045","8","1","1","False","0"
"40272","1519274510896","1844092679898","1844092829379","15.0978","14.9481","0.1497","14.8565","0.9689000000000001","False","18.1837","15.076500000000001","12.1175","4.3596","19.3077","8","1","1","False","0"
"40272","1519274510896","1844092830876","1844092981392","15.1987","15.0516","0.1471","15.6951","1.4732","False","18.1751","15.201300000000002","18.1837","7.3420000000000005","22.393600000000003","8","1","1","False","0"
"40272","1519274510896","1844092982863","1844093180640","19.9387","19.7777","0.161","20.2134","1.7586000000000002","False","18.1676","19.9248","18.1751","5.5923","25.37","8","1","1","False","0"
"40272","1519274510896","1844093182250","1844093348010","16.753600000000002","16.576","0.1776","17.3186","2.3218","False","12.1053","16.737000000000002","18.1676","7.0229","23.5989","8","1","1","False","0"
"40272","1519274510896","1844093349786","1844093506371","15.8099","15.6585","0.1514","15.2628","1.7713","False","18.2174","15.8361","12.1053","3.2921","18.9506","8","1","1","False","0"
"40272","1519274510896","1844093507885","1844093658023","15.161300000000002","15.013800000000002","0.14750000000000002","15.1117","1.7205000000000001","False","18.1642","15.1652","18.2174","6.3443000000000005","21.3581","8","1","1","False","0"
"40272","1519274510896","1844093659498","1844093835918","17.7857","17.642","0.1437","19.136899999999997","3.0678","False","12.0899","17.7895","18.1642","6.719","24.361","8","1","1","False","0"
"40272","1519274510896","1844093837355","1844093986048","15.021700000000001","14.8693","0.1524","12.8457","0.8952","False","18.208000000000002","15.013","12.0899","3.7959","18.665200000000002","8","1","1","False","0"
"40272","1519274510896","1844093987572","1844094156655","17.0471","16.9083","0.1388","17.9399","1.7825000000000002","False","18.1894","17.0607","18.208000000000002","4.9432","21.8515","8","1","1","False","0"
"40272","1519274510896","1844094158043","1844094329030","17.2635","17.0987","0.1648","16.892300000000002","1.4281000000000001","False","12.0891","17.2375","18.1894","5.8951","22.9938","8","1","1","False","0"
"40272","1519274510896","1844094330678","1844094467294","13.7851","13.6616","0.12350000000000001","13.2977","0.9186000000000001","False","18.183","13.826400000000001","12.0891","4.1578","17.8194","8","1","1","False","0"
"40272","1519274510896","1844094468529","1844094638352","17.102600000000002","16.982300000000002","0.1203","18.5788","2.6913","False","18.2299","17.105800000000002","18.183","5.235","22.2173","8","1","1","False","0"
"40272","1519274510896","1844094639555","1844094817570","17.9605","17.8015","0.159","17.7516","2.2045","False","12.065700000000001","17.9218","18.2299","5.5431","23.3446","8","1","1","False","0"
"40272","1519274510896","1844094819160","1844094973400","15.577800000000002","15.424000000000001","0.15380000000000002","14.879100000000001","1.4987000000000001","False","18.1796","15.583","12.065700000000001","2.0258000000000003","17.4498","8","1","1","False","0"
"40272","1519274510896","1844094974938","1844095152136","17.8711","17.7198","0.15130000000000002","18.0215","1.6468","False","18.1873","17.8736","18.1796","2.3318000000000003","20.0516","8","1","1","False","0"
"40272","1519274510896","1844095153649","1844095327967","17.613599999999998","17.4318","0.18180000000000002","17.7179","1.7676","False","18.2243","17.5831","18.1873","2.936","20.367800000000003","8","1","1","False","0"
"40272","1519274510896","1844095329785","1844095483061","15.5098","15.3276","0.1822","15.9984","2.2629","False","12.0762","15.509400000000001","18.2243","5.6509","20.9785","8","1","1","False","0"
"40272","1519274510896","1844095484883","1844095641211","15.8008","15.632800000000001","0.168","14.834100000000001","1.2864","False","18.1871","15.815000000000001","12.0762","1.9121000000000001","17.544900000000002","8","1","1","False","0"
"40272","1519274510896","1844095642891","1844095791403","14.9905","14.8512","0.1393","15.5927","1.8733000000000002","False","18.288800000000002","15.019200000000001","18.1871","5.08","19.9312","8","1","1","False","0"
"40272","1519274510896","1844095792796","1844095974798","18.351900000000004","18.200200000000002","0.1517","18.1129","1.6308","False","18.0879","18.3395","18.288800000000002","5.0293","23.2295","8","1","1","False","0"
"40272","1519274510896","1844095976315","1844096134099","15.942800000000002","15.778400000000001","0.16440000000000002","16.7968","2.4966","False","18.2082","15.930100000000001","18.0879","7.1871","22.965500000000002","8","1","1","False","0"
"40272","1519274510896","1844096135743","1844096317121","18.315800000000003","18.137800000000002","0.17800000000000002","16.957800000000002","1.1636","False","12.0729","18.3022","18.2082","7.093100000000001","25.230900000000002","8","1","1","False","0"
"40272","1519274510896","1844096318901","1844096462914","14.545200000000001","14.4013","0.1439","14.579500000000001","1.1599000000000002","False","18.3021","14.5793","12.0729","4.5867","18.988","8","1","1","False","0"
"40272","1519274510896","1844096464353","1844096632061","16.933200000000003","16.7708","0.16240000000000002","18.8258","3.5188","False","18.099500000000003","16.9147","18.3021","5.9741","22.7449","8","1","1","False","0"
"40272","1519274510896","1844096633685","1844096799792","16.7669","16.6107","0.1562","15.1788","1.4759","False","12.0837","16.7731","18.099500000000003","7.3005","23.9112","8","1","1","False","0"
"40272","1519274510896","1844096801354","1844096964915","16.505300000000002","16.3561","0.1492","16.5427","1.512","False","18.1846","16.5123","12.0837","2.8719","19.228","8","1","1","False","0"
"40272","1519274510896","1844096966407","1844097134595","16.962699999999998","16.8188","0.1439","16.9573","1.495","False","24.2754","16.968","18.1846","4.0885","20.9073","8","1","1","False","0"
"40272","1519274510896","1844097136034","1844097340937","20.643900000000002","20.4903","0.15360000000000001","20.9438","1.8093000000000001","False","12.100800000000001","20.6342","24.2754","7.7297","28.220000000000002","8","1","1","False","0"
"40272","1519274510896","1844097342473","1844097475866","13.5081","13.339300000000001","0.1688","13.7955","2.1067","False","18.209500000000002","13.4929","12.100800000000001","6.3376","19.6769","8","1","1","False","0"
"40272","1519274510896","1844097477554","1844097665840","18.9725","18.8286","0.1439","18.607","1.727","False","18.1768","18.997400000000003","18.209500000000002","5.5497000000000005","24.3783","8","1","1","False","0"
"40272","1519274510896","1844097667279","1844097835597","17.0047","16.8318","0.1729","17.8973","2.6249000000000002","False","12.0784","16.9757","18.1768","6.7508","23.582600000000003","8","1","1","False","0"
"40272","1519274510896","1844097837326","1844098006766","17.1159","16.944","0.1719","15.723600000000001","1.2475","False","18.184900000000003","17.1169","12.0784","1.7123000000000002","18.6563","8","1","1","False","0"
"40272","1519274510896","1844098008485","1844098164910","15.7828","15.6425","0.1403","16.1244","1.5658","False","24.2739","15.814400000000001","18.184900000000003","4.0828","19.7253","8","1","1","False","0"
"40272","1519274510896","1844098166313","1844098376075","21.2494","20.976200000000002","0.2732","20.7615","1.1841000000000002","False","12.0907","21.116500000000002","24.2739","7.240200000000001","28.2164","8","1","1","False","0"
"40272","1519274510896","1844098378807","1844098529269","15.1757","15.0462","0.1295","15.296100000000001","1.1943000000000001","False","24.2743","15.3194","12.0907","4.0115","19.0577","8","1","1","False","0"
"40272","1519274510896","1844098530564","1844098783062","25.388","25.2498","0.13820000000000002","25.5886","1.705","False","18.1476","25.3793","24.2743","2.9065000000000003","28.1563","8","1","1","False","0"
"40272","1519274510896","1844098784444","1844098970559","18.843","18.6115","0.2315","19.2481","1.842","False","12.124600000000001","18.7497","18.1476","2.3044000000000002","20.9159","8","1","1","False","0"
"40272","1519274510896","1844098972874","1844099096502","12.5207","12.3628","0.1579","11.8841","1.1873","False","18.196","12.5943","12.124600000000001","1.8347","14.197500000000002","8","1","1","False","0"
"40272","1519274510896","1844099098081","1844099265477","16.904799999999998","16.7396","0.1652","17.5827","1.8615000000000002","False","18.1975","16.8975","18.196","3.1332","19.8728","8","1","1","False","0"
"40272","1519274510896","1844099267129","1844099421809","15.7002","15.468","0.23220000000000002","15.2833","1.5088000000000001","False","12.102500000000001","15.6332","18.1975","5.697500000000001","21.1655","8","1","1","False","0"
"40272","1519274510896","1844099424131","1844099573735","15.2378","14.9604","0.27740000000000004","15.112900000000002","1.4221000000000001","False","18.197","15.1926","12.102500000000001","2.6074","17.567800000000002","8","1","1","False","0"
"40272","1519274510896","1844099576509","1844099722748","14.8899","14.6239","0.266","15.056700000000001","1.5528000000000002","False","18.1776","14.9013","18.197","5.9031","20.527","8","1","1","False","0"
"40272","1519274510896","1844099725408","1844099888804","16.5623","16.3396","0.2227","16.6094","1.5549000000000002","False","12.121400000000001","16.6056","18.1776","7.4751","23.814700000000002","8","1","1","False","0"
"40272","1519274510896","1844099891031","1844100051500","16.1985","16.0469","0.1516","16.2142","1.5361","False","18.207800000000002","16.2696","12.121400000000001","3.3269","19.3738","8","1","1","False","0"
"40272","1519274510896","1844100053016","1844100220204","16.880000000000003","16.7188","0.1612","16.557100000000002","1.2231","False","18.169900000000002","16.8704","18.207800000000002","4.6643","21.383100000000002","8","1","1","False","0"
"40272","1519274510896","1844100221816","1844100393388","17.3191","17.1572","0.16190000000000002","17.7924","1.7019000000000002","False","18.1846","17.3184","18.169900000000002","5.5158000000000005","22.673000000000002","8","1","1","False","0"
"40272","1519274510896","1844100395007","1844100566380","17.3104","17.1373","0.1731","17.4542","1.8371000000000002","False","18.1686","17.299200000000003","18.1846","6.4012","23.538500000000003","8","1","1","False","0"
"40272","1519274510896","1844100568111","1844100757688","19.083000000000002","18.957700000000003","0.1253","18.983700000000006","2.0328","False","18.180600000000002","19.1308","18.1686","5.439","24.396700000000003","8","1","1","False","0"
"40272","1519274510896","1844100758941","1844100932994","17.6249","17.4053","0.21960000000000002","17.4057","1.5389000000000002","False","12.110000000000001","17.5306","18.180600000000002","6.089","23.494300000000003","8","1","1","False","0"
"40272","1519274510896","1844100935190","1844101094402","16.0548","15.9212","0.1336","16.0511","1.5032","False","18.1686","16.140800000000002","12.110000000000001","2.0582000000000003","17.979400000000002","8","1","1","False","0"
"40272","1519274510896","1844101095738","1844101276614","18.2236","18.087600000000002","0.136","18.280900000000003","1.5621","False","18.2042","18.2212","18.1686","2.0056000000000003","20.0932","8","1","1","False","0"
"40272","1519274510896","1844101277974","1844101444230","16.817400000000003","16.625600000000002","0.1918","16.7418","1.5192","False","18.1918","16.7616","18.2042","3.4482000000000004","20.073800000000002","8","1","1","False","0"
"40272","1519274510896","1844101446148","1844101612863","16.8362","16.6715","0.1647","16.7366","1.3982","False","12.096","16.863300000000002","18.1918","4.7767","21.4482","8","1","1","False","0"
"40272","1519274510896","1844101614510","1844101762043","14.934600000000001","14.753300000000001","0.18130000000000002","14.7736","1.2485000000000002","False","18.2119","14.918000000000001","12.096","1.9547","16.708000000000002","8","1","1","False","0"
"40272","1519274510896","1844101763856","1844101897495","13.5668","13.363900000000001","0.2029","14.3557","2.0648","False","12.0988","13.545200000000001","18.2119","6.6214","19.985300000000002","8","1","1","False","0"
"40272","1519274510896","1844101899524","1844102033551","13.540300000000002","13.402700000000001","0.1376","13.5776","2.0563000000000002","False","12.110100000000001","13.6056","12.0988","5.1146","18.517300000000002","8","1","1","False","0"
"40272","1519274510896","1844102034927","1844102180887","14.7389","14.596","0.1429","13.9417","1.2522","False","18.2219","14.733600000000001","12.110100000000001","2.4911000000000003","17.0871","8","1","1","False","0"
"40272","1519274510896","1844102182316","1844102320883","14.0156","13.8567","0.1589","14.637","1.8794000000000002","False","18.134600000000002","13.999600000000001","18.2219","6.7134","20.5701","8","1","1","False","0"
"40272","1519274510896","1844102322472","1844102509842","18.889100000000003","18.737000000000002","0.1521","18.555300000000003","1.5489000000000002","False","18.2122","18.8959","18.134600000000002","5.952100000000001","24.6891","8","1","1","False","0"
"40272","1519274510896","1844102511363","1844102701760","19.1945","19.0397","0.15480000000000002","19.1633","1.5246000000000002","False","18.1933","19.1918","18.2122","4.9725","24.0122","8","1","1","False","0"
"40272","1519274510896","1844102703308","1844102865335","16.3649","16.2027","0.1622","17.196","2.346","False","12.1102","16.3575","18.1933","6.8083","23.011000000000003","8","1","1","False","0"
"40272","1519274510896","1844102866957","1844103014598","14.874500000000001","14.764100000000001","0.11040000000000001","13.555200000000001","1.2983","False","18.171300000000002","14.926300000000001","12.1102","3.9922","18.7563","8","1","1","False","0"
"40272","1519274510896","1844103015702","1844103200728","18.6472","18.5026","0.1446","18.8823","1.2585","False","18.1934","18.613","18.171300000000002","3.5505","22.0531","8","1","1","False","0"
"40272","1519274510896","1844103202174","1844103370912","17.0808","16.8738","0.20700000000000002","17.1106","1.3503","False","18.1809","17.0184","18.1934","4.7255","21.5993","8","1","1","False","0"
"40272","1519274510896","1844103372982","1844103541485","17.0313","16.8503","0.18100000000000002","17.1976","1.4784000000000002","False","12.091700000000001","17.0573","18.1809","5.8491","22.6994","8","1","1","False","0"
"40272","1519274510896","1844103543295","1844103697883","15.6395","15.4588","0.1807","15.721700000000002","1.5651000000000002","False","18.2624","15.639800000000001","12.091700000000001","2.301","17.759800000000002","8","1","1","False","0"
"40272","1519274510896","1844103699690","1844103866706","16.837799999999998","16.7016","0.13620000000000002","16.531000000000002","1.2289","False","24.1724","16.8823","18.2624","3.6811000000000003","20.3827","8","1","1","False","0"
"40272","1519274510896","1844103868068","1844104112221","24.5697","24.415300000000002","0.1544","24.875800000000005","1.5358","False","18.2021","24.5515","24.1724","3.302","27.7173","8","1","1","False","0"
"40272","1519274510896","1844104113765","1844104285780","17.3297","17.2015","0.1282","17.018900000000002","1.2202","False","18.1702","17.355900000000002","18.2021","4.1482","21.349700000000002","8","1","1","False","0"
"40272","1519274510896","1844104287062","1844104466224","18.0398","17.9162","0.1236","17.9965","1.1736","False","12.097100000000001","18.0444","18.1702","4.274","22.1902","8","1","1","False","0"
"40272","1519274510896","1844104467460","1844104609863","14.391300000000001","14.240300000000001","0.151","14.6242","1.4239000000000002","False","18.2097","14.363900000000001","12.097100000000001","2.0072","16.247500000000002","8","1","1","False","0"
"40272","1519274510896","1844104611373","1844104751570","14.1879","14.0197","0.16820000000000002","14.3237","1.5619","False","12.1239","14.1707","18.2097","6.046200000000001","20.065900000000003","8","1","1","False","0"
"40272","1519274510896","1844104753252","1844104876966","12.520100000000001","12.371400000000001","0.1487","12.5099","1.5433000000000001","False","12.126100000000001","12.5396","12.1239","5.6305000000000005","18.0019","8","1","1","False","0"
"40272","1519274510896","1844104878453","1844105012927","13.5598","13.4474","0.1124","12.9761","1.2554","False","12.092400000000001","13.5961","12.126100000000001","4.1605","17.6079","8","1","1","False","0"
"40272","1519274510896","1844105014051","1844105147792","13.5174","13.3741","0.1433","13.772400000000001","1.2112","False","24.272000000000002","13.486500000000001","12.092400000000001","2.7664","16.1405","8","1","1","False","0"
"40272","1519274510896","1844105149225","1844105344401","19.6552","19.5176","0.1376","20.2163","1.7725000000000002","False","12.1037","19.6609","24.272000000000002","7.3775","26.895100000000003","8","1","1","False","0"
"40272","1519274510896","1844105345777","1844105483723","13.961200000000002","13.7946","0.1666","13.8346","1.6472","False","12.094100000000001","13.9322","12.1037","5.549","19.343600000000002","8","1","1","False","0"
"40272","1519274510896","1844105485389","1844105644286","16.024700000000003","15.889700000000001","0.135","15.7253","1.3457000000000001","False","24.3043","16.0563","12.094100000000001","1.5868","17.4765","8","1","1","False","0"
"40272","1519274510896","1844105645636","1844105824034","17.9853","17.8398","0.14550000000000002","18.5055","1.8679000000000001","False","12.0641","17.974800000000002","24.3043","7.916300000000001","25.7561","8","1","1","False","0"
"40272","1519274510896","1844105825489","1844105974427","15.041400000000001","14.8938","0.1476","14.449100000000001","1.2877","False","18.2147","15.0393","12.0641","4.9411000000000005","19.8349","8","1","1","False","0"
"40272","1519274510896","1844105975903","1844106135174","16.1006","15.927100000000001","0.17350000000000002","16.3703","1.5514000000000001","False","12.0931","16.0747","18.2147","7.0811","23.008200000000002","8","1","1","False","0"
"40272","1519274510896","1844106136909","1844106306518","17.096500000000002","16.960900000000002","0.1356","16.8577","1.3026","False","18.1793","17.1344","12.0931","2.0398","19.000700000000002","8","1","1","False","0"
"40272","1519274510896","1844106307874","1844106465738","15.928","15.7864","0.1416","16.128500000000003","1.5095","False","18.1846","15.922","18.1793","4.2971","20.0835","8","1","1","False","0"
"40272","1519274510896","1844106467154","1844106621375","15.5922","15.4221","0.1701","18.363300000000002","4.285200000000001","False","18.21","15.5637","18.1846","6.918","22.3401","8","1","1","False","0"
"40272","1519274510896","1844106623076","1844106806968","18.566200000000002","18.389200000000002","0.17700000000000002","16.5333","2.2626","False","12.0862","18.5593","18.21","6.568700000000001","24.957900000000002","8","1","1","False","0"
"40272","1519274510896","1844106808738","1844106975783","16.8328","16.7045","0.1283","15.6263","1.464","False","18.230700000000002","16.8815","12.0862","1.7734","18.4779","8","1","1","False","0"
"40272","1519274510896","1844106977066","1844107130209","15.457400000000002","15.314300000000001","0.1431","16.0316","1.6156000000000001","False","18.191200000000002","15.4426","18.230700000000002","4.5615000000000006","19.8758","8","1","1","False","0"
"40272","1519274510896","1844107131640","1844107285872","15.592300000000002","15.423200000000001","0.1691","15.442900000000002","1.474","False","18.146","15.5663","18.191200000000002","7.186400000000001","22.6096","8","1","1","False","0"
"40272","1519274510896","1844107287563","1844107463274","17.7117","17.5711","0.1406","19.565","3.3169","False","12.1425","17.7402","18.146","7.5922","25.1633","8","1","1","False","0"
"40272","1519274510896","1844107464680","1844107630760","16.7388","16.608","0.1308","14.753","1.3257","False","18.1916","16.7486","12.1425","2.9861","19.5941","8","1","1","False","0"
"40272","1519274510896","1844107632068","1844107792842","16.1944","16.0774","0.117","17.2258","2.3381000000000003","False","18.131700000000002","16.2082","18.1916","4.9695","21.0469","8","1","1","False","0"
"40272","1519274510896","1844107794012","1844107965526","17.353600000000004","17.151400000000002","0.20220000000000002","17.4828","2.5103","False","12.1205","17.2684","18.131700000000002","5.832800000000001","22.9842","8","1","1","False","0"
"40272","1519274510896","1844107967548","1844108115136","14.886700000000001","14.7588","0.1279","14.6164","2.2147","False","18.2469","14.961","12.1205","2.9923","17.7511","8","1","1","False","0"
"40272","1519274510896","1844108116415","1844108289105","17.395400000000002","17.269000000000002","0.1264","17.442700000000002","2.248","False","18.1939","17.396900000000002","18.2469","3.8423000000000003","21.1113","8","1","1","False","0"
"40272","1519274510896","1844108290369","1844108450923","16.2313","16.055400000000002","0.1759","16.467100000000002","2.5226","False","18.0971","16.1818","18.1939","5.8544","21.9098","8","1","1","False","0"
"40272","1519274510896","1844108452682","1844108609355","15.858600000000001","15.667300000000001","0.1913","15.6715","2.3378","False","12.1922","15.843200000000001","18.0971","8.1083","23.7756","8","1","1","False","0"
"40272","1519274510896","1844108611268","1844108770981","16.120900000000002","15.971300000000001","0.1496","15.997800000000002","2.1852","False","18.11","16.1626","12.1922","4.1379","20.1092","8","1","1","False","0"
"40272","1519274510896","1844108772477","1844108960649","18.9232","18.8172","0.10600000000000001","18.9126","2.4532000000000003","False","18.1917","18.9668","18.11","3.2811000000000003","22.098300000000002","8","1","1","False","0"
"40272","1519274510896","1844108961709","1844109120366","16.043","15.8657","0.1773","16.3137","2.4675000000000002","False","18.1778","15.9717","18.1917","5.5011","21.3668","8","1","1","False","0"
"40272","1519274510896","1844109122139","1844109288465","16.7882","16.6326","0.15560000000000002","16.7406","2.4145000000000003","False","12.2195","16.809900000000003","18.1778","6.869000000000001","23.5016","8","1","1","False","0"
"40272","1519274510896","1844109290021","1844109446954","15.8452","15.6933","0.1519","15.39","1.9555","False","18.0882","15.8489","12.2195","3.2396000000000003","18.9329","8","1","1","False","0"
"40272","1519274510896","1844109448473","1844109612500","16.5228","16.4027","0.12010000000000001","16.8684","2.2904","False","18.232400000000002","16.5546","18.0882","4.7732","21.175900000000002","8","1","1","False","0"
"40272","1519274510896","1844109613701","1844109782911","17.1036","16.921","0.1826","17.5088","2.7047000000000003","False","18.128700000000002","17.0411","18.232400000000002","5.9645","22.8855","8","1","1","False","0"
"40272","1519274510896","1844109784737","1844109940905","15.764100000000001","15.616800000000001","0.14730000000000001","15.5241","2.4705","False","30.300900000000002","15.7994","18.128700000000002","8.293800000000001","23.910600000000002","8","1","1","False","0"
"40272","1519274510896","1844109942378","1844110293533","35.2481","35.115500000000004","0.1326","35.269400000000005","2.4787","False","18.1796","35.2628","30.300900000000002","3.3319","38.4474","8","1","1","False","0"
"40272","1519274510896","1844110294859","1844110441496","14.8412","14.6637","0.17750000000000002","15.000800000000002","2.6535","False","18.1848","14.7963","18.1796","6.7152","21.3789","8","1","1","False","0"
"40272","1519274510896","1844110443271","1844110615792","17.4035","17.252100000000002","0.1514","20.8745","6.1199","False","12.1212","17.4296","18.1848","7.470400000000001","24.7225","8","1","1","False","0"
"40272","1519274510896","1844110617306","1844110785546","16.963800000000003","16.824","0.1398","13.2287","2.3706","False","18.183600000000002","16.9754","12.1212","2.6162","19.4402","8","1","1","False","0"
"40272","1519274510896","1844110786944","1844110954896","16.9293","16.7952","0.1341","16.790200000000002","2.2376","False","18.1786","16.935000000000002","18.183600000000002","3.8648000000000002","20.66","8","1","1","False","0"
"40272","1519274510896","1844110956237","1844111125309","17.0467","16.9072","0.1395","17.1726","2.6715","False","18.183600000000002","17.0413","18.1786","5.0021","21.9093","8","1","1","False","0"
"40272","1519274510896","1844111126704","1844111288157","16.313800000000004","16.145300000000002","0.1685","16.427","2.4939","False","18.1825","16.2848","18.183600000000002","6.9009","23.046200000000002","8","1","1","False","0"
"40272","1519274510896","1844111289842","1844111451750","16.3581","16.1908","0.1673","18.6214","4.7596","False","12.122200000000001","16.3593","18.1825","8.7241","24.914900000000003","8","1","1","False","0"
"40272","1519274510896","1844111453423","1844111626093","17.419999999999998","17.267","0.153","14.0738","1.3895","False","18.1768","17.4343","12.122200000000001","3.4120000000000004","20.679000000000002","8","1","1","False","0"
"40272","1519274510896","1844111627623","1844111777578","15.157000000000002","14.995500000000002","0.1615","16.8013","3.044","False","18.186","15.1485","18.1768","6.440300000000001","21.4358","8","1","1","False","0"
"40272","1519274510896","1844111779193","1844111968242","19.076500000000003","18.9049","0.1716","18.6505","2.6268000000000002","False","12.1331","19.0664","18.186","5.5599","24.4648","8","1","1","False","0"
"40272","1519274510896","1844111969958","1844112117248","14.8633","14.729000000000001","0.1343","14.624600000000001","2.3727","False","18.166600000000003","14.9006","12.1331","2.7924","17.5214","8","1","1","False","0"
"40272","1519274510896","1844112118591","1844112296237","17.928900000000002","17.7646","0.1643","17.8732","2.3195","False","18.244400000000002","17.8989","18.166600000000003","3.0601000000000003","20.8247","8","1","1","False","0"
"40272","1519274510896","1844112297880","1844112451572","15.540600000000001","15.369200000000001","0.1714","15.7457","2.5491","False","18.1185","15.5335","18.244400000000002","5.771","21.1402","8","1","1","False","0"
"40272","1519274510896","1844112453286","1844112622567","17.106","16.9281","0.1779","20.102","5.5315","False","12.1179","17.099500000000003","18.1185","6.79","23.7181","8","1","1","False","0"
"40272","1519274510896","1844112624346","1844112781490","15.884200000000002","15.714400000000001","0.1698","12.6133","2.2833","False","18.1875","15.8923","12.1179","3.0156","18.73","8","1","1","False","0"
"40272","1519274510896","1844112783188","1844112945053","16.337000000000003","16.186500000000002","0.1505","16.4407","2.3511","False","18.180600000000002","16.3563","18.1875","4.8468","21.0333","8","1","1","False","0"
"40272","1519274510896","1844112946558","1844113125805","18.0529","17.9247","0.1282","18.061400000000003","2.6549","False","18.1844","18.075200000000002","18.180600000000002","4.9522","22.876900000000003","8","1","1","False","0"
"40272","1519274510896","1844113127087","1844113273026","14.7466","14.593900000000001","0.1527","14.731200000000001","2.3558","False","12.1197","14.722100000000001","18.1844","8.4145","23.0084","8","1","1","False","0"
"40272","1519274510896","1844113274553","1844113443330","17.0211","16.8777","0.1434","17.0345","2.3645","False","24.2801","17.0304","12.1197","3.5038","20.381500000000003","8","1","1","False","0"
"40272","1519274510896","1844113444764","1844113619596","17.6731","17.4832","0.1899","19.7227","4.421","False","12.1271","17.6266","24.2801","10.157300000000001","27.640500000000003","8","1","1","False","0"
"40272","1519274510896","1844113621495","1844113794089","17.4748","17.2594","0.2154","14.6257","1.6509","False","18.1398","17.4493","12.1271","4.835100000000001","22.0945","8","1","1","False","0"
"40272","1519274510896","1844113796243","1844113968826","17.404600000000002","17.258300000000002","0.1463","18.7929","2.9565","False","18.2153","17.4737","18.1398","5.5012","22.759500000000003","8","1","1","False","0"
"40272","1519274510896","1844113970289","1844114121794","15.3229","15.150500000000001","0.1724","15.0335","2.6717","False","12.0904","15.296800000000001","18.2153","8.4197","23.5702","8","1","1","False","0"
"40272","1519274510896","1844114123518","1844114306762","18.4651","18.3244","0.14070000000000002","17.482300000000002","1.6751","False","30.299300000000002","18.4968","12.0904","2.0133","20.3377","8","1","1","False","0"
"40272","1519274510896","1844114308169","1844114603129","29.647900000000003","29.496000000000002","0.1519","30.360300000000002","2.3935","False","18.212500000000002","29.6367","30.299300000000002","2.6759","32.1719","8","1","1","False","0"
"40272","1519274510896","1844114604648","1844114752090","14.930900000000001","14.744200000000001","0.1867","15.4335","2.9049","False","18.175800000000002","14.8961","18.212500000000002","5.9923","20.7365","8","1","1","False","0"
"40272","1519274510896","1844114753957","1844114930750","18.0012","17.6793","0.3219","18.0551","3.1179","False","18.183400000000002","17.866","18.175800000000002","6.3021","23.9814","8","1","1","False","0"
"40272","1519274510896","1844114933969","1844115095941","16.3639","16.197200000000002","0.16670000000000001","15.340200000000001","1.9313","False","12.1308","16.5191","18.183400000000002","7.9664","24.163600000000002","8","1","1","False","0"
"40272","1519274510896","1844115097608","1844115266379","17.004400000000004","16.877100000000002","0.1273","16.6674","1.5776000000000001","False","18.181800000000003","17.0438","12.1308","3.0534000000000003","19.930500000000002","8","1","1","False","0"
"40272","1519274510896","1844115267652","1844115415755","15.095800000000002","14.810300000000002","0.28550000000000003","16.2974","3.2375000000000003","False","24.227800000000002","14.937600000000002","18.181800000000003","6.2976","21.1079","8","1","1","False","0"
"40272","1519274510896","1844115418610","1844115606589","19.002200000000002","18.797900000000002","0.2043","22.0027","5.8493","False","6.0408","19.0834","24.227800000000002","11.442","30.239900000000002","8","1","1","False","0"
"40272","1519274510896","1844115608632","1844115750942","14.3532","14.231","0.1222","10.5114","1.9362000000000001","False","18.206400000000002","14.435300000000002","6.0408","3.0475000000000003","17.2785","8","1","1","False","0"
"40272","1519274510896","1844115752164","1844115913276","16.2598","16.1112","0.1486","16.1584","1.8471000000000002","False","18.1614","16.2334","18.206400000000002","5.0205","21.131700000000002","8","1","1","False","0"
"40272","1519274510896","1844115914762","1844116076508","16.348200000000002","16.1746","0.1736","17.6883","3.1929000000000003","False","24.268900000000002","16.3232","18.1614","6.858700000000001","23.0333","8","1","1","False","0"
"40272","1519274510896","1844116078244","1844116300438","22.3554","22.2194","0.136","21.678700000000003","2.5027","False","12.1067","22.393","24.268900000000002","8.7346","30.954","8","1","1","False","0"
"40272","1519274510896","1844116301798","1844116465007","16.451800000000002","16.3209","0.13090000000000002","15.6309","1.7458","False","12.1022","16.4569","12.1067","4.3844","20.7053","8","1","1","False","0"
"40272","1519274510896","1844116466316","1844116602153","13.7211","13.5837","0.1374","13.883300000000002","1.8441","False","18.2043","13.7146","12.1022","2.7720000000000002","16.355700000000002","8","1","1","False","0"
"40272","1519274510896","1844116603527","1844116748731","14.678600000000001","14.5204","0.1582","16.0289","3.1969000000000003","False","12.1188","14.6578","18.2043","6.3185","20.838900000000002","8","1","1","False","0"
"40272","1519274510896","1844116750313","1844116895414","14.673000000000002","14.510100000000001","0.16290000000000002","13.1614","1.7059","False","18.1921","14.6683","12.1188","3.769","18.2791","8","1","1","False","0"
"40272","1519274510896","1844116897043","1844117037624","14.1986","14.058100000000001","0.1405","14.4413","1.9292","False","12.113900000000001","14.221","18.1921","7.7401","21.7982","8","1","1","False","0"
"40272","1519274510896","1844117039029","1844117182869","14.5028","14.384","0.1188","14.7012","2.1163000000000003","False","18.1998","14.524500000000002","12.113900000000001","5.3295","19.7135","8","1","1","False","0"
"40272","1519274510896","1844117184057","1844117341641","15.8965","15.7584","0.1381","15.4154","1.9491","False","12.0715","15.8772","18.1998","7.652100000000001","23.410500000000003","8","1","1","False","0"
"40272","1519274510896","1844117343022","1844117507949","16.639599999999998","16.4927","0.1469","16.9148","1.9299000000000002","False","18.2177","16.6308","12.0715","3.0928","19.5855","8","1","1","False","0"
"40272","1519274510896","1844117509418","1844117670752","16.3242","16.1334","0.1908","17.0498","2.704","False","18.1715","16.2803","18.2177","5.030200000000001","21.163600000000002","8","1","1","False","0"
"40272","1519274510896","1844117672660","1844117820548","14.9268","14.7888","0.138","17.6679","5.389200000000001","False","12.183100000000001","14.979600000000001","18.1715","8.222100000000001","23.0109","8","1","1","False","0"
"40272","1519274510896","1844117821928","1844117989907","16.9493","16.797900000000002","0.1514","13.3542","1.7924","False","18.1357","16.9359","12.183100000000001","3.4693","20.267200000000003","8","1","1","False","0"
"40272","1519274510896","1844117991421","1844118152361","16.2392","16.094","0.1452","17.421300000000002","2.9875000000000003","False","18.1861","16.2454","18.1357","5.3596","21.4536","8","1","1","False","0"
"40272","1519274510896","1844118153813","1844118314374","16.201","16.0561","0.1449","14.818900000000001","1.5942","False","18.1889","16.2013","18.1861","7.3444","23.4005","8","1","1","False","0"
"40272","1519274510896","1844118315823","1844118495720","18.1379","17.9897","0.1482","18.656100000000002","2.1101","False","12.134","18.134600000000002","18.1889","7.398700000000001","25.3884","8","1","1","False","0"
"40272","1519274510896","1844118497202","1844118658509","16.2605","16.1307","0.1298","16.142400000000002","1.9907000000000001","False","18.125600000000002","16.2789","12.134","3.2538","19.3845","8","1","1","False","0"
"40272","1519274510896","1844118659807","1844118843070","18.4563","18.3263","0.13","18.9817","2.5134000000000003","False","18.201700000000002","18.4561","18.125600000000002","2.9233000000000002","21.2496","8","1","1","False","0"
"40272","1519274510896","1844118844370","1844118996758","15.3763","15.238800000000001","0.1375","15.801","2.9442","False","18.2045","15.3688","18.201700000000002","5.756200000000001","20.995","8","1","1","False","0"
"40272","1519274510896","1844118998133","1844119166362","16.9791","16.8229","0.1562","17.4615","3.4280000000000004","False","18.171","16.9604","18.2045","7.0003","23.8232","8","1","1","False","0"
"40272","1519274510896","1844119167924","1844119341687","17.492","17.3763","0.11570000000000001","15.586200000000002","1.8334000000000001","False","12.0951","17.532500000000002","18.171","7.638800000000001","25.0151","8","1","1","False","0"
"40272","1519274510896","1844119342844","1844119514503","17.3175","17.1659","0.1516","17.6386","1.8514000000000002","False","18.2071","17.2816","12.0951","2.4523","19.6182","8","1","1","False","0"
"40272","1519274510896","1844119516019","1844119678388","16.3638","16.236900000000002","0.1269","16.2143","1.6849","False","18.1843","16.3885","18.2071","4.2709","20.5078","8","1","1","False","0"
"40272","1519274510896","1844119679657","1844119843985","16.601300000000002","16.4328","0.1685","18.0084","3.107","False","12.090100000000001","16.5597","18.1843","5.8955","22.328300000000002","8","1","1","False","0"
"40272","1519274510896","1844119845670","1844119999541","15.5262","15.3871","0.1391","14.1561","1.7295","False","18.1731","15.5556","12.090100000000001","2.43","17.8171","8","1","1","False","0"
"40272","1519274510896","1844120000932","1844120166345","16.6719","16.5413","0.1306","17.505300000000002","2.559","False","18.2026","16.680400000000002","18.1731","3.9227000000000003","20.464000000000002","8","1","1","False","0"
"40272","1519274510896","1844120167651","1844120345683","17.9343","17.8032","0.1311","17.9677","2.593","False","18.2181","17.9338","18.2026","4.1915000000000004","21.9947","8","1","1","False","0"
"40272","1519274510896","1844120346994","1844120492531","14.7299","14.553700000000001","0.1762","14.1722","2.0425","False","12.071100000000001","14.684800000000001","18.2181","7.7248","22.2785","8","1","1","False","0"
"40272","1519274510896","1844120494293","1844120669382","17.6568","17.5089","0.1479","17.3608","1.7496","False","18.215400000000002","17.685100000000002","12.071100000000001","2.1108000000000002","19.6197","8","1","1","False","0"
"40272","1519274510896","1844120670861","1844120833797","16.4459","16.2936","0.15230000000000002","17.298000000000002","2.6022000000000003","False","18.1541","16.4415","18.215400000000002","3.8847","20.1783","8","1","1","False","0"
"40272","1519274510896","1844120835320","1844121019715","18.5849","18.439500000000002","0.1454","18.4582","2.4584","False","18.1994","18.5918","18.1541","3.447","21.8865","8","1","1","False","0"
"40272","1519274510896","1844121021169","1844121178493","15.9053","15.7324","0.1729","16.5514","3.1329000000000002","False","12.0973","15.8778","18.1994","5.7686","21.501","8","1","1","False","0"
"40272","1519274510896","1844121180222","1844121326392","14.726500000000001","14.617","0.1095","12.9158","1.5588000000000002","False","18.177500000000002","14.789900000000001","12.0973","3.076","17.693","8","1","1","False","0"
"40272","1519274510896","1844121327487","1844121505762","17.9643","17.8275","0.1368","19.700300000000002","3.0380000000000003","False","18.218600000000002","17.937","18.177500000000002","3.3165","21.144000000000002","8","1","1","False","0"
"40272","1519274510896","1844121507130","1844121653926","14.8489","14.6796","0.1693","15.414900000000003","3.6123000000000003","False","18.1976","14.816400000000002","18.218600000000002","6.7187","21.398300000000003","8","1","1","False","0"
"40272","1519274510896","1844121655619","1844121845905","19.1916","19.0286","0.163","18.869400000000002","3.2960000000000003","False","18.1534","19.1979","18.1976","5.7184","24.747","8","1","1","False","0"
"40272","1519274510896","1844121847535","1844122011184","16.5316","16.364900000000002","0.16670000000000001","18.8233","5.5822","False","12.1052","16.527900000000002","18.1534","7.3439000000000005","23.7088","8","1","1","False","0"
"40272","1519274510896","1844122012851","1844122179513","16.8155","16.6662","0.14930000000000002","12.9931","1.7581","False","18.1908","16.832900000000002","12.1052","2.6162","19.282400000000003","8","1","1","False","0"
"40272","1519274510896","1844122181006","1844122367690","18.8306","18.668400000000002","0.1622","18.876900000000003","1.7988000000000002","False","18.2426","18.817700000000002","18.1908","1.9893","20.657700000000002","8","1","1","False","0"
"40272","1519274510896","1844122369312","1844122496505","12.9068","12.7193","0.1875","14.7314","3.6469","False","12.045300000000001","12.8815","18.2426","7.3504000000000005","20.0697","8","1","1","False","0"
"40272","1519274510896","1844122498380","1844122669436","17.256300000000003","17.105600000000003","0.1507","15.4459","1.8115","False","30.3209","17.293100000000003","12.045300000000001","2.1026000000000002","19.2082","8","1","1","False","0"
"40272","1519274510896","1844122670943","1844122934542","26.5412","26.3599","0.18130000000000002","28.9002","4.181","False","12.1274","26.5106","30.3209","5.9129000000000005","32.272800000000004","8","1","1","False","0"
"40272","1519274510896","1844122936355","1844123063149","12.8167","12.679400000000001","0.1373","10.8919","2.245","False","12.120600000000001","12.860700000000001","12.1274","5.179600000000001","17.859","8","1","1","False","0"
"40272","1519274510896","1844123064522","1844123183938","12.074800000000002","11.941600000000001","0.1332","12.1133","2.2819000000000003","False","12.1012","12.0789","12.120600000000001","5.2213","17.1629","8","1","1","False","0"
"40272","1519274510896","1844123185270","1844123300335","11.6333","11.5065","0.1268","12.3306","3.2773000000000003","False","18.1772","11.639700000000001","12.1012","5.6828","17.1893","8","1","1","False","0"
"40272","1519274510896","1844123301603","1844123474700","17.5058","17.3097","0.1961","18.8197","4.329400000000001","False","18.221","17.436500000000002","18.1772","6.423500000000001","23.7332","8","1","1","False","0"
"40272","1519274510896","1844123476661","1844123636955","16.206400000000002","16.029400000000003","0.17700000000000002","14.8979","2.9978000000000002","False","12.0751","16.2255","18.221","8.419","24.4484","8","1","1","False","0"
"40272","1519274510896","1844123638725","1844123803483","16.6074","16.4758","0.1316","15.525400000000001","1.9015000000000002","False","18.2395","16.6528","12.0751","3.8413000000000004","20.3171","8","1","1","False","0"
"40272","1519274510896","1844123804799","1844123968852","16.5605","16.4053","0.1552","18.0286","3.3826","False","18.140700000000002","16.5369","18.2395","5.5439","21.9492","8","1","1","False","0"
"40272","1519274510896","1844123970404","1844124158577","18.9664","18.8173","0.1491","18.2957","2.7001","False","18.1993","18.9725","18.140700000000002","4.7121","23.529400000000003","8","1","1","False","0"
"40272","1519274510896","1844124160068","1844124324751","16.625999999999998","16.4683","0.1577","18.2683","4.3527000000000005","False","12.101700000000001","16.6174","18.1993","6.2940000000000005","22.7623","8","1","1","False","0"
"40272","1519274510896","1844124326328","1844124467849","14.283800000000001","14.1521","0.1317","11.668600000000001","1.7275","False","18.166700000000002","14.309800000000001","12.101700000000001","4.0859000000000005","18.238","8","1","1","False","0"
"40272","1519274510896","1844124469166","1844124655041","18.7193","18.587500000000002","0.1318","19.6837","2.6924","False","18.2317","18.7192","18.166700000000002","3.5334000000000003","22.120900000000002","8","1","1","False","0"
"40272","1519274510896","1844124656359","1844124796345","14.220100000000002","13.998600000000001","0.2215","14.1918","2.7270000000000003","False","12.0851","14.1304","18.2317","7.6347000000000005","21.633300000000002","8","1","1","False","0"
"40272","1519274510896","1844124798560","1844124972490","17.5346","17.393","0.1416","16.6574","1.7910000000000001","False","24.2851","17.6145","12.0851","2.1053","19.4983","8","1","1","False","0"
"40272","1519274510896","1844124973906","1844125147414","17.487099999999998","17.3508","0.1363","18.4554","2.7557","False","12.0952","17.4924","24.2851","8.898","26.248800000000003","8","1","1","False","0"
"40272","1519274510896","1844125148777","1844125286518","13.8998","13.7741","0.1257","12.6179","1.7693","False","24.2586","13.910400000000001","12.0952","7.082800000000001","20.8569","8","1","1","False","0"
"40272","1519274510896","1844125287775","1844125516274","23.0347","22.8499","0.18480000000000002","24.715500000000002","3.1645000000000003","False","12.1228","22.9756","24.2586","8.3658","31.215700000000002","8","1","1","False","0"
"40272","1519274510896","1844125518122","1844125669247","15.2513","15.1125","0.1388","14.3449","2.2498","False","24.244600000000002","15.2973","12.1228","5.1913","20.303800000000003","8","1","1","False","0"
"40272","1519274510896","1844125670635","1844125882427","21.368000000000002","21.1792","0.1888","23.3138","4.2127","False","18.1368","21.318","24.244600000000002","8.1179","29.2971","8","1","1","False","0"
"40272","1519274510896","1844125884315","1844126093082","21.0057","20.8767","0.129","20.134900000000002","3.3152000000000004","False","18.1992","21.0655","18.1368","5.1892000000000005","26.065900000000003","8","1","1","False","0"
"40272","1519274510896","1844126094372","1844126254098","16.154","15.9726","0.1814","17.6435","4.8343","False","18.180300000000003","16.1016","18.1992","7.2868","23.2594","8","1","1","False","0"
"40272","1519274510896","1844126255912","1844126441860","18.7766","18.5948","0.18180000000000002","18.536","4.5965","False","12.118300000000001","18.7762","18.180300000000003","6.6909","25.285700000000002","8","1","1","False","0"
"40272","1519274510896","1844126443678","1844126600723","15.839100000000002","15.704500000000001","0.1346","13.1891","1.9184","False","18.196","15.8863","12.118300000000001","2.9229000000000003","18.6274","8","1","1","False","0"
"40272","1519274510896","1844126602069","1844126752150","15.163","15.0081","0.1549","16.5962","3.3662","False","12.122100000000001","15.142700000000001","18.196","5.9762","20.9843","8","1","1","False","0"
"40272","1519274510896","1844126753699","1844126874639","12.267400000000002","12.094000000000001","0.1734","12.184600000000001","3.2835","False","18.1822","12.2489","12.122100000000001","5.8494","17.9434","8","1","1","False","0"
"40272","1519274510896","1844126876373","1844127042820","16.7943","16.6447","0.1496","16.7941","3.2791","False","12.1394","16.8181","18.1822","7.213500000000001","23.8582","8","1","1","False","0"
"40272","1519274510896","1844127044316","1844127158269","11.536900000000001","11.3953","0.1416","10.372500000000002","2.1079","False","18.1671","11.5449","12.1394","7.808000000000001","19.203300000000002","8","1","1","False","0"
"40272","1519274510896","1844127159685","1844127338761","18.0208","17.907600000000002","0.11320000000000001","18.7821","3.1507","False","12.1102","18.049200000000003","18.1671","7.9259","25.8335","8","1","1","False","0"
"40272","1519274510896","1844127339893","1844127499935","16.207700000000003","16.0042","0.20350000000000001","15.014800000000001","1.7313","False","18.1767","16.1174","12.1102","3.9187000000000003","19.922900000000002","8","1","1","False","0"
"40272","1519274510896","1844127501970","1844127639706","14.950800000000001","13.7736","1.1772","16.8379","3.5644","False","24.2189","13.9771","18.1767","8.1183","21.8919","8","1","1","False","0"
"40272","1519274510896","1844127651478","1844127828215","17.8126","17.6737","0.1389","27.2162","12.967400000000001","False","6.0737000000000005","18.8509","24.2189","13.4863","31.16","8","1","1","False","0"
"40272","1519274510896","1844127829604","1844127989986","16.1882","16.0382","0.15","3.5405","0.32730000000000004","False","18.165","16.1771","6.0737000000000005","3.3829000000000002","19.421100000000003","8","1","1","False","0"
"40272","1519274510896","1844127991486","1844128159318","16.9225","16.7832","0.1393","16.9128","0.3034","False","18.218400000000003","16.9332","18.165","4.6147","21.3979","8","1","1","False","0"
"40272","1519274510896","1844128160711","1844128341737","18.229100000000003","18.102600000000002","0.1265","18.3121","0.38480000000000003","False","12.1837","18.2419","18.218400000000003","4.591200000000001","22.6938","8","1","1","False","0"
"40272","1519274510896","1844128343002","1844128470089","12.8338","12.7087","0.12510000000000002","12.724600000000002","0.2801","False","36.3149","12.8352","12.1837","3.9397","16.648400000000002","8","1","1","False","0"
"40272","1519274510896","1844128471340","1844128816936","34.7265","34.5596","0.16690000000000002","34.775400000000005","0.35400000000000004","False","18.1442","34.6847","36.3149","5.5699000000000005","40.1295","8","1","1","False","0"
"40272","1519274510896","1844128818605","1844128992060","17.626900000000003","17.3455","0.28140000000000004","17.5609","0.40850000000000003","False","278.7919","17.5124","18.1442","6.201700000000001","23.5472","8","1","1","False","0"
"40272","1519274510896","1844128994874","1844131806735","281.33500000000004","281.1861","0.1489","281.43170000000003","0.36060000000000003","False","6.064900000000001","281.46750000000003","278.7919","3.5261","284.7122","8","1","1","False","0"
"40272","1519274510896","1844131808224","1844131844071","3.7227","3.5847","0.138","3.5546","0.18280000000000002","False","115.13130000000001","3.7336","6.064900000000001","5.8574","9.4421","8","1","1","False","0"
"40272","1519274510896","1844131845451","1844133039395","119.5926","119.3944","0.19820000000000002","119.6893","0.30820000000000003","False","12.1262","119.53240000000001","115.13130000000001","1.4563000000000001","120.8507","8","1","1","False","0"
"40272","1519274510896","1844133041377","1844133125551","8.549000000000001","8.4174","0.1316","8.505","0.2503","False","6.0646","8.6156","12.1262","4.9669","13.384300000000001","8","1","1","False","0"
"40272","1519274510896","1844133126867","1844133185939","6.1328000000000005","5.9072000000000005","0.22560000000000002","6.0323","0.23950000000000002","False","6.0557","6.0388","6.0646","4.9927","10.8999","8","1","1","False","0"
