"ProcessId","SwapChain","CpuStartQpc","PresentStartQpc","CpuFrameMs","CpuBusyMs","CpuWaitMs","GpuTimeMs","GpuBusyMs","Dropped","DisplayedMs","BetweenPresentsMs","BetweenDisplayChangesMs","UntilDisplayedMs","DisplayLatencyMs","PresentMode","PresentRuntime","SyncInterval","AllowsTearing","FrameType"
"20980","2421264279040","1989801447026","1989801501080","5.8142000000000005","5.4054","0.4088","3.1001000000000003","0.35200000000000004","True","NaN","5.534000000000001","NaN","NaN","NaN","4","1","1","False","0"
"20980","2421264279040","1989801505168","1989801588756","8.4661","8.3588","0.1073","4.7963000000000005","0.3342","True","NaN","8.7676","NaN","NaN","NaN","4","1","1","False","0"
"20980","2421264279040","1989801589829","1989804216600","262.8548","262.6771","0.1777","0.2363","0.2318","True","NaN","262.7844","NaN","NaN","NaN","4","1","1","False","0"
"20980","2421264279040","1989804218377","1989806777013","256.0872","255.86360000000002","0.22360000000000002","0.2426","0.24020000000000002","True","NaN","256.04130000000004","NaN","NaN","NaN","4","1","1","False","0"
"20980","2421264279040","1989806779249","1989812172686","539.6639","539.3437","0.32020000000000004","0.2102","0.2069","True","NaN","539.5673","NaN","NaN","NaN","4","1","1","False","0"
"20980","2421264279040","1989812175888","1989817564372","539.0364999999999","538.8484","0.18810000000000002","0.40840000000000004","0.2561","True","NaN","539.1686","NaN","NaN","NaN","4","1","1","False","0"
"20980","2421264279040","1989817566253","1989801388212","0.42150000000000004","0","0.42150000000000004","238.2389","9.0989","True","NaN","0","NaN","NaN","NaN","4","1","1","False","0"
"20980","2421264279040","1989801392427","1989822957506","2156.6713","2156.5079","0.16340000000000002","0.265","0.2356","False","539.3926","2156.9294","NaN","11.7606","2168.2685","4","1","1","False","0"
"20980","2421264279040","1989822959140","1989828350753","539.3306","539.1613","0.1693","0.2822","0.2308","False","3236.3540000000003","539.3247","539.3926","11.8285","550.9898000000001","4","1","1","False","0"
"20980","2421264279040","1989828352446","1989833744969","539.4378","539.2523","0.1855","0.3776","0.37510000000000004","True","NaN","539.4216","NaN","NaN","NaN","4","1","1","False","0"
"20980","2421264279040","1989833746824","1989839139371","539.4300000000001","539.2547000000001","0.1753","0.3992","0.39530000000000004","True","NaN","539.4402","NaN","NaN","NaN","4","1","1","False","0"
"20980","2421264279040","1989839141124","1989844533851","539.4322999999999","539.2727","0.15960000000000002","0.44570000000000004","0.44380000000000003","True","NaN","539.448","NaN","NaN","NaN","4","1","1","False","0"
"20980","2421264279040","1989844535447","1989849926509","539.2481","539.1062000000001","0.1419","2.6174","2.6153","True","NaN","539.2658","NaN","NaN","NaN","4","1","1","False","0"
"20980","2421264279040","1989849927928","1989855325077","540.0112","539.7149000000001","0.2963","2.6464000000000003","2.6447000000000003","True","NaN","539.8568","NaN","NaN","NaN","4","1","1","False","0"
"20980","2421264279040","1989855328040","1989860716259","538.9728","538.8219","0.1509","2.1125000000000003","2.1084","False","1618.1772","539.1182","3236.3540000000003","11.6319","550.4538","4","1","1","False","0"
"20980","2421264279040","1989860717768","1989866154227","543.7841999999999","543.6459","0.1383","0.7615000000000001","0.7577","True","NaN","543.7968000000001","NaN","NaN","NaN","4","1","1","False","0"
"20980","2421264279040","1989866155610","1989871442006","528.8029","528.6396","0.1633","2.4496","2.4476","True","NaN","528.7779","NaN","NaN","NaN","4","1","1","False","0"
"20980","2421264279040","1989871443639","1989876896457","545.4821","545.2818","0.2003","2.7525","2.7508","False","2157.5935","545.4451","1618.1772","11.7893","557.0711","4","1","1","False","0"
"20980","2421264279040","1989876898460","1989882330376","543.3598","543.1916","0.16820000000000002","0.9871000000000001","0.9823000000000001","True","NaN","543.3919000000001","NaN","NaN","NaN","4","1","1","False","0"
"20980","2421264279040","1989882332058","1989887708857","537.8254","537.6799","0.14550000000000002","2.0128","2.0093","True","NaN","537.8481","NaN","NaN","NaN","4","1","1","False","0"
"20980","2421264279040","1989887710312","1989893113811","540.4757000000001","540.3499","0.1258","2.3159","2.313","True","NaN","540.4954","NaN","NaN","NaN","4","1","1","False","0"
"20980","2421264279040","1989893115069","1989898473573","536.0427000000001","535.8504","0.1923","2.3466","2.3445","False","3775.7564","535.9762000000001","2157.5935","11.6712","547.5216","4","1","1","False","0"
"20980","2421264279040","1989898475496","1989903866408","539.2710000000001","539.0912000000001","0.17980000000000002","1.3407","1.3376000000000001","True","NaN","539.2835","NaN","NaN","NaN","4","1","1","False","0"
"20980","2421264279040","1989903868206","1989909261839","539.5722999999999","539.3633","0.20900000000000002","1.3571","1.3543","True","NaN","539.5431","NaN","NaN","NaN","4","1","1","False","0"
"20980","2421264279040","1989909263929","1989914653917","539.1677000000001","538.9988000000001","0.1689","3.2858","3.2835","True","NaN","539.2078","NaN","NaN","NaN","4","1","1","False","0"
"20980","2421264279040","1989914655606","1989920052003","539.9014000000001","539.6397000000001","0.2617","4.468100000000001","4.4653","True","NaN","539.8086000000001","NaN","NaN","NaN","4","1","1","False","0"
"20980","2421264279040","1989920054620","1989925442670","539.0169000000001","538.8050000000001","0.2119","2.2406","2.2378","True","NaN","539.0667000000001","NaN","NaN","NaN","4","1","1","False","0"
"20980","2421264279040","1989925444789","1989930836547","539.3785","539.1758","0.20270000000000002","1.7171","1.7143000000000002","True","NaN","539.3877","NaN","NaN","NaN","4","1","1","False","0"
"20980","2421264279040","1989930838574","1989936253570","541.7168","541.4996","0.2172","1.7342000000000002","1.7291","False","539.4034","541.7023","3775.7564","9.427900000000001","550.9275","4","1","1","False","0"
"20980","2421264279040","1989936255742","1989941625861","537.1930000000001","537.0119000000001","0.1811","1.3292000000000002","1.3217","False","557.5829","537.2291","539.4034","11.6022","548.6141","4","1","1","False","0"
"20980","2421264279040","1989941627672","1989947201364","557.5728","557.3692","0.2036","1.2738","1.2706","False","12624.2455","557.5503","557.5829","11.6348","569.004","4","1","1","False","0"
"20980","2421264279040","1989947203400","1989950562945","336.0684","335.9545","0.1139","2.2373000000000003","2.2353","True","NaN","336.1581","NaN","NaN","NaN","4","1","1","False","0"
"20980","2421264279040","1989950564084","1990073439177","12287.686599999999","12287.5093","0.1773","12285.2278","0.6808000000000001","False","30.222","12287.6232","12624.2455","12.099","12299.6083","4","1","1","False","0"
"20980","2421264279040","1990073440950","1990073772604","33.3682","33.1654","0.2028","27.6702","0.4464","False","24.2455","33.3427","30.222","8.9783","42.1437","4","1","1","False","0"
"20980","2421264279040","1990073774632","1990074029681","25.6824","25.504900000000003","0.17750000000000002","22.9246","0.4655","False","96.9976","25.707700000000003","24.2455","7.516100000000001","33.021","4","1","1","False","0"
"20980","2421264279040","1990074031456","1990074586526","55.7066","55.507000000000005","0.1996","54.622800000000005","0.5318","True","NaN","55.6845","NaN","NaN","NaN","4","1","1","False","0"
"20980","2421264279040","1990074588522","1990074999469","41.273","41.0947","0.17830000000000001","35.2014","0.442","False","54.5589","41.2943","96.9976","7.5349","48.6296","4","1","1","False","0"
"20980","2421264279040","1990075001252","1990075260044","26.127000000000002","25.8792","0.24780000000000002","24.9176","0.46530000000000005","True","NaN","26.0575","NaN","NaN","NaN","4","1","1","False","0"
"20980","2421264279040","1990075262522","1990075551426","29.1204","28.8904","0.23","23.7402","0.44170000000000004","False","175.72670000000002","29.1382","54.5589","6.8981","35.7885","4","1","1","False","0"
"20980","2421264279040","1990075553726","1990076037182","48.53640000000001","48.345600000000005","0.1908","48.2329","0.6167","True","NaN","48.5756","NaN","NaN","NaN","4","1","1","False","0"
"20980","2421264279040","1990076039090","1990076617684","58.022","57.8594","0.1626","57.6618","0.33390000000000003","True","NaN","58.050200000000004","NaN","NaN","NaN","4","1","1","False","0"
"20980","2421264279040","1990076619310","1990077074276","45.6895","45.4966","0.19290000000000002","42.6881","0.4111","True","NaN","45.659200000000006","NaN","NaN","NaN","4","1","1","False","0"
"20980","2421264279040","1990077076205","1990077306194","23.1776","22.998900000000003","0.1787","17.362300000000005","0.42300000000000004","False","612.1207","23.1918","175.72670000000002","7.148000000000001","30.146900000000002","4","1","1","False","0"
"20980","2421264279040","1990077307981","1990077748328","44.179","44.0347","0.1443","41.7607","0.4103","True","NaN","44.2134","NaN","NaN","NaN","4","1","1","False","0"
"20980","2421264279040","1990077749771","1990078309718","56.2231","55.9947","0.22840000000000002","51.0566","0.4222","True","NaN","56.139","NaN","NaN","NaN","4","1","1","False","0"
"20980","2421264279040","1990078312002","1990078662034","35.2671","35.0032","0.2639","31.7767","0.41100000000000003","True","NaN","35.2316","NaN","NaN","NaN","4","1","1","False","0"
"20980","2421264279040","1990078664673","1990079030226","36.772600000000004","36.5553","0.21730000000000002","32.2018","0.40140000000000003","True","NaN","36.8192","NaN","NaN","NaN","4","1","1","False","0"
"20980","2421264279040","1990079032399","1990079215751","18.442","18.3352","0.1068","0.4863","0.45420000000000005","True","NaN","18.552500000000002","NaN","NaN","NaN","4","1","1","False","0"
"20980","2421264279040","1990079216819","1990079470109","25.468600000000002","25.329","0.1396","21.4144","0.3971","True","NaN","25.4358","NaN","NaN","NaN","4","1","1","False","0"
"20980","2421264279040","1990079471505","1990079928060","45.8967","45.6555","0.2412","43.197300000000006","0.4456","True","NaN","45.795100000000005","NaN","NaN","NaN","4","1","1","False","0"
"20980","2421264279040","1990079930472","1990080194531","26.599300000000003","26.405900000000003","0.19340000000000002","21.338","0.44720000000000004","True","NaN","26.647100000000002","NaN","NaN","NaN","4","1","1","False","0"
"20980","2421264279040","1990080196465","1990080431361","23.651799999999998","23.4896","0.1622","20.809","0.42900000000000005","True","NaN","23.683","NaN","NaN","NaN","4","1","1","False","0"
"20980","2421264279040","1990080432983","1990080741012","31.0275","30.8029","0.22460000000000002","27.5437","0.4932","True","NaN","30.965100000000003","NaN","NaN","NaN","4","1","1","False","0"
"20980","2421264279040","1990080743258","1990081058541","31.715700000000002","31.5283","0.1874","28.9529","0.4264","True","NaN","31.7529","NaN","NaN","NaN","4","1","1","False","0"
"20980","2421264279040","1990081060415","1990081304403","24.597800000000003","24.3988","0.199","23.3063","0.4349","True","NaN","24.5862","NaN","NaN","NaN","4","1","1","False","0"
"20980","2421264279040","1990081306393","1990081629042","32.452400000000004","32.264900000000004","0.1875","31.5209","0.4142","True","NaN","32.4639","NaN","NaN","NaN","4","1","1","False","0"
"20980","2421264279040","1990081630917","1990081827871","19.830099999999998","19.6954","0.13470000000000001","0.3284","0.2657","True","NaN","19.8829","NaN","NaN","NaN","4","1","1","False","0"
"20980","2421264279040","1990081829218","1990082075842","24.858500000000003","24.6624","0.1961","21.694100000000002","0.4428","True","NaN","24.7971","NaN","NaN","NaN","4","1","1","False","0"
"20980","2421264279040","1990082077803","1990082275114","19.904700000000002","19.7311","0.1736","17.3006","0.4072","True","NaN","19.927200000000003","NaN","NaN","NaN","4","1","1","False","0"
"20980","2421264279040","1990082276850","1990083414683","114.04090000000001","113.78330000000001","0.2576","113.1611","0.41750000000000004","False","48.461000000000006","113.9569","612.1207","8.4198","122.2031","4","1","1","False","0"
"20980","2421264279040","1990083417259","1990083667572","25.211000000000002","25.0313","0.1797","23.218700000000002","0.41240000000000004","True","NaN","25.2889","NaN","NaN","NaN","4","1","1","False","0"
"20980","2421264279040","1990083669369","1990083897517","23.0084","22.8148","0.19360000000000002","21.9673","0.3992","False","48.5124","22.994500000000002","48.461000000000006","8.5974","31.412200000000002","4","1","1","False","0"
"20980","2421264279040","1990083899453","1990084168993","27.1555","26.954","0.2015","24.87","0.43110000000000004","True","NaN","27.1476","NaN","NaN","NaN","4","1","1","False","0"
"20980","2421264279040","1990084171008","1990084378793","20.9708","20.7785","0.1923","15.588600000000001","0.405","False","84.8317","20.98","48.5124","8.9822","29.7607","4","1","1","False","0"
"20980","2421264279040","1990084380716","1990084580704","20.151899999999998","19.9988","0.1531","17.5429","0.4157","True","NaN","20.191100000000002","NaN","NaN","NaN","4","1","1","False","0"
"20980","2421264279040","1990084582235","1990084874699","29.433","29.2464","0.18660000000000002","28.7699","0.3196","True","NaN","29.3995","NaN","NaN","NaN","4","1","1","False","0"
"20980","2421264279040","1990084876565","1990085232890","35.9104","35.6325","0.27790000000000004","34.3215","0.4681","False","18.1753","35.8191","84.8317","8.404200000000001","44.0367","4","1","1","False","0"
"20980","2421264279040","1990085235669","1990085417748","18.4036","18.207900000000002","0.1957","16.3855","0.3184","False","90.9231","18.4858","18.1753","8.0937","26.3016","4","1","1","False","0"
"20980","2421264279040","1990085419705","1990085711679","29.370500000000003","29.197400000000002","0.1731","27.6426","0.4344","True","NaN","29.3931","NaN","NaN","NaN","4","1","1","False","0"
"20980","2421264279040","1990085713410","1990086064628","35.2932","35.1218","0.1714","32.6002","0.39740000000000003","True","NaN","35.2949","NaN","NaN","NaN","4","1","1","False","0"
"20980","2421264279040","1990086066342","1990086337478","27.308500000000002","27.1136","0.19490000000000002","23.3883","0.5232","False","54.561600000000006","27.285","90.9231","7.0438","34.1574","4","1","1","False","0"
"20980","2421264279040","1990086339427","1990086579709","24.200100000000003","24.028200000000002","0.1719","23.5503","0.4186","True","NaN","24.223100000000002","NaN","NaN","NaN","4","1","1","False","0"
"20980","2421264279040","1990086581428","1990086846066","26.6185","26.463800000000003","0.1547","25.922","0.4052","False","121.229","26.6357","54.561600000000006","10.7466","37.2104","4","1","1","False","0"
"20980","2421264279040","1990086847613","1990087117165","27.1922","26.9552","0.23700000000000002","22.679000000000002","0.40280000000000005","True","NaN","27.1099","NaN","NaN","NaN","4","1","1","False","0"
"20980","2421264279040","1990087119535","1990087434741","31.772100000000002","31.5206","0.2515","30.310200000000002","0.403","True","NaN","31.7576","NaN","NaN","NaN","4","1","1","False","0"
"20980","2421264279040","1990087437256","1990087685943","25.0736","24.8687","0.2049","19.0259","0.5401","True","NaN","25.1202","NaN","NaN","NaN","4","1","1","False","0"
"20980","2421264279040","1990087687992","1990088060471","37.4017","37.2479","0.15380000000000002","32.190000000000005","0.40180000000000005","False","54.498000000000005","37.4528","121.229","10.5351","47.783","4","1","1","False","0"
"20980","2421264279040","1990088062009","1990088337714","27.742900000000002","27.570500000000003","0.1724","23.5183","0.445","True","NaN","27.724300000000003","NaN","NaN","NaN","4","1","1","False","0"
"20980","2421264279040","1990088339438","1990088642410","30.4808","30.2972","0.1836","29.832","0.4294","False","36.3828","30.4696","54.498000000000005","6.8392","37.1364","4","1","1","False","0"
"20980","2421264279040","1990088644246","1990088957733","31.5267","31.3487","0.17800000000000002","31.052300000000002","0.32030000000000003","False","24.245900000000002","31.532300000000003","36.3828","11.6897","43.0384","4","1","1","False","0"
"20980","2421264279040","1990088959513","1990089226085","26.8401","26.6572","0.1829","21.4758","0.42560000000000003","False","90.8909","26.8352","24.245900000000002","9.1004","35.757600000000004","4","1","1","False","0"
"20980","2421264279040","1990089227914","1990089733217","50.757200000000005","50.530300000000004","0.22690000000000002","48.0067","0.4304","True","NaN","50.7132","NaN","NaN","NaN","4","1","1","False","0"
"20980","2421264279040","1990089735486","1990090116807","38.3572","38.1321","0.22510000000000002","37.9047","0.34340000000000004","False","42.4197","38.359","90.8909","10.9191","49.0512","4","1","1","False","0"
"20980","2421264279040","1990090119058","1990090346134","22.8771","22.7076","0.1695","0.4017","0.2712","True","NaN","22.9327","NaN","NaN","NaN","4","1","1","False","0"
"20980","2421264279040","1990090347829","1990090548679","20.2595","20.085","0.17450000000000002","14.3506","0.4309","False","24.2318","20.2545","42.4197","10.1516","30.236600000000003","4","1","1","False","0"
"20980","2421264279040","1990090550424","1990090793646","24.531900000000004","24.322200000000002","0.2097","20.6276","0.4193","False","121.2228","24.4967","24.2318","9.886700000000001","34.2089","4","1","1","False","0"
"20980","2421264279040","1990090795743","1990091094464","30.044300000000003","29.872100000000003","0.17220000000000002","26.5227","0.4343","True","NaN","30.0818","NaN","NaN","NaN","4","1","1","False","0"
"20980","2421264279040","1990091096186","1990091284876","19.0799","18.869","0.2109","15.3099","0.4048","True","NaN","19.0412","NaN","NaN","NaN","4","1","1","False","0"
"20980","2421264279040","1990091286985","1990091458532","17.3658","17.154700000000002","0.2111","14.510000000000002","0.4334","True","NaN","17.3656","NaN","NaN","NaN","4","1","1","False","0"
"20980","2421264279040","1990091460643","1990091781822","32.3834","32.1179","0.2655","28.6093","0.40700000000000003","True","NaN","32.329","NaN","NaN","NaN","4","1","1","False","0"
"20980","2421264279040","1990091784477","1990092023383","24.094700000000003","23.890600000000003","0.2041","22.7653","0.6828000000000001","False","36.3724","24.156100000000002","121.2228","8.1358","32.0264","4","1","1","False","0"
"20980","2421264279040","1990092025424","1990092166084","14.3381","14.066","0.2721","12.7718","0.8376","True","NaN","14.270100000000001","NaN","NaN","NaN","4","1","1","False","0"
"20980","2421264279040","1990092168805","1990092347740","18.093899999999998","17.8935","0.20040000000000002","12.6973","0.7365","False","48.4789","18.1656","36.3724","12.0725","29.966","4","1","1","False","0"
"20980","2421264279040","1990092349744","1990092628505","28.0926","27.8761","0.2165","22.5596","0.7250000000000001","True","NaN","28.076500000000003","NaN","NaN","NaN","4","1","1","False","0"
"20980","2421264279040","1990092630670","1990092837539","20.9063","20.6869","0.2194","19.2915","0.7041000000000001","False","54.545300000000005","20.9034","48.4789","11.5715","32.2584","4","1","1","False","0"
"20980","2421264279040","1990092839733","1990093041664","20.4322","20.1931","0.2391","15.437100000000001","0.7275","True","NaN","20.4125","NaN","NaN","NaN","4","1","1","False","0"
"20980","2421264279040","1990093044055","1990093193948","15.1859","14.9893","0.1966","12.489500000000001","0.7030000000000001","True","NaN","15.2284","NaN","NaN","NaN","4","1","1","False","0"
"20980","2421264279040","1990093195914","1990093385083","19.0864","18.916900000000002","0.1695","13.4138","0.7141000000000001","False","72.7389","19.113500000000002","54.545300000000005","11.362400000000001","30.279300000000003","4","1","1","False","0"
"20980","2421264279040","1990093386778","1990093610144","22.5749","22.3366","0.2383","17.724600000000002","0.7312000000000001","True","NaN","22.5061","NaN","NaN","NaN","4","1","1","False","0"
"20980","2421264279040","1990093612527","1990093797099","18.651600000000002","18.4572","0.19440000000000002","18.3135","0.6156","True","NaN","18.695500000000003","NaN","NaN","NaN","4","1","1","False","0"
"20980","2421264279040","1990093799043","1990093928051","13.0539","12.9008","0.1531","0.4647","0.4161","True","NaN","13.0952","NaN","NaN","NaN","4","1","1","False","0"
"20980","2421264279040","1990093929582","1990094137737","21.0032","20.8155","0.1877","15.949800000000002","0.7325","False","30.329900000000002","20.968600000000002","72.7389","8.8359","29.651400000000002","4","1","1","False","0"
"20980","2421264279040","1990094139614","1990094297531","15.981900000000001","15.7917","0.1902","13.7481","0.7712","True","NaN","15.9794","NaN","NaN","NaN","4","1","1","False","0"
"20980","2421264279040","1990094299433","1990094459962","16.2622","16.0529","0.2093","11.8413","0.7434000000000001","False","18.1435","16.243100000000002","30.329900000000002","6.943300000000001","22.9962","4","1","1","False","0"
"20980","2421264279040","1990094462055","1990094637686","17.800600000000003","17.563100000000002","0.23750000000000002","17.5162","0.5741","False","84.8387","17.7724","18.1435","7.3144","24.8775","4","1","1","False","0"
"20980","2421264279040","1990094640061","1990094734285","9.6893","9.4224","0.2669","9.022","0.7396","True","NaN","9.6599","NaN","NaN","NaN","4","1","1","False","0"
"20980","2421264279040","1990094736954","1990094924829","18.970100000000002","18.7875","0.1826","15.9097","0.7524000000000001","True","NaN","19.0544","NaN","NaN","NaN","4","1","1","False","0"
"20980","2421264279040","1990094926655","1990095121622","19.7239","19.4967","0.2272","17.4158","0.7232000000000001","True","NaN","19.6793","NaN","NaN","NaN","4","1","1","False","0"
"20980","2421264279040","1990095123894","1990095278947","15.743500000000001","15.5053","0.23820000000000002","14.9723","0.7442000000000001","True","NaN","15.7325","NaN","NaN","NaN","4","1","1","False","0"
"20980","2421264279040","1990095281329","1990095451093","17.2128","16.9764","0.2364","13.989500000000001","0.7577","False","115.1413","17.2146","84.8387","10.8124","27.788800000000002","4","1","1","False","0"
"20980","2421264279040","1990095453457","1990095543767","9.270000000000001","9.031","0.23900000000000002","0.5014000000000001","0.4525","True","NaN","9.2674","NaN","NaN","NaN","4","1","1","False","0"
"20980","2421264279040","1990095546157","1990095686036","14.244600000000002","13.987900000000002","0.25670000000000004","13.342600000000001","0.781","True","NaN","14.2269","NaN","NaN","NaN","4","1","1","False","0"
"20980","2421264279040","1990095688603","1990095923300","23.7413","23.4697","0.2716","18.829100000000004","0.7599","True","NaN","23.7264","NaN","NaN","NaN","4","1","1","False","0"
"20980","2421264279040","1990095926016","1990096051441","12.71","12.5425","0.1675","0.47300000000000003","0.4686","True","NaN","12.8141","NaN","NaN","NaN","4","1","1","False","0"
"20980","2421264279040","1990096053116","1990096194424","14.3125","14.1308","0.1817","0.6151","0.5193","True","NaN","14.298300000000001","NaN","NaN","NaN","4","1","1","False","0"
"20980","2421264279040","1990096196241","1990096328800","13.438500000000001","13.2559","0.1826","10.8964","0.7706000000000001","True","NaN","13.4376","NaN","NaN","NaN","4","1","1","False","0"
"20980","2421264279040","1990096330626","1990096485435","15.652","15.4809","0.1711","14.424900000000001","0.7664000000000001","True","NaN","15.6635","NaN","NaN","NaN","4","1","1","False","0"
"20980","2421264279040","1990096487146","1990096620867","13.594700000000001","13.372100000000001","0.22260000000000002","9.7325","0.7497","False","48.496500000000005","13.5432","115.1413","8.9763","22.3484","4","1","1","False","0"
"20980","2421264279040","1990096623093","1990096836062","21.5047","21.2969","0.2078","19.1299","0.629","True","NaN","21.5195","NaN","NaN","NaN","4","1","1","False","0"
"20980","2421264279040","1990096838140","1990096941582","10.5595","10.3442","0.21530000000000002","0.5242","0.43620000000000003","True","NaN","10.552000000000001","NaN","NaN","NaN","4","1","1","False","0"
"20980","2421264279040","1990096943735","1990097112933","17.167900000000003","16.919800000000002","0.24810000000000001","16.5405","0.6075","False","127.2716","17.1351","48.496500000000005","8.2662","25.186","4","1","1","False","0"
"20980","2421264279040","1990097115414","1990097230132","11.6414","11.4718","0.1696","10.1469","0.8016000000000001","True","NaN","11.7199","NaN","NaN","NaN","4","1","1","False","0"
"20980","2421264279040","1990097231828","1990097377297","14.8407","14.5469","0.2938","12.7439","0.8104","True","NaN","14.7165","NaN","NaN","NaN","4","1","1","False","0"
"20980","2421264279040","1990097380235","1990097561055","18.356","18.082","0.274","12.928700000000001","0.7973","True","NaN","18.3758","NaN","NaN","NaN","4","1","1","False","0"
"20980","2421264279040","1990097563795","1990097733685","17.1878","16.989","0.1988","12.0014","0.8467","True","NaN","17.263","NaN","NaN","NaN","4","1","1","False","0"
"20980","2421264279040","1990097735673","1990097911750","17.816200000000002","17.6077","0.20850000000000002","11.602500000000001","0.7977000000000001","True","NaN","17.8065","NaN","NaN","NaN","4","1","1","False","0"
"20980","2421264279040","1990097913835","1990098072307","16.0578","15.8472","0.2106","15.554300000000001","0.767","True","NaN","16.0557","NaN","NaN","NaN","4","1","1","False","0"
"20980","2421264279040","1990098074413","1990098236276","16.381999999999998","16.1863","0.1957","13.756200000000002","0.8103","True","NaN","16.396900000000002","NaN","NaN","NaN","4","1","1","False","0"
"20980","2421264279040","1990098238233","1990098372740","13.794200000000002","13.450700000000001","0.3435","9.203100000000001","0.7905000000000001","False","42.430600000000005","13.6464","127.2716","9.5571","23.0078","4","1","1","False","0"
"20980","2421264279040","1990098376175","1990098602631","22.8977","22.6456","0.2521","20.141000000000002","0.8166","True","NaN","22.9891","NaN","NaN","NaN","4","1","1","False","0"
"20980","2421264279040","1990098605152","1990098817632","21.599","21.248","0.35100000000000003","17.3751","0.7999","False","121.21010000000001","21.5001","42.430600000000005","7.4985","28.7465","4","1","1","False","0"
"20980","2421264279040","1990098821142","1990099009114","19.0972","18.7972","0.3","18.3992","0.7816000000000001","True","NaN","19.1482","NaN","NaN","NaN","4","1","1","False","0"
"20980","2421264279040","1990099012114","1990099251055","24.111900000000002","23.8941","0.21780000000000002","18.253500000000003","0.8116","True","NaN","24.194100000000002","NaN","NaN","NaN","4","1","1","False","0"
"20980","2421264279040","1990099253233","1990099439836","18.9306","18.6603","0.27030000000000004","12.8885","0.8254","True","NaN","18.8781","NaN","NaN","NaN","4","1","1","False","0"
"20980","2421264279040","1990099442539","1990099640989","20.1094","19.845000000000002","0.2644","14.868400000000001","0.8284","True","NaN","20.1153","NaN","NaN","NaN","4","1","1","False","0"
"20980","2421264279040","1990099643633","1990099847934","20.657899999999998","20.4301","0.2278","17.384900000000002","0.881","True","NaN","20.6945","NaN","NaN","NaN","4","1","1","False","0"
"20980","2421264279040","1990099850212","1990100031036","18.372799999999998","18.0824","0.2904","17.613400000000002","0.6906","False","42.4194","18.310200000000002","121.21010000000001","7.368200000000001","25.4506","4","1","1","False","0"
"20980","2421264279040","1990100033940","1990100247308","21.5428","21.3368","0.20600000000000002","20.9576","0.8570000000000001","True","NaN","21.627200000000002","NaN","NaN","NaN","4","1","1","False","0"
"20980","2421264279040","1990100249368","1990100447039","19.959899999999998","19.7671","0.1928","16.657","0.8502000000000001","False","109.11210000000001","19.973100000000002","42.4194","8.1873","27.9544","4","1","1","False","0"
"20980","2421264279040","1990100448967","1990100662461","21.6117","21.3494","0.26230000000000003","20.107400000000002","1.0482","True","NaN","21.5422","NaN","NaN","NaN","4","1","1","False","0"
"20980","2421264279040","1990100665084","1990100931764","26.9124","26.668000000000003","0.2444","22.7435","0.8408","True","NaN","26.930300000000003","NaN","NaN","NaN","4","1","1","False","0"
"20980","2421264279040","1990100934208","1990101165565","23.374","23.1357","0.2383","21.8383","0.8081","True","NaN","23.380100000000002","NaN","NaN","NaN","4","1","1","False","0"
"20980","2421264279040","1990101167948","1990101415801","25.075","24.7853","0.2897","22.659100000000002","0.8607","True","NaN","25.023600000000002","NaN","NaN","NaN","4","1","1","False","0"
"20980","2421264279040","1990101418698","1990101575825","15.9488","15.7127","0.2361","0.7169","0.7140000000000001","False","30.2801","16.0024","109.11210000000001","4.4208","20.1335","8","1","1","False","0"
"20980","2421264279040","1990101578186","1990101891738","31.5564","31.3552","0.20120000000000002","31.5194","0.7088","False","18.1855","31.5913","30.2801","3.1096000000000004","34.464800000000004","8","1","1","False","0"
"20980","2421264279040","1990101893750","1990102054660","16.256","16.091","0.165","16.2967","0.7050000000000001","False","24.2408","16.2922","18.1855","5.0029","21.0939","8","1","1","False","0"
"20980","2421264279040","1990102056310","1990102291438","23.685100000000002","23.512800000000002","0.1723","23.6844","0.7040000000000001","False","18.194100000000002","23.6778","24.2408","5.5659","29.0787","8","1","1","False","0"
"20980","2421264279040","1990102293161","1990102491518","20.0702","19.8357","0.23450000000000001","20.0596","0.7588","False","30.297500000000003","20.008000000000003","18.194100000000002","3.7520000000000002","23.5877","8","1","1","False","0"
"20980","2421264279040","1990102493863","1990102786096","29.364700000000003","29.223300000000002","0.1414","29.393","0.7120000000000001","False","18.1952","29.457800000000002","30.297500000000003","4.5917","33.815000000000005","8","1","1","False","0"
"20980","2421264279040","1990102787510","1990102952933","16.933600000000002","16.5423","0.39130000000000004","16.864800000000002","0.7005","False","24.240000000000002","16.6837","18.1952","6.1032","22.645500000000002","8","1","1","False","0"
"20980","2421264279040","1990102956846","1990103190204","23.580000000000002","23.335800000000003","0.2442","23.5993","0.7175","False","30.284000000000002","23.7271","24.240000000000002","6.6161","29.951900000000002","8","1","1","False","0"
"20980","2421264279040","1990103192646","1990103500835","31.1031","30.818900000000003","0.2842","31.073500000000003","0.6991","False","18.2007","31.063100000000002","30.284000000000002","5.837000000000001","36.6559","8","1","1","False","0"
"20980","2421264279040","1990103503677","1990103678057","17.631200000000003","17.438000000000002","0.1932","17.6829","0.7123","False","36.348400000000005","17.7222","18.2007","6.3155","23.753500000000003","8","1","1","False","0"
"20980","2421264279040","1990103679989","1990104051281","37.51350000000001","37.129200000000004","0.38430000000000003","38.7683","2.1062000000000003","False","24.2319","37.3224","36.348400000000005","5.3415","42.4707","8","1","1","False","0"
"20980","2421264279040","1990104055124","1990104331312","27.9132","27.6188","0.2944","26.9388","1.0169000000000001","False","24.277","28.0031","24.2319","1.5703","29.1891","8","1","1","False","0"
"20980","2421264279040","1990104334256","1990104525240","19.2817","19.0984","0.18330000000000002","19.0308","0.7238","False","18.1783","19.3928","24.277","6.4545","25.5529","8","1","1","False","0"
"20980","2421264279040","1990104527073","1990104740611","21.5377","21.3538","0.1839","21.521800000000002","0.7187","False","30.2965","21.537100000000002","18.1783","3.0957000000000003","24.4495","8","1","1","False","0"
"20980","2421264279040","1990104742450","1990105005573","26.4981","26.3123","0.18580000000000002","26.586100000000002","1.0434","False","30.2876","26.4962","30.2965","6.896","33.2083","8","1","1","False","0"
"20980","2421264279040","1990105007431","1990105305906","30.1081","29.8475","0.2606","31.095000000000002","1.8341","False","18.1893","30.0333","30.2876","7.1503000000000005","36.997800000000005","8","1","1","False","0"
"20980","2421264279040","1990105308512","1990105541181","23.599899999999998","23.2669","0.333","22.492900000000002","0.7398","False","24.232200000000002","23.5275","18.1893","1.8121","25.079","8","1","1","False","0"
"20980","2421264279040","1990105544511","1990105763022","22.0329","21.851100000000002","0.18180000000000002","22.674300000000002","1.3113000000000001","False","24.252000000000002","22.1841","24.232200000000002","3.8602000000000003","25.7113","8","1","1","False","0"
"20980","2421264279040","1990105764840","1990106000409","23.778000000000002","23.556900000000002","0.22110000000000002","24.165400000000005","1.7766000000000002","False","24.233800000000002","23.7387","24.252000000000002","4.3735","27.930400000000002","8","1","1","False","0"
"20980","2421264279040","1990106002620","1990106244801","24.4514","24.2181","0.2333","25.5212","2.7842000000000002","False","24.239800000000002","24.4392","24.233800000000002","4.1681","28.386200000000002","8","1","1","False","0"
"20980","2421264279040","1990106247134","1990106506310","26.1614","25.9176","0.24380000000000002","24.728300000000004","1.3742","False","18.210900000000002","26.1509","24.239800000000002","2.257","28.1746","8","1","1","False","0"
"20980","2421264279040","1990106508748","1990106662074","15.5484","15.332600000000001","0.21580000000000002","14.918800000000001","0.7406","False","30.271500000000003","15.576400000000001","18.210900000000002","4.891500000000001","20.2241","8","1","1","False","0"
"20980","2421264279040","1990106664232","1990106981149","32.1062","31.6917","0.41450000000000004","32.7411","1.4837","False","18.195800000000002","31.907500000000002","30.271500000000003","3.2555","34.9472","8","1","1","False","0"
"20980","2421264279040","1990106985294","1990107133226","15.117700000000001","14.7932","0.3245","14.370700000000001","0.748","False","18.168200000000002","15.2077","18.195800000000002","6.243600000000001","21.0368","8","1","1","False","0"
"20980","2421264279040","1990107136471","1990107366470","23.183600000000002","22.9999","0.1837","23.343","0.7627","False","24.2712","23.3244","18.168200000000002","1.0874000000000001","24.087300000000003","8","1","1","False","0"
"20980","2421264279040","1990107368307","1990107553434","18.774","18.512700000000002","0.26130000000000003","18.7296","0.7517","False","18.1674","18.6964","24.2712","6.6622","25.1749","8","1","1","False","0"
"20980","2421264279040","1990107556047","1990107740802","18.7669","18.4755","0.2914","18.767500000000002","0.7491","False","18.1833","18.736800000000002","18.1674","6.0928","24.5683","8","1","1","False","0"
"20980","2421264279040","1990107743716","1990107943332","20.1351","19.9616","0.17350000000000002","20.2593","0.8523000000000001","False","18.189","20.253","18.1833","4.0231","23.9847","8","1","1","False","0"
"20980","2421264279040","1990107945067","1990108139503","19.7241","19.4436","0.2805","19.6338","0.7811","False","24.2296","19.6171","18.189","2.595","22.038600000000002","8","1","1","False","0"
"20980","2421264279040","1990108142308","1990108367791","22.771800000000002","22.5483","0.2235","23.9374","1.9039000000000001","False","18.197300000000002","22.8288","24.2296","3.9958","26.5441","8","1","1","False","0"
"20980","2421264279040","1990108370026","1990108577245","20.984900000000003","20.7219","0.263","19.7622","0.755","False","24.2179","20.9454","18.197300000000002","1.2477","21.9696","8","1","1","False","0"
"20980","2421264279040","1990108579875","1990108775117","19.8215","19.5242","0.2973","19.767000000000003","0.7477","False","12.1189","19.787200000000002","24.2179","5.6784","25.2026","8","1","1","False","0"
"20980","2421264279040","1990108778090","1990108933134","15.7235","15.5044","0.21910000000000002","15.8506","0.7879","False","24.248800000000003","15.8017","12.1189","1.9956","17.5","8","1","1","False","0"
"20980","2421264279040","1990108935325","1990109170747","23.7359","23.5422","0.1937","24.4554","1.4879","False","24.2441","23.761300000000002","24.248800000000003","2.4831000000000003","26.0253","8","1","1","False","0"
"20980","2421264279040","1990109172684","1990109380688","21.1116","20.8004","0.31120000000000003","20.4845","0.8724000000000001","False","18.1735","20.9941","24.2441","5.7331","26.5335","8","1","1","False","0"
"20980","2421264279040","1990109383800","1990109596495","21.5201","21.2695","0.2506","21.389300000000002","0.7649","False","18.1814","21.5807","18.1735","2.3259000000000003","23.5954","8","1","1","False","0"
"20980","2421264279040","1990109599001","1990109734029","13.677900000000001","13.5028","0.1751","14.1056","1.1586","False","12.1388","13.753400000000001","18.1814","6.753900000000001","20.256700000000002","8","1","1","False","0"
"20980","2421264279040","1990109735780","1990109877397","14.382500000000002","14.161700000000002","0.22080000000000002","14.745000000000001","1.5334","False","24.239","14.3368","12.1388","4.5559","18.7176","8","1","1","False","0"
"20980","2421264279040","1990109879605","1990110102298","22.4553","22.2693","0.186","23.353","2.4233000000000002","False","18.1995","22.4901","24.239","6.3048","28.5741","8","1","1","False","0"
"20980","2421264279040","1990110104158","1990110299167","19.7418","19.5009","0.2409","18.6446","1.3425","False","12.0891","19.6869","18.1995","4.8174","24.3183","8","1","1","False","0"
"20980","2421264279040","1990110301576","1990110450967","15.204800000000002","14.939100000000002","0.2657","14.409600000000001","0.5597","False","12.182400000000001","15.180000000000001","12.0891","1.7265000000000001","16.6656","8","1","1","False","0"
"20980","2421264279040","1990110453624","1990110544898","9.3883","9.1274","0.2609","10.3436","1.504","False","18.1121","9.3931","12.182400000000001","4.5158000000000005","13.6432","8","1","1","False","0"
"20980","2421264279040","1990110547507","1990110756854","21.171","20.9347","0.2363","20.869300000000003","1.2213","False","18.1919","21.195600000000002","18.1121","1.4323000000000001","22.367","8","1","1","False","0"
"20980","2421264279040","1990110759217","1990110908165","15.3273","14.8948","0.4325","15.4244","1.4115","False","12.151","15.1311","18.1919","4.4931","19.387900000000002","8","1","1","False","0"
"20980","2421264279040","1990110912490","1990111020157","11.004900000000001","10.7667","0.23820000000000002","10.5165","0.8256","False","18.1641","11.199200000000001","12.151","5.4449000000000005","16.2116","8","1","1","False","0"
"20980","2421264279040","1990111022539","1990111225510","20.5167","20.2971","0.21960000000000002","20.5215","0.8127000000000001","False","18.1723","20.5353","18.1641","3.0737","23.370800000000003","8","1","1","False","0"
"20980","2421264279040","1990111227706","1990111400233","17.5506","17.2527","0.2979","17.480900000000002","0.8076","False","18.188000000000002","17.4723","18.1723","3.7737000000000003","21.026400000000002","8","1","1","False","0"
"20980","2421264279040","1990111403212","1990111557918","15.6795","15.470600000000001","0.2089","16.1735","1.2409000000000001","False","12.128300000000001","15.768500000000001","18.188000000000002","6.1932","21.663800000000002","8","1","1","False","0"
"20980","2421264279040","1990111560007","1990111691368","13.3696","13.1361","0.2335","12.9459","0.8196","False","18.2499","13.345","12.128300000000001","4.976500000000001","18.1126","8","1","1","False","0"
"20980","2421264279040","1990111693703","1990111893290","20.2628","19.9587","0.30410000000000004","20.2054","0.8260000000000001","False","18.1039","20.1922","18.2499","3.0342000000000002","22.992900000000002","8","1","1","False","0"
"20980","2421264279040","1990111896331","1990112069307","17.4671","17.2976","0.1695","17.5177","0.7913","False","12.1133","17.6017","18.1039","3.5364","20.834","8","1","1","False","0"
"20980","2421264279040","1990112071002","1990112203801","13.475000000000001","13.279900000000001","0.1951","13.4427","0.7933","False","18.1903","13.4494","12.1133","2.2003","15.4802","8","1","1","False","0"
"20980","2421264279040","1990112205752","1990112389444","18.6143","18.3692","0.2451","18.6081","0.7816000000000001","False","18.1966","18.5643","18.1903","1.8263","20.195500000000003","8","1","1","False","0"
"20980","2421264279040","1990112391895","1990112528787","13.886700000000001","13.689200000000001","0.1975","13.9342","0.7979","False","12.1243","13.9343","18.1966","6.0886000000000005","19.777800000000003","8","1","1","False","0"
"20980","2421264279040","1990112530762","1990112652177","12.4015","12.1415","0.26","12.338000000000001","0.8021","False","18.163800000000002","12.339","12.1243","5.8739","18.0154","8","1","1","False","0"
"20980","2421264279040","1990112654777","1990112857079","20.4202","20.2302","0.19","21.4887","1.8069000000000002","False","12.1296","20.4902","18.163800000000002","3.5475000000000003","23.7777","8","1","1","False","0"
"20980","2421264279040","1990112858979","1990112973696","11.6995","11.4717","0.2278","11.1573","1.2671000000000001","False","18.189","11.6617","12.1296","4.0154000000000005","15.4871","8","1","1","False","0"
"20980","2421264279040","1990112975974","1990113134357","16.0186","15.8383","0.18030000000000002","15.338500000000002","0.8053","False","18.1692","16.066100000000002","18.189","6.1383","21.9766","8","1","1","False","0"
"20980","2421264279040","1990113136160","1990113301847","16.7733","16.5687","0.2046","17.8387","1.6620000000000001","False","12.112300000000001","16.749000000000002","18.1692","7.5585","24.127200000000002","8","1","1","False","0"
"20980","2421264279040","1990113303893","1990113476607","17.5136","17.2714","0.2422","17.3517","1.5002","False","24.256800000000002","17.476","12.112300000000001","2.1948000000000003","19.4662","8","1","1","False","0"
"20980","2421264279040","1990113479029","1990113673794","19.8501","19.4765","0.37360000000000004","19.5484","1.2849000000000002","False","12.112400000000001","19.718700000000002","24.256800000000002","6.7329","26.209400000000002","8","1","1","False","0"
"20980","2421264279040","1990113677530","1990113821251","14.606900000000001","14.372100000000001","0.2348","14.1018","0.6834","False","12.119100000000001","14.745700000000001","12.112400000000001","4.099600000000001","18.471700000000002","8","1","1","False","0"
"20980","2421264279040","1990113823599","1990113969087","14.8113","14.5488","0.2625","14.849","0.8043","False","18.1709","14.7836","12.119100000000001","1.4351","15.9839","8","1","1","False","0"
"20980","2421264279040","1990113971712","1990114144542","17.5606","17.283","0.2776","18.634600000000002","1.8390000000000002","False","12.151100000000001","17.5455","18.1709","2.0605","19.343500000000002","8","1","1","False","0"
"20980","2421264279040","1990114147318","1990114244819","9.9619","9.7501","0.21180000000000002","9.805499999999999","1.6619000000000002","False","18.164","10.027700000000001","12.151100000000001","4.1839","13.934000000000001","8","1","1","False","0"
"20980","2421264279040","1990114246937","1990114404150","16.023400000000002","15.721300000000001","0.30210000000000004","15.203600000000002","0.8429000000000001","False","18.1919","15.933100000000001","18.164","6.4148000000000005","22.136100000000003","8","1","1","False","0"
"20980","2421264279040","1990114407171","1990114575107","17.0389","16.7936","0.24530000000000002","17.7373","1.5301","False","12.1241","17.0957","18.1919","7.511","24.3046","8","1","1","False","0"
"20980","2421264279040","1990114577560","1990114725824","15.126400000000002","14.826400000000001","0.3","15.156","1.5767","False","24.2313","15.0717","12.1241","4.563400000000001","19.3898","8","1","1","False","0"
"20980","2421264279040","1990114728824","1990114941120","21.4666","21.2296","0.23700000000000002","21.1962","1.2915","False","6.057","21.529600000000002","24.2313","7.2651","28.4947","8","1","1","False","0"
"20980","2421264279040","1990114943490","1990115033226","9.176800000000002","8.973600000000001","0.20320000000000002","8.5043","0.6155","False","18.1801","9.210600000000001","6.057","4.1115","13.0851","8","1","1","False","0"
"20980","2421264279040","1990115035258","1990115226672","19.3874","19.1414","0.24600000000000002","20.2936","1.5196","False","18.198600000000003","19.3446","18.1801","2.947","22.0884","8","1","1","False","0"
"20980","2421264279040","1990115229132","1990115403924","17.724700000000002","17.479200000000002","0.24550000000000002","17.0641","0.8759","False","12.1236","17.7252","18.198600000000003","3.4204000000000003","20.8996","8","1","1","False","0"
"20980","2421264279040","1990115406379","1990115528634","12.516300000000001","12.2255","0.2908","12.498600000000001","0.8655","False","18.1798","12.471","12.1236","3.073","15.2985","8","1","1","False","0"
"20980","2421264279040","1990115531542","1990115712706","18.3851","18.116400000000002","0.2687","18.5684","1.0482","False","18.1754","18.4072","18.1798","2.8456","20.962","8","1","1","False","0"
"20980","2421264279040","1990115715393","1990115865647","15.325600000000001","15.025400000000001","0.3002","15.6193","1.3757000000000001","False","18.1626","15.2941","18.1754","5.7269000000000005","20.7523","8","1","1","False","0"
"20980","2421264279040","1990115868649","1990116061193","19.509900000000002","19.2544","0.2555","19.0258","0.8557","False","18.1909","19.5546","18.1626","4.3349","23.5893","8","1","1","False","0"
"20980","2421264279040","1990116063748","1990116233757","17.248","17.0009","0.24710000000000001","17.746000000000002","1.3447","False","18.218600000000002","17.2564","18.1909","5.2694","22.270300000000002","8","1","1","False","0"
"20980","2421264279040","1990116236228","1990116392699","15.988","15.6471","0.34090000000000004","16.3034","1.6791","False","6.0286","15.894200000000001","18.218600000000002","7.593800000000001","23.2409","8","1","1","False","0"
"20980","2421264279040","1990116396108","1990116484343","9.039700000000002","8.823500000000001","0.2162","7.979100000000001","0.5983","False","18.1688","9.1644","6.0286","4.458","13.281500000000001","8","1","1","False","0"
"20980","2421264279040","1990116486505","1990116693266","20.8486","20.6761","0.17250000000000001","20.8489","0.5765","False","18.2515","20.892300000000002","18.1688","1.7345000000000002","22.410600000000002","8","1","1","False","0"
"20980","2421264279040","1990116694991","1990116865223","17.2262","17.0232","0.203","17.5055","0.8606","False","18.117800000000003","17.195700000000002","18.2515","2.7903000000000002","19.8135","8","1","1","False","0"
"20980","2421264279040","1990116867253","1990117022827","15.726600000000001","15.557400000000001","0.16920000000000002","15.7439","0.8662000000000001","False","18.206400000000002","15.7604","18.117800000000003","5.1477","20.7051","8","1","1","False","0"
"20980","2421264279040","1990117024519","1990117211357","18.8609","18.6838","0.1771","18.921300000000002","0.9288000000000001","False","6.055000000000001","18.853","18.206400000000002","4.5011","23.184900000000003","8","1","1","False","0"
"20980","2421264279040","1990117213128","1990117275349","6.4653","6.2221","0.2432","5.9543","0.4359","False","18.1686","6.3992","6.055000000000001","4.1569","10.379000000000001","8","1","1","False","0"
"20980","2421264279040","1990117277781","1990117450962","17.6113","17.3181","0.2932","18.9704","1.8103","False","18.186500000000002","17.5613","18.1686","4.764200000000001","22.0823","8","1","1","False","0"
"20980","2421264279040","1990117453894","1990117624452","17.352800000000002","17.0558","0.29700000000000004","16.4678","0.9137000000000001","False","18.173000000000002","17.349","18.186500000000002","5.6017","22.657500000000002","8","1","1","False","0"
"20980","2421264279040","1990117627422","1990117801615","17.6598","17.4193","0.24050000000000002","18.1761","1.4315","False","12.1219","17.7163","18.173000000000002","6.058400000000001","23.477700000000002","8","1","1","False","0"
"20980","2421264279040","1990117804020","1990117940537","14.0316","13.6517","0.3799","13.4753","0.8799","False","18.18","13.8922","12.1219","4.2881","17.9398","8","1","1","False","0"
"20980","2421264279040","1990117944336","1990118111141","16.951600000000003","16.680500000000002","0.2711","17.7943","1.7137","False","12.1713","17.0604","18.18","5.4077","22.0882","8","1","1","False","0"
"20980","2421264279040","1990118113852","1990118229309","11.8275","11.5457","0.2818","10.992700000000001","0.9203","False","18.137900000000002","11.8168","12.1713","5.7622","17.3079","8","1","1","False","0"
"20980","2421264279040","1990118232127","1990118386878","15.783100000000001","15.475100000000001","0.308","16.9095","1.9902000000000002","False","12.1416","15.7569","18.137900000000002","8.1432","23.6183","8","1","1","False","0"
"20980","2421264279040","1990118389958","1990118569505","18.228700000000003","17.954700000000003","0.274","17.1451","0.9073","False","18.155900000000003","18.262700000000002","12.1416","2.0221","19.9768","8","1","1","False","0"
"20980","2421264279040","1990118572245","1990118717753","14.766900000000001","14.5508","0.21610000000000001","14.765600000000001","0.904","False","12.125300000000001","14.824800000000002","18.155900000000003","5.3532","19.904","8","1","1","False","0"
"20980","2421264279040","1990118719914","1990118853159","13.4999","13.3245","0.1754","13.8017","1.2073","False","18.1756","13.540600000000001","12.125300000000001","3.9379000000000004","17.2624","8","1","1","False","0"
"20980","2421264279040","1990118854913","1990119015566","16.3166","16.0653","0.2513","15.979500000000002","0.8993","False","18.1874","16.2407","18.1756","5.872800000000001","21.938100000000002","8","1","1","False","0"
"20980","2421264279040","1990119018079","1990119185594","16.9884","16.7515","0.2369","17.619400000000002","1.5169000000000001","False","12.1255","17.0028","18.1874","7.0574","23.8089","8","1","1","False","0"
"20980","2421264279040","1990119187963","1990119316132","13.1415","12.8169","0.3246","13.090900000000001","1.4809","False","12.1241","13.0538","12.1255","6.1291","18.946","8","1","1","False","0"
"20980","2421264279040","1990119319378","1990119448413","13.134400000000001","12.903500000000001","0.23090000000000002","12.6254","0.9626","False","18.248900000000003","13.228100000000001","12.1241","5.0251","17.9286","8","1","1","False","0"
"20980","2421264279040","1990119450722","1990119599370","15.1836","14.8648","0.31880000000000003","16.1065","1.9206","False","12.1096","15.0957","18.248900000000003","8.1783","23.043100000000003","8","1","1","False","0"
"20980","2421264279040","1990119602558","1990119742851","14.2269","14.029300000000001","0.1976","13.3065","0.9501000000000001","False","12.064400000000001","14.3481","12.1096","5.9398","19.9691","8","1","1","False","0"
"20980","2421264279040","1990119744827","1990119884809","14.1978","13.9982","0.1996","14.2058","0.9484","False","18.1892","14.1958","12.064400000000001","3.8084000000000002","17.8066","8","1","1","False","0"
"20980","2421264279040","1990119886805","1990120037642","15.3386","15.0837","0.2549","15.0202","0.9377000000000001","False","12.109300000000001","15.2833","18.1892","6.714300000000001","21.798000000000002","8","1","1","False","0"
"20980","2421264279040","1990120040191","1990120184399","14.7307","14.4208","0.3099","14.9115","0.9184","False","12.121400000000001","14.6757","12.109300000000001","4.1479","18.5687","8","1","1","False","0"
"20980","2421264279040","1990120187498","1990120315106","12.926300000000001","12.760800000000001","0.1655","13.792","1.6716","False","18.171","13.0707","12.121400000000001","3.1986000000000003","15.9594","8","1","1","False","0"
"20980","2421264279040","1990120316761","1990120459584","14.5866","14.282300000000001","0.3043","14.2683","1.4537","False","12.1438","14.4478","18.171","6.9218","21.2041","8","1","1","False","0"
"20980","2421264279040","1990120462627","1990120587222","12.7737","12.4595","0.31420000000000003","12.336500000000001","0.9476","False","12.1095","12.7638","12.1438","6.3018","18.761300000000002","8","1","1","False","0"
"20980","2421264279040","1990120590364","1990120727900","13.9723","13.7536","0.2187","14.7992","1.7652","False","18.1841","14.0678","12.1095","4.343500000000001","18.0971","8","1","1","False","0"
"20980","2421264279040","1990120730087","1990120883528","15.6325","15.344100000000001","0.2884","14.716600000000001","0.9308000000000001","False","12.1271","15.562800000000001","18.1841","6.9648","22.3089","8","1","1","False","0"
"20980","2421264279040","1990120886412","1990121012766","13.0016","12.6354","0.3662","13.0541","0.9643","False","12.1134","12.9238","12.1271","6.1681","18.8035","8","1","1","False","0"
"20980","2421264279040","1990121016428","1990121142414","12.860700000000001","12.598600000000001","0.2621","13.6995","1.7385000000000002","False","12.110000000000001","12.9648","12.1134","5.3167","17.915300000000002","8","1","1","False","0"
"20980","2421264279040","1990121145035","1990121293053","15.0885","14.8018","0.2867","15.0507","1.7693","False","18.1949","15.0639","12.110000000000001","2.3628","17.1646","8","1","1","False","0"
"20980","2421264279040","1990121295920","1990121444375","15.045800000000002","14.845500000000001","0.2003","14.3207","0.9664","False","12.1286","15.132200000000001","18.1949","5.4255","20.271","8","1","1","False","0"
"20980","2421264279040","1990121446378","1990121572653","12.911600000000002","12.627500000000001","0.2841","13.693900000000001","1.8093000000000001","False","12.100000000000001","12.8278","12.1286","4.7263","17.3538","8","1","1","False","0"
"20980","2421264279040","1990121575494","1990121723531","15.0845","14.803700000000001","0.2808","14.244000000000002","0.9589000000000001","False","18.200300000000002","15.087800000000001","12.100000000000001","1.7385000000000002","16.5422","8","1","1","False","0"
"20980","2421264279040","1990121726339","1990121873677","15.007","14.7338","0.2732","15.855500000000001","1.8036","False","18.168300000000002","15.014600000000002","18.200300000000002","4.9242","19.658","8","1","1","False","0"
"20980","2421264279040","1990121876409","1990122054181","17.9448","17.7772","0.1676","17.1612","0.9622","False","24.2425","18.0504","18.168300000000002","5.0421000000000005","22.819300000000002","8","1","1","False","0"
"20980","2421264279040","1990122055857","1990122310454","25.6812","25.4597","0.2215","26.611800000000002","1.9223000000000001","False","18.1991","25.6273","24.2425","3.6573","29.117","8","1","1","False","0"
"20980","2421264279040","1990122312669","1990122471335","16.1602","15.8666","0.2936","15.195300000000003","0.9691000000000001","False","12.1026","16.0881","18.1991","5.7683","21.634900000000002","8","1","1","False","0"
"20980","2421264279040","1990122474271","1990122600277","12.9089","12.6006","0.3083","12.8766","0.9619000000000001","False","12.1196","12.894200000000001","12.1026","4.9767","17.5773","8","1","1","False","0"
"20980","2421264279040","1990122603360","1990122756924","15.631","15.3564","0.2746","15.6493","0.9526","False","18.2027","15.664700000000002","12.1196","1.4316","16.788","8","1","1","False","0"
"20980","2421264279040","1990122759670","1990122901232","14.4458","14.1562","0.2896","14.4418","0.9691000000000001","False","12.1026","14.430800000000001","18.2027","5.2035","19.3597","8","1","1","False","0"
"20980","2421264279040","1990122904128","1990123041227","13.9587","13.709900000000001","0.24880000000000002","14.4758","1.4531","False","12.1396","13.999500000000001","12.1026","3.3066","17.0165","8","1","1","False","0"
"20980","2421264279040","1990123043715","1990123177684","13.655100000000001","13.3969","0.2582","13.1653","1.0031","False","24.215700000000002","13.645700000000001","12.1396","1.8005","15.1974","8","1","1","False","0"
"20980","2421264279040","1990123180266","1990123340739","16.2699","16.0473","0.22260000000000002","16.250700000000002","0.9410000000000001","False","48.522200000000005","16.305500000000002","24.215700000000002","9.710700000000001","25.758000000000003","4","1","1","False","0"
"20980","2421264279040","1990123342965","1990123506184","16.589","16.3219","0.2671","13.811700000000002","1.3731","True","NaN","16.5445","NaN","NaN","NaN","4","1","1","False","0"
"20980","2421264279040","1990123508855","1990123641369","13.4589","13.2514","0.20750000000000002","10.0326","2.0638","True","NaN","13.518500000000001","NaN","NaN","NaN","4","1","1","False","0"
"20980","2421264279040","1990123643444","1990123790821","14.9717","14.7377","0.234","12.657499999999999","1.8814000000000002","False","127.253","14.945200000000002","48.522200000000005","13.2247","27.962400000000002","4","1","1","False","0"
"20980","2421264279040","1990123793161","1990123979391","18.8062","18.623","0.1832","12.6034","1.1835","True","NaN","18.857","NaN","NaN","NaN","4","1","1","False","0"
"20980","2421264279040","1990123981223","1990124057331","7.8945","7.6108","0.2837","0.8681000000000001","0.8649","True","NaN","7.7940000000000005","NaN","NaN","NaN","4","1","1","False","0"
"20980","2421264279040","1990124060168","1990124206993","14.8672","14.682500000000001","0.1847","0.8306","0.686","True","NaN","14.9662","NaN","NaN","NaN","4","1","1","False","0"
"20980","2421264279040","1990124208840","1990124393583","18.680799999999998","18.4743","0.20650000000000002","18.7862","2.2546","True","NaN","18.659000000000002","NaN","NaN","NaN","4","1","1","False","0"
"20980","2421264279040","1990124395648","1990124503864","10.9481","10.8216","0.1265","0.6097","0.6066","True","NaN","11.0281","NaN","NaN","NaN","4","1","1","False","0"
"20980","2421264279040","1990124505129","1990124644469","14.128900000000002","13.934000000000001","0.19490000000000002","13.48","2.1941","True","NaN","14.060500000000001","NaN","NaN","NaN","4","1","1","False","0"
"20980","2421264279040","1990124646418","1990124835199","19.0759","18.8781","0.1978","13.395000000000001","1.2192","True","NaN","19.073","NaN","NaN","NaN","4","1","1","False","0"
"20980","2421264279040","1990124837177","1990124941925","10.6631","10.4748","0.1883","0.6313000000000001","0.6272","True","NaN","10.672600000000001","NaN","NaN","NaN","4","1","1","False","0"
"20980","2421264279040","1990124943808","1990125083235","14.188","13.9427","0.24530000000000002","13.9688","0.9694","False","42.4104","14.131","127.253","11.2363","25.179000000000002","4","1","1","False","0"
"20980","2421264279040","1990125085688","1990125282028","19.831","19.634","0.197","15.669400000000001","1.2211","True","NaN","19.8793","NaN","NaN","NaN","4","1","1","False","0"
"20980","2421264279040","1990125283998","1990125373614","9.1964","8.9616","0.2348","6.684200000000001","1.0353","True","NaN","9.1586","NaN","NaN","NaN","4","1","1","False","0"
"20980","2421264279040","1990125375962","1990125537998","16.4999","16.2036","0.2963","11.6134","1.8758000000000001","False","36.3817","16.4384","42.4104","8.1704","24.374000000000002","4","1","1","False","0"
"20980","2421264279040","1990125540961","1990125686830","14.8402","14.5869","0.2533","13.7843","1.3044","True","NaN","14.8832","NaN","NaN","NaN","4","1","1","False","0"
"20980","2421264279040","1990125689363","1990125851639","16.4324","16.227600000000002","0.2048","11.9915","1.2502","False","84.84060000000001","16.480900000000002","36.3817","13.188","29.4156","4","1","1","False","0"
"20980","2421264279040","1990125853687","1990125988621","13.7451","13.493400000000001","0.25170000000000003","8.1316","1.7879","True","NaN","13.6982","NaN","NaN","NaN","4","1","1","False","0"
"20980","2421264279040","1990125991138","1990126117103","12.873800000000001","12.5965","0.2773","9.1846","2.1353","True","NaN","12.8482","NaN","NaN","NaN","4","1","1","False","0"
"20980","2421264279040","1990126119876","1990126284355","16.6541","16.4479","0.20620000000000002","12.855","1.2283000000000002","True","NaN","16.7252","NaN","NaN","NaN","4","1","1","False","0"
"20980","2421264279040","1990126286417","1990126410542","12.602400000000001","12.412500000000001","0.1899","8.1645","2.1429","True","NaN","12.6187","NaN","NaN","NaN","4","1","1","False","0"
"20980","2421264279040","1990126412441","1990126557420","14.639700000000001","14.497900000000001","0.1418","9.8572","1.3077","True","NaN","14.687800000000001","NaN","NaN","NaN","4","1","1","False","0"
"20980","2421264279040","1990126558838","1990126708295","15.2188","14.9457","0.2731","12.8552","1.2335","False","42.424","15.0875","84.84060000000001","12.363000000000001","27.3087","4","1","1","False","0"
"20980","2421264279040","1990126711026","1990126837112","12.879900000000001","12.608600000000001","0.2713","8.102400000000001","1.5691000000000002","True","NaN","12.8817","NaN","NaN","NaN","4","1","1","False","0"
"20980","2421264279040","1990126839825","1990127004967","16.722800000000003","16.514200000000002","0.2086","12.1532","1.2315","True","NaN","16.785500000000003","NaN","NaN","NaN","4","1","1","False","0"
"20980","2421264279040","1990127007053","1990127162677","15.8473","15.5624","0.2849","9.8251","1.2686","False","42.4476","15.771","42.424","9.3488","24.9112","4","1","1","False","0"
"20980","2421264279040","1990127165526","1990127264592","10.166900000000002","9.906600000000001","0.26030000000000003","7.6054","1.0170000000000001","True","NaN","10.191500000000001","NaN","NaN","NaN","4","1","1","False","0"
"20980","2421264279040","1990127267195","1990127387990","12.322600000000001","12.079500000000001","0.2431","8.136800000000001","1.2593","True","NaN","12.3398","NaN","NaN","NaN","4","1","1","False","0"
"20980","2421264279040","1990127390421","1990127543086","15.430800000000001","15.2665","0.1643","12.244","2.0355000000000003","False","42.4086","15.5096","42.4476","13.755500000000001","29.022000000000002","4","1","1","False","0"
"20980","2421264279040","1990127544729","1990127740428","19.8319","19.5699","0.262","14.018","2.2869","True","NaN","19.7342","NaN","NaN","NaN","4","1","1","False","0"
"20980","2421264279040","1990127743048","1990127878432","13.787400000000002","13.538400000000001","0.249","1.671","1.6524","True","NaN","13.8004","NaN","NaN","NaN","4","1","1","False","0"
"20980","2421264279040","1990127880922","1990127994187","11.5547","11.326500000000001","0.22820000000000001","8.098700000000001","1.2443","False","48.5099","11.5755","42.4086","11.054","22.3805","4","1","1","False","0"
"20980","2421264279040","1990127996469","1990128151125","15.6254","15.4656","0.1598","12.5357","2.0955","True","NaN","15.693800000000001","NaN","NaN","NaN","4","1","1","False","0"
"20980","2421264279040","1990128152723","1990128290242","13.956900000000001","13.751900000000001","0.20500000000000002","7.392200000000001","1.2637","True","NaN","13.911700000000002","NaN","NaN","NaN","4","1","1","False","0"
"20980","2421264279040","1990128292292","1990128463458","17.323600000000003","17.116600000000002","0.20700000000000002","13.932500000000001","2.6122","False","42.3905","17.3216","48.5099","12.636800000000001","29.753400000000003","4","1","1","False","0"
"20980","2421264279040","1990128465528","1990128652340","18.9406","18.6812","0.2594","14.199","2.2369","True","NaN","18.8882","NaN","NaN","NaN","4","1","1","False","0"
"20980","2421264279040","1990128654934","1990128786972","13.3274","13.203800000000001","0.1236","1.4926000000000001","1.4279000000000002","True","NaN","13.4632","NaN","NaN","NaN","4","1","1","False","0"
"20980","2421264279040","1990128788208","1990128916427","13.021400000000002","12.821900000000001","0.1995","9.9859","1.8253000000000001","False","78.7814","12.945500000000001","42.3905","9.730400000000001","22.552300000000002","4","1","1","False","0"
"20980","2421264279040","1990128918422","1990129059189","14.3764","14.0767","0.2997","11.5915","2.3732","True","NaN","14.276200000000001","NaN","NaN","NaN","4","1","1","False","0"
"20980","2421264279040","1990129062186","1990129218271","15.800400000000002","15.608500000000001","0.19190000000000002","15.380600000000001","1.0375","True","NaN","15.9082","NaN","NaN","NaN","4","1","1","False","0"
"20980","2421264279040","1990129220190","1990129366818","14.899600000000001","14.6628","0.2368","12.716700000000001","1.9109","True","NaN","14.854700000000001","NaN","NaN","NaN","4","1","1","False","0"
"20980","2421264279040","1990129369186","1990129512773","14.6081","14.3587","0.2494","9.4417","2.2145","True","NaN","14.595500000000001","NaN","NaN","NaN","4","1","1","False","0"
"20980","2421264279040","1990129515267","1990129676703","16.4558","16.1436","0.31220000000000003","12.784","1.2731000000000001","False","48.5103","16.393","78.7814","12.484200000000001","28.6278","4","1","1","False","0"
"20980","2421264279040","1990129679825","1990129868016","18.965700000000002","18.819100000000002","0.1466","14.645","2.2701000000000002","True","NaN","19.1313","NaN","NaN","NaN","4","1","1","False","0"
"20980","2421264279040","1990129869482","1990129996185","12.9534","12.670300000000001","0.2831","9.3774","2.2600000000000002","True","NaN","12.8169","NaN","NaN","NaN","4","1","1","False","0"
"20980","2421264279040","1990129999016","1990130182864","18.5757","18.384800000000002","0.19090000000000001","15.8792","2.2983000000000002","False","121.1778","18.6679","48.5103","10.378400000000001","28.7632","4","1","1","False","0"
"20980","2421264279040","1990130184773","1990130303320","12.073300000000001","11.854700000000001","0.21860000000000002","9.7818","2.266","True","NaN","12.0456","NaN","NaN","NaN","4","1","1","False","0"
"20980","2421264279040","1990130305506","1990130477586","17.3914","17.208000000000002","0.1834","14.9641","2.202","True","NaN","17.4266","NaN","NaN","NaN","4","1","1","False","0"
"20980","2421264279040","1990130479420","1990130650017","17.337699999999998","17.0597","0.278","13.752","1.8434000000000001","True","NaN","17.243100000000002","NaN","NaN","NaN","4","1","1","False","0"
"20980","2421264279040","1990130652797","1990130770166","12.0718","11.7369","0.33490000000000003","7.1105","1.2759","True","NaN","12.0149","NaN","NaN","NaN","4","1","1","False","0"
"20980","2421264279040","1990130773515","1990130918130","14.627500000000001","14.461500000000001","0.166","10.5474","2.3515","True","NaN","14.7964","NaN","NaN","NaN","4","1","1","False","0"
"20980","2421264279040","1990130919790","1990131072225","15.4724","15.243500000000001","0.22890000000000002","13.4801","1.6028","True","NaN","15.409500000000001","NaN","NaN","NaN","4","1","1","False","0"
"20980","2421264279040","1990131074514","1990131238903","16.6533","16.4389","0.2144","12.356200000000001","2.2388","True","NaN","16.6678","NaN","NaN","NaN","4","1","1","False","0"
"20980","2421264279040","1990131241047","1990131396941","15.858600000000001","15.589400000000001","0.2692","8.9967","1.3439","False","48.523","15.8038","121.1778","10.1485","25.7379","4","1","1","False","0"
"20980","2421264279040","1990131399633","1990131568870","17.1334","16.9237","0.2097","15.107000000000003","2.3608000000000002","True","NaN","17.1929","NaN","NaN","NaN","4","1","1","False","0"
"20980","2421264279040","1990131570967","1990131687611","11.9075","11.6644","0.2431","7.888400000000001","1.3227","True","NaN","11.8741","NaN","NaN","NaN","4","1","1","False","0"
"20980","2421264279040","1990131690042","1990131885028","19.7597","19.4986","0.2611","16.6276","2.4879000000000002","False","78.7544","19.7417","48.523","9.8628","29.3614","4","1","1","False","0"
"20980","2421264279040","1990131887639","1990132003721","11.8042","11.6082","0.196","10.1655","2.3381000000000003","True","NaN","11.8693","NaN","NaN","NaN","4","1","1","False","0"
"20980","2421264279040","1990132005681","1990132159180","15.6108","15.3499","0.2609","12.5717","1.3092000000000001","True","NaN","15.545900000000001","NaN","NaN","NaN","4","1","1","False","0"
"20980","2421264279040","1990132161789","1990132340066","18.061700000000002","17.8277","0.234","13.4411","2.3353","True","NaN","18.0886","NaN","NaN","NaN","4","1","1","False","0"
"20980","2421264279040","1990132342406","1990132515508","17.568700000000003","17.310200000000002","0.2585","11.8468","1.3061","True","NaN","17.5442","NaN","NaN","NaN","4","1","1","False","0"
"20980","2421264279040","1990132518093","1990132653636","13.782700000000002","13.554300000000001","0.22840000000000002","13.5115","1.0721","False","72.73270000000001","13.812800000000001","78.7544","11.756400000000001","25.3107","4","1","1","False","0"
"20980","2421264279040","1990132655920","1990132812138","15.815900000000001","15.6218","0.19410000000000002","12.1506","2.0839000000000003","True","NaN","15.850200000000001","NaN","NaN","NaN","4","1","1","False","0"
"20980","2421264279040","1990132814079","1990132952444","14.0936","13.836500000000001","0.2571","7.0396","1.3031000000000001","True","NaN","14.030600000000002","NaN","NaN","NaN","4","1","1","False","0"
"20980","2421264279040","1990132955015","1990133113203","16.0824","15.818800000000001","0.2636","11.004800000000001","1.3294000000000001","True","NaN","16.0759","NaN","NaN","NaN","4","1","1","False","0"
"20980","2421264279040","1990133115839","1990133302464","18.9557","18.6625","0.2932","17.8214","1.6094000000000002","True","NaN","18.9261","NaN","NaN","NaN","4","1","1","False","0"
"20980","2421264279040","1990133305396","1990133448389","14.6506","14.2993","0.3513","2.2138","2.2117","False","12.1296","14.592500000000001","72.73270000000001","5.0138","19.313100000000002","8","1","1","False","0"
"20980","2421264279040","1990133451902","1990133577842","12.792700000000002","12.594000000000001","0.19870000000000002","11.4951","1.0836000000000001","False","18.1884","12.945300000000001","12.1296","4.1981","16.7921","8","1","1","False","0"
"20980","2421264279040","1990133579829","1990133737080","16.0148","15.725100000000001","0.2897","16.1778","1.077","False","12.104700000000001","15.9238","18.1884","6.4627","22.1878","8","1","1","False","0"
"20980","2421264279040","1990133739977","1990133873932","13.6577","13.3955","0.2622","14.6584","2.0375","False","18.182100000000002","13.6852","12.104700000000001","4.8822","18.2777","8","1","1","False","0"
"20980","2421264279040","1990133876554","1990134033657","15.965","15.7103","0.25470000000000004","15.2512","1.2981","False","12.126700000000001","15.9725","18.182100000000002","7.0918","22.8021","8","1","1","False","0"
"20980","2421264279040","1990134036204","1990134185106","15.123","14.8902","0.2328","15.854600000000001","2.0363","False","18.197","15.144900000000002","12.126700000000001","4.0736","18.963800000000003","8","1","1","False","0"
"20980","2421264279040","1990134187434","1990134344800","16.2011","15.736600000000001","0.4645","15.225100000000001","1.0969","False","18.1797","15.9694","18.197","6.301200000000001","22.0378","8","1","1","False","0"
"20980","2421264279040","1990134349445","1990134539913","19.3213","19.0468","0.2745","20.374100000000002","2.1062000000000003","False","12.116800000000001","19.511300000000002","18.1797","4.9696","24.0164","8","1","1","False","0"
"20980","2421264279040","1990134542658","1990134644919","10.6546","10.2261","0.42850000000000005","9.541899999999998","1.0979","False","12.1294","10.5006","12.116800000000001","6.5858","16.8119","8","1","1","False","0"
"20980","2421264279040","1990134649204","1990134795706","14.9366","14.6502","0.2864","15.053700000000001","1.1236000000000002","False","18.161","15.078700000000001","12.1294","3.6365000000000003","18.2867","8","1","1","False","0"
"20980","2421264279040","1990134798570","1990134965432","16.9259","16.6862","0.23970000000000002","17.916900000000002","2.0987","False","18.181900000000002","16.9726","18.161","4.8249","21.511100000000003","8","1","1","False","0"
"20980","2421264279040","1990134967829","1990135144710","17.903100000000002","17.688100000000002","0.215","17.8606","2.0565","False","18.1856","17.9278","18.181900000000002","5.079000000000001","22.767100000000003","8","1","1","False","0"
"20980","2421264279040","1990135146860","1990135297553","15.3727","15.0693","0.3034","15.424100000000001","2.1674","False","12.1209","15.2843","18.1856","7.980300000000001","23.0496","8","1","1","False","0"
"20980","2421264279040","1990135300587","1990135450857","15.286600000000002","15.027000000000001","0.2596","15.290500000000002","2.1291","False","18.2769","15.330400000000001","12.1209","4.7708","19.797800000000002","8","1","1","False","0"
"20980","2421264279040","1990135453453","1990135617094","16.6879","16.3641","0.32380000000000003","15.6637","1.1051","False","18.075200000000002","16.6237","18.2769","6.424","22.7881","8","1","1","False","0"
"20980","2421264279040","1990135620332","1990135834512","21.596","21.418","0.17800000000000002","21.749000000000002","1.245","False","12.1485","21.7418","18.075200000000002","2.7574","24.1754","8","1","1","False","0"
"20980","2421264279040","1990135836292","1990135934575","10.0837","9.8283","0.2554","10.924200000000003","2.1062000000000003","False","18.1964","10.006300000000001","12.1485","4.8996","14.7279","8","1","1","False","0"
"20980","2421264279040","1990135937129","1990136140176","20.4978","20.3047","0.19310000000000002","20.578300000000002","2.1591","False","18.1497","20.560100000000002","18.1964","2.5359000000000003","22.840600000000002","8","1","1","False","0"
"20980","2421264279040","1990136142107","1990136304263","16.440900000000003","16.215600000000002","0.2253","15.4261","1.141","False","12.1357","16.4087","18.1497","4.2769","20.4925","8","1","1","False","0"
"20980","2421264279040","1990136306516","1990136430921","12.6457","12.4405","0.20520000000000002","12.634300000000001","1.1389","False","18.1739","12.6658","12.1357","3.7468000000000004","16.1873","8","1","1","False","0"
"20980","2421264279040","1990136432973","1990136629428","19.875200000000003","19.645500000000002","0.22970000000000002","19.826900000000002","1.1073","False","18.173000000000002","19.8507","18.1739","2.0700000000000003","21.715500000000002","8","1","1","False","0"
"20980","2421264279040","1990136631725","1990136789377","15.9817","15.7652","0.2165","16.8653","1.9857","False","12.14","15.994900000000001","18.173000000000002","4.2481","20.0133","8","1","1","False","0"
"20980","2421264279040","1990136791542","1990136895375","10.6568","10.3833","0.2735","9.7848","1.1375","False","18.1675","10.5998","12.14","5.7883000000000004","16.1716","8","1","1","False","0"
"20980","2421264279040","1990136898110","1990137081054","18.5292","18.2944","0.2348","18.584400000000002","1.1475","False","12.129800000000001","18.5679","18.1675","5.3879","23.6823","8","1","1","False","0"
"20980","2421264279040","1990137083402","1990137193698","11.428","11.0296","0.39840000000000003","11.314400000000001","1.1605","False","18.168","11.2644","12.129800000000001","6.2533","17.2829","8","1","1","False","0"
"20980","2421264279040","1990137197682","1990137378037","18.218700000000002","18.035500000000003","0.1832","18.351000000000003","1.161","False","12.1182","18.4339","18.168","5.9874","24.0229","8","1","1","False","0"
"20980","2421264279040","1990137379869","1990137514086","13.665300000000002","13.421700000000001","0.2436","14.674100000000001","2.1983","False","18.1816","13.6049","12.1182","4.5007","17.9224","8","1","1","False","0"
"20980","2421264279040","1990137516522","1990137687984","17.4228","17.1462","0.2766","17.3917","2.1825","False","18.18","17.3898","18.1816","5.2925","22.4387","8","1","1","False","0"
"20980","2421264279040","1990137690750","1990137844439","15.6195","15.3689","0.2506","15.393","1.9281000000000001","False","12.136600000000001","15.6455","18.18","7.827","23.1959","8","1","1","False","0"
"20980","2421264279040","1990137846945","1990137990619","14.574","14.3674","0.2066","13.778","1.1384","False","12.1128","14.618","12.136600000000001","5.3456","19.713","8","1","1","False","0"
"20980","2421264279040","1990137992685","1990138124871","13.4059","13.2186","0.18730000000000002","13.4344","1.1487","False","18.1838","13.4252","12.1128","4.0332","17.2518","8","1","1","False","0"
"20980","2421264279040","1990138126744","1990138273078","14.9226","14.6334","0.2892","15.9215","2.1896","False","12.1179","14.8207","18.1838","7.3963","22.029700000000002","8","1","1","False","0"
"20980","2421264279040","1990138275970","1990138432719","15.9083","15.674900000000001","0.23340000000000002","16.267200000000003","2.5265","False","18.1871","15.9641","12.1179","3.5501","19.225","8","1","1","False","0"
"20980","2421264279040","1990138435053","1990138616390","18.415000000000003","18.1337","0.2813","17.043400000000002","1.1706","False","12.1164","18.3671","18.1871","3.3701000000000003","21.503800000000002","8","1","1","False","0"
"20980","2421264279040","1990138619203","1990138732823","11.700800000000001","11.362","0.3388","12.735700000000001","2.2013000000000003","False","18.1889","11.6433","12.1164","3.8432000000000004","15.205200000000001","8","1","1","False","0"
"20980","2421264279040","1990138736211","1990138885131","15.1254","14.892000000000001","0.23340000000000002","14.0874","1.1465","False","12.113700000000001","15.2308","18.1889","6.8013","21.6933","8","1","1","False","0"
"20980","2421264279040","1990138887465","1990139059111","17.472","17.1646","0.3074","17.4628","1.1594","False","24.252200000000002","17.398","12.113700000000001","1.5170000000000001","18.6816","8","1","1","False","0"
"20980","2421264279040","1990139062185","1990139239194","17.9466","17.7009","0.2457","21.1756","4.3616","False","12.1898","18.008300000000002","24.252200000000002","7.7609","25.4618","8","1","1","False","0"
"20980","2421264279040","1990139241651","1990139366674","12.7464","12.5023","0.2441","9.42","1.0322","False","18.1098","12.748000000000001","12.1898","7.2027","19.705000000000002","8","1","1","False","0"
"20980","2421264279040","1990139369115","1990139561553","19.4944","19.2438","0.2506","21.0033","2.5995","False","18.210800000000003","19.4879","18.1098","5.8246","25.0684","8","1","1","False","0"
"20980","2421264279040","1990139564059","1990139721533","16.0003","15.7474","0.2529","15.9143","2.4667000000000003","False","12.1098","15.998000000000001","18.210800000000003","8.0374","23.7848","8","1","1","False","0"
"20980","2421264279040","1990139724062","1990139867274","14.521","14.321200000000001","0.1998","13.3823","1.3198","False","18.1734","14.574100000000001","12.1098","5.5731","19.8943","8","1","1","False","0"
"20980","2421264279040","1990139869272","1990140034371","16.8895","16.509900000000002","0.3796","17.983","2.4789000000000003","False","12.116800000000001","16.7097","18.1734","7.0368","23.5467","8","1","1","False","0"
"20980","2421264279040","1990140038167","1990140196988","16.1359","15.882100000000001","0.2538","16.3319","2.6269","False","18.2072","16.2617","12.116800000000001","2.8919","18.774","8","1","1","False","0"
"20980","2421264279040","1990140199526","1990140337120","13.9921","13.759400000000001","0.23270000000000002","15.429200000000002","4.3242","False","12.0996","14.013200000000001","18.2072","7.0859000000000005","20.8453","8","1","1","False","0"
"20980","2421264279040","1990140339447","1990140491211","15.4182","15.176400000000001","0.24180000000000001","13.8968","2.5181","False","12.1165","15.4091","12.0996","3.7764","18.9528","8","1","1","False","0"
"20980","2421264279040","1990140493629","1990140606808","11.6003","11.3179","0.28240000000000004","11.462","2.4216","False","12.1804","11.559700000000001","12.1165","4.333200000000001","15.651100000000001","8","1","1","False","0"
"20980","2421264279040","1990140609632","1990140718862","11.1523","10.923","0.2293","11.0366","2.2813000000000003","False","18.1171","11.205400000000001","12.1804","5.3082","16.2312","8","1","1","False","0"
"20980","2421264279040","1990140721155","1990140908538","18.9614","18.738300000000002","0.22310000000000002","20.7622","4.0764000000000005","False","12.134500000000001","18.9676","18.1171","4.4577","23.196","8","1","1","False","0"
"20980","2421264279040","1990140910769","1990141006893","9.9466","9.612400000000001","0.3342","7.3582","1.5251000000000001","False","12.122900000000001","9.8355","12.134500000000001","6.7567","16.3691","8","1","1","False","0"
"20980","2421264279040","1990141010235","1990141137393","12.9087","12.7158","0.19290000000000002","12.9","1.4621000000000002","False","18.1831","13.05","12.122900000000001","5.8296","18.5454","8","1","1","False","0"
"20980","2421264279040","1990141139322","1990141313313","17.611","17.3991","0.2119","20.5669","4.425","False","12.1098","17.592000000000002","18.1831","6.4207","23.8198","8","1","1","False","0"
"20980","2421264279040","1990141315432","1990141475900","16.3295","16.0468","0.2827","12.9074","1.012","False","18.2127","16.2587","12.1098","2.2718000000000003","18.3186","8","1","1","False","0"
"20980","2421264279040","1990141478727","1990141612521","13.6738","13.3794","0.2944","16.7623","4.159800000000001","False","12.079500000000001","13.6621","18.2127","6.8224","20.201800000000002","8","1","1","False","0"
"20980","2421264279040","1990141615465","1990141770128","15.6979","15.4663","0.2316","13.833300000000001","2.2382","False","12.138200000000001","15.7607","12.079500000000001","3.1412","18.6075","8","1","1","False","0"
"20980","2421264279040","1990141772444","1990141871185","10.0977","9.8741","0.22360000000000002","9.4654","1.5978","False","18.1969","10.1057","12.138200000000001","5.1737","15.0478","8","1","1","False","0"
"20980","2421264279040","1990141873421","1990142058035","18.7577","18.4614","0.2963","19.7745","2.6511","False","12.0935","18.685000000000002","18.1969","4.6856","23.147000000000002","8","1","1","False","0"
"20980","2421264279040","1990142060998","1990142177114","11.849800000000002","11.611600000000001","0.23820000000000002","12.190900000000003","2.9629000000000003","False","18.223100000000002","11.9079","12.0935","4.8712","16.4828","8","1","1","False","0"
"20980","2421264279040","1990142179496","1990142339817","16.256899999999998","16.0321","0.2248","14.9306","1.6265","False","12.1998","16.270300000000002","18.223100000000002","6.824000000000001","22.8561","8","1","1","False","0"
"20980","2421264279040","1990142342065","1990142463115","12.293700000000001","12.105","0.1887","12.220600000000001","1.5494","False","18.093500000000002","12.3298","12.1998","6.694","18.799","8","1","1","False","0"
"20980","2421264279040","1990142465002","1990142632472","16.9444","16.747","0.19740000000000002","18.431","3.0279000000000003","False","12.1113","16.9357","18.093500000000002","7.851800000000001","24.5988","8","1","1","False","0"
"20980","2421264279040","1990142634446","1990142772251","13.9742","13.7805","0.1937","14.174800000000001","3.237","False","12.103900000000001","13.9779","12.1113","5.9852","19.765700000000002","8","1","1","False","0"
"20980","2421264279040","1990142774188","1990142923999","15.195300000000001","14.981100000000001","0.2142","12.9968","1.0513000000000001","False","24.2877","15.174800000000001","12.103900000000001","2.9143000000000003","17.895400000000002","8","1","1","False","0"
"20980","2421264279040","1990142926141","1990143121317","19.666300000000003","19.5176","0.1487","20.0689","1.4295","False","6.0234000000000005","19.7318","24.2877","7.4702","26.9878","8","1","1","False","0"
"20980","2421264279040","1990143122804","1990143206310","8.5298","8.3506","0.1792","8.2171","1.1339000000000001","False","12.1044","8.4993","6.0234000000000005","4.9943","13.3449","8","1","1","False","0"
"20980","2421264279040","1990143208102","1990143349202","14.369100000000001","14.110000000000001","0.2591","15.3213","2.097","False","18.194000000000003","14.289200000000001","12.1044","2.8095000000000003","16.9195","8","1","1","False","0"
"20980","2421264279040","1990143351793","1990143533052","18.314400000000003","18.1259","0.1885","17.655","1.4234","False","12.120600000000001","18.385","18.194000000000003","2.6185","20.744400000000002","8","1","1","False","0"
"20980","2421264279040","1990143534937","1990143631284","9.8337","9.6347","0.199","12.3289","3.9185000000000003","False","24.2501","9.8232","12.120600000000001","4.915900000000001","14.550600000000001","8","1","1","False","0"
"20980","2421264279040","1990143633274","1990143828512","19.7042","19.5238","0.1804","20.3499","4.5603","False","6.0465","19.7228","24.2501","9.443200000000001","28.967000000000002","8","1","1","False","0"
"20980","2421264279040","1990143830316","1990143944279","11.6622","11.3963","0.2659","9.3727","2.3287","False","12.124400000000001","11.5767","6.0465","3.9130000000000003","15.3093","8","1","1","False","0"
"20980","2421264279040","1990143946938","1990144046247","10.1384","9.930900000000001","0.20750000000000002","10.861600000000001","3.0023","False","18.1843","10.1968","12.124400000000001","5.8406","15.771500000000001","8","1","1","False","0"
"20980","2421264279040","1990144048322","1990144210547","16.4531","16.2225","0.2306","16.4005","2.9717000000000002","False","6.045100000000001","16.43","18.1843","7.5949","23.817400000000003","8","1","1","False","0"
"20980","2421264279040","1990144212853","1990144316315","10.5071","10.3462","0.16090000000000002","9.7794","2.2142","False","12.1378","10.5768","6.045100000000001","3.0632","13.4094","8","1","1","False","0"
"20980","2421264279040","1990144317924","1990144443490","12.7726","12.556600000000001","0.216","11.949900000000001","1.411","False","18.2706","12.717500000000001","12.1378","2.4835000000000003","15.0401","8","1","1","False","0"
"20980","2421264279040","1990144445650","1990144571180","12.8026","12.553","0.24960000000000002","14.356300000000001","2.9686000000000003","False","12.020800000000001","12.769","18.2706","7.9851","20.5381","8","1","1","False","0"
"20980","2421264279040","1990144573676","1990144717529","14.566500000000001","14.3853","0.1812","15.4967","3.8613000000000004","False","12.136800000000001","14.6349","12.020800000000001","5.371","19.7563","8","1","1","False","0"
"20980","2421264279040","1990144719341","1990144840105","12.3687","12.076400000000001","0.2923","11.2173","2.7619000000000002","False","18.1892","12.2576","12.136800000000001","5.2502","17.3266","8","1","1","False","0"
"20980","2421264279040","1990144843028","1990144998893","15.780600000000002","15.586500000000001","0.19410000000000002","15.877400000000002","2.8258","False","12.0991","15.8788","18.1892","7.5606","23.147100000000002","8","1","1","False","0"
"20980","2421264279040","1990145000834","1990145157079","15.8291","15.624500000000001","0.2046","14.2033","1.1929","False","12.1294","15.8186","12.0991","3.8411000000000004","19.465600000000002","8","1","1","False","0"
"20980","2421264279040","1990145159125","1990145251667","9.584000000000001","9.2542","0.32980000000000004","10.3924","2.0409","False","12.122300000000001","9.4588","12.1294","6.5117","15.7659","8","1","1","False","0"
"20980","2421264279040","1990145254965","1990145410061","15.8297","15.5096","0.3201","15.142100000000001","1.3995","False","18.172700000000003","15.839400000000001","12.122300000000001","2.7946","18.3042","8","1","1","False","0"
"20980","2421264279040","1990145413262","1990145558706","14.785100000000002","14.544400000000001","0.24070000000000003","16.5746","3.1249000000000002","False","12.1286","14.864500000000001","18.172700000000003","6.1028","20.6472","8","1","1","False","0"
"20980","2421264279040","1990145561113","1990145688396","12.9831","12.7283","0.2548","11.434800000000001","1.5737","False","18.186600000000002","12.969000000000001","12.1286","5.2624","17.9907","8","1","1","False","0"
"20980","2421264279040","1990145690944","1990145874109","18.6633","18.3165","0.3468","18.554100000000002","1.4874","False","18.1994","18.5713","18.186600000000002","4.8777","23.194200000000002","8","1","1","False","0"
"20980","2421264279040","1990145877577","1990146030695","15.5432","15.3118","0.23140000000000002","17.0104","2.9332000000000003","False","6.0358","15.658600000000002","18.1994","7.418500000000001","22.7303","8","1","1","False","0"
"20980","2421264279040","1990146033009","1990146125259","9.4277","9.225","0.20270000000000002","8.7026","2.2034000000000002","False","18.2467","9.4564","6.0358","3.9979","13.222900000000001","8","1","1","False","0"
"20980","2421264279040","1990146127286","1990146263696","13.8453","13.641","0.2043","16.1109","4.4609000000000005","False","12.050600000000001","13.8437","18.2467","8.4009","22.041900000000002","8","1","1","False","0"
"20980","2421264279040","1990146265739","1990146404574","14.042000000000002","13.883500000000002","0.1585","12.291400000000003","2.8760000000000003","False","18.2161","14.087800000000001","12.050600000000001","6.363700000000001","20.2472","8","1","1","False","0"
"20980","2421264279040","1990146406159","1990146563635","15.9402","15.7476","0.19260000000000002","16.671200000000002","3.442","False","6.0507","15.9061","18.2161","8.6737","24.421300000000002","8","1","1","False","0"
"20980","2421264279040","1990146565561","1990146660580","9.7025","9.501900000000001","0.2006","7.5617","1.2927","False","18.1992","9.6945","6.0507","5.0299000000000005","14.5318","8","1","1","False","0"
"20980","2421264279040","1990146662586","1990146821861","16.1632","15.9275","0.23570000000000002","17.2698","2.4693","False","12.122200000000001","16.1281","18.1992","7.101","23.0285","8","1","1","False","0"
"20980","2421264279040","1990146824218","1990146913728","9.134400000000001","8.951","0.1834","12.7033","5.9802","False","6.0347","9.1867","12.122200000000001","10.0365","18.9875","8","1","1","False","0"
"20980","2421264279040","1990146915562","1990147040063","12.644200000000001","12.4501","0.19410000000000002","9.2706","2.6087000000000002","False","18.1761","12.6335","6.0347","3.4377","15.8878","8","1","1","False","0"
"20980","2421264279040","1990147042004","1990147184073","14.439900000000002","14.206900000000001","0.233","14.6755","2.8585000000000003","False","18.1764","14.401000000000002","18.1761","7.2128000000000005","21.419700000000002","8","1","1","False","0"
"20980","2421264279040","1990147186403","1990147395576","21.076","20.9173","0.1587","22.2056","3.9516","False","30.3121","21.1503","18.1764","4.2389","25.156200000000002","8","1","1","False","0"
"20980","2421264279040","1990147397163","1990147690203","29.4735","29.304000000000002","0.1695","28.3307","2.8195","False","12.114500000000001","29.4627","30.3121","5.0883","34.3923","8","1","1","False","0"
"20980","2421264279040","1990147691898","1990147791345","10.2443","9.944700000000001","0.29960000000000003","8.3972","1.0143","False","12.1699","10.1142","12.114500000000001","7.0886000000000005","17.0333","8","1","1","False","0"
"20980","2421264279040","1990147794341","1990147921618","13.0029","12.7277","0.2752","15.8072","3.8199","False","18.136300000000002","13.0273","12.1699","6.2312","18.9589","8","1","1","False","0"
"20980","2421264279040","1990147924370","1990148069034","14.6529","14.4664","0.1865","15.0092","4.1349","False","12.1118","14.7416","18.136300000000002","9.6259","24.0923","8","1","1","False","0"
"20980","2421264279040","1990148070899","1990148236166","16.7622","16.5267","0.23550000000000001","15.4579","2.8461000000000003","False","12.145100000000001","16.7132","12.1118","5.024500000000001","21.5512","8","1","1","False","0"
"20980","2421264279040","1990148238521","1990148339836","10.4456","10.1315","0.3141","9.8053","2.2247","False","12.110000000000001","10.367","12.145100000000001","6.8026","16.9341","8","1","1","False","0"
"20980","2421264279040","1990148342977","1990148466178","12.5479","12.3201","0.2278","14.8358","4.4937000000000005","False","12.1158","12.6342","12.110000000000001","6.2784","18.5985","8","1","1","False","0"
"20980","2421264279040","1990148468456","1990148588716","12.3226","12.026","0.29660000000000003","10.7919","3.0079000000000002","False","18.197400000000002","12.2538","12.1158","6.1404000000000005","18.1664","8","1","1","False","0"
"20980","2421264279040","1990148591682","1990148754423","16.4603","16.2741","0.1862","15.2596","1.7597","False","6.0404","16.570700000000002","18.197400000000002","7.7671","24.0412","8","1","1","False","0"
"20980","2421264279040","1990148756285","1990148877609","12.4068","12.1324","0.27440000000000003","11.802800000000001","1.1716","False","18.180600000000002","12.3186","6.0404","1.4889000000000001","13.621300000000002","8","1","1","False","0"
"20980","2421264279040","1990148880353","1990149015930","13.8045","13.5577","0.24680000000000002","16.7738","4.1147","False","12.121500000000001","13.8321","18.180600000000002","5.837400000000001","19.3951","8","1","1","False","0"
"20980","2421264279040","1990149018398","1990149139856","12.404100000000001","12.145800000000001","0.25830000000000003","11.056700000000001","2.7822","False","18.1923","12.3926","12.121500000000001","5.5663","17.7121","8","1","1","False","0"
"20980","2421264279040","1990149142439","1990149293107","15.3556","15.0668","0.2888","16.5685","3.999","False","6.0544","15.3251","18.1923","8.4335","23.500300000000003","8","1","1","False","0"
"20980","2421264279040","1990149295995","1990149400988","10.6563","10.4993","0.157","9.4265","2.7388000000000003","False","18.1796","10.7881","6.0544","3.6998","14.199100000000001","8","1","1","False","0"
"20980","2421264279040","1990149402558","1990149517801","11.674100000000001","11.5243","0.14980000000000002","15.879900000000003","6.944500000000001","False","12.122900000000001","11.6813","18.1796","10.1981","21.7224","8","1","1","False","0"
"20980","2421264279040","1990149519299","1990149667891","15.2025","14.859200000000001","0.3433","13.7771","5.5656","False","12.1127","15.009","12.122900000000001","7.312","22.171200000000002","8","1","1","False","0"
"20980","2421264279040","1990149671324","1990149818825","14.986800000000002","14.750100000000002","0.23670000000000002","13.136600000000001","3.7113","False","18.2089","15.0934","12.1127","4.331300000000001","19.081400000000002","8","1","1","False","0"
"20980","2421264279040","1990149821192","1990149933338","11.520700000000001","11.2146","0.30610000000000004","12.6957","4.9539","False","6.0469","11.4513","18.2089","11.0889","22.3035","8","1","1","False","0"
"20980","2421264279040","1990149936399","1990150076570","14.2705","14.017100000000001","0.2534","10.829500000000001","1.4503000000000001","False","24.2668","14.3232","6.0469","2.8126","16.829700000000003","8","1","1","False","0"
"20980","2421264279040","1990150079104","1990150250657","17.461000000000002","17.1553","0.3057","19.559","3.6166","False","6.028300000000001","17.4087","24.2668","9.6707","26.826","8","1","1","False","0"
"20980","2421264279040","1990150253714","1990150361043","10.9074","10.7329","0.17450000000000002","10.1605","2.7647","False","18.2314","11.0386","6.028300000000001","4.6604","15.3933","8","1","1","False","0"
"20980","2421264279040","1990150362788","1990150511522","15.1577","14.8734","0.2843","17.3141","4.981800000000001","False","6.016500000000001","15.0479","18.2314","7.8439000000000005","22.7173","8","1","1","False","0"
"20980","2421264279040","1990150514365","1990150610086","9.7874","9.5721","0.21530000000000002","6.685300000000001","1.8224","False","18.204700000000003","9.8564","6.016500000000001","4.0040000000000004","13.5761","8","1","1","False","0"
"20980","2421264279040","1990150612239","1990150763889","15.383000000000001","15.165000000000001","0.218","15.039100000000001","1.4748","False","18.1902","15.3803","18.204700000000003","6.8284","21.9934","8","1","1","False","0"
"20980","2421264279040","1990150766069","1990150916047","15.232500000000002","14.997800000000002","0.23470000000000002","17.4033","3.6874000000000002","False","12.0869","15.215800000000002","18.1902","9.802800000000001","24.800600000000003","8","1","1","False","0"
"20980","2421264279040","1990150918394","1990151056153","14.0266","13.7759","0.25070000000000003","12.1096","1.7875","False","12.1645","14.0106","12.0869","7.8791","21.655","8","1","1","False","0"
"20980","2421264279040","1990151058660","1990151194795","14.0258","13.6135","0.4123","14.2156","1.953","False","12.0738","13.8642","12.1645","6.1794","19.7929","8","1","1","False","0"
"20980","2421264279040","1990151198918","1990151332144","13.581900000000001","13.322600000000001","0.25930000000000003","14.709299999999999","3.0522","False","24.270400000000002","13.734900000000001","12.0738","4.5183","17.8409","8","1","1","False","0"
"20980","2421264279040","1990151334737","1990151519754","18.7457","18.5017","0.24400000000000002","19.5618","3.8568000000000002","False","6.1006","18.761","24.270400000000002","10.027700000000001","28.529400000000003","8","1","1","False","0"
"20980","2421264279040","1990151522194","1990151629708","10.9871","10.7514","0.23570000000000002","8.4109","1.2846","False","12.0683","10.9954","6.1006","5.1329","15.884300000000001","8","1","1","False","0"
"20980","2421264279040","1990151632065","1990151759392","12.941500000000001","12.732700000000001","0.2088","13.3701","1.7221000000000002","False","18.172800000000002","12.9684","12.0683","4.2328","16.965500000000002","8","1","1","False","0"
"20980","2421264279040","1990151761480","1990151930323","17.1861","16.8843","0.3018","19.250600000000002","3.8221000000000003","False","12.1319","17.0931","18.172800000000002","5.3125","22.1968","8","1","1","False","0"
"20980","2421264279040","1990151933341","1990152049412","11.774500000000002","11.6071","0.16740000000000002","10.513900000000001","2.5119000000000002","False","12.1227","11.908900000000001","12.1319","5.5355","17.1426","8","1","1","False","0"
"20980","2421264279040","1990152051086","1990152147370","9.943700000000002","9.628400000000001","0.3153","10.2642","2.8895","False","18.1719","9.7958","12.1227","7.8624","17.4908","8","1","1","False","0"
"20980","2421264279040","1990152150523","1990152331001","18.251600000000003","18.047800000000002","0.2038","21.686300000000003","6.2923","False","6.0474000000000006","18.3631","18.1719","7.671200000000001","25.719","8","1","1","False","0"
"20980","2421264279040","1990152333039","1990152429988","9.868500000000001","9.6949","0.1736","6.2742","2.6628000000000003","False","18.2168","9.8987","6.0474000000000006","3.8199","13.514800000000001","8","1","1","False","0"
"20980","2421264279040","1990152431724","1990152584420","15.5693","15.2696","0.2997","15.111","2.2446","False","12.0836","15.443200000000001","18.2168","6.593500000000001","21.8631","8","1","1","False","0"
"20980","2421264279040","1990152587417","1990152708695","12.450700000000001","12.1278","0.3229","12.8162","2.6374","False","12.133700000000001","12.4275","12.0836","6.2496","18.3774","8","1","1","False","0"
"20980","2421264279040","1990152711924","1990152834555","12.463200000000002","12.263100000000001","0.2001","12.970600000000001","3.0967000000000002","False","12.128200000000001","12.586","12.133700000000001","5.7973","18.0604","8","1","1","False","0"
"20980","2421264279040","1990152836556","1990152943115","10.8449","10.6559","0.189","9.2928","1.5331000000000001","False","18.1615","10.856","12.128200000000001","7.069500000000001","17.7254","8","1","1","False","0"
"20980","2421264279040","1990152945005","1990153128767","18.6204","18.3762","0.2442","20.0072","2.9568000000000003","False","6.074400000000001","18.5652","18.1615","6.6658","25.042","8","1","1","False","0"
"20980","2421264279040","1990153131209","1990153241175","11.2416","10.9966","0.24500000000000002","9.577200000000001","1.3335000000000001","False","18.1783","11.2408","6.074400000000001","1.4994","12.496","8","1","1","False","0"
"20980","2421264279040","1990153243625","1990153371531","13.047400000000001","12.790600000000001","0.25680000000000003","15.779700000000002","4.2954","False","18.1938","13.0356","18.1783","6.6421","19.4327","8","1","1","False","0"
"20980","2421264279040","1990153374099","1990153516394","14.4775","14.2295","0.248","17.826","7.361000000000001","False","12.131","14.4863","18.1938","10.3496","24.5791","8","1","1","False","0"
"20980","2421264279040","1990153518874","1990153678832","16.2543","15.995800000000001","0.2585","11.7248","2.8507000000000002","False","6.043200000000001","16.2438","12.131","6.236800000000001","22.2326","8","1","1","False","0"
"20980","2421264279040","1990153681417","1990153779441","9.977400000000001","9.8024","0.17500000000000002","8.22","1.0506","False","12.1917","10.0609","6.043200000000001","2.2191","12.021500000000001","8","1","1","False","0"
"20980","2421264279040","1990153781191","1990153899408","12.04","11.8217","0.21830000000000002","12.5876","1.6111","False","18.1807","11.9967","12.1917","2.4141","14.235800000000001","8","1","1","False","0"
"20980","2421264279040","1990153901591","1990154066400","16.6948","16.480900000000002","0.2139","17.594","2.5083","False","12.0576","16.6992","18.1807","3.8956000000000004","20.3765","8","1","1","False","0"
"20980","2421264279040","1990154068539","1990154158905","9.328","9.0366","0.2914","10.1006","3.2990000000000004","False","18.168400000000002","9.2505","12.0576","6.7027","15.7393","8","1","1","False","0"
"20980","2421264279040","1990154161819","1990154311188","15.184600000000001","14.936900000000001","0.2477","18.2861","6.4354000000000005","False","12.119800000000001","15.2283","18.168400000000002","9.642800000000001","24.579700000000003","8","1","1","False","0"
"20980","2421264279040","1990154313665","1990154474083","16.2236","16.041800000000002","0.18180000000000002","13.7795","3.9368000000000003","False","12.1165","16.2895","12.119800000000001","5.4731000000000005","21.5149","8","1","1","False","0"
"20980","2421264279040","1990154475901","1990154591730","11.8704","11.5829","0.28750000000000003","9.7535","1.858","False","12.161200000000001","11.764700000000001","12.1165","5.8249","17.4078","8","1","1","False","0"
"20980","2421264279040","1990154594605","1990154700087","10.759900000000002","10.548200000000001","0.2117","10.5169","1.5806","False","18.1705","10.835700000000001","12.161200000000001","7.1504","17.698600000000003","8","1","1","False","0"
"20980","2421264279040","1990154702204","1990154850038","14.9727","14.7834","0.1893","17.6268","4.2291","False","6.043200000000001","14.9951","18.1705","10.325800000000001","25.1092","8","1","1","False","0"
"20980","2421264279040","1990154851931","1990154966040","11.6232","11.4109","0.21230000000000002","9.785400000000001","2.4104","False","18.195800000000002","11.600200000000001","6.043200000000001","4.768800000000001","16.1797","8","1","1","False","0"
"20980","2421264279040","1990154968163","1990155136828","17.067800000000002","16.866500000000002","0.2013","16.596","1.9171","False","12.1173","17.0788","18.195800000000002","5.885800000000001","22.7523","8","1","1","False","0"
"20980","2421264279040","1990155138841","1990155245714","11.0497","10.6873","0.3624","11.7619","2.7209000000000003","False","12.104700000000001","10.8886","12.1173","7.1145000000000005","17.8018","8","1","1","False","0"
"20980","2421264279040","1990155249338","1990155370670","12.444700000000001","12.1332","0.3115","13.000300000000003","3.2603","False","12.126800000000001","12.495600000000001","12.104700000000001","6.7236","18.8568","8","1","1","False","0"
"20980","2421264279040","1990155373785","1990155500792","13.006400000000001","12.700700000000001","0.3057","12.852","3.1024000000000003","False","18.1948","13.0122","12.126800000000001","5.8382000000000005","18.5389","8","1","1","False","0"
"20980","2421264279040","1990155503849","1990155691807","19.1031","18.7958","0.3073","20.433600000000002","4.4378","False","12.123800000000001","19.1015","18.1948","4.931500000000001","23.7273","8","1","1","False","0"
"20980","2421264279040","1990155694880","1990155783109","8.978200000000001","8.8229","0.1553","6.911300000000001","2.2821000000000002","False","12.117700000000001","9.1302","12.123800000000001","7.9251000000000005","16.748","8","1","1","False","0"
"20980","2421264279040","1990155784662","1990155922140","14.0937","13.7478","0.34590000000000004","14.403000000000002","2.6322","False","6.042400000000001","13.9031","12.117700000000001","6.1397","19.8875","8","1","1","False","0"
"20980","2421264279040","1990155925599","1990156019899","9.670399999999999","9.43","0.2404","8.5848","1.5337","False","24.256400000000003","9.7759","6.042400000000001","2.4062","11.8362","8","1","1","False","0"
"20980","2421264279040","1990156022303","1990156189023","16.9642","16.672","0.2922","19.3488","3.9351000000000003","False","6.0520000000000005","16.9124","24.256400000000003","9.750200000000001","26.4222","8","1","1","False","0"
"20980","2421264279040","1990156191945","1990156297672","10.816400000000002","10.572700000000001","0.2437","9.3917","2.4833000000000003","False","12.138200000000001","10.8649","6.0520000000000005","4.9373000000000005","15.510000000000002","8","1","1","False","0"
"20980","2421264279040","1990156300109","1990156402622","10.5679","10.2513","0.3166","10.0196","2.0020000000000002","False","12.126700000000001","10.495000000000001","12.138200000000001","6.580500000000001","16.8318","8","1","1","False","0"
"20980","2421264279040","1990156405788","1990156548664","14.5012","14.287600000000001","0.2136","16.2727","3.6955","False","18.1646","14.6042","12.126700000000001","4.103","18.3906","8","1","1","False","0"
"20980","2421264279040","1990156550800","1990156700152","15.2033","14.9352","0.2681","13.7864","2.3085","False","18.1969","15.148800000000001","18.1646","7.1188","22.054000000000002","8","1","1","False","0"
"20980","2421264279040","1990156702833","1990156882736","18.174300000000002","17.9903","0.184","18.7937","2.8919","False","6.0408","18.2584","18.1969","7.057300000000001","25.047600000000003","8","1","1","False","0"
"20980","2421264279040","1990156884576","1990156963722","8.0902","7.9146","0.1756","8.0676","2.8654","False","18.1936","8.098600000000001","6.0408","4.9995","12.914100000000001","8","1","1","False","0"
"20980","2421264279040","1990156965478","1990157148428","18.631700000000002","18.295","0.3367","18.6008","2.9370000000000003","False","12.122","18.4706","18.1936","4.7225","23.017500000000002","8","1","1","False","0"
"20980","2421264279040","1990157151795","1990157265696","11.646","11.3901","0.2559","10.1187","1.3396000000000001","False","18.203500000000002","11.7268","12.122","5.1177","16.5078","8","1","1","False","0"
"20980","2421264279040","1990157268255","1990157420984","15.5234","15.2729","0.2505","18.2712","4.0914","False","12.0937","15.5288","18.203500000000002","7.792400000000001","23.0653","8","1","1","False","0"
"20980","2421264279040","1990157423489","1990157528057","10.712000000000002","10.456800000000001","0.25520000000000004","9.845","3.2757","False","18.1964","10.7073","12.0937","9.1788","19.6356","8","1","1","False","0"
"20980","2421264279040","1990157530609","1990157715066","18.727400000000003","18.445700000000002","0.2817","20.848000000000003","5.3426","False","6.038","18.7009","18.1964","8.6743","27.12","8","1","1","False","0"
"20980","2421264279040","1990157717883","1990157816798","10.126800000000001","9.8915","0.2353","7.534400000000001","2.7763","False","18.1948","10.173200000000001","6.038","4.5391","14.4306","8","1","1","False","0"
"20980","2421264279040","1990157819151","1990157975645","15.854","15.6494","0.2046","16.2647","3.1523000000000003","False","12.205","15.8847","18.1948","6.849200000000001","22.4986","8","1","1","False","0"
"20980","2421264279040","1990157977691","1990158091952","11.6546","11.4261","0.2285","9.747900000000001","1.2749000000000001","False","12.0218","11.630700000000001","12.205","7.423500000000001","18.849600000000002","8","1","1","False","0"
"20980","2421264279040","1990158094237","1990158231839","13.969000000000001","13.760200000000001","0.2088","15.6966","2.9706","False","12.1143","13.988700000000001","12.0218","5.4566","19.2168","8","1","1","False","0"
"20980","2421264279040","1990158233927","1990158338250","10.710799999999999","10.4323","0.2785","12.8849","5.1517","False","12.1317","10.6411","12.1143","6.9298","17.3621","8","1","1","False","0"
"20980","2421264279040","1990158341035","1990158467555","12.982700000000001","12.652000000000001","0.3307","10.9578","3.1751","False","18.1883","12.9305","12.1317","6.131","18.783","8","1","1","False","0"
"20980","2421264279040","1990158470862","1990158641138","17.3433","17.0276","0.31570000000000004","16.5898","2.4925","False","6.0474000000000006","17.3583","18.1883","6.961","23.9886","8","1","1","False","0"
"20980","2421264279040","1990158644295","1990158757320","11.5478","11.3025","0.24530000000000002","10.084900000000001","0.9153","False","18.1936","11.6182","6.0474000000000006","1.3902","12.6927","8","1","1","False","0"
"20980","2421264279040","1990158759773","1990158885243","12.7399","12.547","0.19290000000000002","14.287600000000001","2.4535","False","18.186400000000003","12.792300000000001","18.1936","6.7915","19.3385","8","1","1","False","0"
"20980","2421264279040","1990158887172","1990159060097","17.5721","17.2925","0.2796","17.587","2.4736000000000002","False","6.0548","17.485400000000002","18.186400000000003","7.492500000000001","24.785","8","1","1","False","0"
"20980","2421264279040","1990159062893","1990159145923","8.548200000000001","8.303","0.2452","8.3351","2.2483","False","12.1157","8.582600000000001","6.0548","4.964700000000001","13.267700000000001","8","1","1","False","0"
"20980","2421264279040","1990159148375","1990159261511","11.5493","11.313600000000001","0.23570000000000002","11.890600000000001","2.6077","False","18.1839","11.5588","12.1157","5.5216","16.8352","8","1","1","False","0"
"20980","2421264279040","1990159263868","1990159415613","15.3779","15.1745","0.2034","15.721400000000001","2.9357","False","12.1213","15.410200000000001","18.1839","8.295300000000001","23.469800000000003","8","1","1","False","0"
"20980","2421264279040","1990159417647","1990159564472","14.8717","14.682500000000001","0.1892","16.5514","4.625900000000001","False","12.1142","14.885900000000001","12.1213","5.5307","20.2132","8","1","1","False","0"
"20980","2421264279040","1990159566364","1990159678521","11.7495","11.2157","0.5338","10.151900000000001","3.1886","False","12.1469","11.404900000000001","12.1142","6.24","17.4557","8","1","1","False","0"
"20980","2421264279040","1990159683859","1990159807239","12.561700000000002","12.338000000000001","0.2237","11.3218","1.7824","False","18.1566","12.8718","12.1469","5.5151","17.8531","8","1","1","False","0"
"20980","2421264279040","1990159809476","1990159982634","17.5217","17.3158","0.2059","19.880200000000002","4.3392","False","12.1213","17.5395","18.1566","6.1322","23.448","8","1","1","False","0"
"20980","2421264279040","1990159984693","1990160122574","13.9423","13.7881","0.1542","13.7215","3.8938","False","12.1292","13.994000000000002","12.1213","4.2595","18.0476","8","1","1","False","0"
"20980","2421264279040","1990160124116","1990160238064","11.6004","11.3948","0.2056","9.6655","1.9621000000000002","False","18.1802","11.549000000000001","12.1292","4.839700000000001","16.2345","8","1","1","False","0"
"20980","2421264279040","1990160240120","1990160403856","16.5004","16.3736","0.1268","17.7769","3.2263","False","12.138","16.5792","18.1802","6.4407000000000005","22.8143","8","1","1","False","0"
"20980","2421264279040","1990160405124","1990160518763","11.5326","11.363900000000001","0.16870000000000002","13.263100000000001","4.9781","False","12.155100000000001","11.4907","12.138","7.088","18.451900000000002","8","1","1","False","0"
"20980","2421264279040","1990160520450","1990160661252","14.289000000000001","14.080200000000001","0.2088","11.0173","1.7187000000000001","False","18.1502","14.2489","12.155100000000001","4.9942","19.0744","8","1","1","False","0"
"20980","2421264279040","1990160663340","1990160783825","12.313600000000001","12.0485","0.2651","15.3152","4.7297","False","12.0935","12.2573","18.1502","10.8871","22.9356","8","1","1","False","0"
"20980","2421264279040","1990160786476","1990160933262","14.960400000000002","14.678600000000001","0.2818","13.875900000000001","3.6958","False","12.1393","14.943700000000002","12.0935","8.036900000000001","22.715500000000002","8","1","1","False","0"
"20980","2421264279040","1990160936080","1990161079228","14.5054","14.3148","0.19060000000000002","12.6769","1.7949000000000002","False","12.1036","14.5966","12.1393","5.5796","19.8944","8","1","1","False","0"
"20980","2421264279040","1990161081134","1990161190913","11.2596","10.9779","0.2817","13.100200000000001","3.6586000000000003","False","18.211000000000002","11.1685","12.1036","6.5147","17.4926","8","1","1","False","0"
"20980","2421264279040","1990161193730","1990161353259","16.180400000000002","15.952900000000001","0.2275","14.8909","2.3782","False","12.115400000000001","16.2346","18.211000000000002","8.491100000000001","24.444000000000003","8","1","1","False","0"
"20980","2421264279040","1990161355534","1990161489026","13.651600000000002","13.349200000000002","0.3024","13.279700000000002","2.0515","False","6.1037","13.5767","12.115400000000001","7.029800000000001","20.379","8","1","1","False","0"
"20980","2421264279040","1990161492050","1990161586458","9.6568","9.440800000000001","0.216","9.9062","2.2405","False","18.119300000000003","9.7432","6.1037","3.3903000000000003","12.831100000000001","8","1","1","False","0"
"20980","2421264279040","1990161588618","1990161745296","15.923300000000001","15.667800000000002","0.2555","17.719","4.0881","False","12.1842","15.8838","18.119300000000003","5.6258","21.2936","8","1","1","False","0"
"20980","2421264279040","1990161747851","1990161854411","10.885100000000001","10.656","0.2291","10.384","3.5465","False","18.1494","10.9115","12.1842","6.8985","17.5545","8","1","1","False","0"
"20980","2421264279040","1990161856702","1990162027984","17.4609","17.1282","0.3327","17.9345","4.0463000000000005","False","12.1152","17.357300000000002","18.1494","7.690600000000001","24.8188","8","1","1","False","0"
"20980","2421264279040","1990162031311","1990162159144","13.073500000000001","12.7833","0.2902","12.087400000000002","3.0392","False","12.090100000000001","13.116000000000001","12.1152","6.6898","19.473100000000002","8","1","1","False","0"
"20980","2421264279040","1990162162046","1990162295181","13.5164","13.313500000000001","0.2029","13.009599999999999","2.5049","False","18.199","13.6037","12.090100000000001","5.176200000000001","18.4897","8","1","1","False","0"
"20980","2421264279040","1990162297210","1990162455111","16.0118","15.7901","0.2217","16.0557","2.5508","False","6.0957","15.993","18.199","7.3822","23.1723","8","1","1","False","0"
"20980","2421264279040","1990162457328","1990162561831","10.6523","10.4503","0.202","9.0876","0.9833000000000001","False","18.1809","10.672","6.0957","2.8059000000000003","13.2562","8","1","1","False","0"
"20980","2421264279040","1990162563851","1990162710291","14.9058","14.644","0.26180000000000003","17.8966","4.0046","False","18.145400000000002","14.846","18.1809","6.1408000000000005","20.7848","8","1","1","False","0"
"20980","2421264279040","1990162712909","1990162873545","16.343400000000003","16.0636","0.2798","15.205300000000001","2.8994","False","12.1365","16.325400000000002","18.145400000000002","7.960800000000001","24.0244","8","1","1","False","0"
"20980","2421264279040","1990162876343","1990163027000","15.332600000000001","15.065700000000001","0.2669","15.285200000000001","2.8392","False","12.0928","15.345500000000001","12.1365","4.7518","19.817500000000003","8","1","1","False","0"
"20980","2421264279040","1990163029669","1990163140797","11.3194","11.1128","0.2066","10.9535","2.424","False","18.192500000000003","11.3797","12.0928","5.4649","16.5777","8","1","1","False","0"
"20980","2421264279040","1990163142863","1990163304152","16.360100000000003","16.1289","0.23120000000000002","18.6186","4.696000000000001","False","12.1279","16.3355","18.192500000000003","7.3219","23.4508","8","1","1","False","0"
"20980","2421264279040","1990163306464","1990163442270","13.82","13.5806","0.2394","12.223600000000001","3.1020000000000003","False","12.1386","13.8118","12.1279","5.638","19.218600000000002","8","1","1","False","0"
"20980","2421264279040","1990163444664","1990163552001","10.985700000000001","10.7337","0.252","10.9846","3.1429","False","12.0999","10.9731","12.1386","6.8035000000000005","17.537200000000002","8","1","1","False","0"
"20980","2421264279040","1990163554521","1990163707150","15.5076","15.2629","0.2447","14.6609","2.2712000000000003","False","18.1763","15.5149","12.0999","3.3885","18.651400000000002","8","1","1","False","0"
"20980","2421264279040","1990163709597","1990163837135","12.9677","12.7538","0.2139","13.2702","2.5637000000000003","False","12.1272","12.9985","18.1763","8.5663","21.3201","8","1","1","False","0"
"20980","2421264279040","1990163839274","1990163961336","12.4214","12.2062","0.2152","12.099400000000001","2.2279","False","12.1315","12.420100000000001","12.1272","8.2734","20.4796","8","1","1","False","0"
"20980","2421264279040","1990163963488","1990164104551","14.320400000000001","14.106300000000001","0.2141","15.435","3.3642000000000003","False","18.1708","14.3215","12.1315","6.0834","20.189700000000002","8","1","1","False","0"
"20980","2421264279040","1990164106692","1990164265491","16.113300000000002","15.879900000000001","0.23340000000000002","15.0228","2.2555","False","6.0457","16.094","18.1708","8.1602","24.040100000000002","8","1","1","False","0"
"20980","2421264279040","1990164267825","1990164356770","9.0877","8.8945","0.1932","9.42","2.5649","False","12.141300000000001","9.1279","6.0457","5.078","13.9725","8","1","1","False","0"
"20980","2421264279040","1990164358702","1990164471039","11.4532","11.2337","0.2195","10.5915","1.7219","False","18.1796","11.4269","12.141300000000001","5.792400000000001","17.0261","8","1","1","False","0"
"20980","2421264279040","1990164473234","1990164646588","17.5491","17.3354","0.2137","20.422700000000003","4.5919","False","12.1126","17.5549","18.1796","6.4171000000000005","23.7525","8","1","1","False","0"
"20980","2421264279040","1990164648725","1990164799810","15.304900000000002","15.108500000000001","0.19640000000000002","13.141300000000001","2.419","False","12.150500000000001","15.3222","12.1126","3.2075","18.316000000000003","8","1","1","False","0"
"20980","2421264279040","1990164801774","1990164924903","12.514800000000001","12.3129","0.2019","12.1194","2.0269","False","18.174500000000002","12.509300000000001","12.150500000000001","2.8487","15.1616","8","1","1","False","0"
"20980","2421264279040","1990164926922","1990165063444","13.9486","13.6522","0.2964","16.235500000000002","4.363","False","12.104800000000001","13.8541","18.174500000000002","7.1691","20.8213","8","1","1","False","0"
"20980","2421264279040","1990165066408","1990165193544","12.947500000000002","12.713600000000001","0.23390000000000002","11.5319","2.9221","False","12.117700000000001","13.01","12.104800000000001","6.2639000000000005","18.9775","8","1","1","False","0"
"20980","2421264279040","1990165195883","1990165343917","15.065","14.8034","0.2616","13.4396","1.3166","False","18.1833","15.0373","12.117700000000001","3.3443","18.1477","8","1","1","False","0"
"20980","2421264279040","1990165346533","1990165499881","15.571500000000002","15.334800000000001","0.23670000000000002","18.6114","4.3127","False","6.064100000000001","15.596400000000001","18.1833","5.9312000000000005","21.266000000000002","8","1","1","False","0"
"20980","2421264279040","1990165502248","1990165572699","7.2404","7.045100000000001","0.1953","4.899900000000001","1.9756","False","12.1059","7.2818000000000005","6.064100000000001","4.7135","11.758600000000001","8","1","1","False","0"
"20980","2421264279040","1990165574652","1990165726346","15.363600000000002","15.169400000000001","0.1942","14.567300000000001","1.1735","False","18.1801","15.364700000000001","12.1059","1.4547","16.624100000000002","8","1","1","False","0"
"20980","2421264279040","1990165728288","1990165853541","12.843900000000001","12.525300000000001","0.3186","16.3703","4.7289","False","12.1285","12.7195","18.1801","6.9153","19.4406","8","1","1","False","0"
"20980","2421264279040","1990165856727","1990165985845","13.2041","12.911800000000001","0.2923","10.325000000000001","1.8775000000000002","False","18.240000000000002","13.230400000000001","12.1285","5.813400000000001","18.7252","8","1","1","False","0"
"20980","2421264279040","1990165988768","1990166107050","12.1141","11.8282","0.2859","17.5337","7.2828","False","12.068200000000001","12.1205","18.240000000000002","11.9329","23.761100000000003","8","1","1","False","0"
"20980","2421264279040","1990166109909","1990166289391","18.1375","17.9482","0.1893","12.4802","1.586","False","6.048900000000001","18.2341","12.068200000000001","5.767","23.7152","8","1","1","False","0"
"20980","2421264279040","1990166291284","1990166365164","7.623800000000001","7.388000000000001","0.2358","8.516300000000001","2.4842","False","12.1279","7.5773","6.048900000000001","4.2386","11.6266","8","1","1","False","0"
"20980","2421264279040","1990166367522","1990166485409","12.211","11.7887","0.4223","13.6247","3.9497","False","18.1979","12.0245","12.1279","4.3420000000000005","16.1307","8","1","1","False","0"
"20980","2421264279040","1990166489632","1990166667216","17.982300000000002","17.7584","0.22390000000000002","15.7756","1.6954","False","18.1584","18.1807","18.1979","4.3592","22.1176","8","1","1","False","0"
"20980","2421264279040","1990166669455","1990166836571","16.9491","16.7116","0.23750000000000002","18.047800000000002","2.821","False","12.123800000000001","16.9355","18.1584","5.5821000000000005","22.2937","8","1","1","False","0"
"20980","2421264279040","1990166838946","1990166960362","12.3826","12.1416","0.24100000000000002","13.574100000000001","3.9888000000000003","False","24.2496","12.379100000000001","12.123800000000001","5.3268","17.468400000000003","8","1","1","False","0"
"20980","2421264279040","1990166962772","1990167169961","20.875","20.7189","0.15610000000000002","21.2407","4.3217","False","6.0656","20.9599","24.2496","8.6165","29.3354","8","1","1","False","0"
"20980","2421264279040","1990167171522","1990167267747","9.915000000000001","9.6225","0.29250000000000004","7.9788","2.4301","False","18.1878","9.7786","6.0656","4.9035","14.526000000000002","8","1","1","False","0"
"20980","2421264279040","1990167270672","1990167441246","17.296000000000003","17.0574","0.2386","16.2835","1.4440000000000002","False","18.168","17.3499","18.1878","5.7414000000000005","22.7988","8","1","1","False","0"
"20980","2421264279040","1990167443632","1990167588171","14.700500000000002","14.4539","0.2466","17.482","4.1955","False","18.242800000000003","14.6925","18.168","9.2169","23.6708","8","1","1","False","0"
"20980","2421264279040","1990167590637","1990167785062","19.604000000000003","19.442500000000003","0.1615","17.0088","1.7561","False","18.1275","19.6891","18.242800000000003","7.7706","27.2131","8","1","1","False","0"
"20980","2421264279040","1990167786677","1990167972797","18.794300000000003","18.612000000000002","0.18230000000000002","19.9506","2.7348000000000003","False","18.2025","18.773500000000002","18.1275","7.1246","25.736600000000003","8","1","1","False","0"
"20980","2421264279040","1990167974620","1990168159984","18.7973","18.5364","0.2609","18.2848","2.2445","False","24.2252","18.718700000000002","18.2025","6.6084000000000005","25.1448","8","1","1","False","0"
"20980","2421264279040","1990168162593","1990168368496","20.836100000000002","20.590300000000003","0.24580000000000002","22.6222","4.0319","False","12.130600000000001","20.851200000000002","24.2252","9.9824","30.5727","8","1","1","False","0"
"20980","2421264279040","1990168370954","1990168568622","19.9623","19.7668","0.1955","17.454700000000003","1.5113","False","30.2911","20.012600000000003","12.130600000000001","2.1004","21.8672","8","1","1","False","0"
"20980","2421264279040","1990168570577","1990168819270","25.137300000000003","24.869300000000003","0.268","25.9871","2.4210000000000003","False","12.1326","25.0648","30.2911","7.326700000000001","32.196000000000005","8","1","1","False","0"
"20980","2421264279040","1990168821950","1990168966591","14.674100000000001","14.4641","0.21000000000000002","16.5086","4.203","False","24.229400000000002","14.7321","12.1326","4.7272","19.191300000000002","8","1","1","False","0"
"20980","2421264279040","1990168968691","1990169200308","23.4516","23.1617","0.2899","21.0269","1.8001","False","18.1778","23.3717","24.229400000000002","5.5849","28.7466","8","1","1","False","0"
"20980","2421264279040","1990169203207","1990169385642","18.431","18.2435","0.1875","20.359","3.6903","False","18.1853","18.5334","18.1778","5.2293","23.4728","8","1","1","False","0"
"20980","2421264279040","1990169387517","1990169593470","20.922500000000003","20.5953","0.3272","18.7519","1.5647","False","24.2621","20.7828","18.1853","2.6318","23.2271","8","1","1","False","0"
"20980","2421264279040","1990169596742","1990169790267","19.5908","19.352500000000003","0.2383","20.3031","2.2494","False","18.168200000000002","19.6797","24.2621","7.2142","26.5667","8","1","1","False","0"
"20980","2421264279040","1990169792650","1990170006908","21.658400000000004","21.425800000000002","0.2326","21.097900000000003","1.6776","False","24.238300000000002","21.6641","18.168200000000002","3.7183","25.1441","8","1","1","False","0"
"20980","2421264279040","1990170009234","1990170226268","21.954300000000003","21.703400000000002","0.2509","23.4388","3.1719","False","18.206400000000002","21.936","24.238300000000002","6.0206","27.724","8","1","1","False","0"
"20980","2421264279040","1990170228777","1990170401802","17.5195","17.302500000000002","0.217","16.7679","2.4152","False","18.1522","17.5534","18.206400000000002","6.6736","23.976100000000002","8","1","1","False","0"
"20980","2421264279040","1990170403972","1990170623264","22.139300000000002","21.9292","0.2101","21.2697","1.5550000000000002","False","24.253400000000003","22.1462","18.1522","2.6796","24.608800000000002","8","1","1","False","0"
"20980","2421264279040","1990170625365","1990170835530","21.2987","21.0165","0.2822","21.491400000000002","1.7592","False","18.1776","21.2266","24.253400000000003","5.7064","26.722900000000003","8","1","1","False","0"
"20980","2421264279040","1990170838352","1990171044942","20.855100000000004","20.659000000000002","0.1961","21.6172","2.4829000000000003","False","24.2694","20.941200000000002","18.1776","2.9428","23.6018","8","1","1","False","0"
"20980","2421264279040","1990171046903","1990171225141","18.126","17.823800000000002","0.3022","19.7194","4.1241","False","24.2106","18.0199","24.2694","9.192300000000001","27.0161","8","1","1","False","0"
"20980","2421264279040","1990171228163","1990171506162","28.0456","27.7999","0.2457","28.086100000000002","4.1513","False","12.116800000000001","28.1021","24.2106","5.300800000000001","33.1007","8","1","1","False","0"
"20980","2421264279040","1990171508619","1990171634756","12.821800000000001","12.613700000000001","0.2081","12.560400000000001","3.869","False","24.247","12.8594","12.116800000000001","4.5582","17.1719","8","1","1","False","0"
"20980","2421264279040","1990171636837","1990171863936","22.9633","22.7099","0.2534","22.7593","3.6564","False","18.1813","22.918000000000003","24.247","5.8872","28.5971","8","1","1","False","0"
"20980","2421264279040","1990171866470","1990172030279","16.5535","16.3809","0.1726","16.0992","3.1934","False","18.1767","16.6343","18.1813","7.434200000000001","23.8151","8","1","1","False","0"
"20980","2421264279040","1990172032005","1990172229730","20.0293","19.7725","0.25680000000000003","20.831400000000002","4.0168","False","18.198","19.9451","18.1767","5.6658","25.4383","8","1","1","False","0"
"20980","2421264279040","1990172232298","1990172405839","17.611000000000004","17.354100000000003","0.2569","16.6503","3.0685000000000002","False","18.1645","17.6109","18.198","6.2529","23.607000000000003","8","1","1","False","0"
"20980","2421264279040","1990172408408","1990172599373","19.355600000000003","19.096500000000002","0.2591","18.9682","2.698","False","18.1891","19.3534","18.1645","5.064","24.160500000000003","8","1","1","False","0"
"20980","2421264279040","1990172601964","1990172780431","18.0436","17.846700000000002","0.19690000000000002","19.2404","3.8498","False","18.1954","18.105800000000002","18.1891","5.1473","22.994","8","1","1","False","0"
"20980","2421264279040","1990172782400","1990172969123","18.8536","18.6723","0.18130000000000002","17.0027","1.998","False","18.1662","18.8692","18.1954","4.4735000000000005","23.1458","8","1","1","False","0"
"20980","2421264279040","1990172970936","1990173152305","18.3001","18.1369","0.1632","18.8819","2.5656000000000003","False","24.257900000000003","18.3182","18.1662","4.3215","22.4584","8","1","1","False","0"
"20980","2421264279040","1990173153937","1990173371355","22.0283","21.7418","0.28650000000000003","21.486800000000002","2.0683000000000002","False","18.1676","21.905","24.257900000000003","6.6744","28.4162","8","1","1","False","0"
"20980","2421264279040","1990173374220","1990173527990","15.661900000000001","15.377","0.2849","17.3596","3.7721","False","18.1965","15.6635","18.1676","9.1785","24.555500000000002","8","1","1","False","0"
"20980","2421264279040","1990173530839","1990173729782","20.1751","19.8943","0.2808","18.7665","2.3668","False","24.230800000000002","20.1792","18.1965","7.1958","27.0901","8","1","1","False","0"
"20980","2421264279040","1990173732590","1990173985824","25.584699999999998","25.3234","0.26130000000000003","27.211100000000002","3.9601","False","12.1076","25.604200000000002","24.230800000000002","5.8224","31.1458","8","1","1","False","0"
"20980","2421264279040","1990173988437","1990174114122","12.805200000000001","12.5685","0.23670000000000002","13.552200000000001","4.737","False","24.244600000000002","12.8298","12.1076","5.1002","17.6687","8","1","1","False","0"
"20980","2421264279040","1990174116489","1990174323230","20.9299","20.6741","0.2558","22.7486","6.5303","False","18.2013","20.910800000000002","24.244600000000002","8.434000000000001","29.1081","8","1","1","False","0"
"20980","2421264279040","1990174325788","1990174547746","22.3625","22.195800000000002","0.16670000000000001","19.3546","3.5073000000000003","False","12.1746","22.451600000000003","18.2013","4.1837","26.3795","8","1","1","False","0"
"20980","2421264279040","1990174549413","1990174675318","12.8024","12.5905","0.2119","10.9257","1.6347","False","30.233800000000002","12.757200000000001","12.1746","3.6011","16.1916","8","1","1","False","0"
"20980","2421264279040","1990174677437","1990174949340","27.3941","27.1903","0.2038","29.070500000000003","3.3203","False","24.2587","27.4022","30.233800000000002","6.4327000000000005","33.623000000000005","8","1","1","False","0"
"20980","2421264279040","1990174951378","1990175186284","23.7419","23.4906","0.2513","25.213700000000003","4.8205","False","18.1594","23.6944","24.2587","6.997000000000001","30.4876","8","1","1","False","0"
"20980","2421264279040","1990175188797","1990175361767","17.5426","17.297","0.2456","16.6893","3.979","False","12.1927","17.5483","18.1594","7.6081","24.9051","8","1","1","False","0"
"20980","2421264279040","1990175364223","1990175538351","17.5797","17.4128","0.16690000000000002","14.947700000000001","1.5011","False","24.1731","17.6584","12.1927","2.1424000000000003","19.5552","8","1","1","False","0"
"20980","2421264279040","1990175540020","1990175763570","22.5834","22.355","0.22840000000000002","23.8705","2.6012","False","18.1953","22.521900000000002","24.1731","3.7936","26.148600000000002","8","1","1","False","0"
"20980","2421264279040","1990175765854","1990175928918","16.4801","16.3064","0.17370000000000002","16.7437","2.8426","False","18.1694","16.5348","18.1953","5.4541","21.7605","8","1","1","False","0"
"20980","2421264279040","1990175930655","1990176106680","17.7639","17.6025","0.16140000000000002","19.5146","4.5799","False","18.1825","17.7762","18.1694","5.847300000000001","23.4498","8","1","1","False","0"
"20980","2421264279040","1990176108294","1990176284726","17.8853","17.6432","0.2421","15.354800000000001","2.0811","False","18.191300000000002","17.8046","18.1825","6.2252","23.8684","8","1","1","False","0"
"20980","2421264279040","1990176287147","1990176464808","17.9369","17.7661","0.1708","20.5989","4.728800000000001","False","18.1768","18.008200000000002","18.191300000000002","6.4083000000000006","24.174400000000002","8","1","1","False","0"
"20980","2421264279040","1990176466516","1990176658424","19.3907","19.1908","0.19990000000000002","18.2829","3.6228000000000002","False","24.2433","19.3616","18.1768","5.2235000000000005","24.4143","8","1","1","False","0"
"20980","2421264279040","1990176660423","1990176880549","22.268200000000004","22.012600000000003","0.2556","20.9057","2.2983000000000002","False","24.2393","22.212500000000002","24.2433","7.254300000000001","29.2669","8","1","1","False","0"
"20980","2421264279040","1990176883105","1990177142937","26.1665","25.9832","0.18330000000000002","27.873200000000004","3.9686000000000003","False","18.175800000000002","26.2388","24.2393","5.2548","31.238000000000003","8","1","1","False","0"
"20980","2421264279040","1990177144770","1990177326381","18.3478","18.1611","0.1867","18.4569","4.0583","False","24.2512","18.3444","18.175800000000002","5.0862","23.247300000000003","8","1","1","False","0"
"20980","2421264279040","1990177328248","1990177565067","23.914600000000004","23.681900000000002","0.23270000000000002","22.864900000000002","3.0521000000000003","False","24.2395","23.8686","24.2512","5.4688","29.1507","8","1","1","False","0"
"20980","2421264279040","1990177567394","1990177786267","22.1123","21.8873","0.225","22.528000000000002","3.4784","False","6.0773","22.12","24.2395","7.5883","29.4756","8","1","1","False","0"
"20980","2421264279040","1990177788517","1990177884091","9.7414","9.557400000000001","0.184","9.2582","2.9495","False","24.2497","9.7824","6.0773","3.8832","13.4406","8","1","1","False","0"
"20980","2421264279040","1990177885931","1990178089564","20.609900000000003","20.363300000000002","0.2466","19.209400000000002","1.6006","False","18.173000000000002","20.5473","24.2497","7.5856","27.948900000000002","8","1","1","False","0"
"20980","2421264279040","1990178092030","1990178290115","20.025900000000004","19.808500000000002","0.2174","21.469","3.0048000000000004","False","30.273500000000002","20.0551","18.173000000000002","5.7035","25.512","8","1","1","False","0"
"20980","2421264279040","1990178292289","1990178584011","29.477","29.1722","0.3048","31.0042","4.5914","False","12.1396","29.3896","30.273500000000002","6.587400000000001","35.7596","8","1","1","False","0"
"20980","2421264279040","1990178587059","1990178710892","12.6525","12.3833","0.2692","11.233600000000001","3.1815","False","18.1736","12.6881","12.1396","6.0389","18.4222","8","1","1","False","0"
"20980","2421264279040","1990178713584","1990178898356","18.6754","18.4772","0.19820000000000002","20.6019","5.0425","False","24.244","18.7464","18.1736","5.4661","23.9433","8","1","1","False","0"
"20980","2421264279040","1990178900338","1990179096694","19.8364","19.6356","0.2008","18.671300000000002","3.8803","False","12.118","19.8338","24.244","9.8763","29.5119","8","1","1","False","0"
"20980","2421264279040","1990179098702","1990179263887","16.760099999999998","16.5185","0.2416","17.0049","4.1134","False","18.1915","16.7193","12.118","5.275","21.7935","8","1","1","False","0"
"20980","2421264279040","1990179266303","1990179451020","18.705700000000004","18.471700000000002","0.234","16.9755","2.4166000000000003","False","24.2436","18.7133","18.1915","4.7532000000000005","23.2249","8","1","1","False","0"
"20980","2421264279040","1990179453360","1990179662798","21.1515","20.9438","0.20770000000000002","20.834200000000003","2.0866000000000002","False","18.1672","21.1778","24.2436","7.819","28.762800000000002","8","1","1","False","0"
"20980","2421264279040","1990179664875","1990179858663","19.703000000000003","19.378800000000002","0.3242","22.1412","4.5909","False","19.829","19.5865","18.1672","6.3997","25.7785","8","1","1","False","0"
"20980","2421264279040","1990179861905","1990180019105","15.999500000000001","15.72","0.2795","15.428600000000003","3.9583000000000004","False","10.495600000000001","16.0442","19.829","10.1845","25.904500000000002","8","1","1","False","0"
"20980","2421264279040","1990180021900","1990180187971","16.850199999999997","16.6071","0.2431","14.9144","2.0156","False","18.172","16.8866","10.495600000000001","3.7935000000000003","20.4006","8","1","1","False","0"
"20980","2421264279040","1990180190402","1990180392488","20.4021","20.2086","0.1935","19.726200000000002","1.3174000000000001","False","18.181800000000003","20.451700000000002","18.172","1.5138","21.7224","8","1","1","False","0"
"20980","2421264279040","1990180394423","1990180543420","15.144400000000001","14.899700000000001","0.2447","17.8233","4.0163","False","24.2434","15.093200000000001","18.181800000000003","4.6024","19.502100000000002","8","1","1","False","0"
"20980","2421264279040","1990180545867","1990180738906","19.503400000000003","19.303900000000002","0.1995","20.2709","4.8048","False","18.1843","19.5486","24.2434","9.2972","28.601100000000002","8","1","1","False","0"
"20980","2421264279040","1990180740901","1990180928884","19.035700000000002","18.7983","0.2374","18.6101","4.3685","False","18.174500000000002","18.9978","18.1843","8.4837","27.282","8","1","1","False","0"
"20980","2421264279040","1990180931258","1990181121647","19.276000000000003","19.0389","0.2371","17.8031","2.8747000000000003","False","18.1845","19.276300000000003","18.174500000000002","7.381900000000001","26.4208","8","1","1","False","0"
"20980","2421264279040","1990181124018","1990181304146","18.285200000000003","18.012800000000002","0.27240000000000003","17.4877","2.0989","False","12.116000000000001","18.2499","18.1845","7.3165000000000004","25.3293","8","1","1","False","0"
"20980","2421264279040","1990181306870","1990181479536","17.6066","17.2666","0.34","17.0338","1.5785","False","24.2554","17.539","12.116000000000001","1.8935000000000002","19.1601","8","1","1","False","0"
"20980","2421264279040","1990181482936","1990181691398","21.1591","20.8462","0.3129","23.918000000000006","4.3085","False","18.197400000000002","21.1862","24.2554","4.9627","25.8089","8","1","1","False","0"
"20980","2421264279040","1990181694527","1990181850331","15.7948","15.580400000000001","0.2144","13.074900000000001","1.5521","False","18.148500000000002","15.8933","18.197400000000002","7.2668","22.8472","8","1","1","False","0"
"20980","2421264279040","1990181852475","1990182077695","22.700100000000003","22.522000000000002","0.1781","22.7363","1.5807","False","18.1904","22.7364","18.148500000000002","2.6789","25.2009","8","1","1","False","0"
"20980","2421264279040","1990182079476","1990182226901","14.978700000000002","14.742500000000001","0.23620000000000002","16.4968","3.1121000000000003","False","18.1764","14.9206","18.1904","5.9487000000000005","20.691200000000002","8","1","1","False","0"
"20980","2421264279040","1990182229263","1990182419226","19.227400000000003","18.9963","0.2311","20.0062","3.8692","False","18.2364","19.2325","18.1764","4.8926","23.8889","8","1","1","False","0"
"20980","2421264279040","1990182421537","1990182574794","15.567300000000001","15.325700000000001","0.2416","13.456100000000001","1.7799","False","24.178800000000003","15.5568","18.2364","7.5722000000000005","22.8979","8","1","1","False","0"
"20980","2421264279040","1990182577210","1990182818982","24.446700000000003","24.177200000000003","0.2695","26.8093","4.1565","False","12.1338","24.4188","24.178800000000003","7.3322","31.509400000000003","8","1","1","False","0"
"20980","2421264279040","1990182821677","1990182974033","15.391600000000002","15.235600000000002","0.156","14.98","3.9248000000000003","False","18.215","15.5051","12.1338","3.9609","19.1965","8","1","1","False","0"
"20980","2421264279040","1990182975593","1990183154033","18.128800000000002","17.844","0.2848","16.374200000000002","2.0173","False","24.2193","18","18.215","4.1759","22.0199","8","1","1","False","0"
"20980","2421264279040","1990183156881","1990183382713","22.828100000000003","22.5832","0.2449","22.6075","1.7817","False","18.1885","22.868000000000002","24.2193","5.527200000000001","28.110400000000002","8","1","1","False","0"
"20980","2421264279040","1990183385162","1990183543295","16.1985","15.8133","0.38520000000000004","18.6046","4.230300000000001","False","18.177","16.0582","18.1885","7.657500000000001","23.4708","8","1","1","False","0"
"20980","2421264279040","1990183547147","1990183750638","20.5512","20.3491","0.2021","20.7866","4.3674","False","18.180300000000003","20.7343","18.177","5.1002","25.4493","8","1","1","False","0"
"20980","2421264279040","1990183752659","1990183936137","18.528","18.3478","0.1802","18.433400000000002","4.288600000000001","False","18.1797","18.5499","18.180300000000003","4.7306","23.078400000000002","8","1","1","False","0"
"20980","2421264279040","1990183937939","1990184082204","14.665600000000001","14.4265","0.2391","14.4969","4.157","False","12.1132","14.6067","18.1797","8.303600000000001","22.7301","8","1","1","False","0"
"20980","2421264279040","1990184084595","1990184240953","15.810800000000002","15.635800000000001","0.17500000000000002","15.9559","4.2596","False","18.201900000000002","15.8749","12.1132","4.5419","20.1777","8","1","1","False","0"
"20980","2421264279040","1990184242703","1990184426888","18.669800000000002","18.4185","0.2513","16.4191","2.0248","False","24.2208","18.593500000000002","18.201900000000002","4.1503000000000005","22.5688","8","1","1","False","0"
"20980","2421264279040","1990184429401","1990184622299","19.570999999999998","19.2898","0.2812","22.0427","4.5241","False","18.203400000000002","19.5411","24.2208","8.83","28.1198","8","1","1","False","0"
"20980","2421264279040","1990184625111","1990184787380","16.4677","16.2269","0.24080000000000001","16.3617","4.4206","False","12.0931","16.508100000000002","18.203400000000002","10.5253","26.752200000000002","8","1","1","False","0"
"20980","2421264279040","1990184789788","1990184970769","18.439600000000002","18.098100000000002","0.3415","17.9905","4.0292","False","18.198","18.338900000000002","12.0931","4.2795000000000005","22.3776","8","1","1","False","0"
"20980","2421264279040","1990184974184","1990185145497","17.338","17.1313","0.20670000000000002","17.5345","4.121700000000001","False","24.2371","17.4728","18.198","5.004700000000001","22.136000000000003","8","1","1","False","0"
"20980","2421264279040","1990185147564","1990185363635","21.815500000000004","21.607100000000003","0.2084","20.649800000000003","2.9669000000000003","False","12.114600000000001","21.8138","24.2371","7.428","29.0351","8","1","1","False","0"
"20980","2421264279040","1990185365719","1990185540010","17.7021","17.429100000000002","0.273","16.0884","1.3653","False","18.2042","17.6375","12.114600000000001","1.9051","19.3342","8","1","1","False","0"
"20980","2421264279040","1990185542740","1990185694347","15.4402","15.1607","0.2795","16.2282","2.1962","False","24.2117","15.4337","18.2042","4.6756","19.8363","8","1","1","False","0"
"20980","2421264279040","1990185697142","1990185930582","23.5322","23.344","0.1882","25.4811","4.0962000000000005","False","12.1447","23.6235","24.2117","5.2638","28.6078","8","1","1","False","0"
"20980","2421264279040","1990185932464","1990186054512","12.4793","12.2048","0.2745","12.5531","4.1816","False","30.291","12.393","12.1447","5.0155","17.2203","8","1","1","False","0"
"20980","2421264279040","1990186057257","1990186311569","25.6578","25.4312","0.22660000000000002","26.2053","4.7149","False","12.1216","25.7057","30.291","9.600800000000001","35.032000000000004","8","1","1","False","0"
"20980","2421264279040","1990186313835","1990186483186","17.1398","16.935100000000002","0.20470000000000002","13.9859","1.5618","False","24.248900000000003","17.1617","12.1216","4.560700000000001","21.495800000000003","8","1","1","False","0"
"20980","2421264279040","1990186485233","1990186693548","21.0744","20.831500000000002","0.2429","23.874100000000002","4.3548","False","12.1079","21.0362","24.248900000000003","7.7734000000000005","28.6049","8","1","1","False","0"
"20980","2421264279040","1990186695977","1990186864923","17.1053","16.8946","0.2107","15.233300000000002","2.4816000000000003","False","30.306600000000003","17.1375","12.1079","2.7438000000000002","19.6384","8","1","1","False","0"
"20980","2421264279040","1990186867030","1990187105377","24.073500000000003","23.8347","0.2388","26.485999999999997","4.9017","False","18.181","24.0454","30.306600000000003","9.005","32.8397","8","1","1","False","0"
"20980","2421264279040","1990187107765","1990187304847","19.9843","19.7082","0.2761","19.482","4.4189","False","18.191100000000002","19.947000000000003","18.181","7.239000000000001","26.947200000000002","8","1","1","False","0"
"20980","2421264279040","1990187307608","1990187485397","18.117","17.7789","0.3381","16.3445","2.7138","False","18.1816","18.055","18.191100000000002","7.375100000000001","25.154","8","1","1","False","0"
"20980","2421264279040","1990187488778","1990187650276","16.3964","16.1498","0.2466","18.1147","4.3395","False","12.1385","16.4879","18.1816","9.068800000000001","25.218600000000002","8","1","1","False","0"
"20980","2421264279040","1990187652742","1990187819653","16.9997","16.691100000000002","0.30860000000000004","14.663","2.0781","False","24.2114","16.9377","12.1385","4.2696000000000005","20.960700000000003","8","1","1","False","0"
"20980","2421264279040","1990187822739","1990188031556","21.1228","20.881700000000002","0.2411","20.6518","1.5469000000000002","False","12.122100000000001","21.1903","24.2114","7.2907","28.1724","8","1","1","False","0"
"20980","2421264279040","1990188033967","1990188172587","14.0568","13.862","0.1948","16.779700000000002","4.2532000000000005","False","18.189500000000002","14.103100000000001","12.122100000000001","5.3097","19.1717","8","1","1","False","0"
"20980","2421264279040","1990188174535","1990188343676","17.2145","16.9141","0.3004","18.0061","5.0707","False","18.1883","17.108900000000002","18.189500000000002","6.3903","23.3044","8","1","1","False","0"
"20980","2421264279040","1990188346680","1990188530101","18.7372","18.342100000000002","0.3951","16.8689","3.2564","False","12.1232","18.642500000000002","18.1883","5.936100000000001","24.278200000000002","8","1","1","False","0"
"20980","2421264279040","1990188534052","1990188670361","13.900500000000001","13.6309","0.2696","12.5967","1.9163000000000001","False","18.1767","14.026","12.1232","4.0333000000000006","17.6642","8","1","1","False","0"
"20980","2421264279040","1990188673057","1990188866678","19.613300000000002","19.3621","0.25120000000000003","19.1441","1.4307","False","30.2942","19.631700000000002","18.1767","2.5783","21.9404","8","1","1","False","0"
"20980","2421264279040","1990188869190","1990189158940","29.2089","28.975","0.23390000000000002","31.213700000000003","3.4235","False","24.2454","29.226200000000002","30.2942","3.6463","32.621300000000005","8","1","1","False","0"
"20980","2421264279040","1990189161279","1990189381487","22.3148","22.0208","0.29400000000000004","23.338","4.4938","False","18.2067","22.2547","24.2454","5.6370000000000005","27.6578","8","1","1","False","0"
"20980","2421264279040","1990189384427","1990189582075","20.0231","19.7648","0.25830000000000003","17.2356","1.6445","False","18.1593","20.0588","18.2067","3.7849000000000004","23.5497","8","1","1","False","0"
"20980","2421264279040","1990189584658","1990189748269","16.6254","16.3611","0.26430000000000003","16.7153","1.7823","False","24.247400000000003","16.619400000000002","18.1593","5.324800000000001","21.6859","8","1","1","False","0"
"20980","2421264279040","1990189750912","1990189975181","22.6545","22.4269","0.22760000000000002","25.401300000000003","4.5254","False","18.1983","22.691200000000002","24.247400000000003","6.881","29.3079","8","1","1","False","0"
"20980","2421264279040","1990189977457","1990190146533","17.102500000000003","16.907600000000002","0.19490000000000002","16.381600000000002","3.7787","False","18.1718","17.1352","18.1983","7.944100000000001","24.8517","8","1","1","False","0"
"20980","2421264279040","1990190148482","1990190312498","16.552500000000002","16.401600000000002","0.1509","18.785","5.982","False","18.2073","16.596500000000002","18.1718","9.519400000000001","25.921000000000003","8","1","1","False","0"
"20980","2421264279040","1990190314007","1990190513610","20.1457","19.9603","0.1854","17.1428","2.9833000000000003","False","6.021100000000001","20.1112","18.2073","7.6155","27.5758","8","1","1","False","0"
"20980","2421264279040","1990190515464","1990190604730","9.1127","8.9266","0.18610000000000002","8.9458","2.8267","False","24.255200000000002","9.112","6.021100000000001","4.5246","13.4512","8","1","1","False","0"
"20980","2421264279040","1990190606591","1990190790932","18.648400000000002","18.4341","0.21430000000000002","19.779500000000002","3.9778000000000002","False","18.189600000000002","18.6202","24.255200000000002","10.159600000000001","28.593700000000002","8","1","1","False","0"
"20980","2421264279040","1990190793075","1990191010465","21.980700000000002","21.739","0.2417","21.2727","3.2713","False","6.035900000000001","21.953300000000002","18.189600000000002","6.3959","28.134900000000002","8","1","1","False","0"
"20980","2421264279040","1990191012882","1990191119962","10.910400000000001","10.708","0.2024","8.820400000000001","1.1600000000000001","False","30.3134","10.9497","6.035900000000001","1.4821","12.190100000000001","8","1","1","False","0"
"20980","2421264279040","1990191121986","1990191356909","23.6764","23.4923","0.1841","24.625700000000002","2.3325","False","12.164200000000001","23.6947","30.3134","8.1008","31.5931","8","1","1","False","0"
"20980","2421264279040","1990191358750","1990191498033","14.1822","13.9283","0.2539","13.8124","1.7831000000000001","False","24.1883","14.112400000000001","12.164200000000001","6.1526000000000005","20.0809","8","1","1","False","0"
"20980","2421264279040","1990191500572","1990191725116","22.767","22.4544","0.3126","24.0211","3.0836","False","18.2044","22.7083","24.1883","7.6326","30.087","8","1","1","False","0"
"20980","2421264279040","1990191728242","1990191895600","16.9817","16.7358","0.2459","16.5807","2.6139","False","12.093300000000001","17.0484","18.2044","8.7886","25.5244","8","1","1","False","0"
"20980","2421264279040","1990191898059","1990192046919","15.084200000000001","14.886000000000001","0.19820000000000002","15.089300000000001","2.5988","False","18.2031","15.1319","12.093300000000001","5.75","20.636","8","1","1","False","0"
"20980","2421264279040","1990192048901","1990192184285","13.782100000000002","13.538400000000001","0.2437","15.3475","4.1789000000000005","False","18.1717","13.736600000000001","18.2031","10.2165","23.754900000000003","8","1","1","False","0"
"20980","2421264279040","1990192186722","1990192367560","18.363","18.0838","0.2792","21.2303","7.040100000000001","False","18.1792","18.3275","18.1717","10.0607","28.1445","8","1","1","False","0"
"20980","2421264279040","1990192370352","1990192583853","21.55","21.3501","0.19990000000000002","18.995900000000002","4.4755","False","18.1776","21.6293","18.1792","6.610600000000001","27.960700000000003","8","1","1","False","0"
"20980","2421264279040","1990192585852","1990192755045","17.1342","16.9193","0.2149","17.195700000000002","4.5491","False","18.1977","17.1192","18.1776","7.6690000000000005","24.5883","8","1","1","False","0"
"20980","2421264279040","1990192757194","1990192978640","22.349","22.1446","0.2044","19.209300000000002","1.3955","False","24.2526","22.3595","18.1977","3.5072","25.6518","8","1","1","False","0"
"20980","2421264279040","1990192980684","1990193163259","18.5124","18.2575","0.2549","21.5441","4.4395","False","6.0403","18.4619","24.2526","9.2979","27.555400000000002","8","1","1","False","0"
"20980","2421264279040","1990193165808","1990193274616","11.077100000000002","10.8808","0.1963","9.269","2.6270000000000002","False","18.191100000000002","11.1357","6.0403","4.202500000000001","15.083300000000001","8","1","1","False","0"
"20980","2421264279040","1990193276579","1990193481841","20.8231","20.5262","0.2969","19.1522","0.9713","False","30.320600000000002","20.7225","18.191100000000002","1.6711","22.197300000000002","8","1","1","False","0"
"20980","2421264279040","1990193484810","1990193725215","24.2333","24.0405","0.1928","28.110500000000002","4.8176000000000005","False","18.2072","24.337400000000002","30.320600000000002","7.6543","31.6948","8","1","1","False","0"
"20980","2421264279040","1990193727143","1990193940778","21.5607","21.363500000000002","0.19720000000000001","19.2012","2.4493","False","12.0667","21.5563","18.2072","4.3052","25.6687","8","1","1","False","0"
"20980","2421264279040","1990193942750","1990194077396","13.7245","13.4646","0.2599","12.6118","1.3625","False","18.1767","13.661800000000001","12.0667","2.7101","16.1747","8","1","1","False","0"
"20980","2421264279040","1990194079995","1990194260688","18.257700000000003","18.069300000000002","0.1884","19.1831","2.2717","False","24.2706","18.3292","18.1767","2.5576000000000003","20.626900000000003","8","1","1","False","0"
"20980","2421264279040","1990194262572","1990194429952","16.9332","16.738","0.1952","18.6144","3.9532000000000003","False","18.1964","16.9264","24.2706","9.9018","26.6398","8","1","1","False","0"
"20980","2421264279040","1990194431904","1990194633645","20.4101","20.1741","0.23600000000000002","19.290000000000003","2.8458","False","18.1627","20.369300000000003","18.1964","7.7289","27.903000000000002","8","1","1","False","0"
"20980","2421264279040","1990194636005","1990194841749","20.7988","20.5744","0.22440000000000002","20.4067","2.4854000000000003","False","18.154700000000002","20.8104","18.1627","5.0812","25.6556","8","1","1","False","0"
"20980","2421264279040","1990194843993","1990195012097","17.0025","16.8104","0.19210000000000002","20.5076","5.9529000000000005","False","24.2511","17.0348","18.154700000000002","6.2011","23.0115","8","1","1","False","0"
"20980","2421264279040","1990195014018","1990195219959","20.8607","20.5941","0.2666","18.572200000000002","3.6803000000000003","False","18.1796","20.7862","24.2511","9.666","30.2601","8","1","1","False","0"
"20980","2421264279040","1990195222625","1990195415707","19.5963","19.3082","0.2881","18.418200000000002","2.5478","False","18.168200000000002","19.5748","18.1796","8.270800000000001","27.579","8","1","1","False","0"
"20980","2421264279040","1990195418588","1990195629016","21.3618","21.0428","0.319","19.1533","0.33990000000000004","False","24.2421","21.3309","18.168200000000002","5.1081","26.1509","8","1","1","False","0"
"20980","2421264279040","1990195632206","1990195852439","22.215200000000003","22.023300000000003","0.19190000000000002","23.1885","1.2459","False","18.177500000000002","22.3423","24.2421","7.0079","29.031200000000002","8","1","1","False","0"
"20980","2421264279040","1990195854358","1990196084281","23.2161","22.9923","0.2238","22.2883","0.3472","False","18.2","23.1842","18.177500000000002","2.0012000000000003","24.9935","8","1","1","False","0"
"20980","2421264279040","1990196086519","1990196256491","17.2038","16.9972","0.2066","17.2399","0.3529","False","24.2271","17.221","18.2","2.9802","19.9774","8","1","1","False","0"
"20980","2421264279040","1990196258557","1990196498942","24.326100000000004","24.038500000000003","0.2876","24.279500000000002","0.33740000000000003","False","12.1518","24.2451","24.2271","2.9622","27.000700000000002","8","1","1","False","0"
"20980","2421264279040","1990196501818","1990196589651","9.0378","8.7833","0.2545","9.046000000000001","0.3446","False","30.2937","9.0709","12.1518","6.0431","14.826400000000001","8","1","1","False","0"
"20980","2421264279040","1990196592196","1990196892728","30.4604","30.0532","0.4072","30.4384","0.3771","False","18.1733","30.3077","30.2937","6.029100000000001","36.082300000000004","8","1","1","False","0"
"20980","2421264279040","1990196896800","1990197099428","20.452800000000003","20.262800000000002","0.19","20.4847","0.3209","False","18.1756","20.67","18.1733","3.5324","23.7952","8","1","1","False","0"
"20980","2421264279040","1990197101328","1990197306676","20.8036","20.5348","0.26880000000000004","20.7638","0.3567","False","18.184","20.724800000000002","18.1756","0.9832000000000001","21.518","8","1","1","False","0"
"20980","2421264279040","1990197309364","1990197463090","15.619200000000001","15.3726","0.2466","15.693900000000001","0.3599","False","24.2436","15.6414","18.184","3.5258000000000003","18.898400000000002","8","1","1","False","0"
"20980","2421264279040","1990197465556","1990197700964","23.773","23.5408","0.23220000000000002","23.7288","0.34540000000000004","False","18.1862","23.7874","24.2436","3.982","27.5228","8","1","1","False","0"
"20980","2421264279040","1990197703286","1990197867994","16.6654","16.4708","0.19460000000000002","16.694300000000002","0.3366","False","12.1204","16.703","18.1862","5.4652","21.936","8","1","1","False","0"
"20980","2421264279040","1990197869940","1990198004617","13.688600000000001","13.4677","0.2209","13.666999999999998","0.3327","False","24.2302","13.6623","12.1204","3.9233000000000002","17.391000000000002","8","1","1","False","0"
"20980","2421264279040","1990198006826","1990198230220","22.589000000000002","22.3394","0.24960000000000002","22.5623","0.3242","False","12.1574","22.5603","24.2302","5.5932","27.9326","8","1","1","False","0"
"20980","2421264279040","1990198232716","1990198346526","11.639800000000001","11.381","0.25880000000000003","11.664100000000001","0.3536","False","18.1824","11.630600000000001","12.1574","6.12","17.501","8","1","1","False","0"
"20980","2421264279040","1990198349114","1990198581200","23.386","23.2086","0.1774","23.4177","0.3377","False","18.155900000000003","23.4674","18.1824","0.8350000000000001","24.0436","8","1","1","False","0"
"20980","2421264279040","1990198582974","1990198732307","15.097700000000001","14.933300000000001","0.16440000000000002","15.099300000000001","0.34140000000000004","False","12.1522","15.110700000000001","18.155900000000003","3.8802000000000003","18.8135","8","1","1","False","0"
"20980","2421264279040","1990198733951","1990198847724","11.5764","11.3773","0.1991","11.555100000000001","0.32630000000000003","False","18.1578","11.5417","12.1522","4.4907","15.868","8","1","1","False","0"
"20980","2421264279040","1990198849715","1990199025609","17.7727","17.5894","0.18330000000000002","17.812900000000003","0.37160000000000004","False","12.1196","17.7885","18.1578","4.86","22.4494","8","1","1","False","0"
"20980","2421264279040","1990199027442","1990199187700","16.315","16.0258","0.2892","16.2843","0.3879","False","18.174200000000003","16.2091","12.1196","0.7705000000000001","16.796300000000002","8","1","1","False","0"
"20980","2421264279040","1990199190592","1990199362160","17.3938","17.1568","0.23700000000000002","17.3577","0.33630000000000004","False","18.203500000000002","17.446","18.174200000000003","1.4987000000000001","18.6555","8","1","1","False","0"
"20980","2421264279040","1990199364530","1990199520358","15.7879","15.5828","0.2051","15.8194","0.33990000000000004","False","18.1604","15.8198","18.203500000000002","3.8824","19.4652","8","1","1","False","0"
"20980","2421264279040","1990199522409","1990199678145","15.884500000000001","15.5736","0.3109","15.8344","0.3642","False","18.192","15.7787","18.1604","6.2641","21.8377","8","1","1","False","0"
"20980","2421264279040","1990199681254","1990199877681","19.910400000000003","19.6427","0.2677","19.9369","0.3239","False","18.191000000000003","19.9536","18.192","4.5025","24.145200000000003","8","1","1","False","0"
"20980","2421264279040","1990199880358","1990200058492","18.0208","17.8134","0.2074","18.201700000000002","0.5025000000000001","False","18.1716","18.0811","18.191000000000003","4.6124","22.425800000000002","8","1","1","False","0"
"20980","2421264279040","1990200060566","1990200221465","16.3479","16.0899","0.258","16.2275","0.404","False","12.1151","16.2973","18.1716","6.4867","22.576600000000003","8","1","1","False","0"
"20980","2421264279040","1990200224045","1990200399738","17.7877","17.569300000000002","0.2184","17.7681","0.3593","False","18.225","17.8273","12.1151","0.7745000000000001","18.3438","8","1","1","False","0"
"20980","2421264279040","1990200401922","1990200576046","17.6842","17.4124","0.2718","17.673000000000002","0.3906","False","24.1905","17.6308","18.225","1.3687","18.781100000000002","8","1","1","False","0"
"20980","2421264279040","1990200578764","1990200801089","22.4099","22.2325","0.1774","22.3507","0.498","False","12.1453","22.5043","24.1905","3.0549","25.2874","8","1","1","False","0"
"20980","2421264279040","1990200802863","1990200889500","8.9808","8.6637","0.3171","8.9732","0.3451","False","18.166600000000003","8.8411","12.1453","6.359100000000001","15.0228","8","1","1","False","0"
"20980","2421264279040","1990200892671","1990201094064","20.326400000000003","20.139300000000002","0.18710000000000002","20.3943","0.3336","False","12.122","20.456400000000002","18.166600000000003","4.0693","24.2086","8","1","1","False","0"
"20980","2421264279040","1990201095935","1990201240488","14.8413","14.455300000000001","0.386","14.7985","0.3457","False","24.236600000000003","14.6424","12.122","1.5489000000000002","16.0042","8","1","1","False","0"
"20980","2421264279040","1990201244348","1990201475800","23.4689","23.145200000000003","0.32370000000000004","23.4682","0.34950000000000003","False","12.122","23.531200000000002","24.236600000000003","2.2543","25.3995","8","1","1","False","0"
"20980","2421264279040","1990201479037","1990201611804","13.4923","13.2767","0.2156","13.5288","0.33680000000000004","False","18.2036","13.6004","12.122","0.7759","14.0526","8","1","1","False","0"
"20980","2421264279040","1990201613960","1990201751115","13.9566","13.7155","0.2411","13.939400000000001","0.3461","False","18.1601","13.9311","18.2036","5.0484","18.7639","8","1","1","False","0"
"20980","2421264279040","1990201753526","1990201946670","19.5178","19.314400000000003","0.2034","19.5229","0.33490000000000003","False","18.191300000000002","19.555500000000002","18.1601","3.653","22.9674","8","1","1","False","0"
"20980","2421264279040","1990201948704","1990202099032","15.327","15.0328","0.2942","15.3704","0.4078","False","12.114600000000001","15.2362","18.191300000000002","6.6081","21.640900000000002","8","1","1","False","0"
"20980","2421264279040","1990202101974","1990202275257","17.569200000000002","17.328300000000002","0.2409","17.5635","0.38170000000000004","False","24.2544","17.622500000000002","12.114600000000001","1.1002","18.4285","8","1","1","False","0"
"20980","2421264279040","1990202277666","1990202468558","19.323300000000003","19.0892","0.2341","19.2912","0.35300000000000004","False","12.1027","19.3301","24.2544","6.024500000000001","25.1137","8","1","1","False","0"
"20980","2421264279040","1990202470899","1990202643463","17.534399999999998","17.2564","0.278","17.5376","0.3708","False","18.184900000000003","17.4905","12.1027","0.6367","17.8931","8","1","1","False","0"
"20980","2421264279040","1990202646243","1990202814565","17.1079","16.8322","0.2757","17.098200000000002","0.34390000000000004","False","18.198","17.110200000000003","18.184900000000003","1.7114","18.5436","8","1","1","False","0"
"20980","2421264279040","1990202817322","1990202963873","14.862200000000001","14.655100000000001","0.2071","15.162399999999998","0.6284000000000001","False","18.1695","14.930800000000001","18.198","4.9786","19.6337","8","1","1","False","0"
"20980","2421264279040","1990202965944","1990203156251","19.235699999999998","19.0307","0.20500000000000002","18.953300000000002","0.3408","False","18.2395","19.2378","18.1695","3.9103000000000003","22.941000000000003","8","1","1","False","0"
"20980","2421264279040","1990203158301","1990203311661","15.6209","15.336","0.2849","15.647400000000001","0.4176","False","12.0845","15.541","18.2395","6.6088000000000005","21.9448","8","1","1","False","0"
"20980","2421264279040","1990203314510","1990203468099","15.5806","15.3589","0.2217","15.544","0.33640000000000003","False","18.1854","15.6438","12.0845","3.0495","18.4084","8","1","1","False","0"
"20980","2421264279040","1990203470316","1990203669167","20.6246","19.8851","0.7395","20.3198","0.38970000000000005","False","18.1674","20.1068","18.1854","1.1281","21.0132","8","1","1","False","0"
"20980","2421264279040","1990203676562","1990203798285","12.4205","12.1723","0.2482","12.703700000000001","0.34190000000000004","False","12.1103","12.911800000000001","18.1674","6.3837","18.556","8","1","1","False","0"
"20980","2421264279040","1990203800767","1990203972322","17.384","17.1555","0.2285","17.427400000000002","0.3567","False","18.1892","17.4037","12.1103","1.0903","18.2458","8","1","1","False","0"
"20980","2421264279040","1990203974607","1990204144990","17.3029","17.0383","0.2646","17.2724","0.3503","False","12.1106","17.2668","18.1892","2.0127","19.051000000000002","8","1","1","False","0"
"20980","2421264279040","1990204147636","1990204279825","13.482700000000001","13.218900000000001","0.26380000000000003","13.507200000000001","0.35750000000000004","False","18.1963","13.483500000000001","12.1106","0.6398","13.8587","8","1","1","False","0"
"20980","2421264279040","1990204282463","1990204454251","17.4691","17.178800000000003","0.2903","17.433600000000002","0.3361","False","18.1812","17.442600000000002","18.1963","1.3935","18.572300000000002","8","1","1","False","0"
"20980","2421264279040","1990204457154","1990204639575","18.4218","18.2421","0.1797","18.4404","0.33240000000000003","False","18.194200000000002","18.532400000000003","18.1812","1.0423","19.2844","8","1","1","False","0"
"20980","2421264279040","1990204641372","1990204797262","15.8579","15.589","0.26890000000000003","15.806700000000001","0.3367","False","18.171200000000002","15.7687","18.194200000000002","3.4678","19.056800000000003","8","1","1","False","0"
"20980","2421264279040","1990204799951","1990204983810","18.575","18.3859","0.18910000000000002","18.6567","0.3511","False","18.1692","18.6548","18.171200000000002","2.9842","21.3701","8","1","1","False","0"
"20980","2421264279040","1990204985701","1990205186364","20.323500000000003","20.066300000000002","0.25720000000000004","20.280900000000003","0.3643","False","24.238300000000002","20.2554","18.1692","0.898","20.9643","8","1","1","False","0"
"20980","2421264279040","1990205188936","1990205416875","22.9956","22.7939","0.20170000000000002","23.014","0.34450000000000003","False","12.1311","23.0511","24.238300000000002","2.0852","24.8791","8","1","1","False","0"
"20980","2421264279040","1990205418892","1990205548910","13.285300000000001","13.001800000000001","0.28350000000000003","13.272400000000001","0.36010000000000003","False","18.2013","13.2035","12.1311","1.0128000000000001","14.014600000000002","8","1","1","False","0"
"20980","2421264279040","1990205551745","1990205704243","15.5213","15.2498","0.2715","15.4502","0.328","False","18.1833","15.5333","18.2013","3.6808","18.930600000000002","8","1","1","False","0"
"20980","2421264279040","1990205706958","1990205874368","16.9488","16.741","0.2078","17.0299","0.3262","False","18.1528","17.0125","18.1833","4.8516","21.5926","8","1","1","False","0"
"20980","2421264279040","1990205876446","1990206038834","16.5214","16.2388","0.2826","16.6109","0.47800000000000004","False","18.1869","16.4466","18.1528","6.5578","22.7966","8","1","1","False","0"
"20980","2421264279040","1990206041660","1990206274743","23.530600000000003","23.308300000000003","0.2223","23.431","0.33280000000000004","False","18.2425","23.5909","18.1869","1.1538000000000002","24.4621","8","1","1","False","0"
"20980","2421264279040","1990206276966","1990206405435","13.099499999999999","12.8469","0.2526","13.0914","0.3536","False","18.118000000000002","13.0692","18.2425","6.327100000000001","19.174","8","1","1","False","0"
"20980","2421264279040","1990206407961","1990206621179","21.4914","21.3218","0.1696","21.5088","0.32530000000000003","False","18.1873","21.5744","18.118000000000002","2.8707000000000003","24.192500000000003","8","1","1","False","0"
"20980","2421264279040","1990206622875","1990206781715","16.1889","15.884","0.3049","16.246000000000002","0.4504","False","12.1348","16.0536","18.1873","5.0044","20.8884","8","1","1","False","0"
"20980","2421264279040","1990206784764","1990206920206","13.8193","13.5442","0.2751","13.765500000000001","0.3885","False","18.1741","13.8491","12.1348","3.2901000000000002","16.834300000000002","8","1","1","False","0"
"20980","2421264279040","1990206922957","1990207094940","17.4465","17.1983","0.2482","17.4403","0.365","False","18.1886","17.4734","18.1741","3.9908","21.1891","8","1","1","False","0"
"20980","2421264279040","1990207097422","1990207269018","17.4006","17.1596","0.24100000000000002","17.4113","0.3547","False","18.1707","17.4078","18.1886","4.7716","21.9312","8","1","1","False","0"
"20980","2421264279040","1990207271428","1990207453467","18.518","18.2039","0.3141","18.5076","0.3905","False","18.1862","18.4449","18.1707","4.4974","22.7013","8","1","1","False","0"
"20980","2421264279040","1990207456608","1990207630939","17.787","17.4331","0.3539","17.6876","0.35550000000000004","False","12.108600000000001","17.7472","18.1862","4.9364","22.369500000000002","8","1","1","False","0"
"20980","2421264279040","1990207634478","1990207780371","15.1437","14.589300000000001","0.5544","14.9885","0.3739","False","18.1763","14.943200000000001","12.108600000000001","2.1018","16.691100000000002","8","1","1","False","0"
"20980","2421264279040","1990207785915","1990207967700","18.3806","18.1785","0.2021","18.6701","0.37360000000000004","False","24.265700000000002","18.7329","18.1763","1.5452000000000001","19.7237","8","1","1","False","0"
"20980","2421264279040","1990207969721","1990208159667","19.2006","18.994600000000002","0.20600000000000002","19.2396","0.4088","False","12.103200000000001","19.1967","24.265700000000002","6.6142","25.608800000000002","8","1","1","False","0"
"20980","2421264279040","1990208161727","1990208293982","13.4631","13.2255","0.2376","13.3972","0.3501","False","12.1119","13.4315","12.103200000000001","5.2859","18.511400000000002","8","1","1","False","0"
"20980","2421264279040","1990208296358","1990208464580","17.021700000000003","16.822200000000002","0.1995","16.8416","0.40190000000000003","False","18.1847","17.0598","12.1119","0.338","17.1602","8","1","1","False","0"
"20980","2421264279040","1990208466575","1990208632648","16.8182","16.607300000000002","0.2109","17.0254","0.38430000000000003","False","18.188000000000002","16.8068","18.1847","1.7159","18.3232","8","1","1","False","0"
"20980","2421264279040","1990208634757","1990208805234","17.374900000000004","17.047700000000003","0.3272","17.3301","0.36660000000000004","False","18.201800000000002","17.2586","18.188000000000002","2.6453","19.693","8","1","1","False","0"
"20980","2421264279040","1990208808506","1990208963142","15.745000000000001","15.463600000000001","0.28140000000000004","15.7413","0.36150000000000004","False","18.166800000000002","15.7908","18.201800000000002","5.0563","20.5199","8","1","1","False","0"
"20980","2421264279040","1990208965956","1990209180041","21.6329","21.4085","0.22440000000000002","21.6611","0.34790000000000004","False","18.1921","21.6899","18.166800000000002","1.5332000000000001","22.9417","8","1","1","False","0"
"20980","2421264279040","1990209182285","1990209324306","14.449600000000002","14.202100000000002","0.24750000000000003","14.426200000000001","0.3602","False","18.1627","14.4265","18.1921","5.2988","19.5009","8","1","1","False","0"
"20980","2421264279040","1990209326781","1990209539731","21.512700000000002","21.295","0.2177","21.566200000000002","0.38320000000000004","False","18.19","21.5425","18.1627","1.919","23.214000000000002","8","1","1","False","0"
"20980","2421264279040","1990209541908","1990209691392","15.1721","14.948400000000001","0.2237","15.120000000000001","0.3558","False","18.195700000000002","15.1661","18.19","4.9429","19.8913","8","1","1","False","0"
"20980","2421264279040","1990209693629","1990209877410","18.6965","18.3781","0.3184","18.6543","0.3562","False","24.2164","18.6018","18.195700000000002","4.5368","22.9149","8","1","1","False","0"
"20980","2421264279040","1990209880594","1990210136086","25.754","25.549200000000003","0.2048","25.776500000000002","0.3417","False","24.2441","25.8676","24.2164","2.8856","28.434800000000003","8","1","1","False","0"
"20980","2421264279040","1990210138134","1990210346758","21.0457","20.8624","0.18330000000000002","21.075300000000002","0.3518","False","12.1333","21.0672","24.2441","6.0625","26.9249","8","1","1","False","0"
"20980","2421264279040","1990210348591","1990210507473","16.146800000000002","15.888200000000001","0.2586","16.0848","0.34","False","18.1877","16.0715","12.1333","2.1243000000000003","18.0125","8","1","1","False","0"
"20980","2421264279040","1990210510059","1990210656729","14.8592","14.667","0.1922","14.943700000000002","0.3637","False","18.1671","14.925600000000001","18.1877","5.3864","20.0534","8","1","1","False","0"
"20980","2421264279040","1990210658651","1990210835909","18.0005","17.7258","0.2747","17.9342","0.331","False","18.1951","17.918","18.1671","5.6355","23.3613","8","1","1","False","0"
"20980","2421264279040","1990210838656","1990211042191","20.5618","20.3535","0.2083","20.6236","0.3377","False","18.171300000000002","20.6282","18.1951","3.2024000000000004","23.5559","8","1","1","False","0"
"20980","2421264279040","1990211044274","1990211238930","19.791300000000003","19.465600000000002","0.3257","19.7463","0.3609","False","18.179100000000002","19.6739","18.171300000000002","1.6998","21.1654","8","1","1","False","0"
"20980","2421264279040","1990211242187","1990211411220","17.0899","16.9033","0.18660000000000002","17.151","0.3659","False","18.1924","17.229","18.179100000000002","2.6499","19.5532","8","1","1","False","0"
"20980","2421264279040","1990211413086","1990211591646","18.1062","17.856","0.25020000000000003","18.075400000000002","0.3476","False","36.3602","18.0426","18.1924","2.7997","20.6557","8","1","1","False","0"
"20980","2421264279040","1990211594148","1990211966906","37.4363","37.275800000000004","0.1605","37.4668","0.3541","False","18.1873","37.526","36.3602","1.6339000000000001","38.9097","8","1","1","False","0"
"20980","2421264279040","1990211968511","1990212139814","17.3656","17.130300000000002","0.2353","17.3308","0.34450000000000003","False","18.177500000000002","17.2908","18.1873","2.5304","19.660700000000002","8","1","1","False","0"
"20980","2421264279040","1990212142167","1990212310948","17.1666","16.8781","0.28850000000000003","17.1081","0.32320000000000004","False","18.169","17.113400000000002","18.177500000000002","3.5945","20.4726","8","1","1","False","0"
"20980","2421264279040","1990212313833","1990212521910","21.0457","20.8077","0.23800000000000002","21.1099","0.3522","False","18.1917","21.0962","18.169","0.6673","21.475","8","1","1","False","0"
"20980","2421264279040","1990212524290","1990212664267","14.2114","13.9977","0.2137","14.2307","0.3667","False","18.1859","14.235700000000001","18.1917","4.6233","18.621000000000002","8","1","1","False","0"
"20980","2421264279040","1990212666404","1990212871660","20.7295","20.5256","0.2039","20.7282","0.3524","False","18.1826","20.7393","18.1859","2.0699","22.5955","8","1","1","False","0"
"20980","2421264279040","1990212873699","1990213010978","13.9811","13.7279","0.25320000000000004","13.930000000000001","0.3282","False","18.1841","13.9318","18.1826","6.3207","20.0486","8","1","1","False","0"
"20980","2421264279040","1990213013510","1990213200682","18.9158","18.717200000000002","0.1986","18.958000000000002","0.3522","False","18.1688","18.9704","18.1841","5.534400000000001","24.2516","8","1","1","False","0"
"20980","2421264279040","1990213202668","1990213371292","17.1985","16.8624","0.3361","17.2225","0.41300000000000003","False","18.1874","17.061","18.1688","6.6422","23.5046","8","1","1","False","0"
"20980","2421264279040","1990213374653","1990213557315","18.5669","18.2662","0.3007","18.479300000000002","0.3478","False","12.1423","18.6023","18.1874","6.2273000000000005","24.4935","8","1","1","False","0"
"20980","2421264279040","1990213560322","1990213719542","16.1261","15.922","0.2041","16.2097","0.3753","False","18.151400000000002","16.2227","12.1423","2.1469","18.0689","8","1","1","False","0"
"20980","2421264279040","1990213721583","1990213881513","16.1487","15.993","0.1557","16.1903","0.3937","False","18.197100000000002","16.197100000000002","18.151400000000002","4.1012","20.0942","8","1","1","False","0"
"20980","2421264279040","1990213883070","1990214038828","15.852200000000002","15.575800000000001","0.27640000000000003","15.780800000000001","0.40800000000000003","False","18.169700000000002","15.7315","18.197100000000002","6.566800000000001","22.1426","8","1","1","False","0"
"20980","2421264279040","1990214041592","1990214232067","19.2561","19.0475","0.2086","19.2469","0.3336","False","12.1362","19.323900000000002","18.169700000000002","5.4126","24.4601","8","1","1","False","0"
"20980","2421264279040","1990214234153","1990214363865","13.1377","12.971200000000001","0.1665","13.191600000000001","0.3783","False","18.2138","13.1798","12.1362","4.369","17.3402","8","1","1","False","0"
"20980","2421264279040","1990214365530","1990214534045","17.1552","16.8515","0.3037","17.066000000000003","0.3658","False","12.0847","17.018","18.2138","5.5648","22.4163","8","1","1","False","0"
"20980","2421264279040","1990214537082","1990214688996","15.419700000000002","15.191400000000002","0.2283","15.4397","0.3574","False","18.1701","15.4951","12.0847","2.1544000000000003","17.3458","8","1","1","False","0"
"20980","2421264279040","1990214691279","1990214848472","16.058500000000002","15.7193","0.3392","16.0092","0.35950000000000004","False","18.169900000000002","15.947600000000001","18.1701","4.3769","20.0962","8","1","1","False","0"
"20980","2421264279040","1990214851864","1990215061783","21.224500000000003","20.9919","0.2326","21.2767","0.3438","False","12.1388","21.3311","18.169900000000002","1.2157","22.2076","8","1","1","False","0"
"20980","2421264279040","1990215064109","1990215168671","10.654900000000001","10.4562","0.19870000000000002","10.676","0.3423","False","18.1878","10.6888","12.1388","2.6657","13.1219","8","1","1","False","0"
"20980","2421264279040","1990215170658","1990215320909","15.3463","15.0251","0.32120000000000004","15.3544","0.3602","False","30.300500000000003","15.2238","18.1878","5.629700000000001","20.6548","8","1","1","False","0"
"20980","2421264279040","1990215324121","1990215635080","31.3245","31.0959","0.2286","31.3364","0.3724","False","18.1689","31.4171","30.300500000000003","4.5131000000000006","35.609","8","1","1","False","0"
"20980","2421264279040","1990215637366","1990215795939","16.1433","15.8573","0.28600000000000003","16.178800000000003","0.4209","False","18.2499","16.085900000000002","18.1689","6.596100000000001","22.453400000000002","8","1","1","False","0"
"20980","2421264279040","1990215798799","1990215985997","18.8965","18.7198","0.1767","18.8372","0.33390000000000003","False","12.0472","19.0058","18.2499","5.8402","24.560000000000002","8","1","1","False","0"
"20980","2421264279040","1990215987764","1990216155437","17.056400000000004","16.767300000000002","0.2891","17.0791","0.36460000000000004","False","18.1816","16.944","12.0472","0.9434","17.7107","8","1","1","False","0"
"20980","2421264279040","1990216158328","1990216334505","17.9234","17.6177","0.3057","17.7799","0.3393","False","18.207900000000002","17.9068","18.1816","1.2182","18.835900000000002","8","1","1","False","0"
"20980","2421264279040","1990216337562","1990216466759","13.263","12.9197","0.3433","13.2734","0.35660000000000003","False","12.0992","13.2254","18.207900000000002","6.2007","19.1204","8","1","1","False","0"
"20980","2421264279040","1990216470192","1990216638665","17.2302","16.8473","0.3829","17.0511","0.3904","False","18.1814","17.1906","12.0992","1.1093","17.9566","8","1","1","False","0"
"20980","2421264279040","1990216642494","1990216771832","13.1756","12.9338","0.24180000000000001","13.525","0.43060000000000004","False","18.1907","13.3167","18.1814","5.974","18.9078","8","1","1","False","0"
"20980","2421264279040","1990216774250","1990216953496","18.1615","17.9246","0.2369","18.1123","0.3563","False","12.142800000000001","18.1664","18.1907","5.9983","23.922900000000002","8","1","1","False","0"
"20980","2421264279040","1990216955865","1990217088363","13.5679","13.2498","0.3181","13.5751","0.3805","False","18.1616","13.4867","12.142800000000001","4.6544","17.9042","8","1","1","False","0"
"20980","2421264279040","1990217091544","1990217267693","17.8486","17.614900000000002","0.23370000000000002","17.853","0.3604","False","12.118","17.933","18.1616","4.883","22.4979","8","1","1","False","0"
"20980","2421264279040","1990217270030","1990217393526","12.569","12.3496","0.2194","12.5502","0.343","False","18.2243","12.583300000000001","12.118","4.4177","16.767300000000002","8","1","1","False","0"
"20980","2421264279040","1990217395720","1990217569918","17.739600000000003","17.419800000000002","0.31980000000000003","17.6869","0.3519","False","18.142400000000002","17.639200000000002","18.2243","5.002800000000001","22.422600000000003","8","1","1","False","0"
"20980","2421264279040","1990217573116","1990217738398","16.953100000000003","16.528200000000002","0.4249","16.901500000000002","0.3578","False","12.138","16.848000000000003","18.142400000000002","6.2972","22.825400000000002","8","1","1","False","0"
"20980","2421264279040","1990217742647","1990217875596","13.4921","13.2949","0.19720000000000001","13.611600000000001","0.3599","False","30.2928","13.719800000000001","12.138","4.7154","18.0103","8","1","1","False","0"
"20980","2421264279040","1990217877568","1990218165990","29.128500000000003","28.842200000000002","0.2863","29.1017","0.3643","False","18.1596","29.0394","30.2928","5.9688","34.811","8","1","1","False","0"
"20980","2421264279040","1990218168853","1990218341777","17.5559","17.2924","0.2635","17.6147","0.39840000000000003","False","18.2253","17.5787","18.1596","6.5497000000000005","23.842100000000002","8","1","1","False","0"
"20980","2421264279040","1990218344412","1990218550722","20.9173","20.631","0.2863","20.8948","0.39640000000000003","False","18.1426","20.8945","18.2253","3.8805","24.5115","8","1","1","False","0"
"20980","2421264279040","1990218553585","1990218746182","19.451300000000003","19.259700000000002","0.19160000000000002","19.4112","0.3115","False","18.193","19.546","18.1426","2.4771","21.736800000000002","8","1","1","False","0"
"20980","2421264279040","1990218748098","1990218920024","17.3882","17.192600000000002","0.1956","17.3382","0.2975","False","18.171300000000002","17.3842","18.193","3.2859000000000003","20.4785","8","1","1","False","0"
"20980","2421264279040","1990218921980","1990219089548","17.077700000000004","16.756800000000002","0.3209","17.0672","0.3215","False","18.1872","16.9524","18.171300000000002","4.5048","21.2616","8","1","1","False","0"
"20980","2421264279040","1990219092757","1990219256949","16.7741","16.4192","0.3549","16.7188","0.3405","False","12.110700000000001","16.7401","18.1872","5.9519","22.371100000000002","8","1","1","False","0"
"20980","2421264279040","1990219260498","1990219413573","15.584200000000001","15.307500000000001","0.2767","15.6486","0.3129","False","18.1965","15.6624","12.110700000000001","2.4002000000000003","17.7077","8","1","1","False","0"
"20980","2421264279040","1990219416340","1990219568978","15.535100000000002","15.263800000000002","0.2713","15.534600000000001","0.33890000000000003","False","12.1159","15.540500000000002","18.1965","5.0562000000000005","20.32","8","1","1","False","0"
"20980","2421264279040","1990219571691","1990219696514","12.6745","12.4823","0.1922","12.746500000000001","0.32270000000000004","False","12.1292","12.7536","12.1159","4.4185","16.9008","8","1","1","False","0"
"20980","2421264279040","1990219698436","1990219810231","11.446200000000001","11.1795","0.2667","11.3772","0.3346","False","18.2458","11.3717","12.1292","5.176","16.3555","8","1","1","False","0"
"20980","2421264279040","1990219812898","1990219980528","17.173000000000002","16.763","0.41000000000000003","17.101100000000002","0.3587","False","12.0531","17.029700000000002","18.2458","6.3921","23.1551","8","1","1","False","0"
"20980","2421264279040","1990219984628","1990220141552","15.892000000000001","15.692400000000001","0.1996","15.9496","0.2682","False","18.2244","16.1024","12.0531","2.3428","18.0352","8","1","1","False","0"
"20980","2421264279040","1990220143548","1990220311103","17.055100000000003","16.7555","0.29960000000000003","17.043300000000002","0.3174","False","12.069","16.9551","18.2244","3.6121000000000003","20.3676","8","1","1","False","0"
"20980","2421264279040","1990220314099","1990220452030","13.968800000000002","13.7931","0.1757","13.970600000000001","0.2632","False","18.1993","14.0927","12.069","1.5884","15.3815","8","1","1","False","0"
"20980","2421264279040","1990220453787","1990220599961","14.8487","14.6174","0.2313","15.107000000000001","0.5145000000000001","False","12.1056","14.7931","18.1993","4.9946","19.612000000000002","8","1","1","False","0"
"20980","2421264279040","1990220602274","1990220758009","15.780700000000001","15.573500000000001","0.20720000000000002","15.514600000000002","0.2627","False","18.198600000000003","15.8048","12.1056","1.2954","16.8689","8","1","1","False","0"
"20980","2421264279040","1990220760081","1990220922181","16.5044","16.21","0.2944","16.5772","0.3527","False","18.1716","16.4172","18.198600000000003","3.0768","19.2868","8","1","1","False","0"
"20980","2421264279040","1990220925125","1990221118163","19.506000000000004","19.303800000000003","0.20220000000000002","19.523600000000002","0.34240000000000004","False","18.1772","19.598200000000002","18.1716","1.6502000000000001","20.954","8","1","1","False","0"
"20980","2421264279040","1990221120185","1990221253715","13.5314","13.353","0.1784","13.545","0.3173","False","18.175800000000002","13.555200000000001","18.1772","6.272200000000001","19.6252","8","1","1","False","0"
"20980","2421264279040","1990221255499","1990221445958","19.3793","19.0459","0.33340000000000003","19.376","0.3854","False","18.196","19.2243","18.175800000000002","5.2237","24.2696","8","1","1","False","0"
"20980","2421264279040","1990221449292","1990221648846","20.2437","19.9554","0.2883","20.2151","0.36910000000000004","False","18.233700000000002","20.288800000000002","18.196","3.1309","23.0863","8","1","1","False","0"
"20980","2421264279040","1990221651729","1990221800490","15.179300000000001","14.876100000000001","0.3032","15.290000000000001","0.4551","False","12.0592","15.1644","18.233700000000002","6.200200000000001","21.0763","8","1","1","False","0"
"20980","2421264279040","1990221803522","1990221945751","14.459200000000001","14.222900000000001","0.2363","14.2577","0.2621","False","12.119","14.526100000000001","12.0592","3.7333000000000003","17.956200000000003","8","1","1","False","0"
"20980","2421264279040","1990221948114","1990222088607","14.2002","14.0493","0.1509","14.350800000000001","0.3645","False","18.2226","14.2856","12.119","1.5667","15.616000000000001","8","1","1","False","0"
"20980","2421264279040","1990222090116","1990222223270","13.597800000000001","13.3154","0.28240000000000004","13.5015","0.3514","False","12.089500000000001","13.4663","18.2226","6.323","19.6384","8","1","1","False","0"
"20980","2421264279040","1990222226094","1990222365042","14.0918","13.8948","0.197","14.1022","0.26730000000000004","False","6.0581000000000005","14.177200000000001","12.089500000000001","4.2353000000000005","18.130100000000002","8","1","1","False","0"
"20980","2421264279040","1990222367012","1990222459186","9.5375","9.2174","0.3201","9.518600000000001","0.34390000000000004","False","18.1876","9.4144","6.0581000000000005","0.879","10.096400000000001","8","1","1","False","0"
"20980","2421264279040","1990222462387","1990222605760","14.514000000000001","14.3373","0.1767","14.5716","0.32020000000000004","False","18.1856","14.6574","18.1876","4.4092","18.7465","8","1","1","False","0"
"20980","2421264279040","1990222607527","1990222800870","19.525800000000004","19.334300000000002","0.1915","19.5213","0.3341","False","12.1224","19.511","18.1856","3.0838","22.418100000000003","8","1","1","False","0"
"20980","2421264279040","1990222802785","1990222940780","14.034","13.7995","0.23450000000000001","14.062600000000002","0.3734","False","18.1647","13.991000000000001","12.1224","1.2152","15.014700000000001","8","1","1","False","0"
"20980","2421264279040","1990222943125","1990223116129","17.519099999999998","17.3004","0.2187","17.4693","0.31880000000000003","False","12.1232","17.5349","18.1647","1.8450000000000002","19.145400000000002","8","1","1","False","0"
"20980","2421264279040","1990223118316","1990223201574","8.6667","8.325800000000001","0.34090000000000004","8.6341","0.36100000000000004","False","12.1402","8.544500000000001","12.1232","5.4237","13.749500000000001","8","1","1","False","0"
"20980","2421264279040","1990223204983","1990223332890","13.0775","12.790700000000001","0.2868","13.074100000000001","0.31120000000000003","False","18.1704","13.1316","12.1402","4.432300000000001","17.223000000000003","8","1","1","False","0"
"20980","2421264279040","1990223335758","1990223511766","17.9047","17.6008","0.3039","18.1142","0.4822","False","12.1156","17.887600000000003","18.1704","4.7151000000000005","22.315900000000003","8","1","1","False","0"
"20980","2421264279040","1990223514805","1990223670772","15.8556","15.5967","0.2589","15.681600000000003","0.3426","False","18.216","15.9006","12.1156","0.9301","16.5268","8","1","1","False","0"
"20980","2421264279040","1990223673361","1990223803770","13.261700000000001","13.0409","0.22080000000000002","13.303600000000001","0.3524","False","12.0854","13.299800000000001","18.216","5.8463","18.8872","8","1","1","False","0"
"20980","2421264279040","1990223805978","1990223942634","13.898500000000002","13.665600000000001","0.23290000000000002","13.7781","0.24960000000000002","False","12.1231","13.8864","12.0854","4.0453","17.710900000000002","8","1","1","False","0"
"20980","2421264279040","1990223944963","1990224093815","15.057100000000002","14.885200000000001","0.1719","15.1859","0.3337","False","12.1469","15.1181","12.1231","1.0503","15.935500000000001","8","1","1","False","0"
"20980","2421264279040","1990224095534","1990224175771","8.2948","8.0237","0.2711","8.2956","0.3794","False","18.1719","8.1956","12.1469","5.0016","13.025300000000001","8","1","1","False","0"
"20980","2421264279040","1990224178482","1990224368639","19.2542","19.015700000000002","0.23850000000000002","19.2102","0.32130000000000003","False","12.1072","19.2868","18.1719","3.8867000000000003","22.9024","8","1","1","False","0"
"20980","2421264279040","1990224371024","1990224467923","9.8515","9.6899","0.16160000000000002","9.882100000000001","0.3271","False","18.1894","9.9284","12.1072","6.0655","15.755400000000002","8","1","1","False","0"
"20980","2421264279040","1990224469539","1990224666576","19.8919","19.7037","0.1882","19.8651","0.3175","False","12.115400000000001","19.8653","18.1894","4.389600000000001","24.093300000000003","8","1","1","False","0"
"20980","2421264279040","1990224668458","1990224798451","13.1755","12.9993","0.1762","13.217500000000001","0.337","False","18.1857","13.1875","12.115400000000001","3.3175000000000003","16.3168","8","1","1","False","0"
"20980","2421264279040","1990224800213","1990224973403","17.4916","17.319","0.1726","17.5109","0.5475","False","12.1233","17.4952","18.1857","4.008","21.327","8","1","1","False","0"
"20980","2421264279040","1990224975129","1990225083922","11.1028","10.8793","0.2235","11.061900000000001","0.3597","False","18.1705","11.0519","12.1233","5.079400000000001","15.9587","8","1","1","False","0"
"20980","2421264279040","1990225086157","1990225254360","17.0851","16.8203","0.26480000000000004","17.0217","0.3413","False","12.1256","17.0438","18.1705","6.2061","23.026400000000002","8","1","1","False","0"
"20980","2421264279040","1990225257008","1990225424714","17.0041","16.7706","0.2335","17.0885","0.364","False","18.1784","17.0354","12.1256","1.2963","18.0669","8","1","1","False","0"
"20980","2421264279040","1990225427049","1990225582037","15.742700000000001","15.498800000000001","0.2439","15.738900000000001","0.3563","False","18.182100000000002","15.7323","18.1784","3.7424000000000004","19.2412","8","1","1","False","0"
"20980","2421264279040","1990225584476","1990225746144","16.306500000000003","16.166800000000002","0.13970000000000002","16.3105","0.3383","False","12.1409","16.410700000000002","18.182100000000002","5.513800000000001","21.680600000000002","8","1","1","False","0"
"20980","2421264279040","1990225747541","1990225855783","11.1384","10.824200000000001","0.31420000000000003","11.1917","0.4431","False","12.101","10.9639","12.1409","6.6908","17.515","8","1","1","False","0"
"20980","2421264279040","1990225858925","1990226016374","16.042","15.744900000000001","0.29710000000000003","16.0207","0.42200000000000004","False","24.2379","16.0591","12.101","2.7327000000000004","18.477600000000002","8","1","1","False","0"
"20980","2421264279040","1990226019345","1990226238150","22.1555","21.8805","0.275","22.099","0.3628","False","12.1311","22.1776","24.2379","4.793","26.6735","8","1","1","False","0"
"20980","2421264279040","1990226240900","1990226352328","11.379000000000001","11.142800000000001","0.23620000000000002","11.370800000000001","0.337","False","18.1907","11.4178","12.1311","5.5063","16.6491","8","1","1","False","0"
"20980","2421264279040","1990226354690","1990226532687","18.0455","17.7997","0.24580000000000002","18.0207","0.3194","False","6.0396","18.0359","18.1907","5.6611","23.460800000000003","8","1","1","False","0"
"20980","2421264279040","1990226535145","1990226642793","11.0333","10.764800000000001","0.2685","11.0089","0.2874","False","18.2131","11.0106","6.0396","0.6901","11.4549","8","1","1","False","0"
"20980","2421264279040","1990226645478","1990226781868","13.9562","13.639000000000001","0.31720000000000004","13.9968","0.35850000000000004","False","18.1572","13.9075","18.2131","4.9957","18.634700000000002","8","1","1","False","0"
"20980","2421264279040","1990226785040","1990226947781","16.5299","16.2741","0.2558","16.6397","0.4667","False","18.1877","16.5913","18.1572","6.5616","22.835700000000003","8","1","1","False","0"
"20980","2421264279040","1990226950339","1990227129941","18.1464","17.9602","0.1862","18.131700000000002","0.41550000000000004","False","12.1102","18.216","18.1877","6.5333000000000006","24.4935","8","1","1","False","0"
"20980","2421264279040","1990227131803","1990227259517","13.0459","12.7714","0.2745","12.960700000000001","0.3589","False","18.179100000000002","12.957600000000001","12.1102","5.6859","18.4573","8","1","1","False","0"
"20980","2421264279040","1990227262262","1990227444284","18.3457","18.2022","0.14350000000000002","18.3554","0.31820000000000004","False","12.1403","18.4767","18.179100000000002","5.3883","23.590500000000002","8","1","1","False","0"
"20980","2421264279040","1990227445719","1990227553187","11.1132","10.7468","0.3664","11.1127","0.41090000000000004","False","12.1091","10.8903","12.1403","6.6383","17.3851","8","1","1","False","0"
"20980","2421264279040","1990227556851","1990227714751","16.0773","15.790000000000001","0.2873","16.114","0.3808","False","18.1797","16.1564","12.1091","2.591","18.381","8","1","1","False","0"
"20980","2421264279040","1990227717624","1990227910043","19.431700000000003","19.2419","0.1898","19.4018","0.3365","False","18.1828","19.5292","18.1797","1.2415","20.4834","8","1","1","False","0"
"20980","2421264279040","1990227911941","1990228040893","13.099","12.8952","0.2038","13.108400000000001","0.34550000000000003","False","6.064900000000001","13.085","18.1828","6.339300000000001","19.2345","8","1","1","False","0"
"20980","2421264279040","1990228042931","1990228153028","11.219000000000001","11.0097","0.2093","11.2376","0.3779","False","24.2448","11.2135","6.064900000000001","1.1907","12.2004","8","1","1","False","0"
"20980","2421264279040","1990228155121","1990228351733","19.871000000000002","19.6612","0.20980000000000001","19.851000000000003","0.3522","False","12.121500000000001","19.8705","24.2448","5.565","25.226200000000002","8","1","1","False","0"
"20980","2421264279040","1990228353831","1990228479830","12.7962","12.5999","0.1963","12.8109","0.3644","False","18.171400000000002","12.809700000000001","12.121500000000001","4.8768","17.4767","8","1","1","False","0"
"20980","2421264279040","1990228481793","1990228652470","17.359900000000003","17.067700000000002","0.2922","17.3148","0.3546","False","12.1372","17.264","18.171400000000002","5.7842","22.8519","8","1","1","False","0"
"20980","2421264279040","1990228655392","1990228776936","12.361600000000001","12.1544","0.20720000000000002","12.366900000000001","0.33690000000000003","False","12.1064","12.4466","12.1372","5.4748","17.6292","8","1","1","False","0"
"20980","2421264279040","1990228779008","1990228941237","16.4465","16.2229","0.22360000000000002","16.4452","0.34290000000000004","False","18.1833","16.4301","12.1064","1.1511","17.374000000000002","8","1","1","False","0"
"20980","2421264279040","1990228943473","1990229085302","14.4268","14.1829","0.2439","14.4","0.3488","False","18.1782","14.406500000000001","18.1833","4.9279","19.1108","8","1","1","False","0"
"20980","2421264279040","1990229087741","1990229265593","18.0184","17.7852","0.23320000000000002","18.081","0.3599","False","12.1463","18.0291","18.1782","5.077","22.8622","8","1","1","False","0"
"20980","2421264279040","1990229267925","1990229395945","13.061000000000002","12.802000000000001","0.259","13.029","0.34990000000000004","False","18.1603","13.035200000000001","12.1463","4.1881","16.9901","8","1","1","False","0"
"20980","2421264279040","1990229398535","1990229566535","17.0294","16.8","0.22940000000000002","17.041600000000003","0.36050000000000004","False","12.1334","17.059","18.1603","5.2894000000000005","22.0894","8","1","1","False","0"
"20980","2421264279040","1990229568829","1990229679434","11.637300000000002","11.060500000000001","0.5768","11.3842","0.3539","False","18.172700000000003","11.289900000000001","12.1334","6.1329","17.1934","8","1","1","False","0"
"20980","2421264279040","1990229685202","1990229869507","18.615800000000004","18.430500000000002","0.18530000000000002","18.8926","0.3584","False","12.113900000000001","19.0073","18.172700000000003","5.2983","23.7288","8","1","1","False","0"
"20980","2421264279040","1990229871360","1990230036871","16.7828","16.5511","0.23170000000000002","16.7494","0.34390000000000004","False","12.1228","16.7364","12.113900000000001","0.6758000000000001","17.2269","8","1","1","False","0"
"20980","2421264279040","1990230039188","1990230156479","11.964300000000001","11.7291","0.23520000000000002","11.9776","0.35850000000000004","False","24.243000000000002","11.9608","12.1228","0.8378","12.5669","8","1","1","False","0"
"20980","2421264279040","1990230158831","1990230351199","19.4141","19.236800000000002","0.1773","19.3997","0.3239","False","12.1273","19.472","24.243000000000002","5.6088000000000005","24.8456","8","1","1","False","0"
"20980","2421264279040","1990230352972","1990230472079","12.2035","11.9107","0.2928","12.2056","0.36100000000000004","False","18.178800000000003","12.088000000000001","12.1273","5.6481","17.5588","8","1","1","False","0"
"20980","2421264279040","1990230475007","1990230654368","18.2041","17.9361","0.268","18.1824","0.34450000000000003","False","12.1091","18.2289","18.178800000000003","5.598","23.534100000000002","8","1","1","False","0"
"20980","2421264279040","1990230657048","1990230815051","16.0272","15.8003","0.22690000000000002","15.9815","0.319","False","12.139100000000001","16.0683","12.1091","1.6388","17.4391","8","1","1","False","0"
"20980","2421264279040","1990230817320","1990230925322","11.1664","10.8002","0.3662","11.2009","0.3637","False","18.1736","11.0271","12.139100000000001","2.7508","13.551","8","1","1","False","0"
"20980","2421264279040","1990230928984","1990231106664","18.057000000000002","17.768","0.28900000000000003","18.0726","0.3624","False","12.1225","18.1342","18.1736","2.7902","20.5582","8","1","1","False","0"
"20980","2421264279040","1990231109554","1990231208980","10.201400000000001","9.9426","0.25880000000000003","10.187700000000001","0.3477","False","18.1725","10.2316","12.1225","4.6811","14.623700000000001","8","1","1","False","0"
"20980","2421264279040","1990231211568","1990231402112","19.248900000000003","19.0544","0.1945","19.2591","0.3373","False","12.1487","19.313200000000002","18.1725","3.5404","22.5948","8","1","1","False","0"
"20980","2421264279040","1990231404057","1990231526448","12.4478","12.2391","0.2087","12.497100000000001","0.37270000000000003","False","18.1632","12.4336","12.1487","3.2555","15.4946","8","1","1","False","0"
"20980","2421264279040","1990231528535","1990231699439","17.3621","17.090400000000002","0.2717","17.3265","0.3452","False","12.126100000000001","17.2991","18.1632","4.1196","21.21","8","1","1","False","0"
"20980","2421264279040","1990231702156","1990231825327","12.5776","12.3171","0.2605","12.4334","0.41100000000000003","False","18.2028","12.5888","12.126100000000001","3.6569000000000003","15.974","8","1","1","False","0"
"20980","2421264279040","1990231827932","1990232004196","17.8502","17.6264","0.2238","18.006600000000002","0.34090000000000004","False","12.0883","17.8869","18.2028","3.9728000000000003","21.5992","8","1","1","False","0"
"20980","2421264279040","1990232006434","1990232146974","14.3329","14.054","0.27890000000000004","14.3351","0.36660000000000004","False","18.3149","14.277800000000001","12.0883","1.7833","15.8373","8","1","1","False","0"
"20980","2421264279040","1990232149763","1990232286831","14.0462","13.706800000000001","0.33940000000000003","13.9459","0.34750000000000003","False","18.0578","13.985700000000001","18.3149","6.112500000000001","19.819300000000002","8","1","1","False","0"
"20980","2421264279040","1990232290225","1990232478275","19.0366","18.805","0.2316","19.0933","0.3306","False","12.120000000000001","19.1444","18.0578","5.0259","23.8309","8","1","1","False","0"
"20980","2421264279040","1990232480591","1990232639643","16.0789","15.9052","0.17370000000000002","16.128700000000002","0.34340000000000004","False","12.132000000000001","16.1368","12.120000000000001","1.0091","16.9143","8","1","1","False","0"
"20980","2421264279040","1990232641380","1990232718466","7.981400000000001","7.708600000000001","0.2728","7.9708000000000006","0.3622","False","18.162300000000002","7.882300000000001","12.132000000000001","5.2588","12.967400000000001","8","1","1","False","0"
"20980","2421264279040","1990232721194","1990232937897","21.8645","21.6703","0.1942","21.881700000000002","0.33230000000000004","False","12.1331","21.9431","18.162300000000002","1.478","23.148300000000003","8","1","1","False","0"
"20980","2421264279040","1990232939839","1990233013897","7.6262","7.4058","0.2204","7.6093","0.34900000000000003","False","12.1356","7.6000000000000005","12.1331","6.0111","13.4169","8","1","1","False","0"
"20980","2421264279040","1990233016101","1990233164634","15.0402","14.8533","0.1869","15.0896","0.3669","False","18.1624","15.0737","12.1356","3.073","17.9263","8","1","1","False","0"
"20980","2421264279040","1990233166503","1990233339173","17.5091","17.267","0.2421","17.476100000000002","0.35350000000000004","False","18.1831","17.4539","18.1624","3.7815000000000003","21.0485","8","1","1","False","0"
"20980","2421264279040","1990233341594","1990233523253","18.304000000000002","18.1659","0.1381","18.3149","0.3357","False","12.1189","18.408","18.1831","3.5566","21.7225","8","1","1","False","0"
"20980","2421264279040","1990233524634","1990233669261","14.7765","14.4627","0.3138","14.6661","0.33030000000000004","False","12.118500000000001","14.600800000000001","12.1189","1.0747","15.5374","8","1","1","False","0"
"20980","2421264279040","1990233672399","1990233792407","12.1967","12.0008","0.19590000000000002","12.3178","0.3587","False","18.199","12.3146","12.118500000000001","0.8786","12.8794","8","1","1","False","0"
"20980","2421264279040","1990233794366","1990233923743","13.227200000000002","12.937700000000001","0.28950000000000004","13.1616","0.35300000000000004","False","12.1117","13.133600000000001","18.199","5.944","18.881700000000002","8","1","1","False","0"
"20980","2421264279040","1990233926638","1990234091989","16.7399","16.5351","0.2048","16.7752","0.3452","False","18.1848","16.8246","12.1117","1.2311","17.7662","8","1","1","False","0"
"20980","2421264279040","1990234094037","1990234238888","14.7094","14.485100000000001","0.2243","14.735000000000001","0.3774","False","12.110100000000001","14.689900000000002","18.1848","4.726","19.211100000000002","8","1","1","False","0"
"20980","2421264279040","1990234241131","1990234397381","15.9052","15.625","0.2802","15.805000000000001","0.34550000000000003","False","18.1886","15.849300000000001","12.110100000000001","0.9868","16.611800000000002","8","1","1","False","0"
"20980","2421264279040","1990234400183","1990234557562","15.979500000000002","15.737900000000002","0.2416","15.9992","0.33590000000000003","False","12.125200000000001","16.0181","18.1886","3.1573","18.895200000000003","8","1","1","False","0"
"20980","2421264279040","1990234559978","1990234691418","13.3605","13.144","0.2165","13.428700000000001","0.35600000000000004","False","18.1923","13.3856","12.125200000000001","1.8969","15.0409","8","1","1","False","0"
"20980","2421264279040","1990234693583","1990234846020","15.580400000000001","15.2437","0.3367","15.5198","0.3753","False","18.171300000000002","15.4602","18.1923","4.6290000000000004","19.872700000000002","8","1","1","False","0"
"20980","2421264279040","1990234849387","1990235010618","16.4788","16.1231","0.3557","16.4709","0.3415","False","12.117700000000001","16.4598","18.171300000000002","6.3405000000000005","22.4636","8","1","1","False","0"
"20980","2421264279040","1990235014175","1990235177707","16.6522","16.3532","0.299","16.6735","0.36150000000000004","False","18.1944","16.7089","12.117700000000001","1.7493","18.1025","8","1","1","False","0"
"20980","2421264279040","1990235180697","1990235318711","13.997200000000001","13.801400000000001","0.1958","14.036000000000001","0.3418","False","12.125","14.1004","18.1944","5.8433","19.6447","8","1","1","False","0"
"20980","2421264279040","1990235320669","1990235447125","12.9484","12.6456","0.3028","12.877","0.34840000000000004","False","18.1754","12.8414","12.125","5.1269","17.7725","8","1","1","False","0"
"20980","2421264279040","1990235450153","1990235615352","16.7291","16.5199","0.2092","16.849700000000002","0.398","False","12.1071","16.8227","18.1754","6.4796000000000005","22.9995","8","1","1","False","0"
"20980","2421264279040","1990235617444","1990235760866","14.625","14.3422","0.2828","14.564300000000001","0.3854","False","18.2342","14.551400000000001","12.1071","4.0353","18.3775","8","1","1","False","0"
"20980","2421264279040","1990235763694","1990235945049","18.3607","18.1355","0.2252","18.3153","0.334","False","12.0812","18.418300000000002","18.2342","3.8512000000000004","21.986700000000003","8","1","1","False","0"
"20980","2421264279040","1990235947301","1990236049105","10.4548","10.1804","0.27440000000000003","10.438","0.3483","False","18.1674","10.4056","12.0812","5.526800000000001","15.7072","8","1","1","False","0"
"20980","2421264279040","1990236051849","1990236245026","19.635700000000003","19.317700000000002","0.318","19.6965","0.369","False","12.1331","19.592100000000002","18.1674","4.1021","23.419800000000002","8","1","1","False","0"
"20980","2421264279040","1990236248206","1990236363882","11.8002","11.5676","0.2326","11.7704","0.3572","False","18.2645","11.8856","12.1331","4.349600000000001","15.917200000000001","8","1","1","False","0"
"20980","2421264279040","1990236366208","1990236531261","16.775100000000002","16.505300000000002","0.26980000000000004","16.767400000000002","0.35150000000000003","False","18.095000000000002","16.7379","18.2645","5.8762","22.381500000000003","8","1","1","False","0"
"20980","2421264279040","1990236533959","1990236728038","19.5609","19.4079","0.153","19.642500000000002","0.35760000000000003","False","12.1212","19.6777","18.095000000000002","4.2935","23.7014","8","1","1","False","0"
"20980","2421264279040","1990236729568","1990236839217","11.2526","10.9649","0.2877","11.222800000000001","0.3629","False","12.132200000000001","11.1179","12.1212","5.2968","16.2617","8","1","1","False","0"
"20980","2421264279040","1990236842094","1990236991168","15.0929","14.9074","0.1855","15.092400000000001","0.3508","False","18.1658","15.1951","12.132200000000001","2.2339","17.1413","8","1","1","False","0"
"20980","2421264279040","1990236993023","1990237158051","16.7027","16.5028","0.19990000000000002","16.712600000000002","0.3584","False","18.1936","16.6883","18.1658","3.7114000000000003","20.2142","8","1","1","False","0"
"20980","2421264279040","1990237160050","1990237316705","15.960600000000001","15.665500000000002","0.29510000000000003","15.888","0.3448","False","12.1203","15.865400000000001","18.1936","6.0396","21.7051","8","1","1","False","0"
"20980","2421264279040","1990237319656","1990237449214","13.2539","12.9558","0.29810000000000003","13.2939","0.3774","False","18.1677","13.250900000000001","12.1203","4.909","17.864800000000002","8","1","1","False","0"
"20980","2421264279040","1990237452195","1990237639980","18.9861","18.7785","0.2076","18.9705","0.3234","False","18.212","19.076600000000003","18.1677","4.0001","22.7786","8","1","1","False","0"
"20980","2421264279040","1990237642056","1990237812213","17.221400000000003","17.015700000000002","0.20570000000000002","17.2149","0.32530000000000003","False","12.090900000000001","17.223300000000002","18.212","4.9888","22.0045","8","1","1","False","0"
"20980","2421264279040","1990237814270","1990237963850","15.1676","14.958","0.2096","15.133700000000001","0.27840000000000004","False","12.142800000000001","15.1637","12.090900000000001","1.9160000000000001","16.874000000000002","8","1","1","False","0"
"20980","2421264279040","1990237965946","1990238064142","10.097700000000001","9.819600000000001","0.2781","10.1584","0.33640000000000003","False","24.218500000000002","10.029200000000001","12.142800000000001","4.0296","13.849200000000002","8","1","1","False","0"
"20980","2421264279040","1990238066923","1990238311361","24.7228","24.4438","0.279","24.7203","0.35150000000000003","False","24.2593","24.7219","24.218500000000002","3.5262000000000002","27.970000000000002","8","1","1","False","0"
"20980","2421264279040","1990238314151","1990238529321","21.7835","21.517","0.2665","21.579900000000002","0.37110000000000004","False","12.106900000000001","21.796","24.2593","5.9895000000000005","27.506500000000003","8","1","1","False","0"
"20980","2421264279040","1990238531986","1990238689290","16.0076","15.730400000000001","0.2772","16.1991","0.336","False","18.179000000000002","15.9969","12.106900000000001","2.0995","17.829900000000002","8","1","1","False","0"
"20980","2421264279040","1990238692062","1990238847409","15.712700000000002","15.5347","0.17800000000000002","15.7508","0.3436","False","12.133000000000001","15.811900000000001","18.179000000000002","4.466600000000001","20.0013","8","1","1","False","0"
"20980","2421264279040","1990238849189","1990238962027","11.531900000000002","11.283800000000001","0.24810000000000001","11.5091","0.3669","False","18.1738","11.4618","12.133000000000001","5.1378","16.4216","8","1","1","False","0"
"20980","2421264279040","1990238964508","1990239188003","22.513600000000004","22.349500000000003","0.1641","22.5332","0.3421","False","18.180600000000002","22.5976","18.1738","0.7140000000000001","23.0635","8","1","1","False","0"
"20980","2421264279040","1990239189644","1990239319202","13.2408","12.9558","0.28500000000000003","13.2164","0.34040000000000004","False","12.127","13.119900000000001","18.180600000000002","5.7747","18.7305","8","1","1","False","0"
"20980","2421264279040","1990239322052","1990239453293","13.3554","13.1241","0.2313","13.395000000000001","0.375","False","18.1687","13.4091","12.127","4.4926","17.6167","8","1","1","False","0"
"20980","2421264279040","1990239455606","1990239673686","22.0836","21.808","0.2756","22.020200000000003","0.34500000000000003","False","12.1247","22.0393","18.1687","0.622","22.43","8","1","1","False","0"
"20980","2421264279040","1990239676442","1990239794224","11.9675","11.7782","0.1893","12.0258","0.3594","False","18.2082","12.0538","12.1247","0.6929000000000001","12.4711","8","1","1","False","0"
"20980","2421264279040","1990239796117","1990239923756","13.135200000000001","12.763900000000001","0.3713","13.0479","0.3531","False","12.1015","12.9532","18.2082","5.947900000000001","18.7118","8","1","1","False","0"
"20980","2421264279040","1990239927469","1990240089432","16.4254","16.1963","0.2291","16.489","0.34700000000000003","False","18.191200000000002","16.567600000000002","12.1015","1.4818","17.6781","8","1","1","False","0"
"20980","2421264279040","1990240091723","1990240221548","13.3473","12.9825","0.3648","13.3031","0.35800000000000004","False","18.1718","13.2116","18.191200000000002","6.4614","19.4439","8","1","1","False","0"
"20980","2421264279040","1990240225196","1990240411556","18.9334","18.636","0.2974","18.907600000000002","0.34940000000000004","False","12.127500000000001","19.0008","18.1718","5.6324000000000005","24.2684","8","1","1","False","0"
"20980","2421264279040","1990240414530","1990240561010","14.901900000000001","14.648000000000001","0.2539","14.97","0.3488","False","12.1156","14.945400000000001","12.127500000000001","2.8145000000000002","17.462500000000002","8","1","1","False","0"
"20980","2421264279040","1990240563549","1990240696233","13.5753","13.2684","0.3069","13.5015","0.3594","False","18.1872","13.522300000000001","12.1156","1.4078000000000002","14.676200000000001","8","1","1","False","0"
"20980","2421264279040","1990240699302","1990240860470","16.398200000000003","16.1168","0.28140000000000004","16.4318","0.35700000000000004","False","18.185000000000002","16.4237","18.1872","3.1713","19.2881","8","1","1","False","0"
"20980","2421264279040","1990240863284","1990241016710","15.5792","15.342600000000001","0.2366","15.6311","0.3508","False","12.1273","15.624","18.185000000000002","5.7323","21.0749","8","1","1","False","0"
"20980","2421264279040","1990241019076","1990241142892","12.696900000000001","12.3816","0.3153","12.606100000000001","0.3539","False","12.1165","12.6182","12.1273","5.2414000000000005","17.623","8","1","1","False","0"
"20980","2421264279040","1990241146045","1990241304202","16.0394","15.815700000000001","0.2237","16.1293","0.368","False","18.169700000000002","16.131","12.1165","1.2269","17.0426","8","1","1","False","0"
"20980","2421264279040","1990241306439","1990241479282","17.567200000000003","17.2843","0.28290000000000004","17.5899","0.3907","False","18.1936","17.508","18.169700000000002","1.8886","19.172900000000002","8","1","1","False","0"
"20980","2421264279040","1990241482111","1990241617662","13.9373","13.555100000000001","0.38220000000000004","13.8956","0.3653","False","18.165100000000002","13.838000000000001","18.1936","6.2442","19.799300000000002","8","1","1","False","0"
"20980","2421264279040","1990241621484","1990241808416","18.9825","18.6932","0.2893","18.958000000000002","0.34750000000000003","False","12.1319","19.075400000000002","18.165100000000002","5.3339","24.0271","8","1","1","False","0"
"20980","2421264279040","1990241811309","1990241939020","12.9868","12.7711","0.2157","13.258700000000001","0.5803","False","18.2273","13.060400000000001","12.1319","4.4054","17.1765","8","1","1","False","0"
"20980","2421264279040","1990241941177","1990242105066","16.6569","16.3889","0.268","16.6525","0.5719000000000001","False","30.3241","16.6046","18.2273","6.0281","22.417","8","1","1","False","0"
"20980","2421264279040","1990242107746","1990242412178","30.6537","30.4432","0.21050000000000002","30.678900000000002","0.5939","False","30.2314","30.7112","30.3241","5.641","36.0842","8","1","1","False","0"
"20980","2421264279040","1990242414283","1990242756496","34.483","34.2213","0.2617","34.4334","0.5747","False","18.1869","34.4318","30.2314","1.4406","35.6619","8","1","1","False","0"
"20980","2421264279040","1990242759113","1990242907071","15.0251","14.7958","0.2293","15.042200000000001","0.6076","False","12.1243","15.057500000000001","18.1869","4.57","19.3658","8","1","1","False","0"
"20980","2421264279040","1990242909364","1990243062637","15.5827","15.327300000000001","0.2554","15.5959","0.5723","False","18.1887","15.556600000000001","12.1243","1.1377000000000002","16.465","8","1","1","False","0"
"20980","2421264279040","1990243065191","1990243188881","12.6944","12.369","0.3254","12.675500000000001","0.5984","False","12.1043","12.624400000000001","18.1887","6.702","19.071","8","1","1","False","0"
"20980","2421264279040","1990243192135","1990243367721","17.8138","17.558600000000002","0.25520000000000004","17.858800000000002","0.6136","False","24.2409","17.884","12.1043","0.9223","18.480900000000002","8","1","1","False","0"
"20980","2421264279040","1990243370273","1990243571485","20.3291","20.1212","0.2079","20.3014","0.5910000000000001","False","18.1996","20.3764","24.2409","4.7868","24.908","8","1","1","False","0"
"20980","2421264279040","1990243573564","1990243758914","18.8129","18.535","0.27790000000000004","18.7581","0.5663","False","18.1798","18.742900000000002","18.1996","4.2435","22.7785","8","1","1","False","0"
"20980","2421264279040","1990243761693","1990243960955","20.2267","19.9262","0.3005","20.250400000000003","0.5963","False","12.1155","20.2041","18.1798","2.2192000000000003","22.145400000000002","8","1","1","False","0"
"20980","2421264279040","1990243963960","1990244071061","10.9503","10.7101","0.24020000000000002","10.9916","0.6104","False","24.238300000000002","11.0106","12.1155","3.3241","14.0342","8","1","1","False","0"
"20980","2421264279040","1990244073463","1990244317446","24.6398","24.398300000000003","0.24150000000000002","24.631700000000002","0.5949","False","18.1894","24.6385","24.238300000000002","2.9239","27.322200000000002","8","1","1","False","0"
"20980","2421264279040","1990244319861","1990244489230","17.183400000000002","16.9369","0.24650000000000002","17.1708","0.5876","False","12.113800000000001","17.1784","18.1894","3.9349000000000003","20.8718","8","1","1","False","0"
"20980","2421264279040","1990244491695","1990244631530","14.209700000000002","13.983500000000001","0.2262","14.2507","0.6337","False","12.1188","14.23","12.113800000000001","1.8187","15.802200000000001","8","1","1","False","0"
"20980","2421264279040","1990244633792","1990244757842","12.671100000000001","12.405000000000001","0.2661","12.6734","0.6135","False","24.2345","12.6312","12.1188","1.3063","13.711300000000001","8","1","1","False","0"
"20980","2421264279040","1990244760503","1990244991258","23.3063","23.0755","0.2308","23.2898","0.5988","False","18.1955","23.3416","24.2345","2.1992000000000003","25.274700000000003","8","1","1","False","0"
"20980","2421264279040","1990244993566","1990245163831","17.296400000000002","17.026500000000002","0.26990000000000003","17.2807","0.6089","False","18.2087","17.2573","18.1955","3.1374","20.1639","8","1","1","False","0"
"20980","2421264279040","1990245166530","1990245325817","16.191200000000002","15.928700000000001","0.2625","16.2147","0.6174000000000001","False","12.099","16.198600000000003","18.2087","5.1475","21.0762","8","1","1","False","0"
"20980","2421264279040","1990245328442","1990245435655","10.965600000000002","10.721300000000001","0.24430000000000002","10.736","0.44210000000000005","False","18.1677","10.9838","12.099","6.262700000000001","16.984","8","1","1","False","0"
"20980","2421264279040","1990245438098","1990245657265","22.0941","21.916700000000002","0.1774","22.140800000000002","0.6185","False","12.1335","22.161","18.1677","2.2694","24.1861","8","1","1","False","0"
"20980","2421264279040","1990245659039","1990245752472","9.612400000000001","9.343300000000001","0.2691","9.844000000000001","0.6598","False","24.241400000000002","9.5207","12.1335","4.8822","14.2255","8","1","1","False","0"
"20980","2421264279040","1990245755163","1990245977832","22.5395","22.2669","0.2726","22.4756","0.6311","False","12.1209","22.536","24.241400000000002","6.5876","28.8545","8","1","1","False","0"
"20980","2421264279040","1990245980558","1990246121283","14.3819","14.0725","0.3094","14.222100000000001","0.46","False","12.104600000000001","14.3451","12.1209","4.3634","18.4359","8","1","1","False","0"
"20980","2421264279040","1990246124377","1990246264394","14.1948","14.001700000000001","0.19310000000000002","14.505","0.7223","False","12.148200000000001","14.311100000000001","12.104600000000001","2.1569000000000003","16.1586","8","1","1","False","0"
"20980","2421264279040","1990246266325","1990246381578","11.812000000000001","11.525300000000001","0.2867","11.723600000000001","0.6533","False","24.2238","11.7184","12.148200000000001","2.5867","14.112","8","1","1","False","0"
"20980","2421264279040","1990246384445","1990246623914","24.2231","23.9469","0.2762","24.108","0.5889","False","24.247500000000002","24.233600000000003","24.2238","2.5769","26.5238","8","1","1","False","0"
"20980","2421264279040","1990246626676","1990246855982","23.1792","22.930600000000002","0.24860000000000002","23.2271","0.6119","False","18.1883","23.2068","24.247500000000002","3.6176000000000004","26.5482","8","1","1","False","0"
"20980","2421264279040","1990246858468","1990247030427","17.4588","17.1959","0.2629","17.640900000000002","0.7662","False","18.1737","17.4445","18.1883","4.361400000000001","21.5573","8","1","1","False","0"
"20980","2421264279040","1990247033056","1990247205073","17.440600000000003","17.201700000000002","0.2389","17.300800000000002","0.6463","False","12.1172","17.4646","18.1737","5.0705","22.2722","8","1","1","False","0"
"20980","2421264279040","1990247207462","1990247368173","16.307100000000002","16.0711","0.23600000000000002","16.3198","0.6585000000000001","False","18.1923","16.310000000000002","12.1172","0.8777","16.948800000000002","8","1","1","False","0"
"20980","2421264279040","1990247370533","1990247523274","15.4688","15.2741","0.1947","15.5691","0.7216","False","18.174300000000002","15.510100000000001","18.1923","3.5599000000000003","18.834","8","1","1","False","0"
"20980","2421264279040","1990247525221","1990247723895","20.2204","19.8674","0.35300000000000004","20.0714","0.655","False","24.2698","20.0621","18.174300000000002","1.6721000000000001","21.5395","8","1","1","False","0"
"20980","2421264279040","1990247727425","1990247925747","20.1412","19.8322","0.309","20.1793","0.6661","False","12.0911","20.185200000000002","24.2698","5.7567","25.588900000000002","8","1","1","False","0"
"20980","2421264279040","1990247928837","1990248077166","15.075700000000001","14.8329","0.24280000000000002","15.078800000000001","0.6408","False","18.1797","15.141900000000001","12.0911","2.7059","17.538800000000002","8","1","1","False","0"
"20980","2421264279040","1990248079594","1990248272244","19.5766","19.265","0.3116","19.590700000000002","0.6873","False","18.2061","19.5078","18.1797","1.3778000000000001","20.6428","8","1","1","False","0"
"20980","2421264279040","1990248275360","1990248415353","14.260299999999999","13.9993","0.261","14.253","0.6722","False","18.160600000000002","14.3109","18.2061","5.273000000000001","19.2723","8","1","1","False","0"
"20980","2421264279040","1990248417963","1990248590025","17.4494","17.2062","0.2432","17.4406","0.649","False","18.1873","17.467200000000002","18.160600000000002","5.9664","23.172600000000003","8","1","1","False","0"
"20980","2421264279040","1990248592457","1990248774600","18.466","18.2143","0.25170000000000003","18.5058","0.6682","False","12.122","18.4575","18.1873","5.6962","23.910500000000003","8","1","1","False","0"
"20980","2421264279040","1990248777117","1990248934541","15.9438","15.7424","0.20140000000000002","15.9295","0.6549","False","24.2344","15.994100000000001","12.122","1.8241","17.5665","8","1","1","False","0"
"20980","2421264279040","1990248936555","1990249159872","22.491400000000002","22.3317","0.1597","22.482300000000002","0.6289","False","18.179100000000002","22.5331","24.2344","3.5254000000000003","25.857100000000003","8","1","1","False","0"
"20980","2421264279040","1990249161469","1990249322520","16.3751","16.1051","0.27","16.4004","0.6902","False","12.1251","16.2648","18.179100000000002","5.4397","21.544800000000002","8","1","1","False","0"
"20980","2421264279040","1990249325220","1990249486044","16.2614","16.0824","0.17900000000000002","16.275100000000002","0.6756","False","18.1953","16.3524","12.1251","1.2124000000000001","17.294800000000002","8","1","1","False","0"
"20980","2421264279040","1990249487834","1990249628486","14.377400000000002","14.0652","0.31220000000000003","14.331700000000001","0.6937","False","18.1647","14.244200000000001","18.1953","5.1635","19.2287","8","1","1","False","0"
"20980","2421264279040","1990249631608","1990249812689","18.4423","18.1081","0.3342","18.4211","0.6788000000000001","False","18.1847","18.4203","18.1647","4.907900000000001","23.016000000000002","8","1","1","False","0"
"20980","2421264279040","1990249816031","1990250004258","19.0563","18.8227","0.2336","19.0835","0.6455000000000001","False","12.1277","19.1569","18.1847","3.9357","22.7584","8","1","1","False","0"
"20980","2421264279040","1990250006594","1990250136244","13.1695","12.965","0.20450000000000002","13.2436","0.6949000000000001","False","18.1716","13.1986","12.1277","2.8648000000000002","15.8298","8","1","1","False","0"
"20980","2421264279040","1990250138289","1990250314821","17.9542","17.653200000000002","0.301","17.9149","0.7043","False","24.2632","17.8577","18.1716","3.1787","20.8319","8","1","1","False","0"
"20980","2421264279040","1990250317831","1990250532833","21.7454","21.5002","0.2452","21.727700000000002","0.6716000000000001","False","18.1858","21.8012","24.2632","5.640700000000001","27.140900000000002","8","1","1","False","0"
"20980","2421264279040","1990250535285","1990250737765","20.4223","20.248","0.1743","20.434","0.6636000000000001","False","12.0967","20.4932","18.1858","3.3333000000000004","23.581300000000002","8","1","1","False","0"
"20980","2421264279040","1990250739508","1990250876725","13.9144","13.7217","0.1927","13.7209","0.4691","False","18.1811","13.896","12.0967","1.534","15.255700000000001","8","1","1","False","0"
"20980","2421264279040","1990250878652","1990251007767","13.1972","12.9115","0.2857","13.3451","0.6743","False","18.1854","13.1042","18.1811","6.6109","19.5224","8","1","1","False","0"
"20980","2421264279040","1990251010624","1990251190693","18.178400000000003","18.0069","0.1715","18.2728","0.6975","False","12.1392","18.2926","18.1854","6.5037","24.5106","8","1","1","False","0"
"20980","2421264279040","1990251192408","1990251314696","12.5416","12.228800000000001","0.3128","12.4912","0.7214","False","24.2297","12.400300000000001","12.1392","6.2426","18.4714","8","1","1","False","0"
"20980","2421264279040","1990251317824","1990251550826","23.503","23.3002","0.2028","23.5776","0.7524000000000001","False","18.1842","23.613","24.2297","6.8593","30.1595","8","1","1","False","0"
"20980","2421264279040","1990251552854","1990251748658","19.887800000000002","19.5804","0.3074","19.8738","0.7572","False","24.2543","19.7832","18.1842","5.2603","24.840700000000002","8","1","1","False","0"
"20980","2421264279040","1990251751732","1990251977916","22.916800000000002","22.6184","0.2984","22.8515","0.7028","False","12.104000000000001","22.925800000000002","24.2543","6.5888","29.2072","8","1","1","False","0"
"20980","2421264279040","1990251980900","1990252141325","16.2501","16.0425","0.2076","16.0956","0.4837","False","12.130600000000001","16.3409","12.104000000000001","2.3519","18.3944","8","1","1","False","0"
"20980","2421264279040","1990252143401","1990252254814","11.361400000000001","11.141300000000001","0.22010000000000002","11.5176","0.6997","False","18.181","11.3489","12.130600000000001","3.1336","14.2749","8","1","1","False","0"
"20980","2421264279040","1990252257015","1990252434892","17.983600000000003","17.7877","0.19590000000000002","17.9968","0.6791","False","18.183400000000002","18.0078","18.181","3.3068","21.0945","8","1","1","False","0"
"20980","2421264279040","1990252436851","1990252585780","15.1013","14.892900000000001","0.2084","15.1387","0.7120000000000001","False","12.124600000000001","15.0888","18.183400000000002","6.401400000000001","21.2943","8","1","1","False","0"
"20980","2421264279040","1990252587864","1990252735381","15.098600000000001","14.751700000000001","0.34690000000000004","15.0625","0.7431","False","24.2557","14.9601","12.124600000000001","3.5659","18.317600000000002","8","1","1","False","0"
"20980","2421264279040","1990252738850","1990252958947","22.258100000000002","22.009700000000002","0.2484","22.244400000000002","0.7001000000000001","False","12.0899","22.3566","24.2557","5.465","27.474700000000002","8","1","1","False","0"
"20980","2421264279040","1990252961431","1990253100230","14.0479","13.879900000000001","0.168","13.8704","0.4907","False","18.174400000000002","14.128300000000001","12.0899","3.4266","17.3065","8","1","1","False","0"
"20980","2421264279040","1990253101910","1990253295771","19.579400000000003","19.386100000000003","0.1933","20.6274","1.5242","False","30.322100000000002","19.554100000000002","18.174400000000002","2.0469","21.433","8","1","1","False","0"
"20980","2421264279040","1990253297704","1990253570590","27.492400000000004","27.288600000000002","0.2038","26.6828","0.7343000000000001","False","30.302100000000003","27.4819","30.322100000000002","4.8871","32.1757","8","1","1","False","0"
"20980","2421264279040","1990253572628","1990253860346","29.209500000000002","28.771800000000002","0.43770000000000003","29.128600000000002","0.7377","False","24.2373","28.9756","30.302100000000003","6.2136000000000005","34.9854","8","1","1","False","0"
"20980","2421264279040","1990253864723","1990254119951","25.7292","25.5228","0.2064","25.566100000000002","0.7082","False","12.112200000000001","25.9605","24.2373","4.4904","30.0132","8","1","1","False","0"
"20980","2421264279040","1990254122015","1990254247294","12.7256","12.5279","0.19770000000000001","13.593300000000001","1.3505","False","12.141300000000001","12.734300000000001","12.112200000000001","3.8683","16.3962","8","1","1","False","0"
"20980","2421264279040","1990254249271","1990254370321","12.354700000000001","12.105","0.2497","11.7504","0.7851","False","24.2219","12.3027","12.141300000000001","3.7069","15.811900000000001","8","1","1","False","0"
"20980","2421264279040","1990254372818","1990254577216","20.632800000000003","20.4398","0.193","21.2244","1.3123","False","12.1387","20.689500000000002","24.2219","7.2393","27.679100000000002","8","1","1","False","0"
"20980","2421264279040","1990254579146","1990254717533","14.057200000000002","13.838700000000001","0.2185","13.4596","0.7511","False","24.249000000000002","14.0317","12.1387","5.3463","19.185000000000002","8","1","1","False","0"
"20980","2421264279040","1990254719718","1990254950417","23.3591","23.0699","0.2892","23.6748","1.1055000000000001","False","12.1119","23.288400000000003","24.249000000000002","6.306900000000001","29.376800000000003","8","1","1","False","0"
"20980","2421264279040","1990254953309","1990255105324","15.417900000000001","15.201500000000001","0.2164","14.869000000000002","0.4999","False","18.1701","15.4907","12.1119","2.9281","18.1296","8","1","1","False","0"
"20980","2421264279040","1990255107488","1990255262534","15.7329","15.5046","0.2283","15.919300000000002","0.7396","False","12.132200000000001","15.721","18.1701","5.3772","20.881800000000002","8","1","1","False","0"
"20980","2421264279040","1990255264817","1990255406931","14.4625","14.211400000000001","0.2511","14.4892","0.7319","False","18.1659","14.4397","12.132200000000001","3.0697","17.281100000000002","8","1","1","False","0"
"20980","2421264279040","1990255409442","1990255599045","19.2451","18.9603","0.2848","19.2517","0.7433000000000001","False","18.1893","19.2114","18.1659","2.0242","20.9845","8","1","1","False","0"
"20980","2421264279040","1990255601893","1990255772057","17.3531","17.0164","0.3367","17.802","1.2174","False","12.120700000000001","17.3012","18.1893","2.9123","19.9287","8","1","1","False","0"
"20980","2421264279040","1990255775424","1990255890599","11.7443","11.5175","0.2268","11.333400000000001","0.7594000000000001","False","18.178900000000002","11.8542","12.120700000000001","3.1788000000000003","14.6963","8","1","1","False","0"
"20980","2421264279040","1990255892867","1990256085231","19.4598","19.2364","0.22340000000000002","20.0261","1.3704","False","18.1817","19.4632","18.178900000000002","1.8945","21.1309","8","1","1","False","0"
"20980","2421264279040","1990256087465","1990256248257","16.3558","16.0792","0.2766","15.7713","0.7554000000000001","False","18.178800000000003","16.3026","18.1817","3.7736","19.852800000000002","8","1","1","False","0"
"20980","2421264279040","1990256251023","1990256419259","17.0498","16.823600000000003","0.2262","17.5725","1.2621","False","18.1975","17.1002","18.178800000000003","4.8522","21.675800000000002","8","1","1","False","0"
"20980","2421264279040","1990256421521","1990256585623","16.5989","16.4102","0.1887","16.081","0.7452000000000001","False","18.1883","16.636400000000002","18.1975","6.4133000000000004","22.823500000000003","8","1","1","False","0"
"20980","2421264279040","1990256587510","1990256776242","19.0926","18.8732","0.2194","19.056800000000003","0.7384000000000001","False","12.100900000000001","19.0619","18.1883","5.5397","24.4129","8","1","1","False","0"
"20980","2421264279040","1990256778436","1990256939498","16.352400000000003","16.1062","0.2462","16.154700000000002","0.5251","False","24.2669","16.3256","12.100900000000001","1.3150000000000002","17.421200000000002","8","1","1","False","0"
"20980","2421264279040","1990256941960","1990257143151","20.3824","20.1191","0.26330000000000003","21.438899999999997","1.6044","False","6.0455000000000005","20.3653","24.2669","5.216600000000001","25.335700000000003","8","1","1","False","0"
"20980","2421264279040","1990257145784","1990257238186","9.4845","9.2402","0.24430000000000002","8.4398","0.5611","False","18.1746","9.5035","6.0455000000000005","1.7586000000000002","10.998800000000001","8","1","1","False","0"
"20980","2421264279040","1990257240629","1990257426465","18.7794","18.5836","0.1958","19.0563","0.8025","False","18.2027","18.8279","18.1746","1.1053","19.6889","8","1","1","False","0"
"20980","2421264279040","1990257428423","1990257562847","13.6592","13.442400000000001","0.21680000000000002","13.7834","0.9262","False","18.1586","13.638200000000001","18.2027","5.6698","19.1122","8","1","1","False","0"
"20980","2421264279040","1990257565015","1990257751118","18.957100000000004","18.610300000000002","0.3468","18.8065","0.8029000000000001","False","18.188200000000002","18.8271","18.1586","5.0013000000000005","23.611600000000003","8","1","1","False","0"
"20980","2421264279040","1990257754586","1990257932976","18.126700000000003","17.839000000000002","0.2877","18.098100000000002","0.773","False","12.1316","18.1858","18.188200000000002","5.0037","22.8427","8","1","1","False","0"
"20980","2421264279040","1990257935853","1990258054022","12.0823","11.8169","0.2654","12.741100000000001","1.4591","False","18.171200000000002","12.104600000000001","12.1316","5.0307","16.8476","8","1","1","False","0"
"20980","2421264279040","1990258056676","1990258244249","19.1172","18.7573","0.3599","18.3966","0.7532","False","12.1212","19.0227","18.171200000000002","4.1792","22.936500000000002","8","1","1","False","0"
"20980","2421264279040","1990258247848","1990258394057","14.8285","14.6209","0.2076","14.928500000000001","0.7869","False","18.180500000000002","14.9808","12.1212","1.3196","15.9405","8","1","1","False","0"
"20980","2421264279040","1990258396133","1990258527906","13.493300000000001","13.1773","0.316","13.486400000000001","0.7964","False","18.192800000000002","13.3849","18.180500000000002","6.115200000000001","19.2925","8","1","1","False","0"
"20980","2421264279040","1990258531066","1990258754880","22.6853","22.381400000000003","0.3039","22.6568","0.7961","False","18.1685","22.697400000000002","18.192800000000002","1.6106","23.992","8","1","1","False","0"
"20980","2421264279040","1990258757919","1990258893990","13.8511","13.6071","0.24400000000000002","13.8826","0.787","False","12.1324","13.911000000000001","18.1685","5.8681","19.4752","8","1","1","False","0"
"20980","2421264279040","1990258896430","1990259040240","14.6057","14.381","0.2247","14.5805","0.7886000000000001","False","18.1654","14.625","12.1324","3.3755","17.756500000000003","8","1","1","False","0"
"20980","2421264279040","1990259042487","1990259232605","19.223300000000002","19.0118","0.21150000000000002","19.250600000000002","0.8209000000000001","False","18.192600000000002","19.2365","18.1654","2.3044000000000002","21.316200000000002","8","1","1","False","0"
"20980","2421264279040","1990259234720","1990259369532","13.7908","13.481200000000001","0.30960000000000004","13.705400000000001","0.7917000000000001","False","18.1709","13.6927","18.192600000000002","6.8043000000000005","20.285500000000003","8","1","1","False","0"
"20980","2421264279040","1990259372628","1990259590135","22.044900000000002","21.750700000000002","0.2942","22.128800000000002","0.8259000000000001","False","18.2029","22.0603","18.1709","2.9149000000000003","24.6656","8","1","1","False","0"
"20980","2421264279040","1990259593077","1990259742404","15.142100000000001","14.9327","0.2094","15.829400000000001","1.4642000000000002","False","12.115400000000001","15.2269","18.2029","5.8909","20.823600000000003","8","1","1","False","0"
"20980","2421264279040","1990259744498","1990259896194","15.391900000000001","15.1696","0.2223","14.7498","0.8343","False","18.1871","15.379000000000001","12.115400000000001","2.6273","17.7969","8","1","1","False","0"
"20980","2421264279040","1990259898417","1990260058972","16.294600000000003","16.055500000000002","0.2391","16.2802","0.8244","False","18.1644","16.2778","18.1871","4.5366","20.592100000000002","8","1","1","False","0"
"20980","2421264279040","1990260061363","1990260252876","19.4203","19.151300000000003","0.269","19.6186","1.0250000000000001","False","24.261400000000002","19.3904","18.1644","3.3106","22.4619","8","1","1","False","0"
"20980","2421264279040","1990260255566","1990260458409","20.5969","20.2843","0.3126","21.1981","1.671","False","12.1416","20.5533","24.261400000000002","7.0187","27.303","8","1","1","False","0"
"20980","2421264279040","1990260461535","1990260603872","14.4365","14.2337","0.2028","13.3709","0.5431","False","12.0898","14.5463","12.1416","4.614","18.8477","8","1","1","False","0"
"20980","2421264279040","1990260605900","1990260716398","11.288900000000002","11.049800000000001","0.2391","11.327300000000001","0.5953","False","18.1719","11.252600000000001","12.0898","5.4512","16.501","8","1","1","False","0"
"20980","2421264279040","1990260718789","1990260888964","17.305500000000002","17.017500000000002","0.28800000000000003","17.4141","0.7781","False","12.1361","17.256600000000002","18.1719","6.3665","23.384","8","1","1","False","0"
"20980","2421264279040","1990260891844","1990261034715","14.5204","14.2871","0.2333","14.6784","0.8501000000000001","False","30.2973","14.5751","12.1361","3.9275","18.2146","8","1","1","False","0"
"20980","2421264279040","1990261037048","1990261362515","32.6928","32.5467","0.1461","32.7124","0.8463","False","18.1981","32.78","30.2973","1.4448","33.9915","8","1","1","False","0"
"20980","2421264279040","1990261363976","1990261497711","13.7863","13.3735","0.4128","13.310400000000001","0.8499","False","24.229200000000002","13.5196","18.1981","6.1233","19.4968","8","1","1","False","0"
"20980","2421264279040","1990261501839","1990261735132","23.596","23.3293","0.2667","24.0457","0.8757","False","12.1106","23.7421","24.229200000000002","6.6104","29.939700000000002","8","1","1","False","0"
"20980","2421264279040","1990261737799","1990261893828","15.877","15.6029","0.2741","15.573","0.5718","False","18.204900000000002","15.8696","12.1106","2.8514","18.4543","8","1","1","False","0"
"20980","2421264279040","1990261896569","1990262033856","13.9139","13.7287","0.1852","14.2736","0.8983000000000001","False","12.1217","14.0028","18.204900000000002","7.0535000000000005","20.7822","8","1","1","False","0"
"20980","2421264279040","1990262035708","1990262177961","14.5358","14.2253","0.3105","14.4053","0.8560000000000001","False","18.1661","14.4105","12.1217","4.7647","18.990000000000002","8","1","1","False","0"
"20980","2421264279040","1990262181066","1990262350640","17.3715","16.9574","0.4141","17.4718","0.8872","False","18.180500000000002","17.2679","18.1661","5.6629000000000005","22.6203","8","1","1","False","0"
"20980","2421264279040","1990262354781","1990262553774","20.1554","19.8993","0.2561","20.0232","0.8094","False","18.1739","20.3134","18.180500000000002","3.5300000000000002","23.4293","8","1","1","False","0"
"20980","2421264279040","1990262556335","1990262702722","14.9512","14.6387","0.3125","14.9846","0.8321000000000001","False","12.134","14.8948","18.1739","6.8091","21.4478","8","1","1","False","0"
"20980","2421264279040","1990262705847","1990262838775","13.550800000000002","13.292800000000002","0.258","13.599300000000001","0.8574","False","18.1948","13.605300000000002","12.134","5.3378000000000005","18.6306","8","1","1","False","0"
"20980","2421264279040","1990262841355","1990263018337","17.8704","17.6982","0.17220000000000002","18.3546","1.2991000000000001","False","12.100000000000001","17.956200000000003","18.1948","5.5764000000000005","23.2746","8","1","1","False","0"
"20980","2421264279040","1990263020059","1990263181694","16.3627","16.1635","0.19920000000000002","15.8145","0.7681","False","12.1387","16.3357","12.100000000000001","1.3407","17.5042","8","1","1","False","0"
"20980","2421264279040","1990263183686","1990263276144","9.4791","9.245800000000001","0.2333","10.3655","1.6677000000000002","False","24.2221","9.445","12.1387","4.0344","13.2802","8","1","1","False","0"
"20980","2421264279040","1990263278477","1990263510023","23.440900000000003","23.154600000000002","0.2863","23.4011","1.6500000000000001","False","12.1365","23.387900000000002","24.2221","4.8686","28.023200000000003","8","1","1","False","0"
"20980","2421264279040","1990263512886","1990263623800","11.3507","11.0914","0.25930000000000003","10.6118","0.887","False","18.159200000000002","11.3777","12.1365","5.627400000000001","16.7188","8","1","1","False","0"
"20980","2421264279040","1990263626393","1990263834387","21.0116","20.799400000000002","0.2122","20.9904","0.8552000000000001","False","18.2083","21.0587","18.159200000000002","2.7279","23.5273","8","1","1","False","0"
"20980","2421264279040","1990263836509","1990263998211","16.3371","16.1702","0.16690000000000002","17.0533","1.5551000000000001","False","6.0501000000000005","16.3824","18.2083","4.5538","20.724","8","1","1","False","0"
"20980","2421264279040","1990263999880","1990264092182","9.4165","9.2302","0.18630000000000002","8.481300000000001","0.6181","False","30.335700000000003","9.3971","6.0501000000000005","1.2068","10.437000000000001","8","1","1","False","0"
"20980","2421264279040","1990264094045","1990264332367","24.0595","23.8322","0.2273","24.9962","1.5964","False","6.018800000000001","24.0185","30.335700000000003","7.524","31.3562","8","1","1","False","0"
"20980","2421264279040","1990264334640","1990264420453","8.803500000000001","8.5813","0.2222","7.8562","0.6152000000000001","False","18.193","8.8086","6.018800000000001","4.7342","13.3155","8","1","1","False","0"
"20980","2421264279040","1990264422675","1990264590999","17.0118","16.8324","0.1794","17.005000000000003","0.6016","False","18.1656","17.0546","18.193","5.8726","22.705000000000002","8","1","1","False","0"
"20980","2421264279040","1990264592793","1990264770981","18.0532","17.8188","0.23440000000000003","19.156000000000002","1.7578","False","18.1856","17.9982","18.1656","6.04","23.858800000000002","8","1","1","False","0"
"20980","2421264279040","1990264773325","1990264961859","19.1023","18.8534","0.2489","19.0735","1.7114","False","18.186400000000003","19.0878","18.1856","5.1378","23.991200000000003","8","1","1","False","0"
"20980","2421264279040","1990264964348","1990265138987","17.7616","17.463900000000002","0.2977","16.942","0.8942","False","12.1403","17.7128","18.186400000000003","5.611400000000001","23.075300000000002","8","1","1","False","0"
"20980","2421264279040","1990265141964","1990265255375","11.657100000000002","11.3411","0.316","11.680100000000001","0.9235000000000001","False","12.1414","11.6388","12.1403","6.112900000000001","17.454","8","1","1","False","0"
"20980","2421264279040","1990265258535","1990265402620","14.5778","14.4085","0.1693","14.7774","1.0699","False","24.198800000000002","14.7245","12.1414","3.5298000000000003","17.9383","8","1","1","False","0"
"20980","2421264279040","1990265404313","1990265624439","22.204600000000003","22.012600000000003","0.192","22.945300000000003","1.8239","False","12.131","22.181900000000002","24.198800000000002","5.5467","27.5593","8","1","1","False","0"
"20980","2421264279040","1990265626359","1990265745556","12.1948","11.9197","0.2751","11.2711","0.935","False","24.2329","12.1117","12.131","5.566","17.4857","8","1","1","False","0"
"20980","2421264279040","1990265748307","1990265980600","23.504500000000004","23.229300000000002","0.2752","23.9514","1.3941000000000001","False","12.1315","23.5044","24.2329","6.2945","29.5238","8","1","1","False","0"
"20980","2421264279040","1990265983352","1990266114148","13.3413","13.079600000000001","0.2617","13.6707","1.726","False","12.1164","13.354800000000001","12.1315","5.0712","18.1508","8","1","1","False","0"
"20980","2421264279040","1990266116765","1990266251594","13.746500000000001","13.4829","0.2636","13.7872","1.7392","False","18.1933","13.7446","12.1164","3.443","16.925900000000002","8","1","1","False","0"
"20980","2421264279040","1990266254230","1990266402380","15.177200000000001","14.815000000000001","0.3622","14.3314","0.9115000000000001","False","12.112300000000001","15.078600000000002","18.1933","6.5577000000000005","21.372700000000002","8","1","1","False","0"
"20980","2421264279040","1990266406002","1990266557008","15.2893","15.1006","0.1887","16.055600000000002","1.6356000000000002","False","18.1906","15.462800000000001","12.112300000000001","3.2072000000000003","18.3078","8","1","1","False","0"
"20980","2421264279040","1990266558895","1990266719062","16.2838","16.0167","0.2671","15.5678","0.9356000000000001","False","18.1749","16.2054","18.1906","5.1924","21.2091","8","1","1","False","0"
"20980","2421264279040","1990266721733","1990266915048","19.580800000000004","19.331500000000002","0.24930000000000002","19.5654","0.9248000000000001","False","12.127600000000001","19.5986","18.1749","3.7687000000000004","23.1002","8","1","1","False","0"
"20980","2421264279040","1990266917541","1990267023568","10.9636","10.6027","0.3609","10.8489","0.9474","False","18.175700000000003","10.852","12.127600000000001","5.044300000000001","15.647","8","1","1","False","0"
"20980","2421264279040","1990267027177","1990267188719","16.499399999999998","16.1542","0.3452","17.531100000000002","1.9012","False","18.1641","16.5151","18.175700000000003","6.7049","22.8591","8","1","1","False","0"
"20980","2421264279040","1990267192171","1990267421902","23.2646","22.973100000000002","0.29150000000000004","22.3447","0.9357000000000001","False","12.143600000000001","23.3183","18.1641","1.5507","24.5238","8","1","1","False","0"
"20980","2421264279040","1990267424817","1990267498541","7.621600000000001","7.372400000000001","0.2492","7.669700000000001","0.9702000000000001","False","18.164","7.6639","12.143600000000001","6.0304","13.402800000000001","8","1","1","False","0"
"20980","2421264279040","1990267501033","1990267711952","21.369200000000003","21.091900000000003","0.2773","22.2738","1.8865","False","12.1279","21.3411","18.164","2.8533","23.9452","8","1","1","False","0"
"20980","2421264279040","1990267714725","1990267820079","10.769900000000002","10.535400000000001","0.23450000000000001","10.683300000000003","1.7831000000000001","False","18.1829","10.812700000000001","12.1279","4.1685","14.7039","8","1","1","False","0"
"20980","2421264279040","1990267822424","1990267976627","15.6354","15.420300000000001","0.2151","14.8167","0.9452","False","18.1963","15.654800000000002","18.1829","6.6966","22.1169","8","1","1","False","0"
"20980","2421264279040","1990267978778","1990268178036","20.074600000000004","19.925800000000002","0.14880000000000002","20.8746","1.8925","False","12.095","20.140900000000002","18.1963","4.752000000000001","24.6778","8","1","1","False","0"
"20980","2421264279040","1990268179524","1990268303056","12.592200000000002","12.353200000000001","0.23900000000000002","11.803","0.9686","False","18.1916","12.502","12.095","4.345000000000001","16.6982","8","1","1","False","0"
"20980","2421264279040","1990268305446","1990268458579","15.5677","15.3133","0.2544","15.514700000000001","0.9456","False","18.1945","15.5523","18.1916","6.9843","22.297600000000003","8","1","1","False","0"
"20980","2421264279040","1990268461123","1990268646259","18.7642","18.5136","0.2506","18.904200000000003","1.0602","False","12.099","18.768","18.1945","6.4108","24.924400000000002","8","1","1","False","0"
"20980","2421264279040","1990268648765","1990268806799","16.075","15.8034","0.2716","16.7275","1.7215","False","18.1863","16.054000000000002","12.099","2.4558","18.2592","8","1","1","False","0"
"20980","2421264279040","1990268809515","1990268959657","15.3368","15.0142","0.3226","14.446200000000001","0.9295","False","18.2193","15.2858","18.1863","5.3563","20.3705","8","1","1","False","0"
"20980","2421264279040","1990268962883","1990269123238","16.233200000000004","16.035500000000003","0.19770000000000001","16.4706","1.072","False","12.1058","16.3581","18.2193","7.2175","23.253","8","1","1","False","0"
"20980","2421264279040","1990269125215","1990269249518","12.6295","12.4303","0.19920000000000002","12.4015","0.8223","False","12.103800000000001","12.628","12.1058","6.6953000000000005","19.125600000000002","8","1","1","False","0"
"20980","2421264279040","1990269251510","1990269396441","14.7384","14.4931","0.24530000000000002","14.8635","0.9561000000000001","False","18.192800000000002","14.692300000000001","12.103800000000001","4.1068","18.5999","8","1","1","False","0"
"20980","2421264279040","1990269398894","1990269558710","16.2181","15.9816","0.23650000000000002","16.2319","0.9727","False","12.1152","16.2269","18.192800000000002","6.0727","22.0543","8","1","1","False","0"
"20980","2421264279040","1990269561075","1990269714975","15.683","15.39","0.29300000000000004","15.695500000000001","0.991","False","18.1799","15.6265","12.1152","2.5614000000000003","17.9514","8","1","1","False","0"
"20980","2421264279040","1990269717905","1990269876924","16.1523","15.901900000000001","0.2504","16.8612","1.7206000000000001","False","18.180300000000003","16.1949","18.1799","4.5464","20.4483","8","1","1","False","0"
"20980","2421264279040","1990269879428","1990270044713","16.8397","16.5285","0.31120000000000003","16.1096","0.9775","False","18.179000000000002","16.7789","18.180300000000003","5.9478","22.476300000000002","8","1","1","False","0"
"20980","2421264279040","1990270047825","1990270214056","16.9433","16.6231","0.32020000000000004","17.712300000000003","1.7927000000000002","False","12.1325","16.9343","18.179000000000002","7.192500000000001","23.8156","8","1","1","False","0"
"20980","2421264279040","1990270217258","1990270353299","13.8878","13.6041","0.2837","13.1042","0.9797","False","18.1876","13.9243","12.1325","5.4007000000000005","19.0048","8","1","1","False","0"
"20980","2421264279040","1990270356136","1990270525216","17.1398","16.908","0.2318","17.1193","0.927","False","12.1073","17.1917","18.1876","6.3966","23.3046","8","1","1","False","0"
"20980","2421264279040","1990270527534","1990270639826","11.4966","11.2292","0.2674","11.5699","1.0203","False","18.1817","11.461","12.1073","7.0429","18.272100000000002","8","1","1","False","0"
"20980","2421264279040","1990270642500","1990270824808","18.4781","18.230800000000002","0.24730000000000002","18.4007","0.9343","False","12.1263","18.4982","18.1817","6.7264","24.9572","8","1","1","False","0"
"20980","2421264279040","1990270827281","1990270959804","13.4745","13.2523","0.2222","13.524600000000001","0.9774","False","18.1721","13.499600000000001","12.1263","5.3531","18.6054","8","1","1","False","0"
"20980","2421264279040","1990270962026","1990271141212","18.141000000000002","17.9186","0.22240000000000001","19.1248","1.9685000000000001","False","12.134","18.140800000000002","18.1721","5.3844","23.303","8","1","1","False","0"
"20980","2421264279040","1990271143436","1990271261499","12.0302","11.8063","0.22390000000000002","11.0961","1.0144","False","18.1811","12.0287","12.134","5.4897","17.296","8","1","1","False","0"
"20980","2421264279040","1990271263738","1990271441453","17.9761","17.7715","0.2046","17.966900000000003","1.0056","False","18.174500000000002","17.9954","18.1811","5.675400000000001","23.4469","8","1","1","False","0"
"20980","2421264279040","1990271443499","1990271617119","17.568600000000004","17.362000000000002","0.2066","17.5481","0.9932000000000001","False","12.1202","17.5666","18.174500000000002","6.2833000000000006","23.645300000000002","8","1","1","False","0"
"20980","2421264279040","1990271619185","1990271785470","16.865000000000002","16.628500000000003","0.23650000000000002","16.887","1.0246","False","18.1772","16.8351","12.1202","1.5684","18.1969","8","1","1","False","0"
"20980","2421264279040","1990271787835","1990271933469","14.814800000000002","14.563400000000001","0.2514","15.503","1.7008","False","12.1204","14.799900000000001","18.1772","4.9457","19.5091","8","1","1","False","0"
"20980","2421264279040","1990271935983","1990272091277","15.747300000000001","15.5294","0.2179","15.033700000000001","1.0010000000000001","False","18.1828","15.780800000000001","12.1204","1.2853","16.814700000000002","8","1","1","False","0"
"20980","2421264279040","1990272093456","1990272253362","16.1908","15.9906","0.20020000000000002","16.1868","0.9737","False","18.184","16.2085","18.1828","3.2596000000000003","19.2502","8","1","1","False","0"
"20980","2421264279040","1990272255364","1990272421047","16.9206","16.5683","0.3523","17.9592","2.0798","False","12.1327","16.7685","18.184","4.6751000000000005","21.2434","8","1","1","False","0"
"20980","2421264279040","1990272424570","1990272533902","11.166200000000002","10.933200000000001","0.233","10.130600000000001","0.9947","False","18.1874","11.2855","12.1327","5.5223","16.4555","8","1","1","False","0"
"20980","2421264279040","1990272536232","1990272698728","16.5513","16.2496","0.3017","16.653000000000002","1.1185","False","12.1049","16.4826","18.1874","7.2271","23.4767","8","1","1","False","0"
"20980","2421264279040","1990272701745","1990272839749","14.0289","13.8004","0.2285","14.9182","1.9774","False","18.2958","14.1021","12.1049","5.229900000000001","19.0303","8","1","1","False","0"
"20980","2421264279040","1990272842034","1990273009772","17.052100000000003","16.7738","0.2783","16.0443","0.9921000000000001","False","12.001700000000001","17.0023","18.2958","6.5234000000000005","23.2972","8","1","1","False","0"
"20980","2421264279040","1990273012555","1990273171694","16.2448","15.9139","0.3309","16.849800000000002","1.6262","False","18.1828","16.1922","12.001700000000001","2.3329","18.2468","8","1","1","False","0"
"20980","2421264279040","1990273175003","1990273334074","16.1996","15.907100000000002","0.29250000000000004","16.564600000000002","1.951","False","18.1891","16.238","18.1828","4.2777","20.184800000000003","8","1","1","False","0"
"20980","2421264279040","1990273336999","1990273500175","16.506300000000003","16.317600000000002","0.1887","15.595500000000001","1.0142","False","12.113700000000001","16.6101","18.1891","5.8567","22.174300000000002","8","1","1","False","0"
"20980","2421264279040","1990273502062","1990273656217","15.598700000000001","15.415500000000002","0.1832","15.568000000000001","1.0088000000000001","False","18.1853","15.6042","12.113700000000001","2.3662","17.7817","8","1","1","False","0"
"20980","2421264279040","1990273658049","1990273798421","14.3832","14.0372","0.34600000000000003","14.308100000000001","1.0267","False","12.1309","14.220400000000001","18.1853","6.3311","20.3683","8","1","1","False","0"
"20980","2421264279040","1990273801881","1990273951474","15.312100000000001","14.9593","0.3528","15.401800000000001","1.0492000000000001","False","18.1717","15.3053","12.1309","3.1567000000000003","18.116","8","1","1","False","0"
"20980","2421264279040","1990273955002","1990274139026","18.581","18.4024","0.1786","18.5959","1.0174","False","18.1855","18.755200000000002","18.1717","2.5732","20.9756","8","1","1","False","0"
"20980","2421264279040","1990274140812","1990274279406","14.114600000000001","13.8594","0.25520000000000004","14.0935","1.012","False","18.1901","14.038","18.1855","6.7207","20.5801","8","1","1","False","0"
"20980","2421264279040","1990274281958","1990274450250","17.122700000000002","16.8292","0.29350000000000004","17.7544","1.6313","False","6.0614","17.084400000000002","18.1901","7.8264000000000005","24.6556","8","1","1","False","0"
"20980","2421264279040","1990274453185","1990274575412","12.4037","12.222700000000001","0.18100000000000002","11.4749","0.6974","False","24.2404","12.516200000000001","6.0614","1.3716000000000002","13.5943","8","1","1","False","0"
"20980","2421264279040","1990274577222","1990274774974","19.997600000000002","19.7752","0.22240000000000001","20.3026","1.0250000000000001","False","18.1809","19.956200000000003","24.2404","5.6558","25.431","8","1","1","False","0"
"20980","2421264279040","1990274777198","1990274945681","16.9932","16.848300000000002","0.1449","17.7257","1.8964","False","12.212","17.070700000000002","18.1809","6.766","23.6143","8","1","1","False","0"
"20980","2421264279040","1990274947130","1990275070222","12.5876","12.3092","0.27840000000000004","11.8245","0.9891000000000001","False","18.081","12.4541","12.212","6.5239","18.8331","8","1","1","False","0"
"20980","2421264279040","1990275073006","1990275269099","19.835800000000003","19.6093","0.2265","20.936100000000003","2.0921000000000003","False","12.116900000000001","19.887700000000002","18.081","4.7172","24.326500000000003","8","1","1","False","0"
"20980","2421264279040","1990275271364","1990275390417","12.179300000000001","11.9053","0.274","12.068100000000001","2.0371","False","18.2025","12.1318","12.116900000000001","4.7023","16.6076","8","1","1","False","0"
"20980","2421264279040","1990275393157","1990275552646","16.2079","15.9489","0.259","15.2603","1.0466","False","18.1579","16.2229","18.2025","6.681900000000001","22.6308","8","1","1","False","0"
"20980","2421264279040","1990275555236","1990275716323","16.3316","16.108700000000002","0.22290000000000001","17.6153","2.3007","False","12.1292","16.3677","18.1579","8.472100000000001","24.5808","8","1","1","False","0"
"20980","2421264279040","1990275718552","1990275875964","15.952100000000002","15.741200000000001","0.2109","15.7161","2.0768","False","18.186700000000002","15.9641","12.1292","4.6372","20.378400000000003","8","1","1","False","0"
"20980","2421264279040","1990275878073","1990276040044","16.444100000000002","16.197100000000002","0.24700000000000003","15.419","1.0535","False","18.1707","16.408","18.186700000000002","6.415900000000001","22.613","8","1","1","False","0"
"20980","2421264279040","1990276042514","1990276233898","19.337600000000002","19.1384","0.19920000000000002","20.3172","2.0264","False","12.1364","19.3854","18.1707","5.2012","24.3396","8","1","1","False","0"
"20980","2421264279040","1990276235890","1990276367725","13.4357","13.1835","0.25220000000000004","12.4265","1.0525","False","18.1677","13.3827","12.1364","3.9549000000000003","17.1384","8","1","1","False","0"
"20980","2421264279040","1990276370247","1990276561464","19.3657","19.1217","0.24400000000000002","19.992800000000003","1.6672","False","18.189500000000002","19.373900000000003","18.1677","2.7487","21.8704","8","1","1","False","0"
"20980","2421264279040","1990276563904","1990276704914","14.3754","14.101","0.27440000000000003","13.745000000000001","1.0433000000000001","False","36.3519","14.345","18.189500000000002","6.5932","20.694200000000002","8","1","1","False","0"
"20980","2421264279040","1990276707658","1990277120216","41.5162","41.2558","0.2604","41.689899999999994","1.2088","False","24.2451","41.5302","36.3519","1.4149","42.670700000000004","8","1","1","False","0"
"20980","2421264279040","1990277122820","1990277329934","20.9713","20.7114","0.2599","21.703300000000002","1.9453","False","18.1921","20.9718","24.2451","4.6882","25.3996","8","1","1","False","0"
"20980","2421264279040","1990277332533","1990277526239","19.639","19.3706","0.2684","19.809400000000004","2.112","False","18.175900000000002","19.6305","18.1921","3.2498","22.6204","8","1","1","False","0"
"20980","2421264279040","1990277528923","1990277688514","16.180500000000002","15.959100000000001","0.2214","16.3103","2.2417000000000002","False","18.1885","16.2275","18.175900000000002","5.1982","21.1573","8","1","1","False","0"
"20980","2421264279040","1990277690728","1990277882194","19.4075","19.1466","0.2609","19.8392","2.6813000000000002","False","12.1418","19.368000000000002","18.1885","4.0187","23.165300000000002","8","1","1","False","0"
"20980","2421264279040","1990277884803","1990278028406","14.5647","14.3603","0.2044","13.144300000000001","1.2446000000000002","False","18.1794","14.6212","12.1418","1.5393000000000001","15.899600000000001","8","1","1","False","0"
"20980","2421264279040","1990278030450","1990278176693","14.8895","14.6243","0.2652","14.711300000000001","1.0327","False","18.1658","14.828700000000001","18.1794","4.890000000000001","19.514300000000002","8","1","1","False","0"
"20980","2421264279040","1990278179345","1990278356014","17.949900000000003","17.666900000000002","0.28300000000000003","19.0057","2.1237","False","24.2343","17.932100000000002","18.1658","5.1237","22.7906","8","1","1","False","0"
"20980","2421264279040","1990278358844","1990278603467","24.805000000000003","24.462300000000003","0.3427","23.7525","1.0977000000000001","False","18.1893","24.7453","24.2343","4.6127","29.075000000000003","8","1","1","False","0"
"20980","2421264279040","1990278606894","1990278770675","16.6354","16.3781","0.25730000000000003","16.6212","1.0737","False","18.1779","16.7208","18.1893","6.0812","22.459300000000002","8","1","1","False","0"
"20980","2421264279040","1990278773248","1990278951685","18.120800000000003","17.843700000000002","0.2771","18.125500000000002","1.0857","False","12.1106","18.101000000000003","18.1779","6.1581","24.001800000000003","8","1","1","False","0"
"20980","2421264279040","1990278954456","1990279117311","16.510500000000004","16.285500000000003","0.225","16.5558","1.0749","False","18.1908","16.5626","12.1106","1.7061000000000002","17.991600000000002","8","1","1","False","0"
"20980","2421264279040","1990279119561","1990279280696","16.349100000000004","16.113500000000002","0.2356","16.345000000000002","1.1172","False","18.2015","16.3385","18.1908","3.5584000000000002","19.6719","8","1","1","False","0"
"20980","2421264279040","1990279283052","1990279440326","15.9669","15.727400000000001","0.23950000000000002","15.9969","1.1143","False","18.1611","15.963000000000001","18.2015","5.7969","21.5243","8","1","1","False","0"
"20980","2421264279040","1990279442721","1990279620980","18.0593","17.8259","0.23340000000000002","18.9912","2.039","False","12.1342","18.0654","18.1611","5.892600000000001","23.718500000000002","8","1","1","False","0"
"20980","2421264279040","1990279623314","1990279745060","12.6611","12.1746","0.48650000000000004","11.6866","1.1178000000000001","False","24.2609","12.408000000000001","12.1342","5.6188","17.793400000000002","8","1","1","False","0"
"20980","2421264279040","1990279749925","1990279977411","22.987","22.7486","0.2384","23.6006","1.7111","False","12.0927","23.235100000000003","24.2609","6.6446000000000005","29.3932","8","1","1","False","0"
"20980","2421264279040","1990279979795","1990280095904","11.789900000000001","11.6109","0.17900000000000002","10.9178","0.8031","False","12.1279","11.849300000000001","12.0927","6.888","18.498900000000003","8","1","1","False","0"
"20980","2421264279040","1990280097694","1990280224148","12.8895","12.6454","0.2441","13.8213","1.7726000000000002","False","18.1766","12.8244","12.1279","6.1915000000000004","18.8369","8","1","1","False","0"
"20980","2421264279040","1990280226589","1990280396551","17.256300000000003","16.9962","0.2601","17.245","1.7536","False","12.1044","17.2403","18.1766","7.127800000000001","24.124000000000002","8","1","1","False","0"
"20980","2421264279040","1990280399152","1990280553705","15.7077","15.455300000000001","0.2524","16.105900000000002","2.1517","False","18.1905","15.7154","12.1044","3.5168000000000004","18.9721","8","1","1","False","0"
"20980","2421264279040","1990280556229","1990280693415","13.9033","13.7186","0.1847","13.772300000000001","1.9977","False","18.175900000000002","13.971","18.1905","7.7363","21.454900000000002","8","1","1","False","0"
"20980","2421264279040","1990280695262","1990280909141","21.567100000000003","21.387900000000002","0.1792","21.521","1.9396","False","12.1226","21.5726","18.175900000000002","4.3396","25.727500000000003","8","1","1","False","0"
"20980","2421264279040","1990280910933","1990281034165","12.5217","12.3232","0.1985","12.713800000000003","2.1322","False","12.1449","12.5024","12.1226","3.9598","16.283","8","1","1","False","0"
"20980","2421264279040","1990281036150","1990281167724","13.462100000000001","13.1574","0.3047","12.3848","1.127","False","18.163500000000003","13.3559","12.1449","2.7488","15.9062","8","1","1","False","0"
"20980","2421264279040","1990281170771","1990281342020","17.3715","17.1249","0.2466","18.4369","2.1696","False","24.2422","17.4296","18.163500000000003","3.4827000000000004","20.6076","8","1","1","False","0"
"20980","2421264279040","1990281344486","1990281547384","20.4912","20.2898","0.20140000000000002","20.685200000000002","2.33","False","12.116200000000001","20.5364","24.2422","7.1885","27.4783","8","1","1","False","0"
"20980","2421264279040","1990281549398","1990281693384","14.6219","14.3986","0.2233","13.9687","1.6809","False","18.207800000000002","14.600000000000001","12.116200000000001","4.7047","19.1033","8","1","1","False","0"
"20980","2421264279040","1990281695617","1990281889641","19.6609","19.4024","0.2585","20.4552","2.5067","False","18.1719","19.625700000000002","18.207800000000002","3.2868","22.6892","8","1","1","False","0"
"20980","2421264279040","1990281892226","1990282060666","17.0999","16.844","0.2559","15.658100000000001","1.1004","False","18.163500000000003","17.1025","18.1719","4.3562","21.200200000000002","8","1","1","False","0"
"20980","2421264279040","1990282063225","1990282240077","17.910400000000003","17.685200000000002","0.2252","18.7498","2.1588000000000003","False","18.2152","17.941100000000002","18.163500000000003","4.5786","22.2638","8","1","1","False","0"
"20980","2421264279040","1990282242329","1990282400433","16.0304","15.810400000000001","0.22","15.2521","1.0884","False","18.1778","16.035600000000002","18.2152","6.7582","22.5686","8","1","1","False","0"
"20980","2421264279040","1990282402633","1990282574492","17.4545","17.1859","0.2686","18.448600000000003","2.1101","False","12.105500000000001","17.405900000000003","18.1778","7.5301","24.716","8","1","1","False","0"
"20980","2421264279040","1990282577178","1990282727799","15.2879","15.062100000000001","0.2258","13.9686","0.7701","False","12.1309","15.3307","12.105500000000001","4.3049","19.367","8","1","1","False","0"
"20980","2421264279040","1990282730057","1990282846534","11.8491","11.6477","0.20140000000000002","12.210700000000001","1.1217000000000001","False","18.1646","11.8735","12.1309","4.5623000000000005","16.21","8","1","1","False","0"
"20980","2421264279040","1990282848548","1990283031937","18.5999","18.338900000000002","0.261","19.6032","2.1759","False","24.252100000000002","18.540300000000002","18.1646","4.1866","22.5255","8","1","1","False","0"
"20980","2421264279040","1990283034547","1990283223898","19.1868","18.935100000000002","0.25170000000000003","20.8104","3.8112000000000004","False","24.259600000000002","19.1961","24.252100000000002","9.242600000000001","28.1777","8","1","1","False","0"
"20980","2421264279040","1990283226415","1990283494520","27.0225","26.8105","0.21200000000000002","28.771700000000003","5.5045","False","12.1035","27.0622","24.259600000000002","6.44","33.2505","8","1","1","False","0"
"20980","2421264279040","1990283496640","1990283632067","13.7378","13.5427","0.1951","11.8908","3.6470000000000002","False","24.241200000000003","13.754700000000001","12.1035","4.7888","18.331500000000002","8","1","1","False","0"
"20980","2421264279040","1990283634018","1990283872766","24.0543","23.8748","0.17950000000000002","24.301000000000002","3.8855000000000004","False","18.203300000000002","24.0699","24.241200000000003","4.960100000000001","28.8349","8","1","1","False","0"
"20980","2421264279040","1990283874561","1990284040016","16.8249","16.5455","0.27940000000000004","15.024799999999999","2.1436","False","24.2347","16.725","18.203300000000002","6.438400000000001","22.983900000000002","8","1","1","False","0"
"20980","2421264279040","1990284042810","1990284263228","22.203000000000003","22.041800000000002","0.1612","22.683300000000003","2.5638","False","18.182100000000002","22.3212","24.2347","8.3519","30.393700000000003","8","1","1","False","0"
"20980","2421264279040","1990284264840","1990284459947","19.8013","19.5107","0.2906","18.782400000000003","1.5927","False","24.239800000000002","19.6719","18.182100000000002","6.862100000000001","26.3728","8","1","1","False","0"
"20980","2421264279040","1990284462853","1990284667456","20.618100000000002","20.4603","0.1578","23.358900000000002","4.2792","False","18.1755","20.7509","24.239800000000002","10.351","30.811300000000003","8","1","1","False","0"
"20980","2421264279040","1990284669034","1990284856861","19.0544","18.782700000000002","0.2717","19.3455","4.6013","False","18.1736","18.9405","18.1755","9.586","28.3687","8","1","1","False","0"
"20980","2421264279040","1990284859578","1990285077291","21.9786","21.7713","0.2073","22.033299999999997","4.6485","False","18.2053","22.043000000000003","18.1736","5.716600000000001","27.4879","8","1","1","False","0"
"20980","2421264279040","1990285079364","1990285242372","16.523500000000002","16.300800000000002","0.2227","13.2878","1.4079000000000002","False","18.183","16.508100000000002","18.2053","7.4138","23.7146","8","1","1","False","0"
"20980","2421264279040","1990285244599","1990285445173","20.3307","20.0574","0.2733","22.75","3.8633","False","18.1725","20.2801","18.183","5.3167","25.374100000000002","8","1","1","False","0"
"20980","2421264279040","1990285447906","1990285648572","20.217200000000002","20.0666","0.1506","18.183500000000002","1.7715","False","18.1785","20.3399","18.1725","3.1493","23.2159","8","1","1","False","0"
"20980","2421264279040","1990285650078","1990285837333","18.9563","18.7255","0.2308","18.619500000000002","1.4587","False","24.249000000000002","18.8761","18.1785","2.4517","21.177200000000003","8","1","1","False","0"
"20980","2421264279040","1990285839641","1990286041664","20.425800000000002","20.2023","0.2235","21.121299999999998","2.1577","False","18.1873","20.4331","24.249000000000002","6.267600000000001","26.469900000000003","8","1","1","False","0"
"20980","2421264279040","1990286043899","1990286224369","18.2442","18.047","0.19720000000000001","19.4771","3.3948","False","18.179000000000002","18.270500000000002","18.1873","6.1844","24.2314","8","1","1","False","0"
"20980","2421264279040","1990286226341","1990286402074","17.7678","17.5733","0.1945","18.7484","4.361800000000001","False","18.162300000000002","17.770500000000002","18.179000000000002","6.5929","24.1662","8","1","1","False","0"
"20980","2421264279040","1990286404019","1990286612220","21.0266","20.8201","0.20650000000000002","19.386","2.7039","False","36.3797","21.0146","18.162300000000002","3.7406","24.5607","8","1","1","False","0"
"20980","2421264279040","1990286614285","1990286887759","27.5797","27.3474","0.2323","32.045","7.2029000000000005","False","12.153400000000001","27.553900000000002","36.3797","12.5664","39.9138","8","1","1","False","0"
"20980","2421264279040","1990286890082","1990287071343","18.323900000000002","18.1261","0.1978","14.843500000000002","3.7007000000000003","False","30.2668","18.3584","12.153400000000001","6.361400000000001","24.4875","8","1","1","False","0"
"20980","2421264279040","1990287073321","1990287377270","30.6549","30.3949","0.26","32.688","5.7554","False","12.1173","30.5927","30.2668","6.0355","36.4304","8","1","1","False","0"
"20980","2421264279040","1990287379870","1990287529072","15.1323","14.920200000000001","0.2121","10.7711","1.3811","False","24.252100000000002","15.180200000000001","12.1173","2.9726000000000004","17.8928","8","1","1","False","0"
"20980","2421264279040","1990287531193","1990287726597","19.8152","19.5404","0.2748","19.7389","1.3439","False","18.1763","19.7525","24.252100000000002","7.4722","27.012600000000003","8","1","1","False","0"
"20980","2421264279040","1990287729345","1990287954875","22.9558","22.553","0.40280000000000005","22.912300000000002","1.3378","False","24.255300000000002","22.8278","18.1763","2.8207","25.3737","8","1","1","False","0"
"20980","2421264279040","1990287958903","1990288167579","21.128999999999998","20.8676","0.2614","22.657700000000002","2.8451","False","24.2226","21.270400000000002","24.255300000000002","5.8056","26.6732","8","1","1","False","0"
"20980","2421264279040","1990288170193","1990288393266","22.5587","22.3073","0.2514","22.4497","2.7047000000000003","False","18.1846","22.5687","24.2226","7.4595","29.7668","8","1","1","False","0"
"20980","2421264279040","1990288395780","1990288607881","21.4383","21.2101","0.22820000000000001","22.233900000000002","3.4736000000000002","False","18.2133","21.4615","18.1846","4.1826","25.3927","8","1","1","False","0"
"20980","2421264279040","1990288610163","1990288781764","17.4161","17.1601","0.256","15.313100000000002","1.4112","False","24.201","17.3883","18.2133","5.0076","22.1677","8","1","1","False","0"
"20980","2421264279040","1990288784324","1990289031711","24.871000000000002","24.7387","0.1323","27.1189","3.5964","False","12.135100000000001","24.9947","24.201","4.213900000000001","28.9526","8","1","1","False","0"
"20980","2421264279040","1990289033034","1990289156214","12.549400000000002","12.318000000000001","0.23140000000000002","12.3554","3.4423000000000004","False","30.312900000000003","12.4503","12.135100000000001","3.8987000000000003","16.2167","8","1","1","False","0"
"20980","2421264279040","1990289158528","1990289435694","28.0753","27.7166","0.3587","27.6916","3.0432","False","18.1762","27.948","30.312900000000003","6.2636","33.9802","8","1","1","False","0"
"20980","2421264279040","1990289439281","1990289658667","22.2086","21.9386","0.27","20.4354","1.3347","False","24.2221","22.2973","18.1762","2.1425","24.081100000000003","8","1","1","False","0"
"20980","2421264279040","1990289661367","1990289900185","24.125000000000004","23.881800000000002","0.2432","24.254","1.4171","False","18.2043","24.1518","24.2221","2.2128","26.0946","8","1","1","False","0"
"20980","2421264279040","1990289902617","1990290042050","14.233500000000001","13.9433","0.2902","14.827200000000001","2.0540000000000003","False","24.2227","14.1865","18.2043","6.2306","20.1739","8","1","1","False","0"
"20980","2421264279040","1990290044952","1990290284777","24.360200000000003","23.9825","0.37770000000000004","25.287200000000002","3.0592","False","12.146","24.2727","24.2227","6.1806","30.1631","8","1","1","False","0"
"20980","2421264279040","1990290288554","1990290430642","14.3966","14.2088","0.18780000000000002","13.097100000000001","1.6029","False","18.1566","14.586500000000001","12.146","3.7401","17.948900000000002","8","1","1","False","0"
"20980","2421264279040","1990290432520","1990290622598","19.172","19.0078","0.1642","19.738","2.3635","False","18.1932","19.195600000000002","18.1566","2.7011000000000003","21.7089","8","1","1","False","0"
"20980","2421264279040","1990290624240","1990290805797","18.375","18.1557","0.21930000000000002","17.550800000000002","1.3594000000000002","False","24.2345","18.3199","18.1932","2.5744000000000002","20.7301","8","1","1","False","0"
"20980","2421264279040","1990290807990","1990291015220","21.092900000000004","20.723000000000003","0.3699","23.570700000000002","3.8582","False","18.197200000000002","20.9423","24.2345","5.8666","26.5896","8","1","1","False","0"
"20980","2421264279040","1990291018919","1990291191883","17.5501","17.296400000000002","0.25370000000000004","16.7944","3.1002","False","18.172800000000002","17.6663","18.197200000000002","6.3975","23.693900000000003","8","1","1","False","0"
"20980","2421264279040","1990291194420","1990291370530","17.840500000000002","17.611","0.2295","19.1334","4.4064000000000005","False","24.246000000000002","17.8647","18.172800000000002","6.7056000000000004","24.3166","8","1","1","False","0"
"20980","2421264279040","1990291372825","1990291573262","21.9052","20.0437","1.8615000000000002","20.5195","2.9891","False","18.174","20.2732","24.246000000000002","10.6784","30.7221","8","1","1","False","0"
"20980","2421264279040","1990291591877","1990291802726","21.480800000000002","21.0849","0.39590000000000003","20.2914","1.8973","False","24.2608","22.9464","18.174","5.906000000000001","26.9909","8","1","1","False","0"
"20980","2421264279040","1990291806685","1990292030791","22.602700000000002","22.410600000000002","0.19210000000000002","23.8051","3.0103","False","18.1604","22.8065","24.2608","7.3603000000000005","29.7709","8","1","1","False","0"
"20980","2421264279040","1990292032712","1990292216740","18.5729","18.4028","0.1701","18.723100000000002","3.1547","False","12.123700000000001","18.594900000000003","18.1604","6.925800000000001","25.3286","8","1","1","False","0"
"20980","2421264279040","1990292218441","1990292363249","14.8192","14.4808","0.33840000000000003","12.8914","1.2743","False","18.2038","14.6509","12.123700000000001","4.3986","18.8794","8","1","1","False","0"
"20980","2421264279040","1990292366633","1990292541729","17.7356","17.509600000000002","0.226","18.354200000000002","1.8478","False","18.1582","17.848000000000003","18.2038","4.7544","22.264","8","1","1","False","0"
"20980","2421264279040","1990292543989","1990292707061","16.5896","16.3072","0.28240000000000004","19.3385","4.625","False","18.185000000000002","16.5332","18.1582","6.3794","22.686600000000002","8","1","1","False","0"
"20980","2421264279040","1990292709885","1990292930719","22.3807","22.0834","0.2973","19.0057","1.2845","False","24.239900000000002","22.3658","18.185000000000002","2.1986","24.282","8","1","1","False","0"
"20980","2421264279040","1990292933692","1990293119691","18.872500000000002","18.5999","0.2726","22.6074","4.9914000000000005","False","18.2012","18.8972","24.239900000000002","7.541300000000001","26.1412","8","1","1","False","0"
"20980","2421264279040","1990293122417","1990293322348","20.2691","19.993100000000002","0.276","16.8585","1.5723","False","18.160500000000003","20.265700000000002","18.2012","5.4768","25.469900000000003","8","1","1","False","0"
"20980","2421264279040","1990293325108","1990293516070","19.3112","19.0962","0.215","20.6883","2.9335","False","18.195","19.3722","18.160500000000003","4.2651","23.3613","8","1","1","False","0"
"20980","2421264279040","1990293518220","1990293688571","17.2738","17.0351","0.23870000000000002","15.9357","1.6117000000000001","False","24.2344","17.2501","18.195","5.21","22.2451","8","1","1","False","0"
"20980","2421264279040","1990293690958","1990293894740","20.6187","20.3782","0.24050000000000002","21.8564","2.8631","False","12.120700000000001","20.6169","24.2344","8.8275","29.2057","8","1","1","False","0"
"20980","2421264279040","1990293897145","1990294078324","18.2966","18.117900000000002","0.1787","16.8235","1.343","False","18.1787","18.3584","12.120700000000001","2.5898000000000003","20.707700000000003","8","1","1","False","0"
"20980","2421264279040","1990294080111","1990294266263","18.823","18.6152","0.2078","18.717200000000002","1.2562","False","24.256500000000003","18.7939","18.1787","1.9746000000000001","20.5898","8","1","1","False","0"
"20980","2421264279040","1990294268341","1990294466841","20.2786","19.85","0.42860000000000004","20.896","1.9211","False","18.169800000000002","20.0578","24.256500000000003","6.1733","26.023300000000003","8","1","1","False","0"
"20980","2421264279040","1990294471127","1990294641228","17.273500000000002","17.0101","0.2634","16.623900000000003","1.2353","False","18.1854","17.4387","18.169800000000002","6.904400000000001","23.9145","8","1","1","False","0"
"20980","2421264279040","1990294643862","1990294824953","18.3959","18.1091","0.2868","19.866099999999996","2.7065","False","18.174500000000002","18.372500000000002","18.1854","6.717300000000001","24.8264","8","1","1","False","0"
"20980","2421264279040","1990294827821","1990295010401","18.4774","18.258","0.2194","18.5405","2.7478000000000002","False","18.1884","18.544800000000002","18.174500000000002","6.347","24.605","8","1","1","False","0"
"20980","2421264279040","1990295012595","1990295234322","22.363100000000003","22.172700000000003","0.1904","21.2423","1.624","False","18.1741","22.392100000000003","18.1884","2.1433","24.316000000000003","8","1","1","False","0"
"20980","2421264279040","1990295236226","1990295406301","17.2038","17.0075","0.1963","17.1396","1.556","False","18.2144","17.1979","18.1741","3.1195","20.127000000000002","8","1","1","False","0"
"20980","2421264279040","1990295408264","1990295561962","15.702200000000001","15.369800000000001","0.33240000000000003","16.5261","2.4451","False","24.218500000000002","15.5661","18.2144","5.7678","21.137600000000003","8","1","1","False","0"
"20980","2421264279040","1990295565286","1990295775848","21.2539","21.0562","0.19770000000000001","21.4679","2.6079000000000003","False","18.2037","21.3886","24.218500000000002","8.5977","29.6539","8","1","1","False","0"
"20980","2421264279040","1990295777825","1990295980320","20.5074","20.2495","0.2579","20.6944","2.8308","False","12.0922","20.447200000000002","18.2037","6.3542000000000005","26.6037","8","1","1","False","0"
"20980","2421264279040","1990295982899","1990296113441","13.2605","13.0542","0.2063","14.763900000000001","4.3108","False","18.1869","13.312100000000001","12.0922","5.1343000000000005","18.1885","8","1","1","False","0"
"20980","2421264279040","1990296115504","1990296288564","17.6479","17.306","0.34190000000000004","15.7733","2.516","False","30.3187","17.5123","18.1869","5.8089","23.114900000000002","8","1","1","False","0"
"20980","2421264279040","1990296291983","1990296566977","27.7057","27.4994","0.2063","28.1724","2.8947000000000003","False","6.0579","27.8413","30.3187","8.2863","35.7857","8","1","1","False","0"
"20980","2421264279040","1990296569040","1990296662275","9.5782","9.323500000000001","0.25470000000000004","8.036","1.3673","False","18.189600000000002","9.5298","6.0579","4.8144","14.1379","8","1","1","False","0"
"20980","2421264279040","1990296664822","1990296837803","17.5117","17.2981","0.2136","17.4902","1.3219","False","18.154700000000002","17.5528","18.189600000000002","5.4512","22.7493","8","1","1","False","0"
"20980","2421264279040","1990296839939","1990297010793","17.4624","17.0854","0.377","20.994600000000002","4.8872","False","24.2422","17.299","18.154700000000002","6.306900000000001","23.392300000000002","8","1","1","False","0"
"20980","2421264279040","1990297014563","1990297258440","24.5192","24.387700000000002","0.1315","23.418100000000003","3.7207000000000003","False","18.1755","24.7647","24.2422","5.784400000000001","30.1721","8","1","1","False","0"
"20980","2421264279040","1990297259755","1990297462741","20.559","20.2986","0.2604","19.3822","2.5924","False","18.1868","20.4301","18.1755","3.5298000000000003","23.828400000000002","8","1","1","False","0"
"20980","2421264279040","1990297465345","1990297617257","15.4769","15.1912","0.2857","15.8855","3.0055","False","18.1783","15.451600000000001","18.1868","6.265000000000001","21.456200000000003","8","1","1","False","0"
"20980","2421264279040","1990297620114","1990297770962","15.394100000000002","15.084800000000001","0.3093","16.7638","4.386","False","12.140400000000001","15.370500000000002","18.1783","9.0728","24.157600000000002","8","1","1","False","0"
"20980","2421264279040","1990297774055","1990297930592","15.8817","15.6537","0.228","13.1349","1.6182","False","18.1779","15.963000000000001","12.140400000000001","5.2502","20.9039","8","1","1","False","0"
"20980","2421264279040","1990297932872","1990298097897","16.7408","16.5025","0.2383","19.5191","4.6732000000000005","False","18.165300000000002","16.7305","18.1779","6.6976","23.200100000000003","8","1","1","False","0"
"20980","2421264279040","1990298100280","1990298275274","17.663400000000003","17.4994","0.164","18.805300000000003","5.5111","False","12.1303","17.7377","18.165300000000002","7.1252","24.6246","8","1","1","False","0"
"20980","2421264279040","1990298276914","1990298439918","16.495","16.3004","0.19460000000000002","13.514399999999998","2.5521000000000003","False","24.2404","16.4644","12.1303","2.7911","19.0915","8","1","1","False","0"
"20980","2421264279040","1990298441864","1990298616210","17.7346","17.4346","0.3","19.6672","4.5252","False","12.1433","17.6292","24.2404","9.4023","26.8369","8","1","1","False","0"
"20980","2421264279040","1990298619210","1990298779341","16.294400000000003","16.0131","0.2813","13.3543","1.5958","False","12.0953","16.313100000000002","12.1433","5.2325","21.2456","8","1","1","False","0"
"20980","2421264279040","1990298782154","1990298918963","13.8411","13.680900000000001","0.1602","15.0891","2.7729","False","24.240000000000002","13.962200000000001","12.0953","3.3656","17.0465","8","1","1","False","0"
"20980","2421264279040","1990298920565","1990299098736","18.0103","17.8171","0.1932","18.8887","3.6854","False","12.1386","17.9773","24.240000000000002","9.628300000000001","27.445400000000003","8","1","1","False","0"
"20980","2421264279040","1990299100668","1990299255246","15.7123","15.4578","0.2545","13.9619","1.9441000000000002","False","12.1235","15.651000000000002","12.1386","6.1159","21.573700000000002","8","1","1","False","0"
"20980","2421264279040","1990299257791","1990299409758","15.4474","15.1967","0.25070000000000003","15.126600000000002","1.5917000000000001","False","24.232100000000003","15.4512","12.1235","2.7882000000000002","17.9849","8","1","1","False","0"
"20980","2421264279040","1990299412265","1990299617496","20.8554","20.5231","0.33230000000000004","22.2741","3.0539","False","12.116100000000001","20.7738","24.232100000000003","6.2465","26.7696","8","1","1","False","0"
"20980","2421264279040","1990299620819","1990299749625","13.126800000000001","12.880600000000001","0.2462","12.7303","2.6183","False","18.1855","13.212900000000001","12.116100000000001","5.1497","18.0303","8","1","1","False","0"
"20980","2421264279040","1990299752087","1990299919940","17.2055","16.7853","0.4202","17.4831","2.9486000000000003","False","12.1257","17.0315","18.1855","6.3037","23.089000000000002","8","1","1","False","0"
"20980","2421264279040","1990299924142","1990300049554","12.7663","12.5412","0.22510000000000002","11.483","1.6277000000000001","False","18.174300000000002","12.961400000000001","12.1257","5.468","18.0092","8","1","1","False","0"
"20980","2421264279040","1990300051805","1990300250437","20.207200000000004","19.863200000000003","0.34400000000000003","20.082","1.5334","False","18.1736","20.0883","18.174300000000002","3.5540000000000003","23.4172","8","1","1","False","0"
"20980","2421264279040","1990300253877","1990300381472","13.0744","12.759500000000001","0.3149","14.0425","2.5087","False","12.1453","13.1035","18.1736","8.6241","21.3836","8","1","1","False","0"
"20980","2421264279040","1990300384621","1990300532831","15.061000000000002","14.821000000000002","0.24000000000000002","14.271500000000001","1.6709","False","18.229100000000003","15.135900000000001","12.1453","5.633500000000001","20.4545","8","1","1","False","0"
"20980","2421264279040","1990300535231","1990300735865","20.301000000000002","20.0634","0.2376","21.542299999999997","2.9229000000000003","False","18.1116","20.3034","18.229100000000003","3.5592","23.622600000000002","8","1","1","False","0"
"20980","2421264279040","1990300738241","1990300886533","15.1471","14.8292","0.3179","17.154700000000002","4.9661","False","18.2305","15.0668","18.1116","6.604","21.4332","8","1","1","False","0"
"20980","2421264279040","1990300889712","1990301054250","16.6671","16.4538","0.21330000000000002","15.687600000000003","3.9462","False","12.0858","16.7717","18.2305","8.062800000000001","24.5166","8","1","1","False","0"
"20980","2421264279040","1990301056383","1990301191134","13.792300000000001","13.475100000000001","0.31720000000000004","12.531400000000001","2.7351","False","12.1311","13.688400000000001","12.0858","6.4602","19.9353","8","1","1","False","0"
"20980","2421264279040","1990301194306","1990301326898","13.4829","13.2592","0.2237","13.265400000000001","2.4895","False","24.239","13.576400000000001","12.1311","5.0149","18.2741","8","1","1","False","0"
"20980","2421264279040","1990301329135","1990301550413","22.421400000000002","22.1278","0.2936","24.645300000000002","4.7296000000000005","False","12.1013","22.3515","24.239","6.9024","29.0302","8","1","1","False","0"
"20980","2421264279040","1990301553349","1990301727094","17.527900000000002","17.3745","0.1534","13.7512","0.8891","False","12.129800000000001","17.668100000000003","12.1013","1.3356000000000001","18.7101","8","1","1","False","0"
"20980","2421264279040","1990301728628","1990301795822","6.9867","6.7194","0.26730000000000004","10.3119","4.2386","False","12.1347","6.872800000000001","12.129800000000001","6.5926","13.312000000000001","8","1","1","False","0"
"20980","2421264279040","1990301798495","1990301947912","15.223600000000001","14.9417","0.28190000000000004","12.8634","1.9024","False","24.308500000000002","15.209000000000001","12.1347","3.5183","18.46","8","1","1","False","0"
"20980","2421264279040","1990301950731","1990302126525","17.8617","17.5794","0.2823","19.9376","3.9544","False","12.064400000000001","17.8613","24.308500000000002","9.9655","27.544900000000002","8","1","1","False","0"
"20980","2421264279040","1990302129348","1990302284817","15.859","15.5469","0.3121","15.4138","3.5388","False","18.157700000000002","15.8292","12.064400000000001","6.2007","21.747600000000002","8","1","1","False","0"
"20980","2421264279040","1990302287938","1990302436601","15.1079","14.8663","0.2416","15.866100000000001","4.258900000000001","False","12.1339","15.1784","18.157700000000002","9.18","24.046300000000002","8","1","1","False","0"
"20980","2421264279040","1990302439017","1990302587417","15.455","14.84","0.615","12.8498","2.0206","False","18.177500000000002","15.0816","12.1339","6.2323","21.072300000000002","8","1","1","False","0"
"20980","2421264279040","1990302593567","1990302766863","17.6755","17.3296","0.34590000000000004","18.0046","2.0449","False","12.1249","17.9446","18.177500000000002","6.4652","23.794800000000002","8","1","1","False","0"
"20980","2421264279040","1990302770322","1990302915897","14.7718","14.557500000000001","0.21430000000000002","15.117","2.3283","False","18.1627","14.903400000000001","12.1249","3.6867","18.2442","8","1","1","False","0"
"20980","2421264279040","1990302918040","1990303071007","15.558100000000001","15.296700000000001","0.2614","18.4284","5.2235000000000005","False","18.1847","15.511000000000001","18.1627","6.3384","21.6351","8","1","1","False","0"
"20980","2421264279040","1990303073621","1990303230117","15.964100000000002","15.649600000000001","0.3145","13.334200000000001","2.5988","False","18.209400000000002","15.911000000000001","18.1847","8.6121","24.2617","8","1","1","False","0"
"20980","2421264279040","1990303233262","1990303437175","20.5763","20.3913","0.185","21.0011","2.9888000000000003","False","12.1942","20.7058","18.209400000000002","6.1157","26.507","8","1","1","False","0"
"20980","2421264279040","1990303439025","1990303558606","12.1502","11.9581","0.19210000000000002","10.7324","1.5702","False","18.101000000000003","12.1431","12.1942","6.1668","18.1249","8","1","1","False","0"
"20980","2421264279040","1990303560527","1990303737874","17.9222","17.7347","0.1875","20.637600000000006","4.2734000000000005","False","12.1606","17.9268","18.101000000000003","6.341","24.0757","8","1","1","False","0"
"20980","2421264279040","1990303739749","1990303870053","13.2773","13.0304","0.2469","11.4579","2.5075000000000003","False","12.0786","13.2179","12.1606","5.2837000000000005","18.3141","8","1","1","False","0"
"20980","2421264279040","1990303872522","1990303987759","11.8171","11.5237","0.2934","10.942","1.5952000000000002","False","18.1715","11.7706","12.0786","5.5917","17.1154","8","1","1","False","0"
"20980","2421264279040","1990303990693","1990304175861","18.7803","18.5168","0.2635","20.9707","3.8021000000000003","False","12.1226","18.810200000000002","18.1715","4.953","23.469800000000003","8","1","1","False","0"
"20980","2421264279040","1990304178496","1990304290767","11.5574","11.2271","0.33030000000000004","9.831800000000001","2.1304000000000003","False","18.1934","11.4906","12.1226","5.585","16.8121","8","1","1","False","0"
"20980","2421264279040","1990304294070","1990304460753","16.9312","16.668300000000002","0.2629","17.1579","2.3017000000000003","False","12.1022","16.9986","18.1934","6.779800000000001","23.4481","8","1","1","False","0"
"20980","2421264279040","1990304463382","1990304607882","14.6453","14.450000000000001","0.1953","14.7284","2.3680000000000003","False","30.3186","14.712900000000001","12.1022","4.1691","18.6191","8","1","1","False","0"
"20980","2421264279040","1990304609835","1990304906813","29.9407","29.6978","0.2429","29.151600000000002","1.5883","False","12.1196","29.8931","30.3186","4.5946","34.2924","8","1","1","False","0"
"20980","2421264279040","1990304909242","1990305052640","14.519300000000001","14.3398","0.17950000000000002","14.7772","1.8313000000000001","False","18.160500000000003","14.5827","12.1196","2.1315","16.4713","8","1","1","False","0"
"20980","2421264279040","1990305054435","1990305215341","16.282100000000003","16.090600000000002","0.1915","18.276400000000002","4.0666","False","18.1854","16.2701","18.160500000000003","4.0219000000000005","20.1125","8","1","1","False","0"
"20980","2421264279040","1990305217256","1990305389540","17.4889","17.2284","0.2605","16.546200000000002","2.899","False","18.203300000000002","17.419900000000002","18.1854","4.7874","22.015800000000002","8","1","1","False","0"
"20980","2421264279040","1990305392145","1990305544731","15.493800000000002","15.258600000000001","0.23520000000000002","14.238800000000001","1.6408","False","12.108500000000001","15.5191","18.203300000000002","7.4716000000000005","22.7302","8","1","1","False","0"
"20980","2421264279040","1990305547083","1990305684002","13.937000000000001","13.6919","0.2451","16.1596","3.8600000000000003","False","18.2709","13.927100000000001","12.108500000000001","5.6530000000000005","19.344900000000003","8","1","1","False","0"
"20980","2421264279040","1990305686453","1990305850684","16.687900000000003","16.4231","0.26480000000000004","15.7203","2.9687","False","12.1021","16.668200000000002","18.2709","7.2557","23.678800000000003","8","1","1","False","0"
"20980","2421264279040","1990305853332","1990305980461","12.985000000000001","12.712900000000001","0.2721","12.8781","2.8334","False","12.058100000000001","12.9777","12.1021","6.3801000000000005","19.093","8","1","1","False","0"
"20980","2421264279040","1990305983182","1990306124503","14.350800000000001","14.132100000000001","0.2187","15.253200000000001","3.7047000000000003","False","18.179000000000002","14.404200000000001","12.058100000000001","4.034","18.1661","8","1","1","False","0"
"20980","2421264279040","1990306126690","1990306297017","17.2738","17.032700000000002","0.2411","15.9357","2.3531","False","12.118300000000001","17.2514","18.179000000000002","4.961600000000001","21.994300000000003","8","1","1","False","0"
"20980","2421264279040","1990306299428","1990306443297","14.5822","14.3869","0.1953","13.5493","1.3328","False","18.2066","14.628","12.118300000000001","2.4519","16.8388","8","1","1","False","0"
"20980","2421264279040","1990306445250","1990306594463","15.1151","14.9213","0.1938","15.4164","1.6116000000000001","False","18.166","15.1166","18.2066","5.5419","20.4632","8","1","1","False","0"
"20980","2421264279040","1990306596401","1990306752339","15.7685","15.5938","0.17470000000000002","17.1033","2.9392","False","18.1723","15.787600000000001","18.166","7.9203","23.514100000000003","8","1","1","False","0"
"20980","2421264279040","1990306754086","1990306913520","16.166800000000002","15.9434","0.22340000000000002","17.2393","4.0198","False","18.1725","16.118100000000002","18.1723","9.9745","25.9179","8","1","1","False","0"
"20980","2421264279040","1990306915754","1990307138736","22.5374","22.2982","0.23920000000000002","22.8474","4.3718","False","12.1493","22.5216","18.1725","5.6254","27.9236","8","1","1","False","0"
"20980","2421264279040","1990307141128","1990307251190","11.2897","11.0062","0.28350000000000003","9.1111","2.1927000000000003","False","18.1888","11.2454","12.1493","6.5293","17.535500000000003","8","1","1","False","0"
"20980","2421264279040","1990307254025","1990307419121","16.779500000000002","16.509600000000002","0.26990000000000003","16.5201","1.889","False","12.1011","16.793100000000003","18.1888","7.925000000000001","24.4346","8","1","1","False","0"
"20980","2421264279040","1990307421820","1990307579470","16.1712","15.765","0.4062","16.8013","2.5667","False","18.1794","16.0349","12.1011","3.9912","19.7562","8","1","1","False","0"
"20980","2421264279040","1990307583532","1990307750068","16.93","16.6536","0.27640000000000003","16.038","1.6659000000000002","False","18.2318","17.0598","18.1794","5.1108","21.764400000000002","8","1","1","False","0"
"20980","2421264279040","1990307752832","1990307922872","17.257800000000003","17.004","0.2538","20.096600000000002","4.472700000000001","False","36.3266","17.2804","18.2318","6.062200000000001","23.066200000000002","8","1","1","False","0"
"20980","2421264279040","1990307925410","1990308244921","32.2252","31.9511","0.2741","31.856100000000005","4.1105","False","18.1594","32.2049","36.3266","10.183900000000001","42.135000000000005","8","1","1","False","0"
"20980","2421264279040","1990308247662","1990308458867","21.3213","21.1205","0.2008","22.2402","5.0178","False","18.1919","21.3946","18.1594","6.9487000000000005","28.069200000000002","8","1","1","False","0"
"20980","2421264279040","1990308460875","1990308634793","17.6459","17.3918","0.2541","14.395299999999999","1.7854","False","18.174400000000002","17.5926","18.1919","7.548","24.9398","8","1","1","False","0"
"20980","2421264279040","1990308637334","1990308830941","19.653000000000002","19.3607","0.2923","22.201","4.3428","False","18.1796","19.614800000000002","18.174400000000002","6.107600000000001","25.468300000000003","8","1","1","False","0"
"20980","2421264279040","1990308833864","1990309028876","19.7362","19.5012","0.23500000000000001","19.3265","3.9132000000000002","False","24.2508","19.7935","18.1796","4.4937000000000005","23.9949","8","1","1","False","0"
"20980","2421264279040","1990309031226","1990309244074","21.5639","21.2848","0.2791","21.2548","3.6175","False","18.188100000000002","21.5198","24.2508","7.2247","28.509500000000003","8","1","1","False","0"
"20980","2421264279040","1990309246865","1990309429361","18.4886","18.2496","0.23900000000000002","16.93","2.0666","False","24.2222","18.5287","18.188100000000002","6.8841","25.1337","8","1","1","False","0"
"20980","2421264279040","1990309431751","1990309673696","24.448800000000002","24.1945","0.2543","26.932000000000002","4.5917","False","12.136800000000001","24.433500000000002","24.2222","6.6728000000000005","30.8673","8","1","1","False","0"
"20980","2421264279040","1990309676239","1990309824665","15.1142","14.842600000000001","0.2716","12.309000000000001","1.7367000000000001","False","18.1705","15.096900000000002","12.136800000000001","3.7127000000000003","18.555300000000003","8","1","1","False","0"
"20980","2421264279040","1990309827381","1990310010652","18.576600000000003","18.3271","0.2495","19.7483","2.8937","False","24.268600000000003","18.5987","18.1705","3.2845","21.611600000000003","8","1","1","False","0"
"20980","2421264279040","1990310013147","1990310220382","21.032","20.7235","0.3085","20.438100000000002","2.3034","False","18.1893","20.973000000000003","24.268600000000003","6.580100000000001","27.303600000000003","8","1","1","False","0"
"20980","2421264279040","1990310223467","1990310407229","18.607","18.3762","0.2308","18.2703","1.9687000000000001","False","18.1482","18.6847","18.1893","6.084700000000001","24.460900000000002","8","1","1","False","0"
"20980","2421264279040","1990310409537","1990310605242","19.801000000000002","19.570500000000003","0.2305","21.7757","3.9121","False","24.2775","19.8013","18.1482","4.4316","24.002100000000002","8","1","1","False","0"
"20980","2421264279040","1990310607547","1990310787148","18.147100000000002","17.9601","0.187","18.5979","4.3753","False","18.1517","18.1906","24.2775","10.518500000000001","28.4786","8","1","1","False","0"
"20980","2421264279040","1990310789018","1990310995815","20.9249","20.6797","0.2452","20.7941","4.2663","False","18.1893","20.8667","18.1517","7.8035000000000005","28.4832","8","1","1","False","0"
"20980","2421264279040","1990310998267","1990311199790","20.36","20.1523","0.20770000000000002","17.8334","1.74","False","24.2454","20.3975","18.1893","5.5953","25.747600000000002","8","1","1","False","0"
"20980","2421264279040","1990311201867","1990311402693","20.3146","20.0826","0.232","23.307500000000005","4.7614","False","18.1924","20.290300000000002","24.2454","9.5504","29.633000000000003","8","1","1","False","0"
"20980","2421264279040","1990311405013","1990311614416","21.2533","20.9403","0.313","18.901400000000002","2.4117","False","18.1659","21.1723","18.1924","6.5705","27.5108","8","1","1","False","0"
"20980","2421264279040","1990311617546","1990311791059","17.6334","17.351300000000002","0.2821","19.7803","4.577","False","18.1816","17.6643","18.1659","7.072100000000001","24.4234","8","1","1","False","0"
"20980","2421264279040","1990311793880","1990311978728","18.7654","18.4848","0.2806","16.4143","2.2498","False","18.1985","18.7669","18.1816","6.486800000000001","24.971600000000002","8","1","1","False","0"
"20980","2421264279040","1990311981534","1990312160541","18.3768","17.9007","0.4761","19.261","3.1845000000000003","False","18.1615","18.1813","18.1985","6.5040000000000004","24.404700000000002","8","1","1","False","0"
"20980","2421264279040","1990312165302","1990312351283","18.873600000000003","18.598100000000002","0.2755","18.6371","2.8217000000000003","False","18.2024","19.0742","18.1615","5.5913","24.189400000000003","8","1","1","False","0"
"20980","2421264279040","1990312354038","1990312540433","18.8149","18.6395","0.1754","17.4993","1.6969","False","24.2191","18.915","18.2024","4.8787","23.5182","8","1","1","False","0"
"20980","2421264279040","1990312542187","1990312766419","22.658800000000003","22.4232","0.2356","23.444000000000003","2.3278000000000003","False","18.1878","22.5986","24.2191","6.4992","28.9224","8","1","1","False","0"
"20980","2421264279040","1990312768775","1990312951602","18.724400000000003","18.282700000000002","0.44170000000000004","18.3226","1.9265","False","24.238400000000002","18.5183","18.1878","6.1687","24.4514","8","1","1","False","0"
"20980","2421264279040","1990312956019","1990313186991","23.328300000000002","23.0972","0.2311","23.3454","1.9401000000000002","False","12.125300000000001","23.5389","24.238400000000002","6.868200000000001","29.965400000000002","8","1","1","False","0"
"20980","2421264279040","1990313189302","1990313316018","12.9365","12.6716","0.2649","12.6056","1.595","False","18.1885","12.902700000000001","12.125300000000001","6.090800000000001","18.7624","8","1","1","False","0"
"20980","2421264279040","1990313318667","1990313489595","17.459600000000002","17.0928","0.3668","18.521800000000002","2.7186000000000003","False","18.1711","17.3577","18.1885","6.921600000000001","24.014400000000002","8","1","1","False","0"
"20980","2421264279040","1990313493263","1990313686165","19.489900000000002","19.290200000000002","0.19970000000000002","19.4477","2.5852","False","24.242900000000002","19.657","18.1711","5.435700000000001","24.725900000000003","8","1","1","False","0"
"20980","2421264279040","1990313688162","1990313902459","21.6984","21.4297","0.2687","23.9642","4.892","False","12.1227","21.6294","24.242900000000002","8.0492","29.478900000000003","8","1","1","False","0"
"20980","2421264279040","1990313905146","1990314045128","14.220400000000001","13.9982","0.2222","11.3195","1.9680000000000002","False","18.2059","14.266900000000001","12.1227","5.905","19.903200000000002","8","1","1","False","0"
"20980","2421264279040","1990314047350","1990314218628","17.3806","17.1278","0.2528","17.6345","2.232","False","18.1488","17.35","18.2059","6.7609","23.8887","8","1","1","False","0"
"20980","2421264279040","1990314221156","1990314423888","20.5095","20.2732","0.2363","19.8214","1.5197","False","18.2894","20.526","18.1488","4.3837","24.6569","8","1","1","False","0"
"20980","2421264279040","1990314426251","1990314577198","15.341500000000002","15.094700000000001","0.24680000000000002","15.970400000000001","2.1986","False","18.0924","15.331000000000001","18.2894","7.3421","22.4368","8","1","1","False","0"
"20980","2421264279040","1990314579666","1990314758095","18.1116","17.8429","0.2687","18.1733","2.2233","False","18.171400000000002","18.0897","18.0924","7.3448","25.1877","8","1","1","False","0"
"20980","2421264279040","1990314760782","1990314954258","19.565","19.3476","0.2174","19.267300000000002","1.9149","False","18.1907","19.616300000000003","18.171400000000002","5.899900000000001","25.247500000000002","8","1","1","False","0"
"20980","2421264279040","1990314956432","1990315144004","18.9556","18.7572","0.19840000000000002","18.6612","1.5967","False","18.1763","18.974600000000002","18.1907","5.1160000000000005","23.8732","8","1","1","False","0"
"20980","2421264279040","1990315145988","1990315320390","17.629","17.4402","0.1888","17.7823","1.7755","False","12.1042","17.6386","18.1763","5.653700000000001","23.0939","8","1","1","False","0"
"20980","2421264279040","1990315322278","1990315451515","13.2148","12.9237","0.2911","15.431700000000001","4.016","False","24.2432","13.1125","12.1042","4.6454","17.569100000000002","8","1","1","False","0"
"20980","2421264279040","1990315454426","1990315702407","25.0069","24.7981","0.2088","23.9935","2.9726000000000004","False","24.315900000000003","25.0892","24.2432","3.7994000000000003","28.5975","8","1","1","False","0"
"20980","2421264279040","1990315704495","1990315872785","17.0288","16.829","0.1998","19.5335","5.4787","False","18.1248","17.0378","24.315900000000003","11.0775","27.9065","8","1","1","False","0"
"20980","2421264279040","1990315874783","1990316102148","22.9358","22.7365","0.1993","22.5073","5.0412","False","18.198600000000003","22.936300000000003","18.1248","6.266","29.0025","8","1","1","False","0"
"20980","2421264279040","1990316104141","1990316288385","18.7604","18.424400000000002","0.336","15.431000000000001","1.7835","False","24.2846","18.6237","18.198600000000003","5.8409","24.2653","8","1","1","False","0"
"20980","2421264279040","1990316291745","1990316511883","22.2117","22.0138","0.19790000000000002","23.713800000000003","3.2199","False","18.168200000000002","22.349800000000002","24.2846","7.7757000000000005","29.7895","8","1","1","False","0"
"20980","2421264279040","1990316513862","1990316708235","19.6815","19.4373","0.2442","18.6025","2.148","False","18.1297","19.6352","18.168200000000002","6.3087","25.746000000000002","8","1","1","False","0"
"20980","2421264279040","1990316710677","1990316916329","20.7286","20.5652","0.16340000000000002","21.4932","2.9014","False","24.2455","20.8094","18.1297","3.629","24.194200000000002","8","1","1","False","0"
"20980","2421264279040","1990316917963","1990317147447","23.1742","22.9484","0.2258","21.988","1.7348000000000001","False","24.2359","23.111800000000002","24.2455","4.762700000000001","27.711100000000002","8","1","1","False","0"
"20980","2421264279040","1990317149705","1990317344611","19.6723","19.4906","0.1817","22.9467","4.9751","False","18.1964","19.7164","24.2359","9.2822","28.7728","8","1","1","False","0"
"20980","2421264279040","1990317346428","1990317548480","20.629800000000003","20.2052","0.42460000000000003","18.2441","2.6654","False","24.226000000000003","20.3869","18.1964","7.0917","27.2969","8","1","1","False","0"
"20980","2421264279040","1990317552726","1990317759871","20.8933","20.7145","0.17880000000000001","22.659799999999997","4.3574","False","12.1194","21.139100000000003","24.226000000000003","10.178600000000001","30.8931","8","1","1","False","0"
"20980","2421264279040","1990317761659","1990317946412","18.6785","18.4753","0.20320000000000002","16.3133","2.0031","False","24.239700000000003","18.6541","12.1194","3.6439000000000004","22.1192","8","1","1","False","0"
"20980","2421264279040","1990317948444","1990318156897","21.189700000000002","20.8453","0.34440000000000004","23.7318","4.5677","False","18.1977","21.0485","24.239700000000003","6.835100000000001","27.680400000000002","8","1","1","False","0"
"20980","2421264279040","1990318160341","1990318334223","17.7515","17.3882","0.3633","15.557300000000001","2.4009","False","18.1833","17.7326","18.1977","7.3002","24.6884","8","1","1","False","0"
"20980","2421264279040","1990318337856","1990318519217","18.491000000000003","18.136100000000003","0.3549","20.7237","4.6281","False","24.253","18.4994","18.1833","6.984100000000001","25.1202","8","1","1","False","0"
"20980","2421264279040","1990318522766","1990318762814","24.2893","24.0048","0.28450000000000003","22.6777","3.0365","False","18.196","24.3597","24.253","6.877400000000001","30.8822","8","1","1","False","0"
"20980","2421264279040","1990318765659","1990318938307","17.536900000000003","17.2648","0.2721","17.5092","2.9739","False","18.146900000000002","17.549300000000002","18.196","7.524100000000001","24.7889","8","1","1","False","0"
"20980","2421264279040","1990318941028","1990319137678","19.881800000000002","19.665000000000003","0.21680000000000002","19.8469","2.8969","False","12.1247","19.9371","18.146900000000002","5.7339","25.3989","8","1","1","False","0"
"20980","2421264279040","1990319139846","1990319269417","13.1477","12.9571","0.19060000000000002","11.537","1.3039","False","18.1695","13.173900000000001","12.1247","4.6847","17.6418","8","1","1","False","0"
"20980","2421264279040","1990319271323","1990319441580","17.2882","17.0257","0.2625","19.6464","3.688","False","12.133600000000001","17.2163","18.1695","5.6379","22.663600000000002","8","1","1","False","0"
"20980","2421264279040","1990319444205","1990319555272","11.3715","11.1067","0.26480000000000004","9.9379","2.2509","False","18.1893","11.369200000000001","12.133600000000001","6.4023","17.509","8","1","1","False","0"
"20980","2421264279040","1990319557920","1990319742107","18.7403","18.4187","0.3216","18.357300000000002","1.8701","False","18.1891","18.683500000000002","18.1893","5.9081","24.326800000000002","8","1","1","False","0"
"20980","2421264279040","1990319745323","1990319914940","17.166","16.9617","0.2043","20.471600000000002","5.1494","False","36.3457","17.2833","18.1891","6.8139","23.7756","8","1","1","False","0"
"20980","2421264279040","1990319916983","1990320300801","38.6402","38.3818","0.2584","34.9443","1.479","False","30.3377","38.5861","36.3457","4.5735","42.9553","8","1","1","False","0"
"20980","2421264279040","1990320303385","1990320571020","26.9581","26.7635","0.19460000000000002","28.0699","2.7912000000000003","False","18.1642","27.021900000000002","30.3377","7.8893","34.6528","8","1","1","False","0"
"20980","2421264279040","1990320572966","1990320786600","21.538100000000004","21.363400000000002","0.17470000000000002","21.6092","2.6358","False","12.1103","21.558","18.1642","4.4955","25.858900000000002","8","1","1","False","0"
"20980","2421264279040","1990320788347","1990320902477","11.6425","11.413","0.2295","10.311300000000003","1.3212000000000002","False","18.1876","11.5877","12.1103","5.0181000000000004","16.4311","8","1","1","False","0"
"20980","2421264279040","1990320904772","1990321084497","18.1606","17.9725","0.18810000000000002","18.5947","1.7328000000000001","False","18.169","18.202","18.1876","5.0037","22.976200000000002","8","1","1","False","0"
"20980","2421264279040","1990321086378","1990321268090","18.4337","18.171200000000002","0.2625","20.9073","4.2399000000000004","False","12.113700000000001","18.3593","18.169","4.813400000000001","22.9846","8","1","1","False","0"
"20980","2421264279040","1990321270715","1990321411911","14.3161","14.1196","0.1965","12.183900000000001","2.075","False","18.1922","14.382100000000001","12.113700000000001","2.545","16.6646","8","1","1","False","0"
"20980","2421264279040","1990321413876","1990321554777","14.279600000000002","14.090100000000001","0.1895","17.1142","4.9110000000000005","False","12.1195","14.2866","18.1922","6.4506000000000006","20.5407","8","1","1","False","0"
"20980","2421264279040","1990321556672","1990321716902","16.2332","16.023","0.2102","13.342","2.035","False","18.2007","16.212500000000002","12.1195","2.3576","18.3806","8","1","1","False","0"
"20980","2421264279040","1990321719004","1990321867809","15.094100000000001","14.880500000000001","0.2136","14.6852","1.6072000000000002","False","18.1659","15.0907","18.2007","5.4676","20.348100000000002","8","1","1","False","0"
"20980","2421264279040","1990321869945","1990322042436","17.5316","17.249100000000002","0.28250000000000003","20.9812","5.055000000000001","False","12.1068","17.4627","18.1659","6.170800000000001","23.419900000000002","8","1","1","False","0"
"20980","2421264279040","1990322045261","1990322194893","15.2058","14.9632","0.2426","12.884800000000002","2.7419000000000002","False","18.195600000000002","15.245700000000001","12.1068","3.0319000000000003","17.9951","8","1","1","False","0"
"20980","2421264279040","1990322197319","1990322383922","18.8817","18.6603","0.2214","18.1167","1.9977","False","12.1235","18.902900000000002","18.195600000000002","2.3246","20.9849","8","1","1","False","0"
"20980","2421264279040","1990322386136","1990322492041","10.924000000000001","10.5905","0.3335","11.6838","2.8009","False","18.192500000000003","10.811900000000001","12.1235","3.6362","14.226700000000001","8","1","1","False","0"
"20980","2421264279040","1990322495376","1990322656296","16.317800000000002","16.092000000000002","0.2258","15.334800000000001","1.7681","False","24.2374","16.4255","18.192500000000003","5.4032","21.4952","8","1","1","False","0"
"20980","2421264279040","1990322658554","1990322874770","21.889400000000002","21.6216","0.26780000000000004","24.322899999999997","4.2157","False","12.1417","21.8474","24.2374","7.793200000000001","29.414800000000003","8","1","1","False","0"
"20980","2421264279040","1990322877448","1990322998458","12.298800000000002","12.101","0.1978","11.202","3.1218000000000004","False","12.0949","12.3688","12.1417","7.5661000000000005","19.6671","8","1","1","False","0"
"20980","2421264279040","1990323000436","1990323132277","13.3871","13.1841","0.203","13.3213","3.0212000000000003","False","18.1765","13.3819","12.0949","6.279100000000001","19.4632","8","1","1","False","0"
"20980","2421264279040","1990323134307","1990323296762","16.4247","16.2455","0.1792","18.4566","5.0431","False","12.135","16.4485","18.1765","8.007100000000001","24.2526","8","1","1","False","0"
"20980","2421264279040","1990323298554","1990323450435","15.410400000000001","15.1881","0.2223","12.162","1.8221","False","18.1796","15.3673","12.135","4.7748","19.9629","8","1","1","False","0"
"20980","2421264279040","1990323452658","1990323615429","16.5124","16.2771","0.2353","19.5625","4.8843000000000005","False","18.1711","16.4994","18.1796","6.455","22.732100000000003","8","1","1","False","0"
"20980","2421264279040","1990323617782","1990323800654","18.800200000000004","18.287200000000002","0.513","15.7721","1.9118000000000002","False","18.2332","18.5225","18.1711","6.1036","24.390800000000002","8","1","1","False","0"
"20980","2421264279040","1990323805784","1990323996481","19.2863","19.0697","0.21660000000000001","19.395500000000002","1.9500000000000002","False","18.140900000000002","19.582700000000003","18.2332","4.7541","23.823800000000002","8","1","1","False","0"
"20980","2421264279040","1990323998647","1990324132961","13.7375","13.4314","0.30610000000000004","16.7326","4.9717","False","12.118","13.648000000000001","18.140900000000002","9.247","22.6784","8","1","1","False","0"
"20980","2421264279040","1990324136022","1990324288510","15.630400000000002","15.248800000000001","0.3816","12.5456","1.9360000000000002","False","36.394800000000004","15.5549","12.118","5.8101","21.0589","8","1","1","False","0"
"20980","2421264279040","1990324292326","1990324650640","36.099900000000005","35.8314","0.2685","37.4178","3.1959","False","12.097900000000001","36.213","36.394800000000004","5.9919","41.8233","8","1","1","False","0"
"20980","2421264279040","1990324653325","1990324766802","11.540099999999999","11.3477","0.19240000000000002","10.5487","2.1747","False","18.1801","11.616200000000001","12.097900000000001","6.4736","17.8213","8","1","1","False","0"
"20980","2421264279040","1990324768726","1990324949538","18.317800000000002","18.081200000000003","0.2366","20.9372","4.8322","False","18.183600000000002","18.273600000000002","18.1801","6.3801000000000005","24.4613","8","1","1","False","0"
"20980","2421264279040","1990324951904","1990325082737","13.4083","13.083300000000001","0.325","14.1829","5.6319","False","12.196","13.3199","18.183600000000002","11.2438","24.3271","8","1","1","False","0"
"20980","2421264279040","1990325085987","1990325249061","16.582600000000003","16.3074","0.2752","12.9651","2.0049","False","18.1001","16.6324","12.196","6.8074","23.114800000000002","8","1","1","False","0"
"20980","2421264279040","1990325251813","1990325414191","16.477","16.2378","0.23920000000000002","18.2302","3.7302","False","12.1205","16.513","18.1001","8.3945","24.6323","8","1","1","False","0"
"20980","2421264279040","1990325416583","1990325548713","13.4638","13.213000000000001","0.2508","11.7106","1.9942000000000002","False","12.113800000000001","13.452200000000001","12.1205","7.0628","20.2758","8","1","1","False","0"
"20980","2421264279040","1990325551221","1990325690207","14.2596","13.8986","0.36100000000000004","13.955099999999998","1.7824","False","24.2479","14.1494","12.113800000000001","5.027200000000001","18.925800000000002","8","1","1","False","0"
"20980","2421264279040","1990325693817","1990325877058","18.5118","18.3241","0.1877","23.9125","7.0440000000000005","False","12.122100000000001","18.685100000000002","24.2479","10.59","28.9141","8","1","1","False","0"
"20980","2421264279040","1990325878935","1990326040278","16.4249","16.1343","0.2906","11.136400000000002","1.7694","False","18.178900000000002","16.322","12.122100000000001","6.3901","22.5244","8","1","1","False","0"
"20980","2421264279040","1990326043184","1990326201755","16.1268","15.8571","0.2697","18.7574","4.4217","False","12.117600000000001","16.1477","18.178900000000002","8.4213","24.2784","8","1","1","False","0"
"20980","2421264279040","1990326204452","1990326356823","15.523299999999999","15.2371","0.2862","14.109200000000001","3.0279000000000003","False","18.2073","15.5068","12.117600000000001","5.032100000000001","20.2692","8","1","1","False","0"
"20980","2421264279040","1990326359685","1990326516637","16.0375","15.695200000000002","0.3423","14.645000000000001","1.6187","False","18.159100000000002","15.9814","18.2073","7.258","22.953200000000002","8","1","1","False","0"
"20980","2421264279040","1990326520060","1990326703976","18.6264","18.3916","0.2348","22.522100000000002","5.5067","False","12.1449","18.733900000000002","18.159100000000002","6.6832","25.0748","8","1","1","False","0"
"20980","2421264279040","1990326706324","1990326840240","13.6027","13.3916","0.2111","10.099","1.9857","False","30.268900000000002","13.6264","12.1449","5.201700000000001","18.5933","8","1","1","False","0"
"20980","2421264279040","1990326842351","1990327116809","27.787100000000002","27.445800000000002","0.3413","29.698600000000003","3.9507000000000003","False","18.1793","27.6569","30.268900000000002","7.813700000000001","35.2595","8","1","1","False","0"
"20980","2421264279040","1990327120222","1990327331018","21.271100000000004","21.079600000000003","0.1915","19.6122","2.2489","False","18.185100000000002","21.4209","18.1793","4.5721","25.6517","8","1","1","False","0"
"20980","2421264279040","1990327332933","1990327507939","17.8366","17.500600000000002","0.336","19.829700000000003","4.2169","False","12.1233","17.6921","18.185100000000002","5.0651","22.5657","8","1","1","False","0"
"20980","2421264279040","1990327511299","1990327636090","12.7504","12.4791","0.2713","10.4071","1.8974000000000002","False","12.1202","12.815100000000001","12.1233","4.3733","16.8524","8","1","1","False","0"
"20980","2421264279040","1990327638803","1990327758338","12.1352","11.9535","0.1817","13.3736","3.3402000000000003","False","18.182100000000002","12.2248","12.1202","4.2687","16.2222","8","1","1","False","0"
"20980","2421264279040","1990327760155","1990327932995","17.477200000000003","17.284000000000002","0.1932","17.154600000000002","2.7939000000000003","False","12.127600000000001","17.465700000000002","18.182100000000002","4.9851","22.2691","8","1","1","False","0"
"20980","2421264279040","1990327934927","1990328049466","11.620500000000002","11.4539","0.1666","13.723600000000001","4.8924","False","24.2593","11.6471","12.127600000000001","5.4656","16.9195","8","1","1","False","0"
"20980","2421264279040","1990328051132","1990328272466","22.387","22.1334","0.2536","23.521","6.0627","False","6.0393","22.3","24.2593","7.4249","29.558300000000003","8","1","1","False","0"
"20980","2421264279040","1990328275002","1990328359779","8.7873","8.4777","0.30960000000000004","5.507000000000001","2.7911","False","18.1719","8.731300000000001","6.0393","4.7329","13.210600000000001","8","1","1","False","0"
"20980","2421264279040","1990328362875","1990328549873","18.9744","18.6998","0.2746","18.8106","2.5980000000000003","False","12.1423","19.0094","18.1719","3.8954","22.595200000000002","8","1","1","False","0"
"20980","2421264279040","1990328552619","1990328680697","13.0204","12.8078","0.2126","12.2794","1.848","False","24.2482","13.0824","12.1423","2.9553000000000003","15.763100000000001","8","1","1","False","0"
"20980","2421264279040","1990328682823","1990328848098","16.7468","16.5275","0.21930000000000002","19.854300000000002","4.9542","False","12.111","16.7401","24.2482","10.4634","26.9909","8","1","1","False","0"
"20980","2421264279040","1990328850291","1990328998467","15.090200000000001","14.8176","0.2726","11.6186","1.5064","False","18.244","15.036900000000001","12.111","7.5375000000000005","22.3551","8","1","1","False","0"
"20980","2421264279040","1990329001193","1990329159187","16.1107","15.7994","0.3113","19.122600000000002","4.5514","False","12.0532","16.072","18.244","9.7095","25.5089","8","1","1","False","0"
"20980","2421264279040","1990329162300","1990329314232","15.5805","15.193200000000001","0.38730000000000003","14.600700000000002","3.5884","False","18.192","15.5045","12.0532","6.2582","21.4514","8","1","1","False","0"
"20980","2421264279040","1990329318105","1990329467918","15.1453","14.981300000000001","0.164","18.739900000000002","7.0947000000000005","False","24.2571","15.3686","18.192","9.0816","24.062900000000003","8","1","1","False","0"
"20980","2421264279040","1990329469558","1990329690460","22.3937","22.0902","0.3035","21.678900000000002","6.4428","False","6.0379000000000005","22.2542","24.2571","11.0845","33.1747","8","1","1","False","0"
"20980","2421264279040","1990329693495","1990329814007","12.3634","12.0512","0.31220000000000003","8.7629","2.8970000000000002","False","30.2897","12.354700000000001","6.0379000000000005","4.7677000000000005","16.8189","8","1","1","False","0"
"20980","2421264279040","1990329817129","1990330131922","31.7281","31.479300000000002","0.24880000000000002","30.2987","1.3922","False","18.181","31.791500000000003","30.2897","3.2659000000000002","34.745200000000004","8","1","1","False","0"
"20980","2421264279040","1990330134410","1990330279435","14.804200000000002","14.502500000000001","0.3017","19.012","5.5974","False","18.1945","14.7513","18.181","6.695600000000001","21.1981","8","1","1","False","0"
"20980","2421264279040","1990330282452","1990330432676","15.273600000000002","15.022400000000001","0.25120000000000003","14.622300000000001","4.9871","False","12.1211","15.324100000000001","18.1945","9.566","24.5884","8","1","1","False","0"
"20980","2421264279040","1990330435188","1990330583813","15.1605","14.8625","0.298","12.6524","2.4370000000000003","False","12.116000000000001","15.113700000000001","12.1211","6.5734","21.4359","8","1","1","False","0"
"20980","2421264279040","1990330586793","1990330729058","14.530500000000002","14.226500000000001","0.304","15.4777","3.3734","False","18.183500000000002","14.524500000000002","12.116000000000001","4.1649","18.3914","8","1","1","False","0"
"20980","2421264279040","1990330732098","1990330882580","15.384000000000002","15.048200000000001","0.33580000000000004","18.076900000000002","6.0967","False","18.1898","15.352200000000002","18.183500000000002","6.9962","22.0444","8","1","1","False","0"
"20980","2421264279040","1990330885938","1990331059306","17.5773","17.3368","0.24050000000000002","13.189200000000001","1.6977","False","12.113800000000001","17.6726","18.1898","7.513400000000001","24.8502","8","1","1","False","0"
"20980","2421264279040","1990331061711","1990331216471","15.814100000000002","15.476","0.3381","17.0763","2.9875000000000003","False","24.2602","15.7165","12.113800000000001","3.9107000000000003","19.3867","8","1","1","False","0"
"20980","2421264279040","1990331219852","1990331399156","18.1152","17.930400000000002","0.18480000000000002","22.029600000000002","6.8391","False","6.041","18.2685","24.2602","9.9024","27.832800000000002","8","1","1","False","0"
"20980","2421264279040","1990331401004","1990331509602","11.129199999999999","10.8598","0.26940000000000003","7.6249","3.3262","False","18.1934","11.0446","6.041","4.8988000000000005","15.758600000000001","8","1","1","False","0"
"20980","2421264279040","1990331512296","1990331670490","16.0122","15.8194","0.1928","17.985200000000003","5.318300000000001","False","12.1243","16.0888","18.1934","7.0034","22.8228","8","1","1","False","0"
"20980","2421264279040","1990331672418","1990331792385","12.3202","11.9967","0.3235","11.0914","4.1073","False","12.111","12.1895","12.1243","6.9382","18.934900000000003","8","1","1","False","0"
"20980","2421264279040","1990331795620","1990331944896","15.1254","14.9276","0.1978","13.6477","2.5858000000000003","False","18.1862","15.251100000000001","12.111","3.7981000000000003","18.7257","8","1","1","False","0"
"20980","2421264279040","1990331946874","1990332072499","12.7765","12.5625","0.21400000000000002","17.2433","7.074000000000001","False","24.2525","12.7603","18.1862","9.224","21.7865","8","1","1","False","0"
"20980","2421264279040","1990332074639","1990332273418","20.1164","19.8779","0.23850000000000002","21.6404","8.6324","False","6.0482000000000005","20.091900000000003","24.2525","13.3846","33.2625","8","1","1","False","0"
"20980","2421264279040","1990332275803","1990332419328","14.646","14.352500000000001","0.29350000000000004","8.8063","2.775","False","12.1205","14.591000000000001","6.0482000000000005","4.8418","19.194300000000002","8","1","1","False","0"
"20980","2421264279040","1990332422263","1990332560293","13.9679","13.803","0.16490000000000002","13.875300000000001","2.6529000000000003","False","18.1873","14.0965","12.1205","2.8658","16.6688","8","1","1","False","0"
"20980","2421264279040","1990332561942","1990332703672","14.3585","14.173","0.1855","14.690900000000001","2.9886","False","12.1133","14.337900000000001","18.1873","6.7152","20.8882","8","1","1","False","0"
"20980","2421264279040","1990332705527","1990332836168","13.3119","13.0641","0.24780000000000002","14.6189","4.3245000000000005","False","18.1762","13.249600000000001","12.1133","5.5789","18.643","8","1","1","False","0"
"20980","2421264279040","1990332838646","1990333018055","18.1709","17.9409","0.23","18.9875","5.131200000000001","False","12.1301","18.1887","18.1762","5.566400000000001","23.5073","8","1","1","False","0"
"20980","2421264279040","1990333020355","1990333149742","13.1584","12.9387","0.2197","12.166","4.139600000000001","False","18.1826","13.168700000000001","12.1301","4.5278","17.4665","8","1","1","False","0"
"20980","2421264279040","1990333151939","1990333298360","14.8191","14.642100000000001","0.17700000000000002","16.0004","5.3064","False","12.1148","14.8618","18.1826","7.8486","22.4907","8","1","1","False","0"
"20980","2421264279040","1990333300130","1990333455490","15.779800000000002","15.536000000000001","0.24380000000000002","13.7848","3.3702","False","18.187900000000003","15.713000000000001","12.1148","4.2504","19.7864","8","1","1","False","0"
"20980","2421264279040","1990333457928","1990333624863","16.8828","16.6935","0.1893","18.142500000000002","4.5739","False","12.1285","16.9373","18.187900000000003","5.501","22.1945","8","1","1","False","0"
"20980","2421264279040","1990333626756","1990333766453","14.180800000000001","13.969700000000001","0.2111","11.5553","1.9368","False","24.267","14.159","12.1285","3.4705000000000004","17.4402","8","1","1","False","0"
"20980","2421264279040","1990333768564","1990333938661","17.1715","17.009700000000002","0.1618","20.501900000000003","5.255800000000001","False","12.1194","17.2208","24.267","10.5167","27.526400000000002","8","1","1","False","0"
"20980","2421264279040","1990333940279","1990334060477","12.2549","12.0198","0.2351","11.831700000000001","4.8921","False","6.058000000000001","12.181600000000001","12.1194","10.454500000000001","22.4743","8","1","1","False","0"
"20980","2421264279040","1990334062828","1990334187375","12.6644","12.4547","0.2097","9.390500000000001","1.5871000000000002","False","18.1568","12.6898","6.058000000000001","3.8227","16.2774","8","1","1","False","0"
"20980","2421264279040","1990334189472","1990334352762","16.4935","16.329","0.1645","17.701900000000002","2.9786","False","18.169800000000002","16.538700000000002","18.1568","5.4408","21.7698","8","1","1","False","0"
"20980","2421264279040","1990334354407","1990334522901","17.141099999999998","16.8494","0.2917","17.8566","3.5393000000000003","False","18.1894","17.0139","18.169800000000002","6.5967","23.4461","8","1","1","False","0"
"20980","2421264279040","1990334525818","1990334687107","16.422500000000003","16.1289","0.2936","19.413500000000003","6.530600000000001","False","6.0425","16.4206","18.1894","8.3655","24.494400000000002","8","1","1","False","0"
"20980","2421264279040","1990334690043","1990334817476","12.914900000000001","12.743300000000001","0.1716","7.602400000000001","1.1812","False","18.227800000000002","13.036900000000001","6.0425","1.3711","14.1144","8","1","1","False","0"
"20980","2421264279040","1990334819192","1990334914585","9.761800000000001","9.5393","0.2225","13.120700000000001","4.5547","False","12.1704","9.7109","18.227800000000002","9.888","19.427300000000002","8","1","1","False","0"
"20980","2421264279040","1990334916810","1990335104567","19.1099","18.7757","0.3342","15.8183","1.2839","False","12.0348","18.9982","12.1704","3.0602","21.835900000000002","8","1","1","False","0"
"20980","2421264279040","1990335107909","1990335239473","13.429300000000001","13.156400000000001","0.27290000000000003","13.3932","1.3186","False","12.126100000000001","13.4906","12.0348","1.6044","14.760800000000001","8","1","1","False","0"
"20980","2421264279040","1990335242202","1990335327461","8.7257","8.5259","0.1998","9.9107","2.4023000000000003","False","18.1845","8.7988","12.126100000000001","4.9317","13.457600000000001","8","1","1","False","0"
"20980","2421264279040","1990335329459","1990335490146","16.3244","16.0687","0.25570000000000004","16.9635","3.0684","False","18.1829","16.2685","18.1845","6.847700000000001","22.9164","8","1","1","False","0"
"20980","2421264279040","1990335492703","1990335679943","18.9943","18.724","0.27030000000000004","20.715","4.7644","False","30.3294","18.9797","18.1829","6.0509","24.774900000000002","8","1","1","False","0"
"20980","2421264279040","1990335682646","1990335953964","27.3914","27.131800000000002","0.2596","26.892100000000003","4.2746","False","12.0944","27.4021","30.3294","8.978200000000001","36.11","8","1","1","False","0"
"20980","2421264279040","1990335956560","1990336108014","15.3529","15.1454","0.20750000000000002","13.9723","2.8903000000000003","False","12.1257","15.405000000000001","12.0944","5.6676","20.813000000000002","8","1","1","False","0"
"20980","2421264279040","1990336110089","1990336244270","13.6385","13.4181","0.2204","12.0942","1.3692","False","18.1731","13.6256","12.1257","4.1677","17.585800000000003","8","1","1","False","0"
"20980","2421264279040","1990336246474","1990336397773","15.355500000000001","15.129900000000001","0.22560000000000002","19.0683","5.0598","False","12.1317","15.3503","18.1731","6.9905","22.1204","8","1","1","False","0"
"20980","2421264279040","1990336400029","1990336531347","13.409","13.1318","0.2772","13.0125","4.6847","False","18.2092","13.3574","12.1317","5.7648","18.8966","8","1","1","False","0"
"20980","2421264279040","1990336534119","1990336712233","18.110000000000003","17.811400000000003","0.29860000000000003","16.5669","3.1526","False","12.094800000000001","18.0886","18.2092","5.885400000000001","23.6968","8","1","1","False","0"
"20980","2421264279040","1990336715219","1990336865358","15.185100000000002","15.013900000000001","0.17120000000000002","13.5029","1.4151","False","18.1755","15.3125","12.094800000000001","2.6677","17.6816","8","1","1","False","0"
"20980","2421264279040","1990336867070","1990337003565","13.889400000000002","13.649500000000002","0.2399","17.505100000000002","5.0422","False","12.1202","13.8207","18.1755","7.0225","20.672","8","1","1","False","0"
"20980","2421264279040","1990337005964","1990337142359","13.8993","13.6395","0.25980000000000003","10.188600000000001","1.3718000000000001","False","12.1105","13.8794","12.1202","5.2633","18.9028","8","1","1","False","0"
"20980","2421264279040","1990337144957","1990337290929","14.818100000000001","14.5972","0.2209","15.0114","1.5479","False","12.1316","14.857000000000001","12.1105","2.5168","17.114","8","1","1","False","0"
"20980","2421264279040","1990337293138","1990337417785","12.671700000000001","12.4647","0.20700000000000002","12.6628","1.5161","False","18.197","12.6856","12.1316","1.9628","14.4275","8","1","1","False","0"
"20980","2421264279040","1990337419855","1990337562829","14.5576","14.297400000000001","0.2602","14.694","1.6516000000000002","False","18.1862","14.5044","18.197","5.6554","19.9528","8","1","1","False","0"
"20980","2421264279040","1990337565431","1990337701433","13.821900000000001","13.600200000000001","0.2217","16.093700000000002","3.9799","False","12.1666","13.8604","18.1862","9.981200000000001","23.581400000000002","8","1","1","False","0"
"20980","2421264279040","1990337703650","1990337840907","13.9781","13.7257","0.2524","12.3977","2.3514","False","12.089","13.9474","12.1666","8.2004","21.9261","8","1","1","False","0"
"20980","2421264279040","1990337843431","1990337996697","15.548100000000002","15.326600000000001","0.2215","15.0867","1.8883","False","18.157","15.579","12.089","4.7104","20.037000000000003","8","1","1","False","0"
"20980","2421264279040","1990337998912","1990338138221","14.1926","13.930900000000001","0.2617","14.7925","2.4849","False","12.1579","14.1524","18.157","8.715","22.6459","8","1","1","False","0"
"20980","2421264279040","1990338140838","1990338282287","14.686399999999999","14.1449","0.5415","16.055400000000002","4.089","False","18.1554","14.406600000000001","12.1579","6.4663","20.6112","8","1","1","False","0"
"20980","2421264279040","1990338287702","1990338445558","16.1189","15.7856","0.33330000000000004","19.238","7.046","False","12.1614","16.3271","18.1554","8.2946","24.0802","8","1","1","False","0"
"20980","2421264279040","1990338448891","1990338575171","14.0033","12.628","1.3753","9.796000000000001","2.7811000000000003","False","12.0579","12.961300000000001","12.1614","7.4947","20.122700000000002","8","1","1","False","0"
"20980","2421264279040","1990338588924","1990338715736","12.9152","12.6812","0.234","11.811","1.6626","False","18.1914","14.056500000000002","12.0579","5.4961","18.177300000000002","8","1","1","False","0"
"20980","2421264279040","1990338718076","1990338886600","17.0815","16.8524","0.2291","17.6383","2.2116000000000002","False","18.2085","17.0864","18.1914","6.601100000000001","23.453500000000002","8","1","1","False","0"
"20980","2421264279040","1990338888891","1990339040030","15.391900000000001","15.113900000000001","0.278","17.8704","4.705","False","6.0375000000000005","15.343","18.2085","9.4666","24.5805","8","1","1","False","0"
"20980","2421264279040","1990339042810","1990339146329","10.5838","10.3519","0.23190000000000002","7.4712000000000005","1.5885","False","18.1722","10.629900000000001","6.0375000000000005","4.8742","15.2261","8","1","1","False","0"
"20980","2421264279040","1990339148648","1990339319936","17.3001","17.128800000000002","0.1713","19.1747","3.4473000000000003","False","18.182100000000002","17.3607","18.1722","5.685700000000001","22.814500000000002","8","1","1","False","0"
"20980","2421264279040","1990339321649","1990339492709","17.4434","17.106","0.33740000000000003","19.0793","5.179600000000001","False","6.0652","17.2773","18.182100000000002","6.5905000000000005","23.6965","8","1","1","False","0"
"20980","2421264279040","1990339496083","1990339572457","7.8407","7.6374","0.2033","4.2584","1.5257","False","18.2365","7.9748","6.0652","4.6809","12.3183","8","1","1","False","0"
"20980","2421264279040","1990339574490","1990339728571","15.628000000000002","15.408100000000001","0.2199","16.665200000000002","2.5611","False","12.0541","15.611400000000001","18.2365","7.306","22.714100000000002","8","1","1","False","0"
"20980","2421264279040","1990339730770","1990339866152","13.7546","13.5382","0.2164","16.5396","5.3583","False","18.1914","13.7581","12.0541","5.602","19.1402","8","1","1","False","0"
"20980","2421264279040","1990339868316","1990340046707","18.066000000000003","17.839100000000002","0.22690000000000002","14.473500000000001","1.7467000000000001","False","12.166300000000001","18.055500000000002","18.1914","5.737900000000001","23.577","8","1","1","False","0"
"20980","2421264279040","1990340048976","1990340162940","11.5926","11.3964","0.1962","11.737099999999998","2.107","False","12.0677","11.6233","12.166300000000001","6.2809","17.677300000000002","8","1","1","False","0"
"20980","2421264279040","1990340164902","1990340316494","15.4329","15.1592","0.2737","15.975200000000001","2.4329","False","18.1968","15.355400000000001","12.0677","2.9932000000000003","18.1524","8","1","1","False","0"
"20980","2421264279040","1990340319231","1990340452427","13.5401","13.319600000000001","0.2205","12.7074","1.6144","False","12.1262","13.593300000000001","18.1968","7.5967","20.9163","8","1","1","False","0"
"20980","2421264279040","1990340454632","1990340590031","13.886700000000001","13.539900000000001","0.3468","14.893400000000002","2.6583","False","18.1625","13.7604","12.1262","5.9625","19.5024","8","1","1","False","0"
"20980","2421264279040","1990340593499","1990340770063","17.971500000000002","17.6564","0.3151","18.1737","2.8541000000000003","False","18.2046","18.0032","18.1625","6.1218","23.778200000000002","8","1","1","False","0"
"20980","2421264279040","1990340773214","1990340904836","13.4472","13.1622","0.28500000000000003","15.2728","4.6366000000000005","False","12.0954","13.477300000000001","18.2046","10.8491","24.011300000000002","8","1","1","False","0"
"20980","2421264279040","1990340907686","1990341092664","18.694100000000002","18.4978","0.1963","16.6083","2.5205","False","12.1281","18.7828","12.0954","4.161700000000001","22.6595","8","1","1","False","0"
"20980","2421264279040","1990341094627","1990341204744","11.316600000000001","11.011700000000001","0.3049","12.9894","4.2392","False","18.192500000000003","11.208","12.1281","5.0818","16.093500000000002","8","1","1","False","0"
"20980","2421264279040","1990341207793","1990341365676","16.094700000000003","15.788300000000001","0.3064","14.9677","3.1378000000000004","False","12.121500000000001","16.0932","18.192500000000003","7.181100000000001","22.9694","8","1","1","False","0"
"20980","2421264279040","1990341368740","1990341504599","13.7988","13.5859","0.2129","15.6562","4.9496","False","18.1694","13.8923","12.121500000000001","5.4103","18.9962","8","1","1","False","0"
"20980","2421264279040","1990341506728","1990341694745","18.988","18.8017","0.18630000000000002","18.139300000000002","4.1158","False","12.1264","19.0146","18.1694","4.5651","23.3668","8","1","1","False","0"
"20980","2421264279040","1990341696608","1990341812296","11.8161","11.568800000000001","0.24730000000000002","9.9944","2.2907","False","18.2099","11.7551","12.1264","4.9364","16.505200000000002","8","1","1","False","0"
"20980","2421264279040","1990341814769","1990341971965","15.901400000000002","15.719600000000002","0.18180000000000002","17.2804","3.6384000000000003","False","12.0934","15.9669","18.2099","7.1794","22.899","8","1","1","False","0"
"20980","2421264279040","1990341973783","1990342114702","14.2956","14.0919","0.20370000000000002","14.9335","4.2925","False","12.115300000000001","14.2737","12.0934","4.9991","19.091","8","1","1","False","0"
"20980","2421264279040","1990342116739","1990342241075","12.6158","12.4336","0.1822","10.948","2.6084","False","18.180600000000002","12.6373","12.115300000000001","4.4771","16.910700000000002","8","1","1","False","0"
"20980","2421264279040","1990342242897","1990342390199","14.8984","14.7302","0.16820000000000002","16.5207","4.2356","False","12.1346","14.9124","18.180600000000002","7.7453","22.4755","8","1","1","False","0"
"20980","2421264279040","1990342391881","1990342525781","13.667300000000001","13.39","0.2773","14.104300000000002","4.7313","False","12.1151","13.558200000000001","12.1346","6.3217","19.7117","8","1","1","False","0"
"20980","2421264279040","1990342528554","1990342646113","12.193000000000001","11.7559","0.43710000000000004","10.353100000000001","3.0151000000000003","False","12.1144","12.0332","12.1151","6.4036","18.1595","8","1","1","False","0"
"20980","2421264279040","1990342650484","1990342789627","14.103900000000001","13.9143","0.18960000000000002","12.6356","1.3684","False","18.1826","14.3514","12.1144","4.1666","18.0809","8","1","1","False","0"
"20980","2421264279040","1990342791523","1990342931919","14.3091","14.0396","0.2695","15.472100000000001","2.6355","False","12.1524","14.2292","18.1826","8.120000000000001","22.1596","8","1","1","False","0"
"20980","2421264279040","1990342934614","1990343096427","16.396","16.1813","0.2147","15.555100000000001","1.7039000000000002","False","18.142400000000002","16.4508","12.1524","3.8216","20.0029","8","1","1","False","0"
"20980","2421264279040","1990343098574","1990343256058","15.999600000000001","15.7484","0.25120000000000003","18.619300000000003","4.348","False","12.136600000000001","15.9631","18.142400000000002","6.000900000000001","21.7493","8","1","1","False","0"
"20980","2421264279040","1990343258570","1990343400993","14.4838","14.2423","0.24150000000000002","12.9687","2.8368","False","12.1898","14.493500000000001","12.136600000000001","3.644","17.886300000000002","8","1","1","False","0"
"20980","2421264279040","1990343403408","1990343526566","12.526100000000001","12.315800000000001","0.21030000000000001","11.7009","1.9833","False","18.131800000000002","12.557300000000001","12.1898","3.2765","15.592300000000002","8","1","1","False","0"
"20980","2421264279040","1990343528669","1990343676187","15.009100000000002","14.751800000000001","0.25730000000000003","15.0539","2.0526","False","12.0921","14.962100000000001","18.131800000000002","6.4462","21.198","8","1","1","False","0"
"20980","2421264279040","1990343678760","1990343792560","11.6544","11.38","0.27440000000000003","11.8054","2.2070000000000003","False","12.132000000000001","11.6373","12.0921","6.901000000000001","18.281000000000002","8","1","1","False","0"
"20980","2421264279040","1990343795304","1990343930683","13.7395","13.5379","0.2016","13.177100000000001","1.6075000000000002","False","18.191100000000002","13.8123","12.132000000000001","5.2207","18.7586","8","1","1","False","0"
"20980","2421264279040","1990343932699","1990344091739","16.0575","15.904","0.1535","19.430600000000002","4.972700000000001","False","12.105400000000001","16.1056","18.191100000000002","7.3062000000000005","23.2102","8","1","1","False","0"
"20980","2421264279040","1990344093274","1990344244305","15.307300000000001","15.103100000000001","0.20420000000000002","12.9908","2.6643000000000003","False","12.1262","15.2566","12.105400000000001","4.155","19.258100000000002","8","1","1","False","0"
"20980","2421264279040","1990344246347","1990344355692","11.1301","10.9345","0.1956","10.0484","1.5816000000000001","False","18.195800000000002","11.1387","12.1262","5.1425","16.077","8","1","1","False","0"
"20980","2421264279040","1990344357648","1990344527181","17.2084","16.953300000000002","0.2551","19.9523","4.36","False","18.201","17.1489","18.195800000000002","6.1894","23.1427","8","1","1","False","0"
"20980","2421264279040","1990344529732","1990344665253","13.841800000000001","13.552100000000001","0.2897","14.176400000000001","4.7138","False","6.037800000000001","13.8072","18.201","10.5832","24.1353","8","1","1","False","0"
"20980","2421264279040","1990344668150","1990344782520","11.6264","11.437000000000001","0.1894","8.5435","1.5803","False","12.1209","11.726700000000001","6.037800000000001","4.8943","16.331300000000002","8","1","1","False","0"
"20980","2421264279040","1990344784414","1990344918368","13.6881","13.3954","0.2927","13.3663","1.2828000000000002","False","18.168300000000002","13.584800000000001","12.1209","3.4304","16.8258","8","1","1","False","0"
"20980","2421264279040","1990344921295","1990345061522","14.245800000000001","14.0227","0.22310000000000002","19.300800000000002","6.3212","False","12.1309","14.3154","18.168300000000002","7.2833000000000006","21.306","8","1","1","False","0"
"20980","2421264279040","1990345063753","1990345194067","13.601200000000002","13.031400000000001","0.5698","8.9181","1.8331000000000002","False","12.112","13.2545","12.1309","6.1597","19.191100000000002","8","1","1","False","0"
"20980","2421264279040","1990345199765","1990345328188","13.0849","12.8423","0.2426","15.2881","3.8680000000000003","False","18.2472","13.4121","12.112","4.8596","17.701900000000002","8","1","1","False","0"
"20980","2421264279040","1990345330614","1990345494410","16.6188","16.3796","0.23920000000000002","16.201700000000002","3.4479","False","12.0707","16.6222","18.2472","6.4846","22.8642","8","1","1","False","0"
"20980","2421264279040","1990345496802","1990345639671","14.523100000000001","14.286900000000001","0.23620000000000002","12.7804","1.6743000000000001","False","12.123800000000001","14.526100000000001","12.0707","4.0292","18.316100000000002","8","1","1","False","0"
"20980","2421264279040","1990345642033","1990345767122","12.8861","12.5089","0.37720000000000004","12.414900000000001","1.2810000000000001","False","24.2986","12.7451","12.123800000000001","3.4079","15.9168","8","1","1","False","0"
"20980","2421264279040","1990345770894","1990345953154","18.364600000000003","18.226000000000003","0.1386","21.2042","4.1938","False","5.9901","18.6032","24.2986","9.1033","27.3293","8","1","1","False","0"
"20980","2421264279040","1990345954540","1990346083112","13.0419","12.8572","0.1847","9.9753","0.9718","False","24.2722","12.995800000000001","5.9901","2.0976","14.9548","8","1","1","False","0"
"20980","2421264279040","1990346084959","1990346251332","16.837","16.6373","0.19970000000000002","19.404400000000003","3.5247","False","6.0219000000000005","16.822","24.2722","9.5478","26.185100000000002","8","1","1","False","0"
"20980","2421264279040","1990346253329","1990346360449","10.9407","10.712","0.22870000000000001","10.503300000000001","3.1174","False","12.1394","10.9117","6.0219000000000005","4.658","15.370000000000001","8","1","1","False","0"
"20980","2421264279040","1990346362736","1990346499445","13.855800000000002","13.670900000000001","0.1849","12.2896","1.5357","False","18.166900000000002","13.899600000000001","12.1394","2.8978","16.5687","8","1","1","False","0"
"20980","2421264279040","1990346501294","1990346641818","14.3199","14.0524","0.2675","17.721500000000002","5.0309","False","18.1847","14.237300000000001","18.166900000000002","6.8274","20.8798","8","1","1","False","0"
"20980","2421264279040","1990346644493","1990346832678","19.0356","18.8185","0.21710000000000002","16.7621","2.6749","False","12.122100000000001","19.086000000000002","18.1847","5.9261","24.744600000000002","8","1","1","False","0"
"20980","2421264279040","1990346834849","1990346966816","13.4453","13.1967","0.24860000000000002","14.1249","3.3593","False","12.116200000000001","13.4138","12.122100000000001","4.6344","17.8311","8","1","1","False","0"
"20980","2421264279040","1990346969302","1990347086079","11.9579","11.6777","0.2802","13.0077","4.436100000000001","False","24.293200000000002","11.926300000000001","12.116200000000001","4.8243","16.502000000000002","8","1","1","False","0"
"20980","2421264279040","1990347088881","1990347251692","16.581100000000003","16.281100000000002","0.3","19.2714","7.1252","False","6.013800000000001","16.5613","24.293200000000002","12.5562","28.837300000000003","8","1","1","False","0"
"20980","2421264279040","1990347254692","1990347389491","13.6997","13.4799","0.21980000000000002","9.697700000000001","3.1209000000000002","False","18.188200000000002","13.779900000000001","6.013800000000001","4.7901","18.27","8","1","1","False","0"
"20980","2421264279040","1990347391689","1990347558639","18.5651","16.695","1.8701","18.1939","3.1620000000000004","False","12.1111","16.9148","18.188200000000002","6.0635","22.7585","8","1","1","False","0"
"20980","2421264279040","1990347577340","1990347690740","11.5697","11.34","0.22970000000000002","12.471200000000001","3.6343","False","24.2633","13.2101","12.1111","4.9645","16.3045","8","1","1","False","0"
"20980","2421264279040","1990347693037","1990347865984","17.5133","17.294700000000002","0.21860000000000002","20.8462","6.9516","False","6.0465","17.5244","24.2633","11.7034","28.9981","8","1","1","False","0"
"20980","2421264279040","1990347868170","1990347996121","12.980100000000002","12.795100000000001","0.185","9.2791","3.2371000000000003","False","12.1262","13.0137","6.0465","4.7362","17.5313","8","1","1","False","0"
"20980","2421264279040","1990347997971","1990348122305","12.592","12.4334","0.15860000000000002","11.898900000000001","2.5334000000000003","False","18.1731","12.618400000000001","12.1262","4.244","16.677400000000002","8","1","1","False","0"
"20980","2421264279040","1990348123891","1990348283419","16.2743","15.952800000000002","0.3215","18.5377","4.8419","False","18.2011","16.1114","18.1731","6.3057","22.2585","8","1","1","False","0"
"20980","2421264279040","1990348286634","1990348451371","16.7299","16.4737","0.25620000000000004","16.6024","4.723","False","6.032500000000001","16.7952","18.2011","7.711600000000001","24.1853","8","1","1","False","0"
"20980","2421264279040","1990348453933","1990348561159","10.899","10.7226","0.1764","8.8106","2.5944000000000003","False","18.1794","10.9788","6.032500000000001","2.7653000000000003","13.4879","8","1","1","False","0"
"20980","2421264279040","1990348562923","1990348728954","16.7999","16.6031","0.1968","17.264200000000002","3.0746","False","12.1341","16.779500000000002","18.1794","4.1652000000000005","20.7683","8","1","1","False","0"
"20980","2421264279040","1990348730922","1990348834962","10.7204","10.404","0.3164","12.351600000000001","4.7254000000000005","False","18.2102","10.600800000000001","12.1341","5.6985","16.1025","8","1","1","False","0"
"20980","2421264279040","1990348838126","1990348995085","15.9114","15.6959","0.2155","12.9791","1.7716","False","6.0711","16.0123","18.2102","7.896400000000001","23.5923","8","1","1","False","0"
"20980","2421264279040","1990348997240","1990349112572","11.805000000000001","11.5332","0.2718","11.3347","1.3107","False","18.1472","11.748700000000001","6.0711","2.2188000000000003","13.752","8","1","1","False","0"
"20980","2421264279040","1990349115290","1990349245419","13.1965","13.0129","0.1836","13.3849","1.481","False","12.121500000000001","13.2847","18.1472","7.081300000000001","20.0942","8","1","1","False","0"
"20980","2421264279040","1990349247255","1990349390591","14.489","14.3336","0.1554","15.601600000000001","2.5775","False","18.1737","14.5172","12.121500000000001","4.6856","19.0192","8","1","1","False","0"
"20980","2421264279040","1990349392145","1990349573584","18.3306","18.143900000000002","0.1867","19.6598","3.9168000000000003","False","12.1164","18.299300000000002","18.1737","4.5600000000000005","22.7039","8","1","1","False","0"
"20980","2421264279040","1990349575451","1990349712135","13.9159","13.6684","0.24750000000000003","12.174700000000001","2.2047000000000003","False","12.125300000000001","13.8551","12.1164","2.8213","16.4897","8","1","1","False","0"
"20980","2421264279040","1990349714610","1990349806648","9.4981","9.203800000000001","0.2943","9.8603","2.5935","False","18.2031","9.4513","12.125300000000001","5.4953","14.699100000000001","8","1","1","False","0"
"20980","2421264279040","1990349809591","1990349989168","18.191499999999998","17.9577","0.2338","19.142300000000002","3.5103","False","12.1015","18.252000000000002","18.2031","5.446400000000001","23.4041","8","1","1","False","0"
"20980","2421264279040","1990349991506","1990350107867","11.847800000000001","11.6361","0.2117","11.2702","2.9214","False","18.1868","11.869900000000001","12.1015","5.678","17.3141","8","1","1","False","0"
"20980","2421264279040","1990350109984","1990350264492","15.667000000000002","15.450800000000001","0.2162","18.1937","5.449800000000001","False","12.121","15.662500000000001","18.1868","8.202300000000001","23.653100000000002","8","1","1","False","0"
"20980","2421264279040","1990350266654","1990350407331","14.3462","14.0677","0.2785","12.427100000000001","3.5733","False","12.129900000000001","14.283900000000001","12.121","6.0394000000000005","20.107100000000003","8","1","1","False","0"
"20980","2421264279040","1990350410116","1990350539444","13.149000000000001","12.9328","0.2162","12.5441","2.9330000000000003","False","12.212800000000001","13.211300000000001","12.129900000000001","4.958","17.890800000000002","8","1","1","False","0"
"20980","2421264279040","1990350541606","1990350641481","10.161900000000001","9.9875","0.1744","10.599400000000001","3.3544","False","18.0773","10.203700000000001","12.212800000000001","6.9671","16.9546","8","1","1","False","0"
"20980","2421264279040","1990350643225","1990350833745","19.2887","19.052","0.23670000000000002","21.0228","5.089700000000001","False","6.0604000000000005","19.2264","18.0773","5.8180000000000005","24.87","8","1","1","False","0"
"20980","2421264279040","1990350836112","1990350911278","7.690600000000001","7.5166","0.17400000000000002","3.6103","1.0093","False","30.3028","7.7533","6.0604000000000005","4.1251","11.6417","8","1","1","False","0"
"20980","2421264279040","1990350913018","1990351200461","28.958000000000002","28.744300000000003","0.2137","29.7269","1.7819","False","12.1235","28.918300000000002","30.3028","5.5096","34.2539","8","1","1","False","0"
"20980","2421264279040","1990351202598","1990351319015","11.8112","11.6417","0.1695","15.0592","5.0156","False","12.127","11.855400000000001","12.1235","5.7777","17.4194","8","1","1","False","0"
"20980","2421264279040","1990351320710","1990351430737","11.197500000000002","11.0027","0.1948","9.365400000000001","3.1826000000000003","False","12.1125","11.1722","12.127","6.7325","17.735200000000003","8","1","1","False","0"
"20980","2421264279040","1990351432685","1990351545353","11.4392","11.2668","0.1724","11.4213","3.1646","False","12.1114","11.4616","12.1125","7.3834","18.6502","8","1","1","False","0"
"20980","2421264279040","1990351547077","1990351680021","13.573500000000001","13.294400000000001","0.2791","13.248700000000001","2.8611","False","12.135","13.466800000000001","12.1114","6.0280000000000005","19.322400000000002","8","1","1","False","0"
"20980","2421264279040","1990351682812","1990351803244","12.3391","12.0432","0.2959","13.0785","3.6404","False","12.116200000000001","12.3223","12.135","5.8407","17.8839","8","1","1","False","0"
"20980","2421264279040","1990351806203","1990351938641","13.459","13.2438","0.2152","12.3047","2.4749000000000003","False","18.200100000000003","13.5397","12.116200000000001","4.4172","17.661","8","1","1","False","0"
"20980","2421264279040","1990351940793","1990352117785","17.9324","17.6992","0.23320000000000002","18.980700000000002","3.5107000000000004","False","12.096300000000001","17.9144","18.200100000000003","4.7029000000000005","22.4021","8","1","1","False","0"
"20980","2421264279040","1990352120117","1990352232977","11.500800000000002","11.286000000000001","0.21480000000000002","11.3298","3.5442","False","12.131400000000001","11.519200000000001","12.096300000000001","5.28","16.566000000000003","8","1","1","False","0"
"20980","2421264279040","1990352235125","1990352339287","10.7134","10.4162","0.2972","10.7455","3.415","False","18.1948","10.631","12.131400000000001","6.7804","17.1966","8","1","1","False","0"
"20980","2421264279040","1990352342259","1990352517628","17.7866","17.5369","0.2497","19.5272","5.1160000000000005","False","6.048900000000001","17.8341","18.1948","7.141100000000001","24.678","8","1","1","False","0"
"20980","2421264279040","1990352520125","1990352623886","10.532800000000002","10.376100000000001","0.1567","6.775600000000001","1.3081","False","12.116200000000001","10.6258","6.048900000000001","2.5642","12.9403","8","1","1","False","0"
"20980","2421264279040","1990352625453","1990352742361","11.886300000000002","11.690800000000001","0.1955","13.0335","2.4712","False","18.1787","11.8475","12.116200000000001","2.8329","14.5237","8","1","1","False","0"
"20980","2421264279040","1990352744316","1990352889345","14.6803","14.5029","0.1774","17.0202","4.8103","False","12.126900000000001","14.698400000000001","18.1787","6.3132","20.816100000000002","8","1","1","False","0"
"20980","2421264279040","1990352891119","1990353016521","12.876900000000001","12.5402","0.3367","11.7766","3.8558000000000003","False","12.1285","12.717600000000001","12.126900000000001","5.7225","18.262700000000002","8","1","1","False","0"
"20980","2421264279040","1990353019888","1990353134104","11.8024","11.4216","0.3808","9.8818","1.8694000000000002","False","24.2478","11.7583","12.1285","6.092700000000001","17.514300000000002","8","1","1","False","0"
"20980","2421264279040","1990353137912","1990353388251","25.221400000000003","25.033900000000003","0.1875","27.860400000000002","4.4254","False","18.1816","25.4147","24.2478","4.925800000000001","29.9597","8","1","1","False","0"
"20980","2421264279040","1990353390126","1990353557985","17.0242","16.7859","0.2383","16.7244","4.1523","False","18.1642","16.9734","18.1816","6.134","22.919900000000002","8","1","1","False","0"
"20980","2421264279040","1990353560368","1990353752034","19.4185","19.166600000000003","0.2519","19.189","3.9339000000000004","False","12.1377","19.4049","18.1642","4.8933","24.059900000000003","8","1","1","False","0"
"20980","2421264279040","1990353754553","1990353887345","13.443700000000002","13.279200000000001","0.1645","11.273100000000001","1.7243000000000002","False","24.2493","13.5311","12.1377","3.4999000000000002","16.7791","8","1","1","False","0"
"20980","2421264279040","1990353888990","1990354088587","20.188100000000002","19.9597","0.22840000000000002","24.747400000000006","6.3115000000000006","False","18.1751","20.124200000000002","24.2493","7.625","27.5847","8","1","1","False","0"
"20980","2421264279040","1990354090871","1990354249156","16.0173","15.8285","0.1888","13.4007","3.6709","False","18.184900000000003","16.056900000000002","18.1751","9.7432","25.5717","8","1","1","False","0"
"20980","2421264279040","1990354251044","1990354443665","19.5885","19.2621","0.3264","18.3049","2.4359","False","12.1141","19.4509","18.184900000000003","8.4772","27.7393","8","1","1","False","0"
"20980","2421264279040","1990354446929","1990354599424","15.504600000000002","15.249500000000001","0.2551","16.4984","3.4425000000000003","False","18.1938","15.5759","12.1141","5.0154000000000005","20.2649","8","1","1","False","0"
"20980","2421264279040","1990354601975","1990354764614","16.5108","16.2639","0.2469","17.6946","4.5957","False","12.1392","16.519000000000002","18.1938","6.6902","22.9541","8","1","1","False","0"
"20980","2421264279040","1990354767083","1990354920852","15.632700000000002","15.376900000000001","0.2558","12.180900000000001","1.1426","False","24.2343","15.623800000000001","12.1392","3.2056","18.5825","8","1","1","False","0"
"20980","2421264279040","1990354923410","1990355081231","16.073900000000002","15.782100000000002","0.2918","20.2345","5.3447000000000005","False","12.1118","16.0379","24.2343","11.402000000000001","27.1841","8","1","1","False","0"
"20980","2421264279040","1990355084149","1990355255362","17.410400000000003","17.1213","0.2891","16.139300000000002","4.0577000000000005","False","12.1234","17.4131","12.1118","6.100700000000001","23.222","8","1","1","False","0"
"20980","2421264279040","1990355258253","1990355390153","13.382700000000002","13.190000000000001","0.1927","12.4295","3.0617","False","18.1919","13.4791","12.1234","4.745","17.935000000000002","8","1","1","False","0"
"20980","2421264279040","1990355392080","1990355549326","15.926300000000001","15.7246","0.20170000000000002","14.167100000000001","1.3090000000000002","False","12.0913","15.917300000000001","18.1919","7.0196000000000005","22.744200000000003","8","1","1","False","0"
"20980","2421264279040","1990355551343","1990355685258","13.6853","13.3915","0.2938","16.166","3.8188","False","12.1172","13.593200000000001","12.0913","5.5177000000000005","18.909200000000002","8","1","1","False","0"
"20980","2421264279040","1990355688196","1990355833581","14.872800000000002","14.5385","0.33430000000000004","12.543700000000001","1.4993","False","18.2081","14.8323","12.1172","2.8026","17.3411","8","1","1","False","0"
"20980","2421264279040","1990355836924","1990356009476","17.483500000000003","17.255200000000002","0.2283","18.4737","2.4806","False","18.162300000000002","17.5895","18.2081","3.4212000000000002","20.6764","8","1","1","False","0"
"20980","2421264279040","1990356011759","1990356161547","15.2344","14.978800000000001","0.2556","18.2029","5.431900000000001","False","12.1098","15.2071","18.162300000000002","6.3764","21.3552","8","1","1","False","0"
"20980","2421264279040","1990356164103","1990356306035","14.473","14.193200000000001","0.2798","11.247900000000001","2.2071","False","18.1999","14.4488","12.1098","4.0374","18.230600000000003","8","1","1","False","0"
"20980","2421264279040","1990356308833","1990356483105","17.6478","17.4272","0.22060000000000002","18.2555","2.8105","False","12.136000000000001","17.707","18.1999","4.5303","21.9575","8","1","1","False","0"
"20980","2421264279040","1990356485311","1990356619388","13.6195","13.4077","0.21180000000000002","12.858799999999999","2.0247","False","18.1705","13.628300000000001","12.136000000000001","3.0380000000000003","16.445700000000002","8","1","1","False","0"
"20980","2421264279040","1990356621506","1990356758814","13.905000000000001","13.7308","0.17420000000000002","14.839","2.9581","False","12.1392","13.9426","18.1705","7.2659","20.9967","8","1","1","False","0"
"20980","2421264279040","1990356760556","1990356856405","9.709800000000001","9.584900000000001","0.12490000000000001","12.724400000000001","5.9515","False","6.0229","9.7591","12.1392","9.646","19.230900000000002","8","1","1","False","0"
"20980","2421264279040","1990356857654","1990356969305","11.3674","11.1651","0.2023","8.6976","3.3522000000000003","False","24.2724","11.290000000000001","6.0229","4.3789","15.544","8","1","1","False","0"
"20980","2421264279040","1990356971328","1990357176640","20.721400000000003","20.531200000000002","0.1902","19.2882","1.8613000000000002","False","12.0988","20.7335","24.2724","7.917800000000001","28.449","8","1","1","False","0"
"20980","2421264279040","1990357178542","1990357304815","12.8741","12.6273","0.24680000000000002","12.1341","1.1559000000000001","False","12.1181","12.8175","12.0988","7.1991000000000005","19.8264","8","1","1","False","0"
"20980","2421264279040","1990357307283","1990357444592","13.9888","13.7309","0.2579","17.6023","4.7875000000000005","False","12.1173","13.9777","12.1181","5.3395","19.0704","8","1","1","False","0"
"20980","2421264279040","1990357447171","1990357556990","11.284200000000002","10.981900000000001","0.3023","11.5333","5.0777","False","12.1248","11.2398","12.1173","6.2170000000000005","17.198900000000002","8","1","1","False","0"
"20980","2421264279040","1990357560013","1990357687302","12.985400000000002","12.728900000000001","0.2565","12.935400000000001","4.993","False","12.119200000000001","13.0312","12.1248","5.3106","18.0395","8","1","1","False","0"
"20980","2421264279040","1990357689867","1990357844775","15.689","15.4908","0.19820000000000002","11.7832","1.0396","False","18.2089","15.747300000000001","12.119200000000001","1.6825","17.1733","8","1","1","False","0"
"20980","2421264279040","1990357846757","1990357987345","14.275100000000002","14.058800000000002","0.21630000000000002","18.5528","5.337000000000001","False","12.1043","14.257000000000001","18.2089","5.6344","19.6932","8","1","1","False","0"
"20980","2421264279040","1990357989508","1990358099367","11.2027","10.9859","0.21680000000000002","7.957400000000002","2.1026000000000002","False","18.1883","11.202200000000001","12.1043","6.5365","17.5224","8","1","1","False","0"
"20980","2421264279040","1990358101535","1990358238484","13.8899","13.6949","0.195","20.800700000000003","8.9945","False","6.0396","13.911700000000002","18.1883","10.8131","24.508000000000003","8","1","1","False","0"
"20980","2421264279040","1990358240434","1990358362833","12.487400000000001","12.2399","0.24750000000000003","6.745100000000001","3.2441","False","12.1301","12.4349","6.0396","4.417800000000001","16.657700000000002","8","1","1","False","0"
"20980","2421264279040","1990358365308","1990358507916","14.464500000000001","14.260800000000001","0.20370000000000002","12.6315","1.4115","False","12.1315","14.5083","12.1301","2.0396","16.3004","8","1","1","False","0"
"20980","2421264279040","1990358509953","1990358619667","11.131200000000002","10.971400000000001","0.1598","10.806600000000001","1.0805","False","12.1105","11.1751","12.1315","2.996","13.967400000000001","8","1","1","False","0"
"20980","2421264279040","1990358621265","1990358747734","12.812100000000001","12.6469","0.1652","13.2158","1.4754","False","18.185200000000002","12.806700000000001","12.1105","2.2998000000000003","14.9467","8","1","1","False","0"
"20980","2421264279040","1990358749386","1990358930135","18.2995","18.0749","0.22460000000000002","18.3987","1.5825","False","12.1448","18.2401","18.185200000000002","2.2449","20.3198","8","1","1","False","0"
"20980","2421264279040","1990358932381","1990359006341","7.693500000000001","7.396000000000001","0.2975","10.0572","3.9795000000000003","False","12.0996","7.6206000000000005","12.1448","6.7691","14.1651","8","1","1","False","0"
"20980","2421264279040","1990359009316","1990359126746","12.0065","11.743","0.2635","12.234900000000003","4.2222","False","12.116200000000001","12.0405","12.0996","6.828200000000001","18.5712","8","1","1","False","0"
"20980","2421264279040","1990359129381","1990359267561","14.074200000000001","13.818000000000001","0.25620000000000004","12.231","2.3849","False","12.119800000000001","14.0815","12.116200000000001","4.862900000000001","18.6809","8","1","1","False","0"
"20980","2421264279040","1990359270123","1990359387935","12.4208","11.7812","0.6396000000000001","13.9746","4.5859000000000005","False","18.1756","12.0374","12.119800000000001","4.9453000000000005","16.7265","8","1","1","False","0"
"20980","2421264279040","1990359394331","1990359598659","20.7437","20.4328","0.3109","18.320700000000002","1.5047000000000001","False","18.1833","21.072400000000002","18.1756","2.0485","22.4813","8","1","1","False","0"
"20980","2421264279040","1990359601768","1990359765255","16.575300000000002","16.3487","0.22660000000000002","17.2546","2.1395","False","12.117600000000001","16.6596","18.1833","3.5722","19.9209","8","1","1","False","0"
"20980","2421264279040","1990359767521","1990359889742","12.489","12.222100000000001","0.2669","12.6007","2.2411000000000003","False","30.323700000000002","12.4487","12.117600000000001","3.2411000000000003","15.4632","8","1","1","False","0"
"20980","2421264279040","1990359892411","1990360143392","25.233700000000002","25.098100000000002","0.1356","25.9645","2.9577","False","12.1117","25.365000000000002","30.323700000000002","8.1998","33.2979","8","1","1","False","0"
"20980","2421264279040","1990360144748","1990360283608","14.199100000000001","13.886000000000001","0.3131","14.9162","3.7874000000000003","False","12.1094","14.021600000000001","12.1117","6.2899","20.175900000000002","8","1","1","False","0"
"20980","2421264279040","1990360286739","1990360402071","11.7675","11.5332","0.2343","13.182400000000001","5.1355","False","18.2289","11.846300000000001","12.1094","6.553","18.0862","8","1","1","False","0"
"20980","2421264279040","1990360404414","1990360564640","16.3875","16.0226","0.3649","13.669","2.5236","False","6.019","16.2569","18.2289","8.525","24.547600000000003","8","1","1","False","0"
"20980","2421264279040","1990360568289","1990360661700","9.520900000000001","9.3411","0.17980000000000002","9.933900000000001","2.8102","False","12.168700000000001","9.706000000000001","6.019","4.838","14.1791","8","1","1","False","0"
"20980","2421264279040","1990360663498","1990360772081","11.1388","10.8583","0.2805","12.016100000000002","3.7114000000000003","False","12.068800000000001","11.0381","12.168700000000001","5.9686","16.826900000000002","8","1","1","False","0"
"20980","2421264279040","1990360774886","1990360920879","14.803700000000001","14.599300000000001","0.2044","13.2683","2.1512000000000002","False","12.1195","14.879800000000001","12.068800000000001","3.1576","17.7569","8","1","1","False","0"
"20980","2421264279040","1990360922923","1990361058980","13.7866","13.6057","0.1809","12.904200000000001","1.2756","False","18.1908","13.8101","12.1195","1.467","15.072700000000001","8","1","1","False","0"
"20980","2421264279040","1990361060789","1990361193395","13.675","13.2606","0.41440000000000005","17.0994","4.9153","False","12.1249","13.441500000000001","18.1908","6.2163","19.4769","8","1","1","False","0"
"20980","2421264279040","1990361197539","1990361321425","12.7527","12.3886","0.36410000000000003","11.4075","3.4695","False","18.1917","12.803","12.1249","5.538200000000001","17.9268","8","1","1","False","0"
"20980","2421264279040","1990361325066","1990361490214","16.8398","16.5148","0.325","18.558500000000002","5.117500000000001","False","6.0506","16.8789","18.1917","6.851","23.3658","8","1","1","False","0"
"20980","2421264279040","1990361493464","1990361582129","8.9963","8.8665","0.1298","6.0236","2.0781","False","18.2051","9.1915","6.0506","3.7101","12.576600000000001","8","1","1","False","0"
"20980","2421264279040","1990361583427","1990361731888","15.0541","14.8461","0.20800000000000002","14.218100000000002","1.2735","False","12.085","14.975900000000001","18.2051","6.9393","21.785400000000003","8","1","1","False","0"
"20980","2421264279040","1990361733968","1990361888889","15.661000000000001","15.4921","0.1689","15.362900000000002","0.9423","False","12.2323","15.7001","12.085","3.3242000000000003","18.816300000000002","8","1","1","False","0"
"20980","2421264279040","1990361890578","1990362019901","13.148900000000001","12.932300000000001","0.21660000000000001","13.385900000000003","1.2084000000000001","False","12.0134","13.1012","12.2323","2.4553000000000003","15.3876","8","1","1","False","0"
"20980","2421264279040","1990362022067","1990362106023","8.7663","8.3956","0.37070000000000003","12.165000000000001","4.7184","False","18.1853","8.6122","12.0134","5.8565000000000005","14.2521","8","1","1","False","0"
"20980","2421264279040","1990362109730","1990362283343","17.6314","17.3613","0.2701","18.191100000000002","5.1946","False","12.1225","17.732","18.1853","6.3098","23.671100000000003","8","1","1","False","0"
"20980","2421264279040","1990362286044","1990362402155","11.8886","11.6111","0.2775","10.6087","3.9322000000000004","False","12.1201","11.8812","12.1225","6.5511","18.162200000000002","8","1","1","False","0"
"20980","2421264279040","1990362404930","1990362553141","15.025400000000001","14.821100000000001","0.2043","13.1314","1.9973","False","12.1141","15.098600000000001","12.1201","3.5726","18.393700000000003","8","1","1","False","0"
"20980","2421264279040","1990362555184","1990362673070","12.033700000000001","11.7886","0.2451","11.988100000000001","1.9768000000000001","False","12.1278","11.9929","12.1141","3.6938","15.4824","8","1","1","False","0"
"20980","2421264279040","1990362675521","1990362798109","12.5","12.2588","0.2412","11.5996","1.0823","False","12.119","12.5039","12.1278","3.3177000000000003","15.576500000000001","8","1","1","False","0"
"20980","2421264279040","1990362800521","1990362900707","10.2986","10.018600000000001","0.28","12.4504","3.2079","False","24.2621","10.2598","12.119","5.1769","15.195500000000001","8","1","1","False","0"
"20980","2421264279040","1990362903507","1990363168242","26.6264","26.4735","0.1529","24.633300000000002","1.1949","False","12.1013","26.753500000000003","24.2621","2.6855","29.159000000000002","8","1","1","False","0"
"20980","2421264279040","1990363169771","1990363296564","12.969000000000001","12.679300000000001","0.2897","13.2211","1.476","False","12.122100000000001","12.8322","12.1013","1.9546000000000001","14.6339","8","1","1","False","0"
"20980","2421264279040","1990363299461","1990363421724","12.4214","12.2263","0.1951","12.2933","1.3178","False","18.1893","12.516","12.122100000000001","1.5607","13.787","8","1","1","False","0"
"20980","2421264279040","1990363423675","1990363546290","12.4236","12.2615","0.1621","15.444199999999999","4.331","False","12.2118","12.4566","18.1893","7.2934","19.5549","8","1","1","False","0"
"20980","2421264279040","1990363547911","1990363672646","12.783000000000001","12.473500000000001","0.3095","13.655800000000001","5.2714","False","12.036900000000001","12.6356","12.2118","6.8696","19.3431","8","1","1","False","0"
"20980","2421264279040","1990363675741","1990363793674","12.0269","11.7933","0.2336","12.1036","5.3205","False","12.100200000000001","12.1028","12.036900000000001","6.8037","18.597","8","1","1","False","0"
"20980","2421264279040","1990363796010","1990363936987","14.346700000000002","14.097700000000001","0.249","11.489","2.4698","False","12.1278","14.3313","12.100200000000001","4.5726","18.6703","8","1","1","False","0"
"20980","2421264279040","1990363939477","1990364038706","10.126900000000001","9.9229","0.20400000000000001","12.910200000000001","5.226","False","12.1188","10.1719","12.1278","6.5285","16.4514","8","1","1","False","0"
"20980","2421264279040","1990364040746","1990364161201","12.2638","12.0455","0.21830000000000002","12.2186","5.2018","False","18.1937","12.249500000000001","12.1188","6.3978","18.4433","8","1","1","False","0"
"20980","2421264279040","1990364163384","1990364336288","17.548000000000002","17.2904","0.2576","13.563","1.2098","False","12.1125","17.5087","18.1937","7.082800000000001","24.3732","8","1","1","False","0"
"20980","2421264279040","1990364338864","1990364465335","12.8808","12.6471","0.23370000000000002","17.7147","6.0507","False","12.117600000000001","12.9047","12.1125","6.2906","18.9377","8","1","1","False","0"
"20980","2421264279040","1990364467672","1990364602050","13.937600000000002","13.437800000000001","0.4998","10.509","2.6060000000000003","False","12.182500000000001","13.6715","12.117600000000001","4.7367","18.174500000000002","8","1","1","False","0"
"20980","2421264279040","1990364607048","1990364751694","14.696900000000001","14.4646","0.2323","13.517000000000001","1.4667000000000001","False","18.1337","14.964400000000001","12.182500000000001","1.9548","16.4194","8","1","1","False","0"
"20980","2421264279040","1990364754017","1990364882504","13.026700000000002","12.848700000000001","0.17800000000000002","16.7464","5.1343000000000005","False","12.122900000000001","13.081000000000001","18.1337","7.0075","19.8562","8","1","1","False","0"
"20980","2421264279040","1990364884284","1990365003371","12.170300000000001","11.908700000000001","0.2616","11.215300000000001","4.1898","False","12.1213","12.0867","12.122900000000001","7.0437","18.9524","8","1","1","False","0"
"20980","2421264279040","1990365005987","1990365148035","14.436300000000001","14.2048","0.2315","12.5676","2.3214","False","12.1091","14.4664","12.1213","4.6986","18.9034","8","1","1","False","0"
"20980","2421264279040","1990365150350","1990365262047","11.5417","11.1697","0.372","11.6895","2.471","False","12.1258","11.401200000000001","12.1091","5.4065","16.5762","8","1","1","False","0"
"20980","2421264279040","1990365265767","1990365383046","11.9879","11.7279","0.26","13.9254","4.4332","False","12.113800000000001","12.0999","12.1258","5.4324","17.1603","8","1","1","False","0"
"20980","2421264279040","1990365385646","1990365516394","13.2937","13.0748","0.2189","10.9609","2.1045000000000003","False","18.1857","13.334800000000001","12.113800000000001","4.2114","17.2862","8","1","1","False","0"
"20980","2421264279040","1990365518583","1990365659693","14.286200000000001","14.111","0.1752","17.4054","5.1856","False","6.0777","14.3299","18.1857","8.0672","22.1782","8","1","1","False","0"
"20980","2421264279040","1990365661445","1990365776557","11.6637","11.5112","0.1525","7.841799999999999","1.3576000000000001","False","12.1082","11.6864","6.0777","2.4585","13.969700000000001","8","1","1","False","0"
"20980","2421264279040","1990365778082","1990365875301","9.921","9.7219","0.1991","11.454700000000003","2.8898","False","12.1479","9.8744","12.1082","4.6923","14.414200000000001","8","1","1","False","0"
"20980","2421264279040","1990365877292","1990366021074","14.621100000000002","14.378200000000001","0.2429","12.5912","0.9239","False","12.087900000000001","14.577300000000001","12.1479","2.2629","16.6411","8","1","1","False","0"
"20980","2421264279040","1990366023503","1990366143489","12.2153","11.9986","0.2167","12.8315","1.486","False","18.2029","12.2415","12.087900000000001","2.1093","14.1079","8","1","1","False","0"
"20980","2421264279040","1990366145656","1990366273729","12.972500000000002","12.807300000000001","0.1652","12.739600000000001","1.2393","False","6.0513","13.024000000000001","18.2029","7.288200000000001","20.0955","8","1","1","False","0"
"20980","2421264279040","1990366275381","1990366386240","11.241","11.0859","0.15510000000000002","11.3609","1.3575000000000002","False","18.1771","11.251100000000001","6.0513","2.0884","13.1743","8","1","1","False","0"
"20980","2421264279040","1990366387791","1990366559416","17.4158","17.1625","0.2533","17.5978","1.568","False","18.228","17.317600000000002","18.1771","2.9479","20.110400000000002","8","1","1","False","0"
"20980","2421264279040","1990366561949","1990366647078","9.0754","8.5129","0.5625","13.9808","6.5399","False","6.0149","8.7662","18.228","12.4097","20.922600000000003","8","1","1","False","0"
"20980","2421264279040","1990366652703","1990366797647","14.7766","14.4944","0.2822","9.3229","1.0261","False","12.1175","15.0569","6.0149","3.3677","17.8621","8","1","1","False","0"
"20980","2421264279040","1990366800469","1990366922810","12.4118","12.2341","0.1777","13.5061","2.1003000000000003","False","18.1904","12.516300000000001","12.1175","2.9689","15.203000000000001","8","1","1","False","0"
"20980","2421264279040","1990366924587","1990367060797","13.8376","13.621","0.21660000000000001","13.0044","1.2774","False","12.118","13.7987","18.1904","7.360600000000001","20.9816","8","1","1","False","0"
"20980","2421264279040","1990367062963","1990367185827","12.455","12.2864","0.1686","12.273800000000001","1.272","False","12.1095","12.503","12.118","6.9756","19.262","8","1","1","False","0"
"20980","2421264279040","1990367187513","1990367306276","12.1621","11.8763","0.2858","14.380000000000003","3.3106","False","18.1966","12.0449","12.1095","7.0402000000000005","18.9165","8","1","1","False","0"
"20980","2421264279040","1990367309134","1990367437289","13.1923","12.8155","0.3768","17.552500000000002","7.7225","False","6.0448","13.1013","18.1966","12.1355","24.951","8","1","1","False","0"
"20980","2421264279040","1990367441057","1990367569343","13.0152","12.8286","0.18660000000000002","7.9514000000000005","2.5982000000000003","False","18.198","13.205400000000001","6.0448","4.9749","17.8035","8","1","1","False","0"
"20980","2421264279040","1990367571209","1990367722118","15.420300000000001","15.090900000000001","0.3294","15.101700000000001","2.3201","False","6.053100000000001","15.2775","18.198","7.8954","22.9863","8","1","1","False","0"
"20980","2421264279040","1990367725412","1990367811885","8.8461","8.6473","0.1988","9.0827","2.5398","False","12.124600000000001","8.976700000000001","6.053100000000001","4.9718","13.619100000000001","8","1","1","False","0"
"20980","2421264279040","1990367813873","1990367940686","12.982800000000001","12.6813","0.3015","12.3661","1.9089","False","12.1158","12.8801","12.124600000000001","4.2163","16.8976","8","1","1","False","0"
"20980","2421264279040","1990367943701","1990368050963","11.0858","10.7262","0.35960000000000003","13.923","4.8239","False","12.1242","11.027700000000001","12.1158","5.3044","16.0306","8","1","1","False","0"
"20980","2421264279040","1990368054559","1990368188393","13.8251","13.3834","0.44170000000000004","11.3694","2.3911000000000002","False","12.1152","13.743","12.1242","3.6856","17.069","8","1","1","False","0"
"20980","2421264279040","1990368192810","1990368331803","14.210700000000001","13.8993","0.3114","13.0914","1.204","False","18.1823","14.341000000000001","12.1152","1.4598","15.359100000000002","8","1","1","False","0"
"20980","2421264279040","1990368334917","1990368470189","13.7302","13.5272","0.203","17.4786","4.913","False","18.229","13.838600000000001","18.1823","5.8035000000000005","19.3307","8","1","1","False","0"
"20980","2421264279040","1990368472219","1990368636939","16.674300000000002","16.472","0.2023","12.975800000000001","1.2207000000000001","False","6.0194","16.675","18.229","7.3575","23.8295","8","1","1","False","0"
"20980","2421264279040","1990368638962","1990368728631","9.1799","8.9669","0.21300000000000002","9.9803","2.0204","False","18.2133","9.1692","6.0194","4.2077","13.1746","8","1","1","False","0"
"20980","2421264279040","1990368730761","1990368883716","15.530700000000001","15.2955","0.23520000000000002","14.3046","0.8247","False","12.1049","15.508500000000002","18.2133","6.9125000000000005","22.208000000000002","8","1","1","False","0"
"20980","2421264279040","1990368886068","1990369022541","13.999900000000002","13.647300000000001","0.3526","14.571000000000002","1.391","False","12.1297","13.8825","12.1049","5.1349","18.7822","8","1","1","False","0"
"20980","2421264279040","1990369026067","1990369127660","10.4137","10.1593","0.2544","13.146900000000002","4.1613","False","12.110700000000001","10.5119","12.1297","6.7527","16.912000000000003","8","1","1","False","0"
"20980","2421264279040","1990369130204","1990369243735","11.539200000000001","11.353100000000001","0.18610000000000002","8.5462","1.0923","False","18.1737","11.6075","12.110700000000001","7.2559000000000005","18.609","8","1","1","False","0"
"20980","2421264279040","1990369245596","1990369428289","18.509700000000002","18.2693","0.2404","19.7771","2.3938","False","6.055400000000001","18.4554","18.1737","6.974200000000001","25.2435","8","1","1","False","0"
"20980","2421264279040","1990369430693","1990369530463","10.1414","9.977","0.16440000000000002","9.22","1.4315","False","18.1891","10.217400000000001","6.055400000000001","2.8122000000000003","12.789200000000001","8","1","1","False","0"
"20980","2421264279040","1990369532107","1990369674472","14.5089","14.236500000000001","0.27240000000000003","18.3087","5.274900000000001","False","6.051900000000001","14.4009","18.1891","6.6004000000000005","20.8369","8","1","1","False","0"
"20980","2421264279040","1990369677196","1990369780111","10.489400000000002","10.291500000000001","0.19790000000000002","6.629300000000001","1.3776000000000002","False","18.1746","10.5639","6.051900000000001","2.0884","12.379900000000001","8","1","1","False","0"
"20980","2421264279040","1990369782090","1990369896340","11.6479","11.425","0.22290000000000001","14.6935","4.4718","False","18.2037","11.622900000000001","18.1746","8.6401","20.0651","8","1","1","False","0"
"20980","2421264279040","1990369898569","1990370044461","14.8071","14.5892","0.2179","18.4073","8.041500000000001","False","6.0495","14.812100000000001","18.2037","12.0317","26.620900000000002","8","1","1","False","0"
"20980","2421264279040","1990370046640","1990370175689","13.083700000000002","12.904900000000001","0.17880000000000001","7.7209","2.6628000000000003","False","18.1763","13.1228","6.0495","4.9584","17.863300000000002","8","1","1","False","0"
"20980","2421264279040","1990370177477","1990370354171","17.950499999999998","17.6694","0.2811","17.0004","1.7415","False","12.1213","17.848200000000002","18.1763","5.2865","22.9559","8","1","1","False","0"
"20980","2421264279040","1990370356982","1990370468849","11.5698","11.1867","0.3831","14.9496","5.205","False","12.127600000000001","11.4678","12.1213","5.94","17.1267","8","1","1","False","0"
"20980","2421264279040","1990370472680","1990370630346","15.954500000000001","15.7666","0.1879","12.129000000000001","1.2829000000000002","False","18.175900000000002","16.1497","12.127600000000001","1.9179000000000002","17.6845","8","1","1","False","0"
"20980","2421264279040","1990370632225","1990370776474","14.5807","14.424900000000001","0.1558","15.4997","2.1751","False","12.116900000000001","14.6128","18.175900000000002","5.481","19.905900000000003","8","1","1","False","0"
"20980","2421264279040","1990370778032","1990370909990","13.4039","13.1958","0.2081","13.336300000000001","2.12","False","12.1235","13.351600000000001","12.116900000000001","4.246300000000001","17.4421","8","1","1","False","0"
"20980","2421264279040","1990370912071","1990371057552","14.7874","14.5481","0.2393","13.7695","1.1400000000000001","False","18.183400000000002","14.756200000000002","12.1235","1.6136000000000001","16.1617","8","1","1","False","0"
"20980","2421264279040","1990371059945","1990371234177","17.6994","17.4232","0.2762","18.0459","1.4801","False","18.1887","17.6625","18.183400000000002","2.1345","19.5577","8","1","1","False","0"
"20980","2421264279040","1990371236939","1990371373054","13.866100000000001","13.611500000000001","0.2546","17.5009","5.092700000000001","False","12.1156","13.8877","18.1887","6.4355","20.047","8","1","1","False","0"
"20980","2421264279040","1990371375600","1990371492867","11.9524","11.726700000000001","0.2257","10.2437","3.3663000000000003","False","18.197400000000002","11.981300000000001","12.1156","6.569800000000001","18.2965","8","1","1","False","0"
"20980","2421264279040","1990371495124","1990371672312","17.9662","17.7188","0.2474","20.2648","5.6841","False","6.0456","17.9445","18.197400000000002","6.8227","24.541500000000003","8","1","1","False","0"
"20980","2421264279040","1990371674786","1990371761029","8.7845","8.6243","0.1602","5.5749","2.4618","False","18.318","8.8717","6.0456","3.9966000000000004","12.6209","8","1","1","False","0"
"20980","2421264279040","1990371762631","1990371919892","15.9082","15.7261","0.1821","16.7867","3.3456","False","12.0043","15.8863","18.318","6.4283","22.154400000000003","8","1","1","False","0"
"20980","2421264279040","1990371921713","1990372025817","10.6074","10.410400000000001","0.197","10.452","3.1614","False","12.1228","10.592500000000001","12.0043","7.8401000000000005","18.250500000000002","8","1","1","False","0"
"20980","2421264279040","1990372027787","1990372148846","12.4302","12.1059","0.32430000000000003","10.599300000000001","1.3996000000000002","False","6.0376","12.302900000000001","12.1228","7.66","19.765900000000002","8","1","1","False","0"
"20980","2421264279040","1990372152089","1990372270333","12.0767","11.8244","0.2523","11.562800000000001","0.8536","False","18.180500000000002","12.1487","6.0376","1.5489000000000002","13.3733","8","1","1","False","0"
"20980","2421264279040","1990372272856","1990372396184","12.577200000000001","12.3328","0.2444","14.5221","2.7848","False","12.1225","12.5851","18.180500000000002","7.1443","19.4771","8","1","1","False","0"
"20980","2421264279040","1990372398628","1990372532960","13.618","13.433200000000001","0.18480000000000002","15.568800000000003","4.7404","False","12.2057","13.6776","12.1225","5.5892","19.0224","8","1","1","False","0"
"20980","2421264279040","1990372534808","1990372642529","10.9971","10.7721","0.225","9.7224","3.4908","False","12.1376","10.956900000000001","12.2057","6.838","17.6101","8","1","1","False","0"
"20980","2421264279040","1990372644779","1990372768443","12.7001","12.3664","0.3337","12.8237","3.6472","False","18.1167","12.5914","12.1376","6.3842","18.750600000000002","8","1","1","False","0"
"20980","2421264279040","1990372771780","1990372935131","16.617","16.3351","0.28190000000000004","14.496","1.5028000000000001","False","12.0885","16.6688","18.1167","7.8321000000000005","24.1672","8","1","1","False","0"
"20980","2421264279040","1990372937950","1990373112234","17.6476","17.4284","0.2192","17.311500000000002","1.1152","False","12.122900000000001","17.7103","12.0885","2.2103","19.6387","8","1","1","False","0"
"20980","2421264279040","1990373114426","1990373201938","9.033700000000001","8.7512","0.28250000000000003","11.355500000000001","3.4689","False","12.1171","8.9704","12.122900000000001","5.3628","14.114","8","1","1","False","0"
"20980","2421264279040","1990373204763","1990373352240","15.0544","14.7477","0.30670000000000003","13.083","1.5069000000000001","False","18.2008","15.0302","12.1171","2.4497","17.197400000000002","8","1","1","False","0"
"20980","2421264279040","1990373355307","1990373440471","8.833400000000001","8.5164","0.317","14.725200000000001","7.429600000000001","False","6.047000000000001","8.8231","18.2008","11.8274","20.3438","8","1","1","False","0"
"20980","2421264279040","1990373443641","1990373569487","12.7589","12.5846","0.1743","7.9653","2.5647","False","18.1949","12.9016","6.047000000000001","4.9728","17.5574","8","1","1","False","0"
"20980","2421264279040","1990373571230","1990373768967","19.933300000000003","19.7737","0.15960000000000002","18.2667","0.9063","False","12.103100000000001","19.948","18.1949","3.2197","22.9934","8","1","1","False","0"
"20980","2421264279040","1990373770563","1990373866527","9.8046","9.596400000000001","0.2082","13.544","4.6632","False","12.115400000000001","9.756","12.103100000000001","5.566800000000001","15.163200000000002","8","1","1","False","0"
"20980","2421264279040","1990373868609","1990373985285","12.005700000000001","11.6676","0.3381","11.9155","4.6197","False","12.118500000000001","11.8758","12.115400000000001","5.8064","17.474","8","1","1","False","0"
"20980","2421264279040","1990373988666","1990374101296","12","11.263","0.737","9.6788","2.3983000000000003","False","12.132800000000001","11.6011","12.118500000000001","6.3238","17.5868","8","1","1","False","0"
"20980","2421264279040","1990374108666","1990374257748","15.158600000000002","14.9082","0.2504","14.064400000000001","1.195","False","12.127","15.6452","12.132800000000001","2.8114000000000003","17.7196","8","1","1","False","0"
"20980","2421264279040","1990374260252","1990374386630","12.8551","12.6378","0.21730000000000002","13.168700000000001","1.5018","False","24.241500000000002","12.888200000000001","12.127","2.0502000000000002","14.688","8","1","1","False","0"
"20980","2421264279040","1990374388803","1990374584015","19.8171","19.5212","0.2959","22.64","4.375","False","6.0666","19.738500000000002","24.241500000000002","6.5532","26.0744","8","1","1","False","0"
"20980","2421264279040","1990374586974","1990374675197","8.9733","8.8223","0.151","5.7747","1.0618","False","18.160700000000002","9.1182","6.0666","3.5016000000000003","12.3239","8","1","1","False","0"
"20980","2421264279040","1990374676707","1990374835845","16.1109","15.9138","0.1971","19.7132","4.933400000000001","False","18.1931","16.0648","18.160700000000002","5.5975","21.511300000000002","8","1","1","False","0"
"20980","2421264279040","1990374837816","1990374998177","16.191200000000002","16.0361","0.15510000000000002","13.954","2.4414000000000002","False","12.1295","16.2332","18.1931","7.5574","23.593500000000002","8","1","1","False","0"
"20980","2421264279040","1990374999728","1990375174338","17.669300000000003","17.461000000000002","0.2083","16.4266","1.2477","False","24.217200000000002","17.6161","12.1295","2.0708","19.5318","8","1","1","False","0"
"20980","2421264279040","1990375176421","1990375362275","18.7925","18.5854","0.2071","20.299300000000002","2.713","False","18.200400000000002","18.7937","24.217200000000002","7.4943","26.079700000000003","8","1","1","False","0"
"20980","2421264279040","1990375364346","1990375549263","18.694100000000002","18.4917","0.2024","21.6674","5.7187","False","18.2051","18.698800000000002","18.200400000000002","6.995900000000001","25.4876","8","1","1","False","0"
"20980","2421264279040","1990375551287","1990375729949","18.0412","17.8662","0.17500000000000002","14.441400000000002","2.0855","False","18.1537","18.0686","18.2051","7.1324000000000005","24.9986","8","1","1","False","0"
"20980","2421264279040","1990375731699","1990375922247","19.3933","19.0548","0.3385","22.060699999999997","4.839","False","18.182100000000002","19.2298","18.1537","6.0563","25.1111","8","1","1","False","0"
"20980","2421264279040","1990375925632","1990376094290","17.1138","16.8658","0.248","18.0241","5.671","False","18.175700000000003","17.2043","18.182100000000002","7.0341000000000005","23.899900000000002","8","1","1","False","0"
"20980","2421264279040","1990376096770","1990376290310","19.5225","19.354","0.1685","18.5514","4.684","False","18.1873","19.602","18.175700000000003","5.6078","24.9618","8","1","1","False","0"
"20980","2421264279040","1990376291995","1990376455861","16.671300000000002","16.3866","0.2847","17.817700000000002","5.8605","False","18.1782","16.5551","18.1873","7.24","23.6266","8","1","1","False","0"
"20980","2421264279040","1990376458708","1990376643284","18.8493","18.4576","0.3917","15.062899999999999","2.2595","False","18.1877","18.7423","18.1782","6.6759","25.1335","8","1","1","False","0"
"20980","2421264279040","1990376647201","1990376828651","18.4945","18.145","0.34950000000000003","21.490000000000002","5.0853","False","18.189500000000002","18.5367","18.1877","6.3269","24.4719","8","1","1","False","0"
"20980","2421264279040","1990376832146","1990377014378","18.490800000000004","18.223200000000002","0.2676","17.0488","3.6421","False","18.191000000000003","18.5727","18.189500000000002","5.943700000000001","24.166900000000002","8","1","1","False","0"
"20980","2421264279040","1990377017054","1990377204775","19.040300000000002","18.772100000000002","0.2682","18.3836","2.9548","False","18.1631","19.0397","18.191000000000003","5.095000000000001","23.8671","8","1","1","False","0"
"20980","2421264279040","1990377207457","1990377417602","21.2087","21.0145","0.1942","19.5781","1.3242","False","24.241300000000003","21.282700000000002","18.1631","1.9754","22.989900000000002","8","1","1","False","0"
"20980","2421264279040","1990377419544","1990377618342","20.0978","19.8798","0.218","23.6076","4.8428","False","18.1889","20.074","24.241300000000003","6.1427000000000005","26.0225","8","1","1","False","0"
"20980","2421264279040","1990377620522","1990377801597","18.539900000000003","18.1075","0.4324","18.2518","4.6703","False","18.1747","18.3255","18.1889","6.0061","24.1136","8","1","1","False","0"
"20980","2421264279040","1990377805921","1990378023293","21.9597","21.7372","0.2225","18.7682","1.3648","False","24.245800000000003","22.169600000000003","18.1747","2.0112","23.7484","8","1","1","False","0"
"20980","2421264279040","1990378025518","1990378224875","20.1894","19.9357","0.25370000000000004","23.579700000000003","4.7869","False","30.3013","20.1582","24.245800000000003","6.098800000000001","26.0345","8","1","1","False","0"
"20980","2421264279040","1990378227412","1990378458464","23.3955","23.1052","0.2903","25.538899999999998","6.9642","False","12.128","23.358900000000002","30.3013","13.0412","36.1464","8","1","1","False","0"
"20980","2421264279040","1990378461367","1990378646267","18.756800000000002","18.490000000000002","0.26680000000000004","15.880700000000001","4.0587","False","24.229100000000003","18.7803","12.128","6.3889000000000005","24.8789","8","1","1","False","0"
"20980","2421264279040","1990378648935","1990378892972","24.7456","24.4037","0.34190000000000004","25.240299999999998","4.5539000000000005","False","18.1787","24.6705","24.229100000000003","5.947500000000001","30.351200000000002","8","1","1","False","0"
"20980","2421264279040","1990378896391","1990379069233","17.5239","17.284200000000002","0.23970000000000002","18.2743","5.2718","False","18.1876","17.6261","18.1787","6.500100000000001","23.7843","8","1","1","False","0"
"20980","2421264279040","1990379071630","1990379286988","21.7148","21.535800000000002","0.17900000000000002","18.0349","1.5615","False","24.2453","21.7755","18.1876","2.9122000000000003","24.448","8","1","1","False","0"
"20980","2421264279040","1990379288778","1990379434858","14.8015","14.608","0.1935","21.2218","7.9973","False","18.178","14.787","24.2453","12.3705","26.9785","8","1","1","False","0"
"20980","2421264279040","1990379436793","1990379710708","27.6092","27.3915","0.2177","21.7479","2.1293","False","18.183","27.585","18.178","2.9635000000000002","30.355","8","1","1","False","0"
"20980","2421264279040","1990379712885","1990379856669","14.5745","14.378400000000001","0.1961","18.1345","5.6846000000000005","False","18.2406","14.5961","18.183","6.550400000000001","20.928800000000003","8","1","1","False","0"
"20980","2421264279040","1990379858630","1990380037741","18.1845","17.9111","0.27340000000000003","14.9723","2.5132000000000003","False","18.127000000000002","18.107200000000002","18.2406","6.683800000000001","24.594900000000003","8","1","1","False","0"
"20980","2421264279040","1990380040475","1990380226578","18.939200000000003","18.610300000000002","0.3289","21.097900000000003","4.6972000000000005","False","18.2453","18.8837","18.127000000000002","5.9271","24.5374","8","1","1","False","0"
"20980","2421264279040","1990380229867","1990380415302","18.7573","18.5435","0.21380000000000002","17.7845","3.6746000000000003","False","18.1269","18.872400000000003","18.2453","5.3","23.843500000000002","8","1","1","False","0"
"20980","2421264279040","1990380417440","1990380599879","18.4208","18.2439","0.1769","17.6193","2.8583000000000003","False","18.182000000000002","18.457700000000003","18.1269","4.9692","23.2131","8","1","1","False","0"
"20980","2421264279040","1990380601648","1990380802997","20.3332","20.134900000000002","0.1983","18.6736","1.2148","False","18.1733","20.3118","18.182000000000002","2.8394","22.9743","8","1","1","False","0"
"20980","2421264279040","1990380804980","1990380989366","18.6478","18.4386","0.2092","18.702","1.2761","False","18.1778","18.6369","18.1733","2.3758","20.814400000000003","8","1","1","False","0"
"20980","2421264279040","1990380991458","1990381142253","15.318200000000001","15.079500000000001","0.23870000000000002","17.009600000000002","2.9761","False","18.183","15.2887","18.1778","5.2649","20.3444","8","1","1","False","0"
"20980","2421264279040","1990381144640","1990381321612","17.9337","17.697200000000002","0.23650000000000002","16.1801","1.2264000000000002","False","18.1779","17.9359","18.183","5.5120000000000005","23.209200000000003","8","1","1","False","0"
"20980","2421264279040","1990381323977","1990381492845","17.0642","16.8868","0.1774","21.1419","5.266500000000001","False","18.198600000000003","17.1233","18.1779","6.5666","23.453400000000002","8","1","1","False","0"
"20980","2421264279040","1990381494619","1990381677247","18.530900000000003","18.262800000000002","0.2681","16.5176","3.2852","False","18.1618","18.4402","18.198600000000003","6.325","24.5878","8","1","1","False","0"
"20980","2421264279040","1990381679928","1990381848358","17.0516","16.843","0.2086","20.8674","7.082000000000001","False","12.1277","17.1111","18.1618","7.3757","24.218700000000002","8","1","1","False","0"
"20980","2421264279040","1990381850444","1990382026182","17.806900000000002","17.573800000000002","0.2331","11.9436","1.2418","False","24.2468","17.7824","12.1277","1.721","19.294800000000002","8","1","1","False","0"
"20980","2421264279040","1990382028513","1990382220779","19.3974","19.2266","0.1708","21.407600000000002","3.45","False","12.1193","19.4597","24.2468","6.508100000000001","25.7347","8","1","1","False","0"
"20980","2421264279040","1990382222487","1990382386643","16.721500000000002","16.4156","0.3059","14.9784","1.5137","False","18.2153","16.5864","12.1193","2.041","18.4566","8","1","1","False","0"
"20980","2421264279040","1990382389702","1990382558587","17.0761","16.8885","0.18760000000000002","17.4104","1.8179","False","18.1502","17.1944","18.2153","3.0619","19.950400000000002","8","1","1","False","0"
"20980","2421264279040","1990382560463","1990382721259","16.262999999999998","16.0796","0.1834","17.1344","2.6757","False","18.179100000000002","16.267200000000003","18.1502","4.9449000000000005","21.0245","8","1","1","False","0"
"20980","2421264279040","1990382723093","1990382886887","16.6403","16.3794","0.2609","19.0839","5.1528","False","18.172900000000002","16.5628","18.179100000000002","6.5612","22.9406","8","1","1","False","0"
"20980","2421264279040","1990382889496","1990383116659","22.9716","22.7163","0.2553","18.9952","1.1894","False","24.2555","22.9772","18.172900000000002","1.7569000000000001","24.473200000000002","8","1","1","False","0"
"20980","2421264279040","1990383119212","1990383304844","18.7935","18.563200000000002","0.2303","19.5145","1.8996000000000002","False","12.116900000000001","18.8185","24.2555","7.1939","25.7571","8","1","1","False","0"
"20980","2421264279040","1990383307147","1990383441872","13.6539","13.4725","0.1814","13.6736","1.8879000000000001","False","18.181900000000002","13.7028","12.116900000000001","5.6080000000000005","19.0805","8","1","1","False","0"
"20980","2421264279040","1990383443686","1990383618459","17.8482","17.4773","0.3709","20.6678","4.7878","False","18.244400000000002","17.6587","18.181900000000002","6.131200000000001","23.6085","8","1","1","False","0"
"20980","2421264279040","1990383622168","1990383793344","17.3257","17.1176","0.2081","14.3422","1.7477","False","18.2046","17.488500000000002","18.244400000000002","6.8871","24.0047","8","1","1","False","0"
"20980","2421264279040","1990383795425","1990383973712","18.023","17.8287","0.1943","17.5575","1.2788000000000002","False","18.0988","18.0368","18.2046","7.0549","24.8836","8","1","1","False","0"
"20980","2421264279040","1990383975655","1990384169398","19.639100000000003","19.3743","0.26480000000000004","22.987000000000002","4.622","False","18.1796","19.5686","18.0988","5.585100000000001","24.959400000000002","8","1","1","False","0"
"20980","2421264279040","1990384172046","1990384341224","17.0768","16.9178","0.159","16.503500000000003","4.0203","False","18.1894","17.1826","18.1796","6.5821000000000005","23.4999","8","1","1","False","0"
"20980","2421264279040","1990384342814","1990384512055","17.2686","16.9241","0.34450000000000003","14.7161","1.5488000000000002","False","18.171200000000002","17.0831","18.1894","7.688400000000001","24.6125","8","1","1","False","0"
"20980","2421264279040","1990384515500","1990384697277","18.4248","18.1777","0.24710000000000001","19.6736","2.7714000000000003","False","18.197300000000002","18.5222","18.171200000000002","7.337400000000001","25.5151","8","1","1","False","0"
"20980","2421264279040","1990384699748","1990384883091","18.621700000000004","18.334300000000002","0.2874","16.817700000000002","0.9588000000000001","False","24.2167","18.581400000000002","18.197300000000002","6.9533000000000005","25.2876","8","1","1","False","0"
"20980","2421264279040","1990384885965","1990385120878","23.748800000000003","23.491300000000003","0.2575","24.0912","1.2847","False","18.1908","23.7787","24.2167","7.3913","30.8826","8","1","1","False","0"
"20980","2421264279040","1990385123453","1990385252448","13.0924","12.8995","0.19290000000000002","18.117","6.2987","False","18.3683","13.157","18.1908","12.4251","25.3246","8","1","1","False","0"
"20980","2421264279040","1990385254377","1990385442245","19.0125","18.7868","0.2257","19.9222","7.219600000000001","False","17.9861","18.9797","18.3683","11.8137","30.6005","8","1","1","False","0"
"20980","2421264279040","1990385444502","1990385674560","23.183500000000002","23.0058","0.1777","19.5666","3.592","False","12.125900000000001","23.2315","17.9861","6.568300000000001","29.5741","8","1","1","False","0"
"20980","2421264279040","1990385676337","1990385806763","13.3046","13.0426","0.262","14.2278","4.5646","False","24.241","13.2203","12.125900000000001","5.4739","18.5165","8","1","1","False","0"
"20980","2421264279040","1990385809383","1990386038693","23.1252","22.931","0.1942","23.907400000000003","5.295100000000001","False","12.1341","23.193","24.241","6.5219000000000005","29.4529","8","1","1","False","0"
"20980","2421264279040","1990386040635","1990386182943","14.4421","14.2308","0.21130000000000002","11.2337","2.1183","False","18.1908","14.425","12.1341","4.231","18.4618","8","1","1","False","0"
"20980","2421264279040","1990386185056","1990386341077","15.7894","15.6021","0.18730000000000002","17.7759","4.08","False","18.165200000000002","15.813400000000001","18.1908","6.6084000000000005","22.2105","8","1","1","False","0"
"20980","2421264279040","1990386342950","1990386525657","18.663600000000002","18.2707","0.3929","19.4226","4.9329","False","18.1924","18.458000000000002","18.165200000000002","6.3156","24.5863","8","1","1","False","0"
"20980","2421264279040","1990386529586","1990386699560","17.219300000000004","16.997400000000003","0.22190000000000001","14.1692","1.7927000000000002","False","18.165300000000002","17.3903","18.1924","7.1177","24.1151","8","1","1","False","0"
"20980","2421264279040","1990386701779","1990386870133","17.0713","16.8354","0.2359","20.5435","5.2705","False","12.142100000000001","17.0573","18.165300000000002","8.2257","25.0611","8","1","1","False","0"
"20980","2421264279040","1990386872492","1990387037321","16.7237","16.4829","0.24080000000000001","12.622800000000002","1.1566","False","30.2971","16.7188","12.142100000000001","3.649","20.1319","8","1","1","False","0"
"20980","2421264279040","1990387039729","1990387311925","27.4494","27.2196","0.2298","30.6671","4.3676","False","18.1854","27.4604","30.2971","6.4857000000000005","33.7053","8","1","1","False","0"
"20980","2421264279040","1990387314223","1990387442823","13.168700000000001","12.860000000000001","0.30870000000000003","15.6844","6.953","False","12.1112","13.0898","18.1854","11.5813","24.441300000000002","8","1","1","False","0"
"20980","2421264279040","1990387445910","1990387656575","21.2478","21.0665","0.18130000000000002","15.211400000000001","0.8568","False","18.191000000000003","21.3752","12.1112","2.3173","23.3838","8","1","1","False","0"
"20980","2421264279040","1990387658388","1990387807395","15.211400000000001","14.9007","0.31070000000000003","17.5679","3.3292","False","18.1781","15.082","18.191000000000003","5.4263","20.327","8","1","1","False","0"
"20980","2421264279040","1990387810502","1990387983850","17.6084","17.3348","0.2736","19.1568","4.790900000000001","False","18.174200000000003","17.645500000000002","18.1781","5.9589","23.2937","8","1","1","False","0"
"20980","2421264279040","1990387986586","1990388176274","19.305300000000003","18.9688","0.3365","17.0333","2.5245","False","18.1878","19.2424","18.174200000000003","4.8907","23.8595","8","1","1","False","0"
"20980","2421264279040","1990388179639","1990388342385","16.4883","16.2746","0.2137","19.239700000000003","5.2447","False","18.1649","16.6111","18.1878","6.4674000000000005","22.742","8","1","1","False","0"
"20980","2421264279040","1990388344522","1990388555140","21.576500000000003","21.0618","0.5147","18.7434","2.408","False","18.2117","21.2755","18.1649","3.3568000000000002","24.4186","8","1","1","False","0"
"20980","2421264279040","1990388560287","1990388708040","15.086000000000002","14.775300000000001","0.31070000000000003","17.6496","5.0754","False","18.1735","15.290000000000001","18.2117","6.2785","21.053800000000003","8","1","1","False","0"
"20980","2421264279040","1990388711147","1990388895036","18.6099","18.3889","0.221","17.1598","3.5370000000000004","False","18.1846","18.6996","18.1735","5.752400000000001","24.1413","8","1","1","False","0"
"20980","2421264279040","1990388897246","1990389103079","20.767000000000003","20.5833","0.1837","18.334600000000002","1.0625","False","18.1659","20.8043","18.1846","3.1327000000000003","23.716","8","1","1","False","0"
"20980","2421264279040","1990389104916","1990389296625","19.3833","19.1709","0.2124","19.8255","1.5201","False","24.253800000000002","19.3546","18.1659","1.9440000000000002","21.114900000000002","8","1","1","False","0"
"20980","2421264279040","1990389298749","1990389487254","19.0935","18.8505","0.24300000000000002","19.3215","1.766","False","18.1749","19.062900000000003","24.253800000000002","7.1349","25.985400000000002","8","1","1","False","0"
"20980","2421264279040","1990389489684","1990389678247","19.2203","18.8563","0.364","22.250400000000006","4.9108","False","18.1888","19.0993","18.1749","6.210500000000001","25.0668","8","1","1","False","0"
"20980","2421264279040","1990389681887","1990389888544","20.8413","20.6657","0.1756","18.1843","2.3171","False","24.252200000000002","21.029700000000002","18.1888","3.3696","24.0353","8","1","1","False","0"
"20980","2421264279040","1990389890300","1990390044667","15.8113","15.4367","0.37460000000000004","20.405","6.7689","False","18.1574","15.612300000000001","24.252200000000002","12.009500000000001","27.4462","8","1","1","False","0"
"20980","2421264279040","1990390048413","1990390305056","25.904600000000002","25.6643","0.2403","21.2968","2.1355","False","12.125300000000001","26.0389","18.1574","4.128","29.7923","8","1","1","False","0"
"20980","2421264279040","1990390307459","1990390451661","14.639100000000001","14.420200000000001","0.2189","13.4907","0.9776","False","24.2374","14.6605","12.125300000000001","1.5928","16.013","8","1","1","False","0"
"20980","2421264279040","1990390453850","1990390656888","20.557800000000004","20.303800000000003","0.254","24.304900000000004","4.7308","False","24.2463","20.5227","24.2374","5.3075","25.6113","8","1","1","False","0"
"20980","2421264279040","1990390659428","1990390877147","22.0011","21.771900000000002","0.22920000000000001","18.879400000000004","1.612","False","24.242900000000002","22.0259","24.2463","7.527900000000001","29.2998","8","1","1","False","0"
"20980","2421264279040","1990390879439","1990391145362","26.803500000000003","26.5923","0.2112","27.8197","2.6283000000000003","False","18.195600000000002","26.8215","24.242900000000002","4.9493","31.541600000000003","8","1","1","False","0"
"20980","2421264279040","1990391147474","1990391253372","10.9442","10.5898","0.3544","14.4219","6.1612","False","12.1105","10.801","18.195600000000002","12.343900000000001","22.9337","8","1","1","False","0"
"20980","2421264279040","1990391256916","1990391431957","17.741500000000002","17.5041","0.2374","17.5444","5.9110000000000005","False","12.1332","17.8585","12.1105","6.5959","24.1","8","1","1","False","0"
"20980","2421264279040","1990391434331","1990391592928","16.0223","15.8597","0.1626","11.423","1.2753","False","18.1733","16.0971","12.1332","2.632","18.4917","8","1","1","False","0"
"20980","2421264279040","1990391594554","1990391763208","17.0323","16.8654","0.16690000000000002","17.7799","2.0284","False","24.2409","17.028000000000002","18.1733","3.7773000000000003","20.6427","8","1","1","False","0"
"20980","2421264279040","1990391764877","1990391961212","20.014100000000003","19.6335","0.3806","19.8765","2.0323","False","12.1182","19.8004","24.2409","8.2178","27.851300000000002","8","1","1","False","0"
"20980","2421264279040","1990391965018","1990392103238","14.4083","13.822000000000001","0.5863","17.1665","4.9138","False","18.1899","14.2026","12.1182","6.1334","19.9554","8","1","1","False","0"
"20980","2421264279040","1990392109101","1990392280287","17.4383","17.1186","0.31970000000000004","16.217100000000002","3.4704","False","12.1165","17.704900000000002","18.1899","6.6184","23.737000000000002","8","1","1","False","0"
"20980","2421264279040","1990392283484","1990392452540","17.1392","16.9056","0.2336","14.9421","1.2619","False","24.233900000000002","17.2253","12.1165","1.5096","18.415200000000002","8","1","1","False","0"
"20980","2421264279040","1990392454876","1990392635052","18.2418","18.0176","0.2242","18.331200000000003","1.3344","False","30.320800000000002","18.2512","24.233900000000002","7.4923","25.509900000000002","8","1","1","False","0"
"20980","2421264279040","1990392637294","1990392989115","35.3582","35.1821","0.1761","35.2961","1.2623","False","18.2319","35.4063","30.320800000000002","2.4068","37.5889","8","1","1","False","0"
"20980","2421264279040","1990392990876","1990393165526","17.6636","17.465","0.1986","17.6685","1.2704","False","24.168200000000002","17.6411","18.2319","2.9976000000000003","20.462600000000002","8","1","1","False","0"
"20980","2421264279040","1990393167512","1990393379031","21.4232","21.1519","0.2713","24.9103","4.7717","False","12.1358","21.3505","24.168200000000002","5.815300000000001","26.967200000000002","8","1","1","False","0"
"20980","2421264279040","1990393381744","1990393503100","12.3941","12.1356","0.2585","12.2021","4.625100000000001","False","18.1903","12.4069","12.1358","5.5442","17.6798","8","1","1","False","0"
"20980","2421264279040","1990393505685","1990393689579","18.843000000000004","18.389400000000002","0.4536","16.9543","2.7225","False","18.1689","18.6479","18.1903","5.086600000000001","23.476000000000003","8","1","1","False","0"
"20980","2421264279040","1990393694115","1990393868236","17.634200000000003","17.412100000000002","0.22210000000000002","20.071","5.1469000000000005","False","18.1841","17.8657","18.1689","5.3898","22.8019","8","1","1","False","0"
"20980","2421264279040","1990393870457","1990394055315","18.7175","18.4858","0.23170000000000002","14.700700000000001","1.1004","False","24.2364","18.707900000000002","18.1841","4.8660000000000005","23.3518","8","1","1","False","0"
"20980","2421264279040","1990394057632","1990394230878","17.5608","17.3246","0.23620000000000002","24.0561","7.6065000000000005","False","18.1916","17.5563","24.2364","11.546100000000001","28.870700000000003","8","1","1","False","0"
"20980","2421264279040","1990394233240","1990394488733","25.727600000000002","25.549300000000002","0.17830000000000001","20.1857","2.0380000000000003","False","12.1156","25.785500000000003","18.1916","3.9522000000000004","29.5015","8","1","1","False","0"
"20980","2421264279040","1990394490516","1990394593385","10.628800000000002","10.286900000000001","0.34190000000000004","12.976600000000001","4.4792000000000005","False","18.191000000000003","10.465200000000001","12.1156","5.602600000000001","15.8895","8","1","1","False","0"
"20980","2421264279040","1990394596804","1990394812674","21.7985","21.587","0.21150000000000002","18.6833","1.2898","False","24.2479","21.928900000000002","18.191000000000003","1.8647","23.451700000000002","8","1","1","False","0"
"20980","2421264279040","1990394814789","1990395003835","19.186300000000003","18.904600000000002","0.2817","19.4531","1.5908","False","18.1702","19.1161","24.2479","6.9965","25.9011","8","1","1","False","0"
"20980","2421264279040","1990395006652","1990395186060","18.121299999999998","17.9408","0.18050000000000002","21.147100000000002","4.571400000000001","False","18.1878","18.2225","18.1702","6.9442","24.885","8","1","1","False","0"
"20980","2421264279040","1990395187865","1990395409563","22.442200000000003","22.169800000000002","0.27240000000000003","19.2938","1.4418","False","18.174500000000002","22.3503","18.1878","2.7817000000000003","24.951500000000003","8","1","1","False","0"
"20980","2421264279040","1990395412287","1990395564745","15.632800000000001","15.245800000000001","0.387","17.2922","3.2153","False","18.181","15.5182","18.174500000000002","5.438000000000001","20.6838","8","1","1","False","0"
"20980","2421264279040","1990395568615","1990395754282","18.7503","18.5667","0.1836","18.235400000000002","2.5716","False","18.2009","18.9537","18.181","4.6653","23.232000000000003","8","1","1","False","0"
"20980","2421264279040","1990395756118","1990395948879","19.466","19.2761","0.1899","18.0984","1.1887","False","18.181800000000003","19.4597","18.2009","3.4065000000000003","22.6826","8","1","1","False","0"
"20980","2421264279040","1990395950778","1990396134735","18.610300000000002","18.3957","0.2146","18.5056","1.0992","False","24.2347","18.5856","18.181800000000003","3.0027","21.398400000000002","8","1","1","False","0"
"20980","2421264279040","1990396136881","1990396334398","19.930799999999998","19.7517","0.1791","20.6493","1.8103","False","18.2275","19.9663","24.2347","7.271100000000001","27.0228","8","1","1","False","0"
"20980","2421264279040","1990396336189","1990396541857","20.7699","20.5668","0.2031","21.4881","2.5351","False","18.1279","20.745900000000002","18.2275","4.7527","25.3195","8","1","1","False","0"
"20980","2421264279040","1990396543888","1990396703351","16.1689","15.9463","0.22260000000000002","19.1778","5.5552","False","18.1769","16.1494","18.1279","6.7312","22.677500000000002","8","1","1","False","0"
"20980","2421264279040","1990396705577","1990396887791","18.4301","18.2214","0.2087","18.124200000000002","5.2652","False","18.1734","18.444000000000003","18.1769","6.4641","24.6855","8","1","1","False","0"
"20980","2421264279040","1990396889878","1990397119360","23.1673","22.9482","0.21910000000000002","19.163700000000002","1.2636","False","18.1985","23.1569","18.1734","1.4806000000000001","24.428800000000003","8","1","1","False","0"
"20980","2421264279040","1990397121551","1990397259213","14.017800000000001","13.766200000000001","0.2516","17.332900000000002","4.5676000000000005","False","24.231","13.9853","18.1985","5.6938","19.46","8","1","1","False","0"
"20980","2421264279040","1990397261729","1990397538404","27.832900000000002","27.6675","0.16540000000000002","24.562800000000003","1.2478","False","24.2681","27.9191","24.231","2.0057","29.6732","8","1","1","False","0"
"20980","2421264279040","1990397540058","1990397729292","19.1306","18.9234","0.20720000000000002","19.1342","1.5246000000000002","False","18.177","19.088800000000003","24.2681","7.1850000000000005","26.1084","8","1","1","False","0"
"20980","2421264279040","1990397731364","1990397900375","17.155","16.9011","0.2539","17.9498","2.0989","False","12.106200000000001","17.1083","18.177","8.2537","25.1548","8","1","1","False","0"
"20980","2421264279040","1990397902914","1990398061187","16.1642","15.827300000000001","0.33690000000000003","17.436400000000003","3.4235","False","24.257","16.0812","12.106200000000001","4.278700000000001","20.106","8","1","1","False","0"
"20980","2421264279040","1990398064556","1990398311477","24.9229","24.6921","0.2308","23.3318","1.7789000000000001","False","12.1064","25.029","24.257","3.5067000000000004","28.198800000000002","8","1","1","False","0"
"20980","2421264279040","1990398313785","1990398405159","9.506900000000002","9.137400000000001","0.3695","12.621","5.0138","False","18.1794","9.3682","12.1064","6.2449","15.3823","8","1","1","False","0"
"20980","2421264279040","1990398408854","1990398582770","17.597","17.3916","0.2054","18.0414","5.3175","False","24.236600000000003","17.761100000000003","18.1794","6.663200000000001","24.0548","8","1","1","False","0"
"20980","2421264279040","1990398584824","1990398822792","24.0031","23.7968","0.2063","23.113100000000003","4.4364","False","12.1402","24.002200000000002","24.236600000000003","6.897600000000001","30.6944","8","1","1","False","0"
"20980","2421264279040","1990398824855","1990398984852","16.2165","15.9997","0.21680000000000002","13.042","1.2622","False","30.291600000000003","16.206","12.1402","2.8318000000000003","18.831500000000002","8","1","1","False","0"
"20980","2421264279040","1990398987020","1990399241417","25.6125","25.439700000000002","0.1728","31.303400000000003","6.929","False","18.188100000000002","25.6565","30.291600000000003","7.466900000000001","32.906600000000005","8","1","1","False","0"
"20980","2421264279040","1990399243145","1990399428483","18.8018","18.5338","0.268","16.0673","4.2653","False","18.1809","18.7066","18.188100000000002","6.9484","25.482200000000002","8","1","1","False","0"
"20980","2421264279040","1990399431163","1990399593932","16.413800000000002","16.2769","0.1369","17.69","5.466","False","36.3447","16.544900000000002","18.1809","8.5844","24.8613","8","1","1","False","0"
"20980","2421264279040","1990399595301","1990399977160","38.398","38.185900000000004","0.2121","36.051300000000005","3.1418000000000004","False","24.2645","38.3228","36.3447","6.6063","44.7922","8","1","1","False","0"
"20980","2421264279040","1990399979281","1990400220480","24.354300000000002","24.1199","0.23440000000000003","26.4587","5.272200000000001","False","18.1598","24.332","24.2645","6.5388","30.658700000000003","8","1","1","False","0"
"20980","2421264279040","1990400222824","1990400419364","19.926","19.654","0.272","15.5858","0.9400000000000001","False","12.153400000000001","19.8884","18.1598","4.8102","24.4642","8","1","1","False","0"
"20980","2421264279040","1990400422084","1990400554072","13.4396","13.1988","0.24080000000000001","13.766300000000001","1.2339","False","18.1715","13.4708","12.153400000000001","3.4928000000000003","16.6916","8","1","1","False","0"
"20980","2421264279040","1990400556480","1990400750049","19.596899999999998","19.3569","0.24000000000000002","19.8688","1.5584","False","18.175900000000002","19.5977","18.1715","2.0666","21.4235","8","1","1","False","0"
"20980","2421264279040","1990400752449","1990400927388","17.7067","17.4939","0.21280000000000002","17.7508","1.5814000000000001","False","18.197400000000002","17.733900000000002","18.175900000000002","2.5086","20.0025","8","1","1","False","0"
"20980","2421264279040","1990400929516","1990401093779","16.8167","16.4263","0.3904","17.184","2.1288","False","24.2224","16.6391","18.197400000000002","4.0669","20.4932","8","1","1","False","0"
"20980","2421264279040","1990401097683","1990401325619","22.9901","22.7936","0.1965","24.0372","2.958","False","18.1783","23.184","24.2224","5.105300000000001","27.8989","8","1","1","False","0"
"20980","2421264279040","1990401327584","1990401533699","20.7725","20.6115","0.161","19.3416","1.5186000000000002","False","24.2434","20.808","18.1783","2.4756","23.0871","8","1","1","False","0"
"20980","2421264279040","1990401535309","1990401764466","23.174100000000003","22.9157","0.2584","22.816300000000002","1.2003000000000001","False","12.1414","23.076700000000002","24.2434","3.6423","26.558","8","1","1","False","0"
"20980","2421264279040","1990401767050","1990401873307","10.8331","10.6257","0.2074","12.430700000000002","2.7785","False","30.2844","10.8841","12.1414","4.8996","15.525300000000001","8","1","1","False","0"
"20980","2421264279040","1990401875381","1990402184634","31.139","30.9253","0.2137","30.6214","2.2516000000000003","False","12.1226","31.1327","30.2844","4.0513","34.976600000000005","8","1","1","False","0"
"20980","2421264279040","1990402186771","1990402326210","14.144800000000002","13.943900000000001","0.20090000000000002","13.4786","1.5906","False","18.203500000000002","14.1576","12.1226","2.0163","15.9602","8","1","1","False","0"
"20980","2421264279040","1990402328219","1990402477472","15.1219","14.9253","0.1966","15.702","2.1712000000000002","False","18.174200000000003","15.1262","18.203500000000002","5.0936","20.018900000000002","8","1","1","False","0"
"20980","2421264279040","1990402479438","1990402641257","16.419400000000003","16.181900000000002","0.23750000000000002","15.837800000000001","1.5958","False","18.1763","16.378500000000003","18.174200000000003","6.8893","23.0712","8","1","1","False","0"
"20980","2421264279040","1990402643632","1990402819100","17.7834","17.5468","0.2366","17.541700000000002","1.3624","False","18.241","17.7843","18.1763","7.281300000000001","24.828100000000003","8","1","1","False","0"
"20980","2421264279040","1990402821466","1990402996198","17.6856","17.473200000000002","0.2124","19.1934","2.8245","False","18.122500000000002","17.7098","18.241","7.8125","25.285700000000002","8","1","1","False","0"
"20980","2421264279040","1990402998322","1990403211120","21.4479","21.2798","0.1681","21.0393","2.4302","False","18.171400000000002","21.4922","18.122500000000002","4.4428","25.7226","8","1","1","False","0"
"20980","2421264279040","1990403212801","1990403383046","17.2789","17.0245","0.2544","16.7328","1.9159000000000002","False","18.1875","17.192600000000002","18.171400000000002","5.421600000000001","22.4461","8","1","1","False","0"
"20980","2421264279040","1990403385590","1990403571093","18.7508","18.5503","0.2005","19.652900000000002","2.7938","False","18.1905","18.8047","18.1875","4.8044","23.3547","8","1","1","False","0"
"20980","2421264279040","1990403573098","1990403746213","17.5683","17.311500000000002","0.25680000000000003","18.0857","3.3533","False","18.1677","17.512","18.1905","5.4829","22.7944","8","1","1","False","0"
"20980","2421264279040","1990403748781","1990403954812","20.7601","20.6031","0.157","18.7546","1.2945","False","18.187","20.8599","18.1677","2.7907","23.393800000000002","8","1","1","False","0"
"20980","2421264279040","1990403956382","1990404113871","15.939200000000001","15.7489","0.1903","16.5313","1.8874000000000002","False","18.1955","15.9059","18.187","5.0718000000000005","20.820700000000002","8","1","1","False","0"
"20980","2421264279040","1990404115774","1990404316311","20.258399999999998","20.0537","0.20470000000000002","19.4997","1.1729","False","18.166","20.244","18.1955","3.0233000000000003","23.077","8","1","1","False","0"
"20980","2421264279040","1990404318358","1990404491649","17.4922","17.3291","0.1631","18.420899999999996","2.0526","False","18.1731","17.5338","18.166","3.6555","20.9846","8","1","1","False","0"
"20980","2421264279040","1990404493280","1990404663949","17.3591","17.0669","0.2922","19.0359","3.7828000000000004","False","18.2016","17.23","18.1731","4.5986","21.6655","8","1","1","False","0"
"20980","2421264279040","1990404666871","1990404837882","17.306500000000003","17.101100000000002","0.2054","18.5773","5.0182","False","18.180300000000003","17.3933","18.2016","5.4069","22.508000000000003","8","1","1","False","0"
"20980","2421264279040","1990404839936","1990405025746","18.8794","18.581","0.2984","16.451","2.5995","False","18.1731","18.7864","18.180300000000003","4.800800000000001","23.381800000000002","8","1","1","False","0"
"20980","2421264279040","1990405028730","1990405207454","18.1092","17.872400000000003","0.2368","18.3946","2.9042000000000003","False","18.186","18.1708","18.1731","4.803100000000001","22.6755","8","1","1","False","0"
"20980","2421264279040","1990405209822","1990405383877","17.8379","17.4055","0.4324","18.053900000000002","3.0845000000000002","False","18.185000000000002","17.642300000000002","18.186","5.3468","22.7523","8","1","1","False","0"
"20980","2421264279040","1990405388201","1990405583443","19.7197","19.5242","0.1955","19.0088","2.3764000000000003","False","18.1857","19.9566","18.185000000000002","3.5752","23.099400000000003","8","1","1","False","0"
"20980","2421264279040","1990405585398","1990405751107","16.802500000000002","16.5709","0.2316","17.2022","2.8087","False","18.1677","16.7664","18.1857","4.9945","21.5654","8","1","1","False","0"
"20980","2421264279040","1990405753423","1990405939334","18.8279","18.5911","0.2368","18.6404","2.6084","False","18.1889","18.8227","18.1677","4.3395","22.930600000000002","8","1","1","False","0"
"20980","2421264279040","1990405941702","1990406099255","16.0234","15.7553","0.2681","16.7874","3.3863000000000003","False","18.1919","15.9921","18.1889","6.536300000000001","22.291600000000003","8","1","1","False","0"
"20980","2421264279040","1990406101936","1990406281012","18.0832","17.907600000000002","0.1756","16.2393","1.7305000000000001","False","18.163","18.175700000000003","18.1919","6.5525","24.4601","8","1","1","False","0"
"20980","2421264279040","1990406282768","1990406462879","18.320700000000002","18.011100000000003","0.30960000000000004","20.8215","4.074","False","18.1965","18.186700000000002","18.163","6.5288","24.539900000000003","8","1","1","False","0"
"20980","2421264279040","1990406465975","1990406640810","17.715799999999998","17.4835","0.2323","15.3061","1.6205","False","18.164","17.793100000000003","18.1965","6.9322","24.4157","8","1","1","False","0"
"20980","2421264279040","1990406643133","1990406846573","20.5467","20.344","0.20270000000000002","21.1084","2.1799","False","12.127600000000001","20.5763","18.164","4.5199","24.8639","8","1","1","False","0"
"20980","2421264279040","1990406848600","1990406992393","14.5805","14.3793","0.20120000000000002","13.6751","1.2679","False","24.250400000000003","14.582","12.127600000000001","2.0655","16.4448","8","1","1","False","0"
"20980","2421264279040","1990406994405","1990407190939","19.867800000000003","19.6534","0.2144","22.2883","3.7045000000000003","False","18.184","19.8546","24.250400000000003","6.4613000000000005","26.114700000000003","8","1","1","False","0"
"20980","2421264279040","1990407193083","1990407367564","17.6426","17.4481","0.1945","15.381","1.4116","False","18.2203","17.6625","18.184","6.9828","24.4309","8","1","1","False","0"
"20980","2421264279040","1990407369509","1990407555193","18.8384","18.5684","0.27","20.7363","3.4003","False","18.1339","18.762900000000002","18.2203","6.4402","25.0086","8","1","1","False","0"
"20980","2421264279040","1990407557893","1990407731517","17.6244","17.3624","0.262","18.8029","4.5278","False","18.2421","17.6324","18.1339","6.9417","24.304100000000002","8","1","1","False","0"
"20980","2421264279040","1990407734137","1990407914758","18.2631","18.0621","0.201","18.381700000000002","4.6131","False","18.1136","18.3241","18.2421","6.8597","24.9218","8","1","1","False","0"
"20980","2421264279040","1990407916768","1990408127063","21.178500000000003","21.029500000000002","0.149","19.1261","2.5443000000000002","False","18.1901","21.2305","18.1136","3.7428000000000003","24.7723","8","1","1","False","0"
"20980","2421264279040","1990408128553","1990408279560","15.305500000000002","15.100700000000002","0.2048","17.8088","5.0544","False","24.229000000000003","15.2497","18.1901","6.6832","21.783900000000003","8","1","1","False","0"
"20980","2421264279040","1990408281608","1990408565252","28.5324","28.3644","0.168","25.0683","1.5782","False","12.1476","28.569200000000002","24.229000000000003","2.343","30.7074","8","1","1","False","0"
"20980","2421264279040","1990408566932","1990408671436","10.8471","10.4504","0.3967","11.3185","2.1057","False","24.2162","10.618400000000001","12.1476","3.8722000000000003","14.322600000000001","8","1","1","False","0"
"20980","2421264279040","1990408675403","1990408886590","21.367","21.1187","0.24830000000000002","22.2982","3.0413","False","18.181800000000003","21.5154","24.2162","6.573","27.6917","8","1","1","False","0"
"20980","2421264279040","1990408889073","1990409070348","18.3537","18.1275","0.2262","19.674400000000002","4.3517","False","12.1287","18.3758","18.181800000000003","6.3790000000000004","24.506500000000003","8","1","1","False","0"
"20980","2421264279040","1990409072610","1990409236750","16.6098","16.414","0.1958","13.579400000000001","1.2833","False","30.295900000000003","16.6402","12.1287","1.8675000000000002","18.2815","8","1","1","False","0"
"20980","2421264279040","1990409238708","1990409436740","20.2153","19.8032","0.4121","25.2633","6.3974","False","12.1228","19.999000000000002","30.295900000000003","12.1644","31.9676","8","1","1","False","0"
"20980","2421264279040","1990409440861","1990409615118","17.6284","17.4257","0.20270000000000002","16.7045","5.4308000000000005","False","18.1933","17.8378","12.1228","6.449400000000001","23.8751","8","1","1","False","0"
"20980","2421264279040","1990409617145","1990409788857","17.338800000000003","17.171200000000002","0.1676","16.111900000000002","4.1635","False","12.121","17.373900000000003","18.1933","7.268800000000001","24.44","8","1","1","False","0"
"20980","2421264279040","1990409790533","1990409964350","17.5375","17.381700000000002","0.1558","14.299199999999999","0.9409000000000001","False","18.2678","17.549300000000002","12.121","1.8405","19.2222","8","1","1","False","0"
"20980","2421264279040","1990409965908","1990410135458","17.167700000000004","16.955000000000002","0.2127","17.6567","1.4583000000000002","False","18.1093","17.1108","18.2678","2.9975","19.9525","8","1","1","False","0"
"20980","2421264279040","1990410137585","1990410314900","17.8841","17.7315","0.1526","17.5903","1.1349","False","24.3402","17.944200000000002","18.1093","3.1626000000000003","20.8941","8","1","1","False","0"
"20980","2421264279040","1990410316426","1990410527469","21.3867","21.104300000000002","0.28240000000000004","24.4309","4.239","False","12.017800000000001","21.2569","24.3402","6.245900000000001","27.3502","8","1","1","False","0"
"20980","2421264279040","1990410530293","1990410681599","15.310900000000002","15.130600000000001","0.18030000000000002","13.1647","2.0234","False","24.273","15.413","12.017800000000001","2.8507000000000002","17.9813","8","1","1","False","0"
"20980","2421264279040","1990410683402","1990410836674","15.6308","15.327200000000001","0.30360000000000004","21.009700000000002","7.5041","False","12.0875","15.5075","24.273","11.616200000000001","26.9434","8","1","1","False","0"
"20980","2421264279040","1990410839710","1990411023762","18.6507","18.4052","0.24550000000000002","12.589300000000001","1.3752","False","18.1689","18.7088","12.0875","4.9949","23.400100000000002","8","1","1","False","0"
"20980","2421264279040","1990411026217","1990411231909","20.7874","20.569200000000002","0.2182","21.0201","1.6024","False","18.2706","20.814700000000002","18.1689","2.3491","22.918300000000002","8","1","1","False","0"
"20980","2421264279040","1990411234091","1990411413355","18.1093","17.9264","0.1829","18.0198","1.5045000000000002","False","18.1065","18.1446","18.2706","2.4751000000000003","20.401500000000002","8","1","1","False","0"
"20980","2421264279040","1990411415184","1990411588620","17.554000000000002","17.343600000000002","0.2104","17.092200000000005","1.0739","False","24.2379","17.526500000000002","18.1065","3.0551","20.3987","8","1","1","False","0"
"20980","2421264279040","1990411590724","1990411783000","19.455700000000004","19.227600000000002","0.2281","19.9814","1.58","False","12.115300000000001","19.438000000000002","24.2379","7.855","27.082600000000003","8","1","1","False","0"
"20980","2421264279040","1990411785281","1990411965645","18.3043","18.0364","0.2679","17.994","1.2797","False","18.183600000000002","18.2645","12.115300000000001","1.7058","19.7422","8","1","1","False","0"
"20980","2421264279040","1990411968324","1990412142437","17.6326","17.4113","0.22130000000000002","17.615700000000004","1.2965","False","24.242","17.6792","18.183600000000002","2.2102","19.6215","8","1","1","False","0"
"20980","2421264279040","1990412144650","1990412341538","19.8373","19.6888","0.14850000000000002","22.264200000000002","3.6455","False","12.124","19.9101","24.242","6.5421000000000005","26.230900000000002","8","1","1","False","0"
"20980","2421264279040","1990412343023","1990412468164","12.8765","12.514100000000001","0.3624","13.8202","4.6684","False","18.178800000000003","12.662600000000001","12.124","6.003500000000001","18.5176","8","1","1","False","0"
"20980","2421264279040","1990412471788","1990412648467","18.138099999999998","17.6679","0.4702","17.241500000000002","3.9628","False","24.253600000000002","18.0303","18.178800000000003","6.152","23.8199","8","1","1","False","0"
"20980","2421264279040","1990412653169","1990412832264","18.173000000000002","17.9095","0.2635","22.122700000000002","7.7034","False","12.101600000000001","18.3797","24.253600000000002","12.0259","29.9354","8","1","1","False","0"
"20980","2421264279040","1990412834899","1990413011285","17.9419","17.6386","0.3033","14.143500000000003","3.9355","False","18.2408","17.9021","12.101600000000001","6.2254000000000005","23.864","8","1","1","False","0"
"20980","2421264279040","1990413014318","1990413183700","17.127000000000002","16.938200000000002","0.1888","14.773900000000001","1.491","False","18.120900000000002","17.241500000000002","18.2408","7.2247","24.1629","8","1","1","False","0"
"20980","2421264279040","1990413185588","1990413375487","19.174200000000003","18.989900000000002","0.18430000000000002","22.8278","5.1839","False","12.1393","19.1787","18.120900000000002","6.1669","25.1568","8","1","1","False","0"
"20980","2421264279040","1990413377330","1990413521427","14.5952","14.4097","0.1855","11.5317","2.1068000000000002","False","18.1685","14.594000000000001","12.1393","3.7122","18.1219","8","1","1","False","0"
"20980","2421264279040","1990413523282","1990413674428","15.332500000000001","15.114600000000001","0.2179","18.5374","5.3361","False","18.2051","15.3001","18.1685","6.5806000000000004","21.6952","8","1","1","False","0"
"20980","2421264279040","1990413676607","1990413849484","17.5973","17.2877","0.30960000000000004","13.378","1.1158000000000001","False","12.0934","17.5056","18.2051","7.2801","24.567800000000002","8","1","1","False","0"
"20980","2421264279040","1990413852580","1990414011111","16.0622","15.853100000000001","0.2091","17.360400000000002","2.6341","False","18.1946","16.1627","12.0934","3.2108000000000003","19.0639","8","1","1","False","0"
"20980","2421264279040","1990414013202","1990414159159","14.909400000000002","14.5957","0.31370000000000003","16.0103","3.5326","False","12.1134","14.8048","18.1946","6.6006","21.1963","8","1","1","False","0"
"20980","2421264279040","1990414162296","1990414329760","16.957600000000003","16.7464","0.2112","14.913200000000002","1.4677","False","24.332800000000002","17.060100000000002","12.1134","1.6539000000000001","18.4003","8","1","1","False","0"
"20980","2421264279040","1990414331872","1990414520624","19.1246","18.8752","0.2494","23.0944","5.435300000000001","False","12.042100000000001","19.0864","24.332800000000002","6.9003000000000005","25.7755","8","1","1","False","0"
"20980","2421264279040","1990414523118","1990414662169","14.106100000000001","13.905100000000001","0.201","11.359300000000001","2.6989","False","18.1632","14.1545","12.042100000000001","4.7879000000000005","18.693","8","1","1","False","0"
"20980","2421264279040","1990414664179","1990414841356","17.9786","17.7177","0.2609","16.4147","1.117","False","18.1966","17.9187","18.1632","5.0324","22.7501","8","1","1","False","0"
"20980","2421264279040","1990414843965","1990415002647","16.055600000000002","15.868200000000002","0.1874","16.2923","1.3443","False","12.1121","16.1291","18.1966","7.099900000000001","22.9681","8","1","1","False","0"
"20980","2421264279040","1990415004521","1990415140180","13.8055","13.565900000000001","0.2396","16.997400000000003","4.5458","False","18.195800000000002","13.753300000000001","12.1121","5.4587","19.0246","8","1","1","False","0"
"20980","2421264279040","1990415142576","1990415330274","19.0289","18.7698","0.2591","16.0055","1.5096","False","18.1768","19.0094","18.195800000000002","4.6451","23.4149","8","1","1","False","0"
"20980","2421264279040","1990415332865","1990415496968","16.8037","16.4103","0.3934","20.1948","5.0648","False","12.1117","16.6694","18.1768","6.1525","22.562800000000003","8","1","1","False","0"
"20980","2421264279040","1990415500902","1990415663538","16.5049","16.2636","0.24130000000000001","12.8421","1.2665","False","18.1955","16.657","12.1117","1.6072000000000002","17.8708","8","1","1","False","0"
"20980","2421264279040","1990415665951","1990415797204","13.353700000000002","13.125300000000001","0.22840000000000002","15.5672","3.4606000000000003","False","18.166600000000003","13.3666","18.1955","6.436100000000001","19.561400000000003","8","1","1","False","0"
"20980","2421264279040","1990415799488","1990415977880","18.062700000000003","17.8392","0.2235","19.9404","5.3357","False","18.261100000000003","18.067600000000002","18.166600000000003","6.5351","24.3743","8","1","1","False","0"
"20980","2421264279040","1990415980115","1990416151967","17.379700000000003","17.185200000000002","0.1945","14.9268","2.8583000000000003","False","12.057","17.4087","18.261100000000003","7.3875","24.5727","8","1","1","False","0"
"20980","2421264279040","1990416153912","1990416319686","16.764300000000002","16.5774","0.1869","15.5578","1.655","False","18.268900000000002","16.771900000000002","12.057","2.6726","19.25","8","1","1","False","0"
"20980","2421264279040","1990416321555","1990416475177","15.884300000000001","15.362200000000001","0.5221","17.3854","3.4403","False","18.076800000000002","15.549100000000001","18.268900000000002","5.3924","20.7546","8","1","1","False","0"
"20980","2421264279040","1990416480398","1990416643079","16.5639","16.2681","0.2958","18.3154","4.9632000000000005","False","18.1877","16.790200000000002","18.076800000000002","6.679","22.947100000000002","8","1","1","False","0"
"20980","2421264279040","1990416646037","1990416820611","17.6863","17.4574","0.22890000000000002","14.0266","1.2791000000000001","False","12.129800000000001","17.7532","18.1877","7.1135","24.5709","8","1","1","False","0"
"20980","2421264279040","1990416822900","1990416974553","15.4144","15.1653","0.24910000000000002","15.2584","1.1297000000000001","False","18.1798","15.394200000000001","12.129800000000001","3.8491","19.014400000000002","8","1","1","False","0"
"20980","2421264279040","1990416977044","1990417146834","17.2054","16.979","0.22640000000000002","18.588900000000002","2.494","False","18.1847","17.2281","18.1798","4.800800000000001","21.7798","8","1","1","False","0"
"20980","2421264279040","1990417149098","1990417311281","16.4602","16.2183","0.2419","17.9772","4.057","False","18.1786","16.4447","18.1847","6.5408","22.7591","8","1","1","False","0"
"20980","2421264279040","1990417313700","1990417488816","17.7923","17.5116","0.2807","19.4527","5.7149","False","18.171200000000002","17.753500000000003","18.1786","6.9659","24.477500000000003","8","1","1","False","0"
"20980","2421264279040","1990417491623","1990417674123","18.4955","18.25","0.24550000000000002","16.7685","3.9591000000000003","False","18.1841","18.5307","18.171200000000002","6.606400000000001","24.8564","8","1","1","False","0"
"20980","2421264279040","1990417676578","1990417845863","17.0856","16.9285","0.15710000000000002","15.1005","1.9259000000000002","False","12.126000000000001","17.174","18.1841","7.6165","24.545","8","1","1","False","0"
"20980","2421264279040","1990417847434","1990417988978","14.489","14.1544","0.3346","17.450100000000003","4.9566","False","18.1816","14.3115","12.126000000000001","5.431","19.5854","8","1","1","False","0"
"20980","2421264279040","1990417992324","1990418156580","16.6568","16.4256","0.23120000000000002","15.2993","3.5838","False","18.2616","16.7602","18.1816","6.8524","23.278000000000002","8","1","1","False","0"
"20980","2421264279040","1990418158892","1990418332189","17.684700000000003","17.329700000000003","0.35500000000000004","15.4618","1.4134","False","12.0518","17.5609","18.2616","7.553100000000001","24.8828","8","1","1","False","0"
"20980","2421264279040","1990418335739","1990418489573","15.5532","15.3834","0.1698","16.7306","2.5096000000000003","False","18.1665","15.7384","12.0518","3.8665000000000003","19.2499","8","1","1","False","0"
"20980","2421264279040","1990418491271","1990418640613","15.236600000000001","14.9342","0.3024","15.7855","3.1042","False","18.2077","15.104000000000001","18.1665","6.929","21.863200000000003","8","1","1","False","0"
"20980","2421264279040","1990418643637","1990418840004","19.8463","19.6367","0.2096","21.527","4.7474","False","12.0983","19.9391","18.2077","5.1976","24.834300000000002","8","1","1","False","0"
"20980","2421264279040","1990418842100","1990418995411","15.586100000000002","15.331100000000001","0.255","12.0929","1.2738","False","18.2954","15.540700000000001","12.0983","1.7552","17.0863","8","1","1","False","0"
"20980","2421264279040","1990418997961","1990419157717","16.1857","15.9756","0.2101","17.1198","2.2043","False","18.0716","16.2306","18.2954","3.8200000000000003","19.7956","8","1","1","False","0"
"20980","2421264279040","1990419159818","1990419354629","19.6887","19.4811","0.2076","19.0392","1.5410000000000001","False","18.171400000000002","19.691200000000002","18.0716","2.2004","21.6815","8","1","1","False","0"
"20980","2421264279040","1990419356705","1990419516500","16.262800000000002","15.979500000000002","0.2833","17.2589","2.6232","False","36.382400000000004","16.1871","18.171400000000002","4.1847","20.1642","8","1","1","False","0"
"20980","2421264279040","1990419519333","1990419867860","35.169599999999996","34.8527","0.3169","36.0972","3.5018000000000002","False","18.1687","35.136","36.382400000000004","5.4311","40.2838","8","1","1","False","0"
"20980","2421264279040","1990419871029","1990420060854","19.167800000000003","18.9825","0.18530000000000002","19.012800000000002","3.3036000000000003","False","18.1816","19.299400000000002","18.1687","4.3004","23.2829","8","1","1","False","0"
"20980","2421264279040","1990420062707","1990420240167","18.179100000000002","17.746000000000002","0.43310000000000004","18.9508","4.3141","False","18.1931","17.9313","18.1816","4.5507","22.2967","8","1","1","False","0"
"20980","2421264279040","1990420244498","1990420446765","20.4099","20.2267","0.1832","17.3697","1.0186","False","18.1674","20.6598","18.1931","2.084","22.3107","8","1","1","False","0"
"20980","2421264279040","1990420448597","1990420590394","14.457","14.1797","0.2773","18.3287","4.9286","False","24.2451","14.362900000000002","18.1674","5.8885000000000005","20.0682","8","1","1","False","0"
"20980","2421264279040","1990420593167","1990420862244","27.131600000000002","26.907700000000002","0.22390000000000002","24.591299999999997","2.3863000000000003","False","12.123700000000001","27.185000000000002","24.2451","2.9486000000000003","29.8563","8","1","1","False","0"
"20980","2421264279040","1990420864483","1990420952779","9.096900000000002","8.829600000000001","0.26730000000000004","11.636800000000001","5.2532000000000005","False","18.2405","9.0535","12.123700000000001","6.018800000000001","14.848400000000002","8","1","1","False","0"
"20980","2421264279040","1990420955452","1990421139584","18.7429","18.4132","0.3297","17.0774","3.2958000000000003","False","18.1258","18.680500000000002","18.2405","5.5788","23.992","8","1","1","False","0"
"20980","2421264279040","1990421142881","1990421314988","17.4375","17.2107","0.2268","19.2981","5.1359","False","18.1771","17.5404","18.1258","6.1642","23.3749","8","1","1","False","0"
"20980","2421264279040","1990421317256","1990421486909","17.189999999999998","16.9653","0.2247","13.926400000000001","1.8802","False","18.171","17.1921","18.1771","7.1492","24.1145","8","1","1","False","0"
"20980","2421264279040","1990421489156","1990421656843","16.993499999999997","16.7687","0.2248","20.234","5.1155","False","12.1323","16.9934","18.171","8.3268","25.0955","8","1","1","False","0"
"20980","2421264279040","1990421659091","1990421814096","15.711400000000001","15.5005","0.2109","13.179","2.5586","False","18.2441","15.7253","12.1323","4.7338000000000005","20.2343","8","1","1","False","0"
"20980","2421264279040","1990421816205","1990421994631","18.1189","17.8426","0.2763","18.4875","2.9272","False","24.172700000000003","18.0535","18.2441","4.9244","22.767","8","1","1","False","0"
"20980","2421264279040","1990421997394","1990422217697","22.2237","22.0303","0.19340000000000002","24.7572","5.4528","False","12.127","22.3066","24.172700000000003","6.790500000000001","28.820800000000002","8","1","1","False","0"
"20980","2421264279040","1990422219631","1990422348256","13.5608","12.8625","0.6983","12.664100000000001","4.5952","False","18.180400000000002","13.055900000000001","12.127","5.8616","18.7241","8","1","1","False","0"
"20980","2421264279040","1990422355239","1990422549895","19.6884","19.465600000000002","0.2228","17.6632","2.5465","False","12.1202","20.1639","18.180400000000002","3.8781000000000003","23.343700000000002","8","1","1","False","0"
"20980","2421264279040","1990422552123","1990422688379","13.815000000000001","13.6256","0.1894","12.8312","1.5559","False","18.185200000000002","13.8484","12.1202","2.1499","15.775500000000001","8","1","1","False","0"
"20980","2421264279040","1990422690273","1990422837901","15.1031","14.7628","0.3403","18.1754","4.7451","False","18.191000000000003","14.952200000000001","18.185200000000002","5.3829","20.1457","8","1","1","False","0"
"20980","2421264279040","1990422841304","1990423012499","17.4856","17.119500000000002","0.36610000000000004","17.8107","5.0147","False","18.178","17.4598","18.191000000000003","6.1141000000000005","23.233600000000003","8","1","1","False","0"
"20980","2421264279040","1990423016160","1990423190810","17.774","17.465","0.309","18.0071","5.2226","False","18.1722","17.8311","18.178","6.461","23.926000000000002","8","1","1","False","0"
"20980","2421264279040","1990423193900","1990423406726","21.4433","21.282600000000002","0.1607","17.5697","1.2922","False","18.1889","21.5916","18.1722","3.0416000000000003","24.3242","8","1","1","False","0"
"20980","2421264279040","1990423408333","1990423550079","14.363199999999999","14.1746","0.18860000000000002","14.7559","1.6811","False","18.1725","14.3353","18.1889","6.8952","21.0698","8","1","1","False","0"
"20980","2421264279040","1990423551965","1990423719568","17.0474","16.7603","0.2871","17.7913","2.4869000000000003","False","12.1239","16.948900000000002","18.1725","8.1188","24.8791","8","1","1","False","0"
"20980","2421264279040","1990423722439","1990423900757","18.0496","17.8318","0.21780000000000002","17.176000000000002","1.5778","False","18.1833","18.1189","12.1239","2.1238","19.9556","8","1","1","False","0"
"20980","2421264279040","1990423902935","1990424060717","16.0406","15.7782","0.2624","17.262900000000002","2.8147","False","24.2411","15.996","18.1833","4.311100000000001","20.0893","8","1","1","False","0"
"20980","2421264279040","1990424063341","1990424252256","19.0843","18.8915","0.1928","19.555300000000003","3.2446","False","12.136000000000001","19.1539","24.2411","9.3983","28.2898","8","1","1","False","0"
"20980","2421264279040","1990424254184","1990424397531","14.532100000000002","14.334700000000002","0.19740000000000002","13.3126","2.0469","False","12.1182","14.5275","12.136000000000001","7.0068","21.3415","8","1","1","False","0"
"20980","2421264279040","1990424399505","1990424551413","15.373600000000001","15.190800000000001","0.18280000000000002","15.2942","1.9543000000000001","False","18.1786","15.388200000000001","12.1182","3.7368","18.9276","8","1","1","False","0"
"20980","2421264279040","1990424553241","1990424703594","15.3184","15.035300000000001","0.2831","17.8645","4.5463000000000005","False","18.2178","15.218100000000002","18.1786","6.6973","21.7326","8","1","1","False","0"
"20980","2421264279040","1990424706425","1990424903381","20.096400000000003","19.695600000000002","0.40080000000000005","18.4507","2.9038","False","18.1414","19.9787","18.2178","4.9364","24.632","8","1","1","False","0"
"20980","2421264279040","1990424907389","1990425115207","21.0196","20.7818","0.2378","19.430300000000003","1.2816","False","18.186400000000003","21.1826","18.1414","1.8952","22.677","8","1","1","False","0"
"20980","2421264279040","1990425117585","1990425245625","13.0363","12.804","0.2323","13.837100000000001","2.0952","False","18.1694","13.0418","18.186400000000003","7.0398000000000005","19.8438","8","1","1","False","0"
"20980","2421264279040","1990425247948","1990425422518","17.6768","17.457","0.21980000000000002","18.2433","2.6619","False","12.138900000000001","17.6893","18.1694","7.519900000000001","24.9769","8","1","1","False","0"
"20980","2421264279040","1990425424716","1990425571729","14.889600000000002","14.701300000000002","0.1883","14.901100000000001","2.6386000000000003","False","18.1725","14.921100000000001","12.138900000000001","4.7377","19.439","8","1","1","False","0"
"20980","2421264279040","1990425573612","1990425741258","17.0909","16.7646","0.32630000000000003","19.3409","4.9594000000000005","False","18.2221","16.9529","18.1725","5.9573","22.7219","8","1","1","False","0"
"20980","2421264279040","1990425744521","1990425920573","17.989","17.6052","0.38380000000000003","16.7565","3.8548","False","12.0737","17.9315","18.2221","6.2479000000000005","23.8531","8","1","1","False","0"
"20980","2421264279040","1990425924411","1990426088015","16.5499","16.360400000000002","0.1895","13.8528","0.9728","False","24.245800000000003","16.7442","12.0737","1.5774000000000001","17.9378","8","1","1","False","0"
"20980","2421264279040","1990426089910","1990426266896","17.921400000000002","17.698600000000003","0.2228","19.715400000000002","2.7696","False","12.1239","17.8881","24.245800000000003","7.9351","25.6337","8","1","1","False","0"
"20980","2421264279040","1990426269124","1990426425068","15.7935","15.5944","0.1991","15.2622","2.232","False","18.180500000000002","15.817200000000001","12.1239","4.2418000000000005","19.8362","8","1","1","False","0"
"20980","2421264279040","1990426427059","1990426600680","17.582500000000003","17.3621","0.2204","18.159200000000002","2.7969","False","18.187900000000003","17.5612","18.180500000000002","4.8611","22.223200000000002","8","1","1","False","0"
"20980","2421264279040","1990426602884","1990426788042","18.8152","18.515800000000002","0.2994","17.5147","1.5570000000000002","False","12.1109","18.7362","18.187900000000003","4.3128","22.8286","8","1","1","False","0"
"20980","2421264279040","1990426791036","1990426934126","14.503400000000001","14.309000000000001","0.19440000000000002","14.5455","1.5552000000000001","False","24.2376","14.608400000000001","12.1109","1.8153000000000001","16.1243","8","1","1","False","0"
"20980","2421264279040","1990426936070","1990427148387","21.4057","21.2317","0.17400000000000002","21.0915","1.2273","False","12.138","21.4261","24.2376","4.6268","25.858500000000003","8","1","1","False","0"
"20980","2421264279040","1990427150127","1990427288687","14.0317","13.856","0.1757","14.356900000000001","1.5609000000000002","False","24.226300000000002","14.030000000000001","12.138","2.7348000000000003","16.5908","8","1","1","False","0"
"20980","2421264279040","1990427290444","1990427442413","15.4258","15.196900000000001","0.22890000000000002","20.3138","6.459300000000001","False","12.1385","15.3726","24.226300000000002","11.5885","26.785400000000003","8","1","1","False","0"
"20980","2421264279040","1990427444702","1990427657341","21.4831","21.2639","0.2192","16.055","1.0346","False","12.1158","21.492800000000003","12.1385","2.2342","23.4981","8","1","1","False","0"
"20980","2421264279040","1990427659533","1990427784314","12.7481","12.478100000000001","0.27","12.9717","1.2588000000000001","False","24.236","12.6973","12.1158","1.6527","14.1308","8","1","1","False","0"
"20980","2421264279040","1990427787014","1990428017885","23.268","23.0871","0.1809","23.9264","2.1125000000000003","False","12.136000000000001","23.357100000000003","24.236","2.5316","25.6187","8","1","1","False","0"
"20980","2421264279040","1990428019694","1990428131748","11.3923","11.205400000000001","0.1869","10.6857","1.2032","False","18.1721","11.3863","12.136000000000001","3.2813000000000003","14.4867","8","1","1","False","0"
"20980","2421264279040","1990428133617","1990428284366","15.349000000000002","15.074900000000001","0.2741","19.3673","5.2854","False","18.1724","15.261800000000001","18.1721","6.1916","21.2665","8","1","1","False","0"
"20980","2421264279040","1990428287107","1990428448332","16.2706","16.122500000000002","0.1481","16.210900000000002","5.1367","False","12.120700000000001","16.3966","18.1724","7.9674000000000005","24.0899","8","1","1","False","0"
"20980","2421264279040","1990428449813","1990428595365","14.892600000000002","14.555200000000001","0.33740000000000003","14.337000000000002","4.6934000000000005","False","36.3752","14.7033","12.120700000000001","5.3848","19.94","8","1","1","False","0"
"20980","2421264279040","1990428598739","1990428941277","34.4565","34.2538","0.20270000000000002","31.8075","1.9437","False","12.1152","34.5912","36.3752","7.1688","41.4226","8","1","1","False","0"
"20980","2421264279040","1990428943304","1990429119528","17.8699","17.622400000000003","0.24750000000000003","16.893","0.9733","False","18.1855","17.825100000000003","12.1152","1.4589","19.081300000000002","8","1","1","False","0"
"20980","2421264279040","1990429122003","1990429266610","14.7712","14.460700000000001","0.3105","14.971","1.2547000000000001","False","24.2373","14.708200000000001","18.1855","4.9362","19.396900000000002","8","1","1","False","0"
"20980","2421264279040","1990429269715","1990429432995","16.6989","16.328","0.3709","22.5993","7.1146","False","12.119800000000001","16.6385","24.2373","12.535","28.863000000000003","8","1","1","False","0"
"20980","2421264279040","1990429436704","1990429618669","18.4825","18.1965","0.28600000000000003","15.380600000000001","4.0469","False","12.1256","18.5674","12.119800000000001","6.087400000000001","24.283900000000003","8","1","1","False","0"
"20980","2421264279040","1990429621529","1990429778709","15.9383","15.718","0.22030000000000002","13.5321","1.5730000000000002","False","18.1769","16.004","12.1256","2.209","17.927","8","1","1","False","0"
"20980","2421264279040","1990429780912","1990429939055","16.023500000000002","15.814300000000001","0.2092","16.8348","2.3675","False","18.1769","16.0346","18.1769","4.3513","20.1656","8","1","1","False","0"
"20980","2421264279040","1990429941147","1990430105145","16.7655","16.3998","0.3657","16.1566","1.863","False","12.1361","16.609","18.1769","5.9192","22.319000000000003","8","1","1","False","0"
"20980","2421264279040","1990430108802","1990430239922","13.2767","13.112","0.1647","15.763800000000003","4.245","False","18.2","13.4777","12.1361","4.5776","17.689600000000002","8","1","1","False","0"
"20980","2421264279040","1990430241569","1990430399314","15.994400000000002","15.774500000000002","0.2199","13.441500000000001","1.7305000000000001","False","18.1598","15.939200000000001","18.2","6.8384","22.6129","8","1","1","False","0"
"20980","2421264279040","1990430401513","1990430594996","19.5286","19.348300000000002","0.18030000000000002","20.2168","2.3863000000000003","False","12.1172","19.5682","18.1598","5.430000000000001","24.7783","8","1","1","False","0"
"20980","2421264279040","1990430596799","1990430723048","12.8345","12.6249","0.2096","13.1309","2.6762","False","18.232300000000002","12.805200000000001","12.1172","4.742","17.3669","8","1","1","False","0"
"20980","2421264279040","1990430725144","1990430892766","17.1115","16.7622","0.3493","17.663600000000002","3.3613","False","12.077200000000001","16.9718","18.232300000000002","6.0025","22.7647","8","1","1","False","0"
"20980","2421264279040","1990430896259","1990431059721","16.5767","16.3462","0.2305","14.3437","1.0371000000000001","False","18.174","16.6955","12.077200000000001","1.3842","17.7304","8","1","1","False","0"
"20980","2421264279040","1990431062026","1990431204069","14.4153","14.2043","0.21100000000000002","16.588900000000002","3.1838","False","18.1754","14.434800000000001","18.174","5.1234","19.3277","8","1","1","False","0"
"20980","2421264279040","1990431206179","1990431376083","17.357400000000002","16.9904","0.367","16.6793","2.6044","False","12.142000000000001","17.2014","18.1754","6.0974","23.0878","8","1","1","False","0"
"20980","2421264279040","1990431379753","1990431521264","14.301800000000002","14.151100000000001","0.1507","14.029300000000001","2.2094","False","18.179100000000002","14.5181","12.142000000000001","3.7213000000000003","17.872400000000003","8","1","1","False","0"
"20980","2421264279040","1990431522771","1990431678462","16.2381","15.5691","0.669","16.8845","3.1655","False","18.2549","15.719800000000001","18.179100000000002","6.1806","21.7497","8","1","1","False","0"
"20980","2421264279040","1990431685152","1990431876289","19.2829","19.1137","0.16920000000000002","18.7943","2.3784","False","12.0523","19.782700000000002","18.2549","4.6528","23.7665","8","1","1","False","0"
"20980","2421264279040","1990431877981","1990431996593","12.08","11.8612","0.21880000000000002","12.2542","2.5566","False","24.2468","12.0304","12.0523","4.6747000000000005","16.5359","8","1","1","False","0"
"20980","2421264279040","1990431998781","1990432210920","21.451000000000004","21.213900000000002","0.2371","20.8031","1.955","False","12.1182","21.4327","24.2468","7.4888","28.7027","8","1","1","False","0"
"20980","2421264279040","1990432213291","1990432343477","13.239400000000002","13.018600000000001","0.22080000000000002","15.384799999999998","4.0797","False","6.0433","13.255700000000001","12.1182","6.3513","19.3699","8","1","1","False","0"
"20980","2421264279040","1990432345685","1990432453841","11.0334","10.8156","0.21780000000000002","8.0854","1.124","False","18.1902","11.0364","6.0433","1.3582","12.1738","8","1","1","False","0"
"20980","2421264279040","1990432456019","1990432620001","16.6374","16.3982","0.23920000000000002","16.838900000000002","1.3179","False","12.114600000000001","16.616","18.1902","2.9324000000000003","19.3306","8","1","1","False","0"
"20980","2421264279040","1990432622393","1990432744717","12.3617","12.2324","0.1293","12.446200000000001","1.3704","False","18.209500000000002","12.4716","12.114600000000001","2.5754","14.8078","8","1","1","False","0"
"20980","2421264279040","1990432746010","1990432832897","8.9474","8.6887","0.2587","13.8201","6.2833000000000006","False","6.0353","8.818","18.209500000000002","11.9669","20.6556","8","1","1","False","0"
"20980","2421264279040","1990432835484","1990432963326","12.978","12.7842","0.1938","9.4235","2.6999","False","18.2021","13.042900000000001","6.0353","4.9593","17.7435","8","1","1","False","0"
"20980","2421264279040","1990432965264","1990433134353","17.122","16.9089","0.2131","18.1173","3.7226000000000004","False","6.035","17.102700000000002","18.2021","6.0587","22.9676","8","1","1","False","0"
"20980","2421264279040","1990433136484","1990433207012","7.3535","7.0528","0.3007","6.172000000000001","2.5693","False","12.138300000000001","7.2659","6.035","4.8278","11.880600000000001","8","1","1","False","0"
"20980","2421264279040","1990433210019","1990433313606","10.5816","10.3587","0.22290000000000001","11.991200000000003","3.9615","False","12.1052","10.6594","12.138300000000001","6.3067","16.6654","8","1","1","False","0"
"20980","2421264279040","1990433315835","1990433441913","12.824000000000002","12.607800000000001","0.2162","13.3597","4.4785","False","12.146600000000001","12.8307","12.1052","5.5812","18.189","8","1","1","False","0"
"20980","2421264279040","1990433444075","1990433570656","12.8367","12.658100000000001","0.1786","10.588000000000001","2.2198","False","12.0914","12.8743","12.146600000000001","4.8535","17.5116","8","1","1","False","0"
"20980","2421264279040","1990433572442","1990433676588","10.6967","10.4146","0.2821","13.6212","5.2049","False","12.123700000000001","10.593200000000001","12.0914","6.3517","16.7663","8","1","1","False","0"
"20980","2421264279040","1990433679409","1990433814334","13.678900000000002","13.492500000000001","0.1864","11.4452","2.903","False","18.2303","13.774600000000001","12.123700000000001","4.7008","18.1933","8","1","1","False","0"
"20980","2421264279040","1990433816198","1990433960646","14.594800000000001","14.4448","0.15","14.659099999999999","2.9699","False","12.082","14.631200000000002","18.2303","8.299900000000001","22.7447","8","1","1","False","0"
"20980","2421264279040","1990433962146","1990434093069","13.2778","13.0923","0.1855","12.255600000000001","1.9483000000000001","False","12.117","13.2423","12.082","7.139600000000001","20.2319","8","1","1","False","0"
"20980","2421264279040","1990434094924","1990434226014","13.3642","13.109","0.25520000000000004","16.308400000000002","4.950200000000001","False","12.1128","13.294500000000001","12.117","5.9621","19.0711","8","1","1","False","0"
"20980","2421264279040","1990434228566","1990434342010","11.6174","11.3444","0.273","9.7688","3.1167000000000002","False","12.1966","11.5996","12.1128","6.475300000000001","17.8197","8","1","1","False","0"
"20980","2421264279040","1990434344740","1990434458889","11.663000000000002","11.414900000000001","0.24810000000000001","10.129000000000001","1.542","False","12.1707","11.6879","12.1966","6.984","18.3989","8","1","1","False","0"
"20980","2421264279040","1990434461370","1990434583781","12.505400000000002","12.241100000000001","0.26430000000000003","16.1556","5.245","False","12.014100000000001","12.4892","12.1707","6.665500000000001","18.9066","8","1","1","False","0"
"20980","2421264279040","1990434586424","1990434704985","12.131100000000002","11.856100000000001","0.275","10.197000000000001","3.2731000000000003","False","12.1144","12.1204","12.014100000000001","6.559200000000001","18.415300000000002","8","1","1","False","0"
"20980","2421264279040","1990434707735","1990434867782","16.2448","16.0047","0.2401","14.6163","1.6354000000000002","False","12.1165","16.279700000000002","12.1144","2.3939","18.398600000000002","8","1","1","False","0"
"20980","2421264279040","1990434870183","1990434988558","12.098600000000001","11.8375","0.2611","11.709000000000001","1.2522","False","12.1303","12.0776","12.1165","2.4328000000000003","14.2703","8","1","1","False","0"
"20980","2421264279040","1990434991169","1990435116685","12.8253","12.5516","0.2737","12.8068","1.2295","False","18.1793","12.812700000000001","12.1303","1.7504000000000002","14.302000000000001","8","1","1","False","0"
"20980","2421264279040","1990435119422","1990435228032","11.0953","10.861","0.2343","15.424700000000001","5.542400000000001","False","12.107700000000001","11.1347","18.1793","8.795","19.656000000000002","8","1","1","False","0"
"20980","2421264279040","1990435230375","1990435379565","15.2431","14.919","0.3241","13.270700000000001","3.6118","False","12.132200000000001","15.153300000000002","12.107700000000001","5.7494000000000005","20.668400000000002","8","1","1","False","0"
"20980","2421264279040","1990435382806","1990435485660","10.4792","10.285400000000001","0.1938","8.7311","1.8016","False","12.109","10.6095","12.132200000000001","7.2721","17.5575","8","1","1","False","0"
"20980","2421264279040","1990435487598","1990435636788","15.0725","14.919","0.1535","14.1934","1.0813000000000001","False","12.1775","15.1128","12.109","4.2683","19.1873","8","1","1","False","0"
"20980","2421264279040","1990435638323","1990435737032","10.2188","9.8709","0.34790000000000004","14.132000000000001","4.9057","False","12.0664","10.0244","12.1775","6.4214","16.2923","8","1","1","False","0"
"20980","2421264279040","1990435740511","1990435859749","12.2275","11.9238","0.3037","12.1997","4.887700000000001","False","12.138300000000001","12.271700000000001","12.0664","6.2161","18.1399","8","1","1","False","0"
"20980","2421264279040","1990435862786","1990435981398","12.216800000000001","11.8612","0.3556","10.5858","3.2729000000000004","False","12.1141","12.164900000000001","12.138300000000001","6.189500000000001","18.050700000000003","8","1","1","False","0"
"20980","2421264279040","1990435984954","1990436137806","15.455300000000001","15.285200000000001","0.1701","13.546700000000001","1.2577","False","12.124500000000001","15.6408","12.1141","2.6628000000000003","17.948","8","1","1","False","0"
"20980","2421264279040","1990436139507","1990436243212","10.5933","10.3705","0.2228","11.4739","2.1817","False","12.112200000000001","10.540600000000001","12.124500000000001","4.246700000000001","14.6172","8","1","1","False","0"
"20980","2421264279040","1990436245440","1990436357022","11.47","11.1582","0.3118","12.0838","2.7975000000000003","False","18.209500000000002","11.381","12.112200000000001","4.9779","16.1361","8","1","1","False","0"
"20980","2421264279040","1990436360140","1990436533195","17.551900000000003","17.305500000000002","0.2464","17.113300000000002","2.3721","False","6.0403","17.6173","18.209500000000002","5.5701","22.875600000000002","8","1","1","False","0"
"20980","2421264279040","1990436535659","1990436630421","9.7096","9.4762","0.23340000000000002","8.4529","1.0989","False","18.1724","9.7226","6.0403","1.8878000000000001","11.364","8","1","1","False","0"
"20980","2421264279040","1990436632755","1990436765872","13.5008","13.3117","0.18910000000000002","17.598200000000002","5.17","False","12.1173","13.545100000000001","18.1724","6.5151","19.826800000000002","8","1","1","False","0"
"20980","2421264279040","1990436767763","1990436904546","13.8524","13.6783","0.1741","10.5195","1.8355000000000001","False","12.1249","13.8674","12.1173","4.765000000000001","18.4433","8","1","1","False","0"
"20980","2421264279040","1990436906287","1990437027036","12.3229","12.074900000000001","0.248","12.9723","2.5044","False","12.131300000000001","12.249","12.1249","4.6409","16.7158","8","1","1","False","0"
"20980","2421264279040","1990437029516","1990437163329","13.561700000000002","13.381300000000001","0.1804","12.161200000000001","1.1038000000000001","False","12.132200000000001","13.6293","12.131300000000001","3.1429","16.5242","8","1","1","False","0"
"20980","2421264279040","1990437165133","1990437283860","12.0735","11.8727","0.2008","12.2066","1.2291","False","18.1894","12.0531","12.132200000000001","3.222","15.094700000000001","8","1","1","False","0"
"20980","2421264279040","1990437285868","1990437423412","13.9467","13.7544","0.1923","14.011000000000001","1.2777","False","6.0349","13.955200000000001","18.1894","7.4562","21.2106","8","1","1","False","0"
"20980","2421264279040","1990437425335","1990437539781","11.604500000000002","11.444600000000001","0.15990000000000001","11.677800000000001","1.3477000000000001","False","18.1992","11.6369","6.0349","1.8542","13.2988","8","1","1","False","0"
"20980","2421264279040","1990437541380","1990437667779","12.8611","12.6399","0.2212","12.7341","1.24","False","12.0975","12.799800000000001","18.1992","7.2536000000000005","19.8935","8","1","1","False","0"
"20980","2421264279040","1990437669991","1990437789252","12.1837","11.9261","0.2576","14.8368","3.8983000000000003","False","12.1319","12.147300000000001","12.0975","7.2038","19.1299","8","1","1","False","0"
"20980","2421264279040","1990437791828","1990437918371","12.864700000000001","12.654300000000001","0.2104","13.9634","4.9932","False","12.119","12.911900000000001","12.1319","6.4238","19.0781","8","1","1","False","0"
"20980","2421264279040","1990437920475","1990438050786","13.2582","13.0311","0.22710000000000002","11.9816","3.7218","False","18.1844","13.2415","12.119","5.3013","18.3324","8","1","1","False","0"
"20980","2421264279040","1990438053057","1990438263277","21.2589","21.022000000000002","0.2369","19.0395","1.5004000000000002","False","12.1216","21.249100000000002","18.1844","2.2366","23.2586","8","1","1","False","0"
"20980","2421264279040","1990438265646","1990438335128","7.1984","6.9482","0.25020000000000003","7.411300000000001","1.7606000000000002","False","12.122200000000001","7.1851","12.1216","7.173100000000001","14.121300000000002","8","1","1","False","0"
"20980","2421264279040","1990438337630","1990438464026","12.8958","12.6396","0.25620000000000004","16.0748","4.9111","False","12.123000000000001","12.889800000000001","12.122200000000001","6.4055","19.0451","8","1","1","False","0"
"20980","2421264279040","1990438466588","1990438591405","12.7615","12.4817","0.2798","9.8598","1.9896","False","12.114600000000001","12.7379","12.123000000000001","5.7906","18.2723","8","1","1","False","0"
"20980","2421264279040","1990438594203","1990438718540","12.8101","12.4337","0.3764","13.805100000000001","3.0467","False","12.1325","12.7135","12.114600000000001","5.1917","17.625400000000003","8","1","1","False","0"
"20980","2421264279040","1990438722304","1990438848277","12.8602","12.5973","0.2629","13.380500000000001","3.508","False","24.233500000000003","12.973700000000001","12.1325","4.3505","16.9478","8","1","1","False","0"
"20980","2421264279040","1990438850906","1990439108145","25.9221","25.7239","0.19820000000000002","23.634800000000002","1.2066000000000001","False","12.1212","25.986800000000002","24.233500000000003","2.5972","28.3211","8","1","1","False","0"
"20980","2421264279040","1990439110127","1990439208732","10.159","9.8605","0.2985","11.407","2.5646","False","18.241400000000002","10.0587","12.1212","4.6597","14.5202","8","1","1","False","0"
"20980","2421264279040","1990439211717","1990439387342","17.7778","17.5625","0.21530000000000002","17.9604","2.6434","False","12.0869","17.861","18.241400000000002","5.0401","22.602600000000002","8","1","1","False","0"
"20980","2421264279040","1990439389495","1990439475242","8.8185","8.5747","0.24380000000000002","9.7665","3.5952","False","6.0441","8.790000000000001","12.0869","8.337","16.9117","8","1","1","False","0"
"20980","2421264279040","1990439477680","1990439589216","11.4001","11.1536","0.24650000000000002","8.655700000000001","0.8833000000000001","False","12.104000000000001","11.397400000000001","6.0441","2.9837000000000002","14.137300000000002","8","1","1","False","0"
"20980","2421264279040","1990439591681","1990439715033","12.5706","12.3352","0.2354","13.038","1.3116","False","18.201800000000002","12.581700000000001","12.104000000000001","2.5060000000000002","14.8412","8","1","1","False","0"
"20980","2421264279040","1990439717387","1990439849691","13.4364","13.230400000000001","0.20600000000000002","15.106100000000001","2.9724","False","12.102400000000001","13.4658","18.201800000000002","7.242","20.4724","8","1","1","False","0"
"20980","2421264279040","1990439851751","1990439975886","12.638800000000002","12.4135","0.2253","13.978900000000003","4.314900000000001","False","12.1346","12.6195","12.102400000000001","6.724900000000001","19.1384","8","1","1","False","0"
"20980","2421264279040","1990439978139","1990440136639","16.087400000000002","15.850000000000001","0.2374","12.975000000000001","1.2029","False","18.1793","16.075300000000002","12.1346","2.7842000000000002","18.6342","8","1","1","False","0"
"20980","2421264279040","1990440139013","1990440287046","15.123","14.8033","0.31970000000000004","16.1006","2.2285","False","6.057300000000001","15.040700000000001","18.1793","5.9228000000000005","20.726100000000002","8","1","1","False","0"
"20980","2421264279040","1990440290243","1990440386373","9.862300000000001","9.613000000000001","0.24930000000000002","8.7095","1.0645","False","12.1226","9.9327","6.057300000000001","2.0474","11.660400000000001","8","1","1","False","0"
"20980","2421264279040","1990440388866","1990440503211","11.6236","11.4345","0.18910000000000002","11.8162","1.2283000000000002","False","12.1251","11.6838","12.1226","2.4862","13.9207","8","1","1","False","0"
"20980","2421264279040","1990440505102","1990440621860","11.884500000000001","11.6758","0.2087","11.886600000000001","1.2173","False","12.1155","11.8649","12.1251","2.7464","14.4222","8","1","1","False","0"
"20980","2421264279040","1990440623947","1990440741169","11.911800000000001","11.7222","0.18960000000000002","12.772400000000001","2.0715","False","18.180600000000002","11.930900000000001","12.1155","2.931","14.6532","8","1","1","False","0"
"20980","2421264279040","1990440743065","1990440893834","15.336","15.0769","0.2591","17.7483","4.5292","False","12.1188","15.2665","18.180600000000002","5.8451","20.922","8","1","1","False","0"
"20980","2421264279040","1990440896425","1990441004868","11.0249","10.8443","0.1806","8.1091","1.5847","False","18.2226","11.1034","12.1188","6.8605","17.704800000000002","8","1","1","False","0"
"20980","2421264279040","1990441006674","1990441202511","19.7879","19.5837","0.20420000000000002","20.174300000000002","1.9861000000000002","False","6.020300000000001","19.764300000000002","18.2226","5.3188","24.9025","8","1","1","False","0"
"20980","2421264279040","1990441204553","1990441290861","8.8617","8.6308","0.23090000000000002","8.2394","1.3672","False","24.2621","8.835","6.020300000000001","2.5041","11.1349","8","1","1","False","0"
"20980","2421264279040","1990441293170","1990441422746","13.223700000000001","12.957600000000001","0.2661","19.2882","7.4443","False","6.067","13.188500000000001","24.2621","13.5777","26.535300000000003","8","1","1","False","0"
"20980","2421264279040","1990441425407","1990441575554","15.231300000000001","15.014700000000001","0.21660000000000001","9.1666","1.3748","False","12.096","15.280800000000001","6.067","4.3639","19.378600000000002","8","1","1","False","0"
"20980","2421264279040","1990441577720","1990441676468","10.102","9.8748","0.2272","12.7642","4.0336","False","12.1363","10.0914","12.096","6.3685","16.2433","8","1","1","False","0"
"20980","2421264279040","1990441678740","1990441798404","12.2662","11.9664","0.2998","13.129700000000001","4.9236","False","12.108400000000001","12.1936","12.1363","6.3112","18.2776","8","1","1","False","0"
"20980","2421264279040","1990441801402","1990441953923","15.5241","15.2521","0.272","12.037200000000002","1.4127","False","18.171400000000002","15.551900000000002","12.108400000000001","2.8677","18.1198","8","1","1","False","0"
"20980","2421264279040","1990441956643","1990442098832","14.536700000000002","14.218900000000001","0.3178","18.2908","5.2064","False","12.1248","14.4909","18.171400000000002","6.5482000000000005","20.7671","8","1","1","False","0"
"20980","2421264279040","1990442102010","1990442263124","16.3533","16.1114","0.2419","12.1547","0.9735","False","12.1615","16.4292","12.1248","2.2438000000000002","18.3552","8","1","1","False","0"
"20980","2421264279040","1990442265543","1990442344757","8.1905","7.9214","0.2691","11.0881","3.8823000000000003","False","12.086400000000001","8.1633","12.1615","6.242","14.163400000000001","8","1","1","False","0"
"20980","2421264279040","1990442347448","1990442476724","13.141","12.9276","0.2134","12.219800000000001","2.8971","False","12.192300000000001","13.1967","12.086400000000001","5.1317","18.0593","8","1","1","False","0"
"20980","2421264279040","1990442478858","1990442582893","10.684800000000001","10.403500000000001","0.2813","12.932400000000001","5.2226","False","12.041400000000001","10.616900000000001","12.192300000000001","6.7071000000000005","17.1106","8","1","1","False","0"
"20980","2421264279040","1990442585706","1990442707765","12.474499999999999","12.2059","0.2686","12.252600000000001","4.9808","False","12.1354","12.487200000000001","12.041400000000001","6.2613","18.467200000000002","8","1","1","False","0"
"20980","2421264279040","1990442710451","1990442855279","14.693600000000002","14.482800000000001","0.21080000000000002","12.0967","2.3491","False","12.113000000000001","14.7514","12.1354","3.6453","18.1281","8","1","1","False","0"
"20980","2421264279040","1990442857387","1990442967659","11.183100000000001","11.0272","0.1559","11.2781","2.4247","False","12.1226","11.238000000000001","12.113000000000001","4.520300000000001","15.547500000000001","8","1","1","False","0"
"20980","2421264279040","1990442969218","1990443120186","15.3731","15.0968","0.2763","13.8253","0.93","False","18.1765","15.2527","12.1226","1.3902","16.487000000000002","8","1","1","False","0"
"20980","2421264279040","1990443122949","1990443247480","12.7339","12.453100000000001","0.2808","14.288400000000001","2.5272","False","12.1279","12.7294","18.1765","6.8373","19.2904","8","1","1","False","0"
"20980","2421264279040","1990443250288","1990443389315","14.464300000000001","13.902700000000001","0.5616","14.620800000000001","2.9367","False","12.1213","14.1835","12.1279","4.7817","18.6844","8","1","1","False","0"
"20980","2421264279040","1990443394931","1990443492833","10.099","9.7902","0.3088","12.5827","5.1105","False","18.174200000000003","10.3518","12.1213","6.551200000000001","16.3414","8","1","1","False","0"
"20980","2421264279040","1990443495921","1990443672163","17.9127","17.624200000000002","0.28850000000000003","15.2141","2.4229000000000003","False","12.1555","17.933","18.174200000000003","6.792400000000001","24.416600000000003","8","1","1","False","0"
"20980","2421264279040","1990443675048","1990443793685","12.1305","11.8637","0.26680000000000004","13.6365","3.9335","False","12.1121","12.1522","12.1555","6.7957","18.6594","8","1","1","False","0"
"20980","2421264279040","1990443796353","1990443906816","11.226","11.0463","0.1797","8.7653","1.4174","False","12.167900000000001","11.3131","12.1121","7.5947000000000005","18.641000000000002","8","1","1","False","0"
"20980","2421264279040","1990443908613","1990444040072","13.356300000000001","13.145900000000001","0.2104","15.8496","3.9268","False","12.1106","13.325600000000001","12.167900000000001","6.437","19.582900000000002","8","1","1","False","0"
"20980","2421264279040","1990444042176","1990444194560","15.4437","15.2384","0.2053","12.414200000000001","0.8985000000000001","False","12.071100000000001","15.4488","12.1106","3.0988","18.3372","8","1","1","False","0"
"20980","2421264279040","1990444196613","1990444309946","11.522200000000002","11.333300000000001","0.1889","12.6266","1.9975","False","12.1144","11.5386","12.071100000000001","3.6313","14.9646","8","1","1","False","0"
"20980","2421264279040","1990444311835","1990444404101","9.517000000000001","9.226600000000001","0.2904","12.3228","4.8583","False","18.189500000000002","9.4155","12.1144","6.3302000000000005","15.5568","8","1","1","False","0"
"20980","2421264279040","1990444407005","1990444581264","17.587300000000003","17.425900000000002","0.16140000000000002","18.1975","5.3979","False","6.052300000000001","17.7163","18.189500000000002","6.8034","24.229300000000002","8","1","1","False","0"
"20980","2421264279040","1990444582878","1990444663064","8.1865","8.018600000000001","0.16790000000000002","5.7761000000000005","3.0039000000000002","False","12.1179","8.18","6.052300000000001","4.6757","12.6943","8","1","1","False","0"
"20980","2421264279040","1990444664743","1990444777573","11.5576","11.283000000000001","0.2746","11.6713","3.1579","False","12.122200000000001","11.4509","12.1179","5.342700000000001","16.625700000000002","8","1","1","False","0"
"20980","2421264279040","1990444780319","1990444908148","13.072600000000001","12.782900000000001","0.2897","12.153500000000001","2.2044","False","12.1254","13.057500000000001","12.122200000000001","4.4074","17.1903","8","1","1","False","0"
"20980","2421264279040","1990444911045","1990445057272","14.9115","14.6227","0.2888","13.821900000000001","1.2163000000000002","False","12.1157","14.9124","12.1254","1.6204","16.243100000000002","8","1","1","False","0"
"20980","2421264279040","1990445060160","1990445180937","12.2643","12.0777","0.18660000000000002","12.344700000000003","1.1856","False","12.129000000000001","12.3665","12.1157","1.3696000000000002","13.4473","8","1","1","False","0"
"20980","2421264279040","1990445182803","1990445297917","11.7135","11.5114","0.2021","11.9693","1.4465000000000001","False","18.195800000000002","11.698","12.129000000000001","1.8006","13.312000000000001","8","1","1","False","0"
"20980","2421264279040","1990445299938","1990445438601","14.145100000000001","13.8663","0.2788","17.230700000000002","4.5731","False","6.046600000000001","14.0684","18.195800000000002","5.928","19.7943","8","1","1","False","0"
"20980","2421264279040","1990445441389","1990445545132","10.5714","10.3743","0.1971","7.044700000000001","1.0395","False","18.1833","10.6531","6.046600000000001","1.3215000000000001","11.6958","8","1","1","False","0"
"20980","2421264279040","1990445547103","1990445675446","13.1119","12.8343","0.2776","17.116300000000003","5.1058","False","18.1906","13.031400000000001","18.1833","6.473400000000001","19.3077","8","1","1","False","0"
"20980","2421264279040","1990445678222","1990445852735","17.7617","17.4513","0.3104","18.3022","5.609","False","6.0472","17.7289","18.1906","6.9351","24.386400000000002","8","1","1","False","0"
"20980","2421264279040","1990445855839","1990445955987","10.155000000000001","10.014800000000001","0.14020000000000002","5.673200000000001","1.0470000000000002","False","12.1216","10.3252","6.0472","2.6571000000000002","12.6719","8","1","1","False","0"
"20980","2421264279040","1990445957389","1990446071150","11.577000000000002","11.376100000000001","0.20090000000000002","12.563000000000002","2.0469","False","18.174","11.516300000000001","12.1216","3.2624","14.6385","8","1","1","False","0"
"20980","2421264279040","1990446073159","1990446212497","14.207300000000002","13.933800000000002","0.2735","14.5608","2.4436","False","12.152800000000001","14.1347","18.174","7.3017","21.235500000000002","8","1","1","False","0"
"20980","2421264279040","1990446215232","1990446331878","11.9209","11.6646","0.25630000000000003","10.879000000000001","1.4379000000000002","False","12.1279","11.9381","12.152800000000001","7.5164","19.181","8","1","1","False","0"
"20980","2421264279040","1990446334441","1990446454650","12.271500000000001","12.020900000000001","0.2506","13.3061","2.3885","False","24.317800000000002","12.2772","12.1279","7.367100000000001","19.388","8","1","1","False","0"
"20980","2421264279040","1990446457156","1990446704647","24.9749","24.749100000000002","0.2258","26.070400000000003","3.5610000000000004","False","12.029200000000001","24.9997","24.317800000000002","6.6852","31.4343","8","1","1","False","0"
"20980","2421264279040","1990446706905","1990446841157","13.802200000000001","13.4252","0.377","14.4753","4.301200000000001","False","12.102500000000001","13.651","12.029200000000001","5.063400000000001","18.4886","8","1","1","False","0"
"20980","2421264279040","1990446844927","1990446958863","11.7636","11.393600000000001","0.37","11.765500000000001","4.2992","False","12.1211","11.7706","12.102500000000001","5.395300000000001","16.7889","8","1","1","False","0"
"20980","2421264279040","1990446962563","1990447106610","14.6101","14.4047","0.2054","12.5875","2.1714","False","18.195800000000002","14.774700000000001","12.1211","2.7417000000000002","17.1464","8","1","1","False","0"
"20980","2421264279040","1990447108664","1990447246334","13.963700000000001","13.767000000000001","0.1967","17.3932","5.5863000000000005","False","6.046","13.9724","18.195800000000002","6.9651000000000005","20.732100000000003","8","1","1","False","0"
"20980","2421264279040","1990447248301","1990447358533","11.2475","11.023200000000001","0.2243","6.9968","1.337","False","18.2025","11.2199","6.046","1.7912000000000001","12.814400000000001","8","1","1","False","0"
"20980","2421264279040","1990447360776","1990447489126","13.1752","12.835","0.3402","14.3522","2.5697","False","6.0467","13.0593","18.2025","6.9344","19.7694","8","1","1","False","0"
"20980","2421264279040","1990447492528","1990447603276","11.35","11.0748","0.2752","9.9463","1.1214","False","18.183500000000002","11.415000000000001","6.0467","1.5661","12.6409","8","1","1","False","0"
"20980","2421264279040","1990447606028","1990447734151","13.0713","12.8123","0.259","17.249000000000002","5.3357","False","12.110000000000001","13.0875","18.183500000000002","6.662100000000001","19.4744","8","1","1","False","0"
"20980","2421264279040","1990447736741","1990447856352","12.2486","11.9611","0.28750000000000003","11.006300000000001","4.102","False","24.2667","12.2201","12.110000000000001","6.5520000000000005","18.5131","8","1","1","False","0"
"20980","2421264279040","1990447859227","1990448030112","17.2751","17.0885","0.18660000000000002","20.509600000000002","7.2719000000000005","False","6.0609","17.376","24.2667","13.4427","30.531200000000002","8","1","1","False","0"
"20980","2421264279040","1990448031978","1990448176759","14.6118","14.478100000000001","0.1337","9.8283","2.4585","False","6.0384","14.6647","6.0609","4.838900000000001","19.317","8","1","1","False","0"
"20980","2421264279040","1990448178096","1990448249848","7.3151","7.1752","0.1399","7.624300000000001","2.7777000000000003","False","12.129800000000001","7.3089","6.0384","3.5684","10.7436","8","1","1","False","0"
"20980","2421264279040","1990448251247","1990448378681","13.026200000000001","12.743400000000001","0.2828","12.2806","2.0820000000000003","False","18.2082","12.8833","12.129800000000001","2.8149","15.558300000000001","8","1","1","False","0"
"20980","2421264279040","1990448381509","1990448517538","13.8422","13.6029","0.2393","13.6369","1.8840000000000001","False","12.1013","13.8857","18.2082","7.1374","20.7403","8","1","1","False","0"
"20980","2421264279040","1990448519931","1990448642508","12.4976","12.2577","0.2399","14.621200000000002","3.9721","False","18.1918","12.497","12.1013","6.741700000000001","18.9994","8","1","1","False","0"
"20980","2421264279040","1990448644907","1990448838283","19.504700000000003","19.337600000000002","0.1671","18.4742","2.9323","False","6.0407","19.5775","18.1918","5.356","24.6936","8","1","1","False","0"
"20980","2421264279040","1990448839954","1990448904076","6.6622","6.4122","0.25","6.1530000000000005","2.4536000000000002","False","18.186700000000002","6.5793","6.0407","4.8174","11.229600000000001","8","1","1","False","0"
"20980","2421264279040","1990448906576","1990449064421","15.982500000000002","15.784500000000001","0.198","14.779100000000001","1.2204000000000002","False","12.108600000000001","16.0345","18.186700000000002","6.969600000000001","22.7541","8","1","1","False","0"
"20980","2421264279040","1990449066401","1990449185902","12.2765","11.9501","0.3264","13.6889","2.6998","False","12.1341","12.148100000000001","12.108600000000001","6.9301","18.880200000000002","8","1","1","False","0"
"20980","2421264279040","1990449189166","1990449308974","12.2925","11.9808","0.31170000000000003","15.026800000000001","5.4069","False","12.117600000000001","12.3072","12.1341","6.757000000000001","18.7378","8","1","1","False","0"
"20980","2421264279040","1990449312091","1990449451925","14.166700000000002","13.983400000000001","0.18330000000000002","11.7344","2.9381","False","18.1837","14.295100000000001","12.117600000000001","4.5795","18.562900000000003","8","1","1","False","0"
"20980","2421264279040","1990449453758","1990449611109","16.012700000000002","15.735100000000001","0.2776","15.6816","2.6436","False","12.1311","15.9184","18.1837","6.8448","22.579900000000002","8","1","1","False","0"
"20980","2421264279040","1990449613885","1990449730239","11.832500000000001","11.6354","0.1971","13.5092","4.2956","False","12.1362","11.913","12.1311","7.0629","18.6983","8","1","1","False","0"
"20980","2421264279040","1990449732210","1990449852538","12.332699999999999","12.0328","0.2999","12.176200000000001","4.1772","False","12.1517","12.2299","12.1362","6.969200000000001","19.002000000000002","8","1","1","False","0"
"20980","2421264279040","1990449855537","1990449979468","12.683200000000001","12.3931","0.2901","11.7021","3.2582","False","12.057300000000001","12.693000000000001","12.1517","6.4279","18.821","8","1","1","False","0"
"20980","2421264279040","1990449982369","1990450133146","15.2442","15.0777","0.1665","13.2874","1.1678","False","12.1324","15.3678","12.057300000000001","3.1174","18.1951","8","1","1","False","0"
"20980","2421264279040","1990450134811","1990450238624","10.583700000000002","10.381300000000001","0.2024","12.525300000000001","3.1262000000000003","False","12.1112","10.5478","12.1324","4.702","15.083300000000001","8","1","1","False","0"
"20980","2421264279040","1990450240648","1990450390100","15.201400000000001","14.945200000000002","0.25620000000000004","13.433300000000001","1.3893","False","18.1779","15.1476","12.1112","1.6656","16.6108","8","1","1","False","0"
"20980","2421264279040","1990450392662","1990450564441","17.3491","17.1779","0.17120000000000002","17.436","1.4504000000000001","False","12.1332","17.4341","18.1779","2.4094","19.587300000000003","8","1","1","False","0"
"20980","2421264279040","1990450566153","1990450643407","7.940200000000001","7.7254000000000005","0.21480000000000002","11.7608","5.2944","False","12.1164","7.8966","12.1332","6.646","14.371400000000001","8","1","1","False","0"
"20980","2421264279040","1990450645555","1990450767810","12.7327","12.2255","0.5072","12.1705","5.0059000000000005","False","18.183600000000002","12.4403","12.1164","6.322100000000001","18.5476","8","1","1","False","0"
"20980","2421264279040","1990450772882","1990450927046","15.581000000000001","15.416400000000001","0.1646","13.348700000000001","2.4596","False","12.1219","15.9236","18.183600000000002","8.5821","23.9985","8","1","1","False","0"
"20980","2421264279040","1990450928692","1990451073301","14.821900000000001","14.4609","0.36100000000000004","17.0511","4.7723","False","18.1878","14.6255","12.1219","6.0785","20.5394","8","1","1","False","0"
"20980","2421264279040","1990451076911","1990451255169","18.113300000000002","17.8258","0.28750000000000003","16.8919","3.7821000000000002","False","18.1662","18.1868","18.1878","6.0795","23.9053","8","1","1","False","0"
"20980","2421264279040","1990451258044","1990451432918","17.6937","17.4874","0.2063","20.444200000000002","6.2598","False","12.143500000000001","17.774900000000002","18.1662","6.4708000000000006","23.9582","8","1","1","False","0"
"20980","2421264279040","1990451434981","1990451580344","14.8396","14.5363","0.3033","10.592200000000002","2.0316","False","18.1597","14.742600000000001","12.143500000000001","3.8717","18.408","8","1","1","False","0"
"20980","2421264279040","1990451583377","1990451751785","17.125","16.8408","0.2842","17.5197","2.4135","False","18.1873","17.1441","18.1597","4.887300000000001","21.7281","8","1","1","False","0"
"20980","2421264279040","1990451754627","1990451922602","17.0808","16.7975","0.2833","19.4492","4.7956","False","18.1842","17.0817","18.1873","5.992900000000001","22.7904","8","1","1","False","0"
"20980","2421264279040","1990451925435","1990452094380","17.2317","16.8945","0.3372","16.019000000000002","3.6483000000000003","False","18.2485","17.1778","18.1842","6.999300000000001","23.893800000000002","8","1","1","False","0"
"20980","2421264279040","1990452097752","1990452281818","18.7009","18.4066","0.2943","19.9956","4.9103","False","18.1765","18.7438","18.2485","6.5040000000000004","24.910600000000002","8","1","1","False","0"
"20980","2421264279040","1990452284761","1990452416111","13.4695","13.135","0.3345","14.5287","6.0034","False","12.055900000000001","13.429300000000001","18.1765","11.2512","24.386200000000002","8","1","1","False","0"
"20980","2421264279040","1990452419456","1990452581764","16.436500000000002","16.230800000000002","0.20570000000000002","13.0023","2.4643","False","18.2316","16.5653","12.055900000000001","6.7418000000000005","22.9726","8","1","1","False","0"
"20980","2421264279040","1990452583821","1990452763527","18.1656","17.9706","0.195","21.1945","5.4825","False","12.0794","18.1763","18.2316","6.7971","24.7677","8","1","1","False","0"
"20980","2421264279040","1990452765477","1990452899636","13.7184","13.4159","0.3025","11.1691","2.9738","False","18.178800000000003","13.6109","12.0794","5.2656","18.6815","8","1","1","False","0"
"20980","2421264279040","1990452902661","1990453112536","21.146","20.9875","0.1585","19.387","1.1701000000000001","False","18.2334","21.290000000000003","18.178800000000003","2.1544000000000003","23.1419","8","1","1","False","0"
"20980","2421264279040","1990453114121","1990453243082","13.180100000000001","12.8961","0.28400000000000003","13.101700000000001","1.1991","False","18.1168","13.0546","18.2334","7.333200000000001","20.229300000000002","8","1","1","False","0"
"20980","2421264279040","1990453245922","1990453430601","18.7562","18.4679","0.2883","22.5198","4.9455","False","12.1431","18.7519","18.1168","6.6981","25.166","8","1","1","False","0"
"20980","2421264279040","1990453433484","1990453593752","16.182000000000002","16.0268","0.1552","12.518600000000001","1.1855","False","18.1686","16.3151","12.1431","2.5261","18.5529","8","1","1","False","0"
"20980","2421264279040","1990453595304","1990453746168","15.499500000000001","15.086400000000001","0.4131","18.6238","4.4947","False","18.1731","15.2416","18.1686","5.4531","20.5395","8","1","1","False","0"
"20980","2421264279040","1990453750299","1990453929723","18.1694","17.9424","0.227","16.7387","2.8908","False","18.1832","18.3555","18.1731","5.270700000000001","23.2131","8","1","1","False","0"
"20980","2421264279040","1990453931993","1990454093624","16.4497","16.1631","0.2866","19.1525","5.6431000000000004","False","12.1477","16.3901","18.1832","7.0638000000000005","23.2269","8","1","1","False","0"
"20980","2421264279040","1990454096490","1990454255620","16.133300000000002","15.913","0.22030000000000002","11.917900000000001","1.4231","False","24.2299","16.1996","12.1477","3.0119000000000002","18.9249","8","1","1","False","0"
"20980","2421264279040","1990454257823","1990454416859","16.2235","15.9036","0.3199","20.5577","5.8081000000000005","False","12.1842","16.1239","24.2299","11.1179","27.0215","8","1","1","False","0"
"20980","2421264279040","1990454420058","1990454583289","16.6215","16.3231","0.2984","15.941500000000001","5.0947000000000005","False","18.105800000000002","16.643","12.1842","6.6591000000000005","22.982200000000002","8","1","1","False","0"
"20980","2421264279040","1990454586273","1990454782169","19.7959","19.5896","0.2063","16.1731","1.4146","False","12.1349","19.888","18.105800000000002","4.8769","24.4665","8","1","1","False","0"
"20980","2421264279040","1990454784232","1990454925046","14.278500000000001","14.0814","0.1971","13.9977","1.1562000000000001","False","24.2347","14.287700000000001","12.1349","2.7241","16.805500000000002","8","1","1","False","0"
"20980","2421264279040","1990454927017","1990455151945","22.777600000000003","22.492800000000003","0.2848","23.77","2.1686","False","12.1265","22.6899","24.2347","4.2689","26.7617","8","1","1","False","0"
"20980","2421264279040","1990455154793","1990455249502","9.7712","9.4709","0.3003","12.833","5.2175","False","18.181","9.755700000000001","12.1265","6.6397","16.1106","8","1","1","False","0"
"20980","2421264279040","1990455252505","1990455435958","18.628700000000002","18.3453","0.28340000000000004","18.997500000000002","5.6481","False","18.2205","18.6456","18.181","6.1751000000000005","24.520400000000002","8","1","1","False","0"
"20980","2421264279040","1990455438792","1990455590275","15.2864","15.1483","0.1381","14.568900000000003","4.8196","False","12.0769","15.431700000000001","18.2205","8.9639","24.1122","8","1","1","False","0"
"20980","2421264279040","1990455591656","1990455752165","16.235400000000002","16.050900000000002","0.1845","14.1949","2.7924","False","24.259600000000002","16.189","12.0769","4.8518","20.9027","8","1","1","False","0"
"20980","2421264279040","1990455754010","1990455965325","21.4216","21.131500000000003","0.2901","21.217200000000002","2.6224000000000003","False","6.0416","21.316000000000003","24.259600000000002","7.795400000000001","28.9269","8","1","1","False","0"
"20980","2421264279040","1990455968226","1990456086297","12.0002","11.8071","0.19310000000000002","10.740300000000001","1.3404","False","24.247400000000003","12.0972","6.0416","1.7398","13.5469","8","1","1","False","0"
"20980","2421264279040","1990456088228","1990456277172","19.142500000000002","18.8944","0.24810000000000001","23.2252","5.4853000000000005","False","18.1824","19.087500000000002","24.247400000000003","6.8997","25.7941","8","1","1","False","0"
"20980","2421264279040","1990456279653","1990456438671","16.0578","15.901800000000001","0.156","15.799600000000002","5.1536","False","12.1205","16.149900000000002","18.1824","8.9322","24.834","8","1","1","False","0"
"20980","2421264279040","1990456440231","1990456588333","15.5807","14.8102","0.7705000000000001","14.7516","4.7243","False","18.1778","14.9662","12.1205","6.0865","20.896700000000003","8","1","1","False","0"
"20980","2421264279040","1990456596038","1990456759184","16.5499","16.314600000000002","0.2353","14.010900000000001","1.8097","False","12.1425","17.0851","18.1778","7.179200000000001","23.4938","8","1","1","False","0"
"20980","2421264279040","1990456761537","1990456930109","17.055000000000003","16.857200000000002","0.1978","16.7908","1.53","False","18.168","17.0925","12.1425","2.2292","19.0864","8","1","1","False","0"
"20980","2421264279040","1990456932087","1990457070002","14.000900000000001","13.791500000000001","0.2094","17.643700000000003","5.1829","False","18.1715","13.9893","18.168","6.407900000000001","20.1994","8","1","1","False","0"
"20980","2421264279040","1990457072096","1990457249107","17.9937","17.7011","0.2926","15.062700000000001","2.2902","False","18.1796","17.910500000000003","18.1715","6.668900000000001","24.37","8","1","1","False","0"
"20980","2421264279040","1990457252033","1990457445936","19.6187","19.3903","0.22840000000000002","20.4896","3.1297","False","12.136000000000001","19.6829","18.1796","5.1656","24.5559","8","1","1","False","0"
"20980","2421264279040","1990457448220","1990457588301","14.1981","14.0081","0.19","12.1034","1.0062","False","18.1732","14.236500000000001","12.136000000000001","3.0651","17.0732","8","1","1","False","0"
"20980","2421264279040","1990457590201","1990457776127","18.774900000000002","18.5926","0.18230000000000002","19.108900000000002","1.3521","False","18.175900000000002","18.782600000000002","18.1732","2.4557","21.0483","8","1","1","False","0"
"20980","2421264279040","1990457777950","1990457925938","15.0962","14.7988","0.2974","18.186","4.4861","False","18.1894","14.981100000000001","18.175900000000002","5.6505","20.4493","8","1","1","False","0"
"20980","2421264279040","1990457928912","1990458094290","16.7723","16.5378","0.23450000000000001","14.4367","2.1282","False","12.1202","16.8352","18.1894","7.004700000000001","23.5425","8","1","1","False","0"
"20980","2421264279040","1990458096635","1990458265568","17.0888","16.8933","0.1955","15.914000000000001","0.9288000000000001","False","24.2593","17.1278","12.1202","1.9971","18.8904","8","1","1","False","0"
"20980","2421264279040","1990458267523","1990458409506","14.607600000000001","14.198300000000001","0.4093","20.5181","6.9202","False","12.184800000000001","14.3938","24.2593","11.8626","26.0609","8","1","1","False","0"
"20980","2421264279040","1990458413599","1990458600501","18.9234","18.6902","0.23320000000000002","14.6217","2.5426","False","18.1068","19.099500000000003","12.184800000000001","4.947900000000001","23.6381","8","1","1","False","0"
"20980","2421264279040","1990458602833","1990458756602","15.6171","15.376900000000001","0.24020000000000002","14.4868","1.4468","False","18.1801","15.610100000000001","18.1068","7.4446","22.8215","8","1","1","False","0"
"20980","2421264279040","1990458759004","1990458985555","22.9832","22.6551","0.3281","23.340600000000002","1.8014000000000001","False","12.1582","22.895300000000002","18.1801","2.7294","25.384500000000003","8","1","1","False","0"
"20980","2421264279040","1990458988836","1990459066803","8.154","7.7967","0.3573","11.4959","5.1832","False","18.1395","8.1248","12.1582","6.7628","14.5595","8","1","1","False","0"
"20980","2421264279040","1990459070376","1990459247034","17.8926","17.6658","0.2268","18.3035","5.5214","False","18.1859","18.0231","18.1395","6.8792","24.545","8","1","1","False","0"
"20980","2421264279040","1990459249302","1990459447550","19.9876","19.8248","0.1628","16.9826","2.4943","False","12.1205","20.0516","18.1859","5.0135000000000005","24.8383","8","1","1","False","0"
"20980","2421264279040","1990459449178","1990459572278","12.5252","12.31","0.2152","12.5439","2.5303","False","18.2016","12.472800000000001","12.1205","4.6612","16.9712","8","1","1","False","0"
"20980","2421264279040","1990459574430","1990459738351","16.662599999999998","16.3921","0.2705","18.0197","3.9374000000000002","False","18.1617","16.607300000000002","18.2016","6.2555000000000005","22.6476","8","1","1","False","0"
"20980","2421264279040","1990459741056","1990459921005","18.328200000000002","17.9949","0.33330000000000004","19.1153","4.756600000000001","False","18.1857","18.2654","18.1617","6.151800000000001","24.146700000000003","8","1","1","False","0"
"20980","2421264279040","1990459924338","1990460102237","17.9769","17.7899","0.187","18.1914","4.8887","False","18.175700000000003","18.1232","18.1857","6.214300000000001","24.0042","8","1","1","False","0"
"20980","2421264279040","1990460104107","1990460278697","17.6623","17.459","0.2033","13.658800000000001","0.9124","False","12.119100000000001","17.646","18.175700000000003","6.744000000000001","24.203","8","1","1","False","0"
"20980","2421264279040","1990460280730","1990460445835","16.718700000000002","16.5105","0.2082","17.6464","1.8148000000000002","False","18.2347","16.7138","12.119100000000001","2.1493","18.6598","8","1","1","False","0"
"20980","2421264279040","1990460447917","1990460588488","14.2995","14.0571","0.2424","16.2986","3.8571","False","18.1323","14.2653","18.2347","6.1187000000000005","20.175800000000002","8","1","1","False","0"
"20980","2421264279040","1990460590912","1990460760604","17.1528","16.9692","0.1836","15.078100000000001","1.735","False","12.2177","17.2116","18.1323","7.0394000000000005","24.0086","8","1","1","False","0"
"20980","2421264279040","1990460762440","1990460919735","15.873500000000002","15.729500000000002","0.14400000000000002","15.362900000000002","1.2036","False","18.079","15.9131","12.2177","3.3440000000000003","19.0735","8","1","1","False","0"
"20980","2421264279040","1990460921175","1990461078222","15.921600000000002","15.7047","0.2169","15.8947","1.203","False","18.183500000000002","15.848700000000001","18.079","5.5743","21.279","8","1","1","False","0"
"20980","2421264279040","1990461080391","1990461246552","16.7977","16.6161","0.1816","21.2508","5.652200000000001","False","18.1815","16.833000000000002","18.183500000000002","6.9248","23.5409","8","1","1","False","0"
"20980","2421264279040","1990461248368","1990461438867","19.4752","19.0499","0.4253","16.6822","2.8507000000000002","False","12.1395","19.2315","18.1815","5.8748000000000005","24.9247","8","1","1","False","0"
"20980","2421264279040","1990461443120","1990461579738","13.835300000000002","13.661800000000001","0.17350000000000002","13.0641","2.0529","False","18.1705","14.087100000000001","12.1395","3.9272","17.589000000000002","8","1","1","False","0"
"20980","2421264279040","1990461581473","1990461741073","16.3012","15.96","0.3412","18.9987","4.8689","False","18.175700000000003","16.1335","18.1705","5.9642","21.924200000000003","8","1","1","False","0"
"20980","2421264279040","1990461744485","1990461945387","20.212","20.0902","0.1218","18.083000000000002","2.7848","False","18.1845","20.4314","18.175700000000003","3.7085000000000004","23.7987","8","1","1","False","0"
"20980","2421264279040","1990461946605","1990462092881","14.831800000000001","14.627600000000001","0.20420000000000002","13.980400000000001","1.8223","False","12.125","14.749400000000001","18.1845","7.1436","21.7712","8","1","1","False","0"
"20980","2421264279040","1990462094923","1990462263327","17.067300000000003","16.840400000000002","0.22690000000000002","16.4575","1.2364000000000002","False","18.1741","17.0446","12.125","2.224","19.064400000000003","8","1","1","False","0"
"20980","2421264279040","1990462265596","1990462433239","16.928900000000002","16.764300000000002","0.1646","16.8997","1.1440000000000001","False","18.265800000000002","16.9912","18.1741","3.4069000000000003","20.171200000000002","8","1","1","False","0"
"20980","2421264279040","1990462434885","1990462582932","15.0603","14.8047","0.2556","19.162300000000002","5.280200000000001","False","30.2222","14.9693","18.265800000000002","6.7034","21.508100000000002","8","1","1","False","0"
"20980","2421264279040","1990462585488","1990462915335","33.188100000000006","32.984700000000004","0.2034","30.1868","2.2521","False","18.1795","33.240300000000005","30.2222","3.6853000000000002","36.67","8","1","1","False","0"
"20980","2421264279040","1990462917369","1990463071967","15.8015","15.459800000000001","0.3417","18.303","4.854","False","18.1909","15.663200000000002","18.1795","6.2016","21.6614","8","1","1","False","0"
"20980","2421264279040","1990463075384","1990463260736","18.8458","18.5352","0.3106","18.692600000000002","4.7273000000000005","False","18.1724","18.876900000000003","18.1909","5.5156","24.050800000000002","8","1","1","False","0"
"20980","2421264279040","1990463263842","1990463432103","17.0081","16.8261","0.182","18.3274","5.9271","False","12.1769","17.1367","18.1724","6.5513","23.3774","8","1","1","False","0"
"20980","2421264279040","1990463433923","1990463583260","15.113","14.9337","0.17930000000000001","10.9925","1.7984","False","24.1822","15.1157","12.1769","3.6125000000000003","18.546200000000002","8","1","1","False","0"
"20980","2421264279040","1990463585053","1990463788728","20.5988","20.3675","0.2313","20.037300000000002","1.2578","False","12.127","20.5468","24.1822","7.2479000000000005","27.6154","8","1","1","False","0"
"20980","2421264279040","1990463791041","1990463918529","12.9968","12.748800000000001","0.248","17.1497","5.4222","False","18.1765","12.9801","12.127","6.3948","19.1436","8","1","1","False","0"
"20980","2421264279040","1990463921009","1990464085759","16.6747","16.475","0.19970000000000002","16.590600000000002","5.349600000000001","False","12.132000000000001","16.723000000000003","18.1765","7.8483","24.3233","8","1","1","False","0"
"20980","2421264279040","1990464087756","1990464251491","16.5779","16.3735","0.2044","13.5623","2.2969","False","24.233","16.5732","12.132000000000001","3.4071000000000002","19.7806","8","1","1","False","0"
"20980","2421264279040","1990464253535","1990464418251","16.674200000000003","16.471600000000002","0.2026","19.2541","4.8974","False","12.130500000000001","16.676000000000002","24.233","10.9641","27.4357","8","1","1","False","0"
"20980","2421264279040","1990464420277","1990464595984","18.110200000000003","17.570700000000002","0.5395","16.1359","2.9469000000000003","False","18.183500000000002","17.773300000000003","12.130500000000001","5.3213","22.892","8","1","1","False","0"
"20980","2421264279040","1990464601379","1990464763516","16.494","16.2137","0.2803","19.258100000000002","5.6885","False","12.1156","16.7532","18.183500000000002","6.751600000000001","22.965300000000003","8","1","1","False","0"
"20980","2421264279040","1990464766319","1990464921466","15.7094","15.514700000000001","0.1947","12.590300000000001","2.5615","False","18.1824","15.795","12.1156","3.0722","18.5869","8","1","1","False","0"
"20980","2421264279040","1990464923413","1990465075977","15.524700000000001","15.256400000000001","0.26830000000000004","17.62","4.688400000000001","False","18.1996","15.4511","18.1824","5.8035000000000005","21.059900000000003","8","1","1","False","0"
"20980","2421264279040","1990465078660","1990465248419","17.1826","16.9759","0.20670000000000002","16.962","4.446000000000001","False","18.1735","17.2442","18.1996","6.758900000000001","23.7348","8","1","1","False","0"
"20980","2421264279040","1990465250486","1990465432404","18.4743","18.1918","0.28250000000000003","19.8371","5.8269","False","12.123700000000001","18.398500000000002","18.1735","6.5339","24.7257","8","1","1","False","0"
"20980","2421264279040","1990465435229","1990465576560","14.3283","14.1331","0.1952","10.7837","2.2351","False","18.192700000000002","14.415600000000001","12.123700000000001","4.242","18.3751","8","1","1","False","0"
"20980","2421264279040","1990465578512","1990465754276","17.8068","17.5764","0.23040000000000002","18.09","2.5644","False","18.1582","17.7716","18.192700000000002","4.6631","22.2395","8","1","1","False","0"
"20980","2421264279040","1990465756580","1990465920567","16.7226","16.3987","0.3239","19.0527","4.9432","False","18.1887","16.6291","18.1582","6.192200000000001","22.5909","8","1","1","False","0"
"20980","2421264279040","1990465923806","1990466129534","20.8249","20.5728","0.2521","17.221","1.2772000000000001","False","18.185100000000002","20.896700000000003","18.1887","3.4842","24.057000000000002","8","1","1","False","0"
"20980","2421264279040","1990466132055","1990466274653","14.5149","14.2598","0.2551","15.1745","1.9438000000000002","False","18.1847","14.5119","18.185100000000002","7.1574","21.4172","8","1","1","False","0"
"20980","2421264279040","1990466277204","1990466448867","17.4114","17.1663","0.2451","17.319200000000002","1.8293000000000001","False","18.1716","17.421400000000002","18.1847","7.9207","25.087","8","1","1","False","0"
"20980","2421264279040","1990466451318","1990466679671","23.0382","22.8353","0.2029","22.477700000000002","1.25","False","12.125300000000001","23.0804","18.1716","3.0119000000000002","25.8472","8","1","1","False","0"
"20980","2421264279040","1990466681700","1990466772971","9.7917","9.1271","0.6646000000000001","12.862099999999998","4.6344","False","18.2025","9.33","12.125300000000001","5.8072","14.9343","8","1","1","False","0"
"20980","2421264279040","1990466779617","1990466949054","17.2626","16.9437","0.3189","16.8136","3.9363","False","18.154400000000003","17.6083","18.2025","6.401400000000001","23.345100000000002","8","1","1","False","0"
"20980","2421264279040","1990466952243","1990467127571","17.7767","17.5328","0.2439","14.968","1.0966","False","12.133000000000001","17.8517","18.154400000000003","6.7041","24.236900000000002","8","1","1","False","0"
"20980","2421264279040","1990467130010","1990467261749","14.334300000000002","13.173900000000001","1.1604","15.7065","2.4937","False","18.1685","13.417800000000002","12.133000000000001","5.419300000000001","18.5932","8","1","1","False","0"
"20980","2421264279040","1990467273353","1990467450088","17.9337","17.6735","0.2602","18.1268","2.6631","False","18.182000000000002","18.8339","18.1685","4.7539","22.427400000000002","8","1","1","False","0"
"20980","2421264279040","1990467452690","1990467612528","16.4772","15.9838","0.4934","19.1097","5.3642","False","24.2425","16.244","18.182000000000002","6.6919","22.675700000000003","8","1","1","False","0"
"20980","2421264279040","1990467617462","1990467834425","21.9512","21.6963","0.2549","19.4118","2.7587","False","12.1876","22.189700000000002","24.2425","8.7447","30.441000000000003","8","1","1","False","0"
"20980","2421264279040","1990467836974","1990467981037","15.0037","14.4063","0.5974","15.8305","3.9572000000000003","False","12.0553","14.661200000000001","12.1876","6.271100000000001","20.677400000000002","8","1","1","False","0"
"20980","2421264279040","1990467987011","1990468144521","15.9388","15.751000000000001","0.18780000000000002","13.8949","1.5145000000000002","False","24.261000000000003","16.3484","12.0553","1.9780000000000002","17.729","8","1","1","False","0"
"20980","2421264279040","1990468146399","1990468322549","17.7436","17.615000000000002","0.12860000000000002","21.6144","5.3644","False","12.1097","17.8028","24.261000000000003","8.436200000000001","26.0512","8","1","1","False","0"
"20980","2421264279040","1990468323835","1990468454293","13.3092","13.0458","0.2634","9.579600000000001","1.7041000000000002","False","12.1182","13.1744","12.1097","7.3715","20.4173","8","1","1","False","0"
"20980","2421264279040","1990468456927","1990468632901","17.8198","17.5974","0.22240000000000001","17.3672","1.2192","False","24.2302","17.8608","12.1182","1.6289","19.226300000000002","8","1","1","False","0"
"20980","2421264279040","1990468635125","1990468845272","21.2651","21.0147","0.2504","22.6187","2.6199000000000003","False","12.1346","21.2371","24.2302","4.622","25.6367","8","1","1","False","0"
"20980","2421264279040","1990468847776","1990468992618","14.789500000000002","14.484200000000001","0.3053","13.418000000000001","1.2134","False","24.227700000000002","14.7346","12.1346","2.0220000000000002","16.5062","8","1","1","False","0"
"20980","2421264279040","1990468995671","1990469215370","22.134600000000002","21.969900000000003","0.1647","23.089100000000002","2.3077","False","12.1326","22.2752","24.227700000000002","3.9745000000000004","25.9444","8","1","1","False","0"
"20980","2421264279040","1990469217017","1990469320011","10.646","10.2994","0.3466","13.102","4.6442000000000005","False","18.1837","10.4641","12.1326","5.643000000000001","15.942400000000001","8","1","1","False","0"
"20980","2421264279040","1990469323477","1990469492420","17.149800000000003","16.8943","0.2555","16.7647","4.229","False","18.183400000000002","17.2409","18.1837","6.5858","23.4801","8","1","1","False","0"
"20980","2421264279040","1990469494975","1990469680527","18.8724","18.5552","0.31720000000000004","19.3124","4.7615","False","12.1197","18.8107","18.183400000000002","5.9585","24.5137","8","1","1","False","0"
"20980","2421264279040","1990469683699","1990469792893","11.235700000000001","10.919400000000001","0.3163","12.0809","5.5372","False","12.183200000000001","11.236600000000001","12.1197","6.841600000000001","17.761","8","1","1","False","0"
"20980","2421264279040","1990469796056","1990469960780","16.8232","16.4724","0.3508","12.728800000000001","1.5078","False","18.117900000000002","16.788700000000002","12.183200000000001","2.2361","18.7085","8","1","1","False","0"
"20980","2421264279040","1990469964288","1990470111785","14.986500000000001","14.7497","0.2368","16.900000000000002","3.3311","False","18.1858","15.1005","18.117900000000002","5.2535","20.0032","8","1","1","False","0"
"20980","2421264279040","1990470114153","1990470272204","16.0565","15.805100000000001","0.2514","14.166400000000001","1.4903000000000002","False","12.1083","16.041900000000002","18.1858","7.3974","23.2025","8","1","1","False","0"
"20980","2421264279040","1990470274718","1990470423405","15.1738","14.8687","0.30510000000000004","14.801300000000001","1.08","False","18.185200000000002","15.1201","12.1083","4.3856","19.2543","8","1","1","False","0"
"20980","2421264279040","1990470426456","1990470579931","15.575800000000001","15.3475","0.2283","16.5926","2.0824000000000003","False","18.236700000000003","15.652600000000001","18.185200000000002","6.918200000000001","22.265700000000002","8","1","1","False","0"
"20980","2421264279040","1990470582214","1990470754800","17.4386","17.2586","0.18000000000000002","16.859","1.5001","False","18.1862","17.486900000000002","18.236700000000003","7.668","24.9266","8","1","1","False","0"
"20980","2421264279040","1990470756600","1990470943733","18.9451","18.7133","0.2318","18.9842","1.5585","False","12.0691","18.8933","18.1862","6.9609000000000005","25.674200000000003","8","1","1","False","0"
"20980","2421264279040","1990470946051","1990471079827","13.7421","13.377600000000001","0.3645","16.718700000000002","4.589","False","18.1705","13.6094","12.0691","5.4206","18.7982","8","1","1","False","0"
"20980","2421264279040","1990471083472","1990471248532","16.842200000000002","16.506","0.3362","14.7889","2.5198","False","18.1848","16.8705","18.1705","6.7206","23.2266","8","1","1","False","0"
"20980","2421264279040","1990471251894","1990471431785","18.213","17.9891","0.22390000000000002","21.5225","5.7892","False","18.2393","18.325300000000002","18.1848","6.580100000000001","24.569200000000002","8","1","1","False","0"
"20980","2421264279040","1990471434024","1990471604629","17.32","17.0605","0.2595","12.8504","1.3196","False","12.0693","17.2844","18.2393","7.535","24.5955","8","1","1","False","0"
"20980","2421264279040","1990471607224","1990471776992","17.3738","16.9768","0.397","17.540200000000002","1.5363","False","18.1809","17.2363","12.0693","2.3680000000000003","19.3448","8","1","1","False","0"
"20980","2421264279040","1990471780962","1990471949107","16.9448","16.814500000000002","0.1303","16.8936","1.3775000000000002","False","18.1719","17.2115","18.1809","3.3374","20.1519","8","1","1","False","0"
"20980","2421264279040","1990471950410","1990472101630","15.3656","15.122","0.2436","16.601300000000002","2.7088","False","12.1243","15.2523","18.1719","6.257000000000001","21.379","8","1","1","False","0"
"20980","2421264279040","1990472104066","1990472251959","15.0182","14.7893","0.22890000000000002","15.2444","2.8709000000000002","False","18.1845","15.032900000000001","12.1243","3.3484000000000003","18.137700000000002","8","1","1","False","0"
"20980","2421264279040","1990472254248","1990472453317","20.1492","19.9069","0.24230000000000002","18.2218","0.9600000000000001","False","18.1898","20.1358","18.1845","1.3971","21.304000000000002","8","1","1","False","0"
"20980","2421264279040","1990472455740","1990472608811","15.5436","15.3071","0.23650000000000002","16.9555","2.3755","False","18.177500000000002","15.5494","18.1898","4.0375000000000005","19.3446","8","1","1","False","0"
"20980","2421264279040","1990472611176","1990472762139","15.3359","15.096300000000001","0.2396","18.6672","5.6901","False","18.1726","15.3328","18.177500000000002","6.8822","21.9785","8","1","1","False","0"
"20980","2421264279040","1990472764535","1990472941049","17.883100000000002","17.651400000000002","0.23170000000000002","14.5912","2.4151000000000002","False","12.127500000000001","17.891000000000002","18.1726","7.1638","24.8152","8","1","1","False","0"
"20980","2421264279040","1990472943366","1990473079775","14.7014","13.6409","1.0605","16.223000000000003","4.7232","False","18.1778","13.8726","12.127500000000001","5.4187","19.0596","8","1","1","False","0"
"20980","2421264279040","1990473090380","1990473246357","15.876800000000001","15.597700000000001","0.2791","17.657500000000002","5.7388","False","18.1938","16.6582","18.1778","6.9383","22.536","8","1","1","False","0"
"20980","2421264279040","1990473249148","1990473421668","17.482300000000002","17.252000000000002","0.2303","14.4856","2.7189","False","12.1164","17.531100000000002","18.1938","7.601","24.853","8","1","1","False","0"
"20980","2421264279040","1990473423971","1990473598845","17.7439","17.4874","0.2565","16.3418","1.3463","False","24.243100000000002","17.7177","12.1164","1.9997","19.4871","8","1","1","False","0"
"20980","2421264279040","1990473601410","1990473785511","18.6272","18.4101","0.21710000000000002","19.8857","2.5676","False","12.124","18.666600000000003","24.243100000000002","7.5762","25.9863","8","1","1","False","0"
"20980","2421264279040","1990473787682","1990473934379","15.0488","14.6697","0.3791","14.1242","1.7149","False","18.1695","14.886800000000001","12.124","4.813400000000001","19.4831","8","1","1","False","0"
"20980","2421264279040","1990473938170","1990474097264","16.107100000000003","15.909400000000002","0.19770000000000001","19.9618","5.4964","False","18.189500000000002","16.2885","18.1695","6.6944","22.6038","8","1","1","False","0"
"20980","2421264279040","1990474099241","1990474272858","17.613500000000002","17.361700000000003","0.2518","18.1447","6.045","False","18.1703","17.5594","18.189500000000002","7.3245000000000005","24.6862","8","1","1","False","0"
"20980","2421264279040","1990474275376","1990474405621","13.277099999999999","13.0245","0.2526","15.2321","7.999700000000001","False","12.217600000000001","13.2763","18.1703","12.2185","25.243000000000002","8","1","1","False","0"
"20980","2421264279040","1990474408147","1990474583092","17.7235","17.494500000000002","0.229","13.9772","4.2395000000000005","False","18.0909","17.7471","12.217600000000001","6.689","24.183500000000002","8","1","1","False","0"
"20980","2421264279040","1990474585382","1990474765193","18.2512","17.9811","0.2701","19.3021","5.3403","False","18.1889","18.2101","18.0909","6.569800000000001","24.550900000000002","8","1","1","False","0"
"20980","2421264279040","1990474767894","1990474935791","16.9949","16.7897","0.20520000000000002","13.3724","1.6598000000000002","False","12.1113","17.0598","18.1889","7.6989","24.4886","8","1","1","False","0"
"20980","2421264279040","1990474937843","1990475102346","16.580900000000003","16.450300000000002","0.1306","17.3841","2.4349000000000003","False","18.1872","16.6555","12.1113","3.1547","19.605","8","1","1","False","0"
"20980","2421264279040","1990475103652","1990475258918","15.785","15.5266","0.2584","17.979400000000002","4.705","False","18.182100000000002","15.657200000000001","18.1872","5.6847","21.2113","8","1","1","False","0"
"20980","2421264279040","1990475261502","1990475425538","16.672900000000002","16.4036","0.26930000000000004","17.9634","6.0323","False","12.125900000000001","16.662","18.182100000000002","7.2048000000000005","23.6084","8","1","1","False","0"
"20980","2421264279040","1990475428231","1990475595977","16.971799999999998","16.7746","0.19720000000000001","12.264000000000001","1.2257","False","18.1823","17.0439","12.125900000000001","2.2868","19.061400000000003","8","1","1","False","0"
"20980","2421264279040","1990475597949","1990475753485","15.918500000000002","15.553600000000001","0.3649","17.198","3.0143","False","18.183400000000002","15.7508","18.1823","4.7183","20.271900000000002","8","1","1","False","0"
"20980","2421264279040","1990475757134","1990475930593","17.5374","17.3459","0.1915","17.2756","2.2575000000000003","False","12.115400000000001","17.710800000000003","18.183400000000002","5.1909","22.5368","8","1","1","False","0"
"20980","2421264279040","1990475932508","1990476083962","15.4135","15.1454","0.2681","14.723500000000001","1.5802","False","18.1832","15.3369","12.115400000000001","1.9694","17.114800000000002","8","1","1","False","0"
"20980","2421264279040","1990476086643","1990476266900","18.221700000000002","18.0257","0.196","18.169900000000002","1.5003","False","18.1798","18.2938","18.1832","1.8588","19.884500000000003","8","1","1","False","0"
"20980","2421264279040","1990476268860","1990476448654","18.1414","17.979400000000002","0.162","17.622","0.9861000000000001","False","18.1843","18.1754","18.1798","1.8632000000000002","19.8426","8","1","1","False","0"
"20980","2421264279040","1990476450274","1990476581904","13.3882","13.163","0.2252","17.861800000000002","5.4985","False","18.1838","13.325000000000001","18.1843","6.7225","19.8855","8","1","1","False","0"
"20980","2421264279040","1990476584156","1990476776976","19.4877","19.282","0.20570000000000002","15.160400000000001","1.1380000000000001","False","12.1148","19.5072","18.1838","5.399100000000001","24.6811","8","1","1","False","0"
"20980","2421264279040","1990476779033","1990476935204","15.8026","15.6171","0.1855","15.965100000000001","1.2937","False","18.1846","15.8228","12.1148","1.6911","17.3082","8","1","1","False","0"
"20980","2421264279040","1990476937059","1990477090824","15.5563","15.3765","0.17980000000000002","16.5412","2.2861000000000002","False","18.180600000000002","15.562000000000001","18.1846","4.3137","19.6902","8","1","1","False","0"
"20980","2421264279040","1990477092622","1990477265329","17.4322","17.2707","0.1615","17.9642","2.8114000000000003","False","18.1827","17.4505","18.180600000000002","5.0438","22.314500000000002","8","1","1","False","0"
"20980","2421264279040","1990477266944","1990477426155","16.124000000000002","15.921100000000001","0.2029","19.5734","6.2686","False","12.1384","16.0826","18.1827","7.1439","23.065","8","1","1","False","0"
"20980","2421264279040","1990477428184","1990477590040","16.384700000000002","16.1856","0.1991","11.7975","1.6787","False","18.1705","16.3885","12.1384","2.8938","19.0794","8","1","1","False","0"
"20980","2421264279040","1990477592031","1990477747651","15.938","15.562000000000001","0.376","18.736800000000002","4.604","False","18.2547","15.7611","18.1705","5.3032","20.8652","8","1","1","False","0"
"20980","2421264279040","1990477751411","1990477919881","17.131500000000003","16.847","0.28450000000000003","17.4587","4.863","False","30.227700000000002","17.223000000000003","18.2547","6.3349","23.181900000000002","8","1","1","False","0"
"20980","2421264279040","1990477922726","1990478250065","32.8916","32.7339","0.1577","30.215500000000002","2.1113","False","18.2936","33.0184","30.227700000000002","3.5442","36.2781","8","1","1","False","0"
"20980","2421264279040","1990478251642","1990478433490","18.4289","18.1848","0.2441","19.3403","3.0743","False","18.075100000000003","18.3425","18.2936","3.4953000000000003","21.6801","8","1","1","False","0"
"20980","2421264279040","1990478435931","1990478621652","18.762400000000003","18.572100000000002","0.1903","16.9444","1.224","False","18.174","18.816200000000002","18.075100000000003","2.7542","21.3263","8","1","1","False","0"
"20980","2421264279040","1990478623555","1990478769348","15.0292","14.5793","0.4499","18.5529","4.8979","False","18.179100000000002","14.7696","18.174","6.1586","20.7379","8","1","1","False","0"
"20980","2421264279040","1990478773847","1990478931874","15.970500000000001","15.802700000000002","0.1678","16.4908","5.2574000000000005","False","12.1272","16.2526","18.179100000000002","8.0851","23.887800000000002","8","1","1","False","0"
"20980","2421264279040","1990478933552","1990479085449","15.3556","15.1897","0.16590000000000002","12.9618","2.8652","False","18.1854","15.3575","12.1272","4.8548","20.0445","8","1","1","False","0"
"20980","2421264279040","1990479087108","1990479262108","17.7182","17.5","0.2182","18.351300000000002","3.5457","False","18.1709","17.6659","18.1854","5.3743","22.8743","8","1","1","False","0"
"20980","2421264279040","1990479264290","1990479439179","17.819000000000003","17.4889","0.3301","19.156100000000002","4.899500000000001","False","12.1266","17.7071","18.1709","5.8381","23.327","8","1","1","False","0"
"20980","2421264279040","1990479442480","1990479597836","15.755500000000001","15.5356","0.2199","12.1555","1.2404000000000002","False","18.182100000000002","15.8657","12.1266","2.099","17.634600000000002","8","1","1","False","0"
"20980","2421264279040","1990479600035","1990479759287","16.121","15.9252","0.1958","17.7131","2.8601","False","18.181800000000003","16.1451","18.182100000000002","4.136","20.0612","8","1","1","False","0"
"20980","2421264279040","1990479761245","1990479927726","16.9929","16.6481","0.3448","18.6978","4.6802","False","18.2706","16.8439","18.181800000000003","5.4739","22.122","8","1","1","False","0"
"20980","2421264279040","1990479931174","1990480103708","17.698999999999998","17.2534","0.4456","16.0044","3.0293","False","12.0328","17.598200000000002","18.2706","6.1463","23.399700000000003","8","1","1","False","0"
"20980","2421264279040","1990480108164","1990480251573","14.584200000000001","14.340900000000001","0.24330000000000002","13.7413","2.0665","False","18.1685","14.7865","12.0328","3.3926000000000003","17.7335","8","1","1","False","0"
"20980","2421264279040","1990480254006","1990480420618","16.8896","16.6612","0.22840000000000002","19.3155","4.4465","False","18.1876","16.904500000000002","18.1685","4.6566","21.317800000000002","8","1","1","False","0"
"20980","2421264279040","1990480422902","1990480581492","16.1188","15.859","0.25980000000000003","13.633000000000001","2.0002","False","18.1894","16.087400000000002","18.1876","6.7568","22.6158","8","1","1","False","0"
"20980","2421264279040","1990480584090","1990480765948","18.4271","18.1858","0.24130000000000001","21.8813","5.4149","False","12.130700000000001","18.445600000000002","18.1894","6.5006","24.686400000000003","8","1","1","False","0"
"20980","2421264279040","1990480768361","1990480924369","15.794900000000002","15.600800000000001","0.19410000000000002","11.779300000000001","1.3867","False","18.163800000000002","15.8421","12.130700000000001","2.7892","18.39","8","1","1","False","0"
"20980","2421264279040","1990480926310","1990481115996","19.2418","18.968600000000002","0.2732","19.0546","1.2374","False","18.1932","19.1627","18.163800000000002","1.7903","20.7589","8","1","1","False","0"
"20980","2421264279040","1990481118728","1990481251523","13.578700000000001","13.2795","0.2992","17.5437","5.1982","False","18.1747","13.552700000000002","18.1932","6.4308000000000005","19.7103","8","1","1","False","0"
"20980","2421264279040","1990481254515","1990481432860","18.0454","17.834500000000002","0.2109","16.8095","3.9213","False","12.129000000000001","18.1337","18.1747","6.4718","24.3063","8","1","1","False","0"
"20980","2421264279040","1990481434969","1990481585465","15.2316","15.0496","0.182","12.503300000000001","1.1760000000000002","False","18.1801","15.2605","12.129000000000001","3.3403","18.3899","8","1","1","False","0"
"20980","2421264279040","1990481587285","1990481761421","17.5971","17.413600000000002","0.1835","18.871100000000002","2.4469000000000003","False","18.1707","17.5956","18.1801","3.9248000000000003","21.3384","8","1","1","False","0"
"20980","2421264279040","1990481763256","1990481962558","20.2344","19.9302","0.3042","19.237700000000004","1.5236","False","18.1845","20.1137","18.1707","1.9818","21.912000000000003","8","1","1","False","0"
"20980","2421264279040","1990481965600","1990482099974","13.707","13.4374","0.2696","17.3564","5.2107","False","12.1477","13.7416","18.1845","6.4247000000000005","19.8621","8","1","1","False","0"
"20980","2421264279040","1990482102670","1990482265299","16.467200000000002","16.262900000000002","0.2043","12.853100000000001","1.5206000000000002","False","18.1598","16.532500000000002","12.1477","2.0399000000000003","18.3028","8","1","1","False","0"
"20980","2421264279040","1990482267342","1990482409888","14.598","14.2546","0.34340000000000004","17.6283","5.0186","False","18.178900000000002","14.4589","18.1598","5.7408","19.9954","8","1","1","False","0"
"20980","2421264279040","1990482413322","1990482583110","17.2025","16.9788","0.2237","18.2228","5.5621","False","18.1873","17.322200000000002","18.178900000000002","6.5975","23.5763","8","1","1","False","0"
"20980","2421264279040","1990482585347","1990482799279","21.576900000000002","21.3932","0.1837","17.153000000000002","1.1327","False","12.122900000000001","21.6169","18.1873","3.1679","24.5611","8","1","1","False","0"
"20980","2421264279040","1990482801116","1990482920791","12.147800000000002","11.967500000000001","0.18030000000000002","12.154499999999999","1.133","False","24.235200000000003","12.151200000000001","12.122900000000001","3.1396","15.1071","8","1","1","False","0"
"20980","2421264279040","1990482922594","1990483139667","21.9504","21.7073","0.2431","22.994200000000003","2.2070000000000003","False","12.1182","21.887600000000003","24.235200000000003","5.4872000000000005","27.1945","8","1","1","False","0"
"20980","2421264279040","1990483142098","1990483247721","10.8507","10.5623","0.2884","14.1403","5.5049","False","18.1877","10.8054","12.1182","6.800000000000001","17.3623","8","1","1","False","0"
"20980","2421264279040","1990483250605","1990483428167","17.9704","17.7562","0.2142","18.4753","5.9956000000000005","False","18.2366","18.044600000000003","18.1877","6.9431","24.6993","8","1","1","False","0"
"20980","2421264279040","1990483430309","1990483599288","17.0938","16.8979","0.19590000000000002","15.816600000000001","4.708","False","12.064","17.1121","18.2366","8.0676","24.965500000000002","8","1","1","False","0"
"20980","2421264279040","1990483601247","1990483773170","17.3448","17.1923","0.1525","14.3116","1.6571","False","18.185100000000002","17.3882","12.064","2.7434000000000003","19.9357","8","1","1","False","0"
"20980","2421264279040","1990483774695","1990483930800","15.8936","15.6105","0.2831","17.209","2.9968000000000004","False","18.180400000000002","15.763","18.185100000000002","5.165500000000001","20.776","8","1","1","False","0"
"20980","2421264279040","1990483933631","1990484095152","16.355900000000002","16.1521","0.2038","18.9341","5.5934","False","18.1859","16.435200000000002","18.180400000000002","6.9107","23.062800000000003","8","1","1","False","0"
"20980","2421264279040","1990484097190","1990484274438","17.899700000000003","17.724800000000002","0.1749","16.6015","4.262300000000001","False","18.1771","17.9286","18.1859","7.168","24.8928","8","1","1","False","0"
"20980","2421264279040","1990484276187","1990484434944","16.0222","15.8757","0.14650000000000002","16.3819","4.6024","False","12.1228","16.0506","18.1771","9.294500000000001","25.1702","8","1","1","False","0"
"20980","2421264279040","1990484436409","1990484586621","15.3603","15.0212","0.3391","15.737300000000001","5.083600000000001","False","18.1904","15.1677","12.1228","6.2496","21.2708","8","1","1","False","0"
"20980","2421264279040","1990484590012","1990484759800","17.2353","16.9788","0.2565","16.244","4.0362","False","12.1118","17.3179","18.1904","7.1221000000000005","24.100900000000003","8","1","1","False","0"
"20980","2421264279040","1990484762365","1990484926882","16.667500000000004","16.451700000000002","0.21580000000000002","14.151400000000002","1.5499","False","18.2676","16.7082","12.1118","2.5257","18.9774","8","1","1","False","0"
"20980","2421264279040","1990484929040","1990485071920","15.4308","14.288","1.1428","17.1553","3.317","False","18.0909","14.5038","18.2676","6.2895","20.5775","8","1","1","False","0"
"20980","2421264279040","1990485083348","1990485269579","18.8487","18.6231","0.22560000000000002","17.9555","2.3639","False","18.1861","19.765900000000002","18.0909","4.6145000000000005","23.2376","8","1","1","False","0"
"20980","2421264279040","1990485271835","1990485421661","15.271","14.982600000000001","0.2884","19.4237","6.5121","False","12.1209","15.208200000000001","18.1861","7.5924000000000005","22.575000000000003","8","1","1","False","0"
"20980","2421264279040","1990485424545","1990485602809","18.0264","17.8264","0.2","12.8812","1.3464","False","18.178900000000002","18.114800000000002","12.1209","1.5985","19.4249","8","1","1","False","0"
"20980","2421264279040","1990485604809","1990485750483","14.7354","14.567400000000001","0.168","16.0171","2.5997000000000003","False","18.1778","14.7674","18.178900000000002","5.010000000000001","19.5774","8","1","1","False","0"
"20980","2421264279040","1990485752163","1990485922146","18.282700000000002","16.9983","1.2844","18.6206","2.9534000000000002","False","18.1767","17.1663","18.1778","6.0215000000000005","23.0198","8","1","1","False","0"
"20980","2421264279040","1990485934990","1990486094621","16.1613","15.9631","0.19820000000000002","16.4588","3.2687","False","12.138100000000001","17.247500000000002","18.1767","6.9507","22.913800000000002","8","1","1","False","0"
"20980","2421264279040","1990486096603","1990486265063","17.0296","16.846","0.1836","14.7564","0.9729000000000001","False","24.3355","17.0442","12.138100000000001","2.0446","18.8906","8","1","1","False","0"
"20980","2421264279040","1990486266899","1990486409756","14.5216","14.2857","0.2359","20.939500000000002","7.4072000000000005","False","12.0222","14.4693","24.3355","11.9108","26.1965","8","1","1","False","0"
"20980","2421264279040","1990486412115","1990486583501","17.3078","17.1386","0.16920000000000002","13.9509","4.0455000000000005","False","18.185000000000002","17.3745","12.0222","6.5585","23.697100000000002","8","1","1","False","0"
"20980","2421264279040","1990486585193","1990486772615","18.9304","18.7422","0.1882","19.7464","4.855300000000001","False","12.138900000000001","18.9114","18.185000000000002","5.8321000000000005","24.5743","8","1","1","False","0"
"20980","2421264279040","1990486774497","1990486931140","15.9389","15.6643","0.2746","12.4673","1.3992","False","18.1598","15.852500000000001","12.138900000000001","2.1185","17.7828","8","1","1","False","0"
"20980","2421264279040","1990486933886","1990487115072","18.3383","18.1186","0.2197","18.5054","1.5559","False","18.1822","18.3932","18.1598","1.8851","20.003700000000002","8","1","1","False","0"
"20980","2421264279040","1990487117269","1990487250570","13.5554","13.3301","0.2253","17.403200000000002","5.3998","False","18.185000000000002","13.549800000000001","18.1822","6.5175","19.8476","8","1","1","False","0"
"20980","2421264279040","1990487252823","1990487425607","17.534000000000002","17.2784","0.2556","13.342600000000001","1.2506000000000002","False","12.1232","17.503700000000002","18.185000000000002","7.1988","24.4772","8","1","1","False","0"
"20980","2421264279040","1990487428163","1990487601136","17.5531","17.2973","0.2558","17.7859","1.4505000000000001","False","24.2418","17.5529","12.1232","1.7691000000000001","19.0664","8","1","1","False","0"
"20980","2421264279040","1990487603694","1990487839475","23.7633","23.578100000000003","0.1852","23.535200000000003","1.1974","False","18.1811","23.8339","24.2418","2.177","25.755100000000002","8","1","1","False","0"
"20980","2421264279040","1990487841327","1990487979052","14.077000000000002","13.7725","0.3045","18.0532","5.2336","False","18.1785","13.9577","18.1811","6.4004","20.172900000000002","8","1","1","False","0"
"20980","2421264279040","1990487982097","1990488170151","19.083800000000004","18.805400000000002","0.27840000000000004","17.748","3.9268","False","18.1869","19.1099","18.1785","5.469","24.2744","8","1","1","False","0"
"20980","2421264279040","1990488172935","1990488352264","18.1991","17.9329","0.2662","18.8919","4.5918","False","18.1769","18.2113","18.1869","5.4446","23.3775","8","1","1","False","0"
"20980","2421264279040","1990488354926","1990488530053","17.895400000000002","17.512700000000002","0.38270000000000004","18.0408","4.7243","False","18.2161","17.7789","18.1769","5.8426","23.3553","8","1","1","False","0"
"20980","2421264279040","1990488533880","1990488715886","18.4041","18.2006","0.20350000000000001","16.96","3.2387","False","18.140700000000002","18.5833","18.2161","5.4754000000000005","23.676000000000002","8","1","1","False","0"
"20980","2421264279040","1990488717921","1990488903061","18.7146","18.514","0.2006","18.3784","2.9227000000000003","False","24.2485","18.7175","18.140700000000002","4.8986","23.4126","8","1","1","False","0"
"20980","2421264279040","1990488905067","1990489103636","19.9956","19.8569","0.13870000000000002","21.6631","4.7248","False","12.1216","20.0575","24.2485","9.0896","28.9465","8","1","1","False","0"
"20980","2421264279040","1990489105023","1990489263398","16.520500000000002","15.8375","0.683","14.6292","2.9141000000000004","False","24.2349","15.9762","12.1216","5.235","21.0725","8","1","1","False","0"
"20980","2421264279040","1990489270228","1990489502080","23.415300000000002","23.185200000000002","0.2301","23.0209","2.3213","False","18.1876","23.8682","24.2349","5.6017","28.786900000000003","8","1","1","False","0"
"20980","2421264279040","1990489504381","1990489664864","16.2543","16.0483","0.20600000000000002","15.4487","1.4835","False","18.1812","16.2784","18.1876","7.5109","23.5592","8","1","1","False","0"
"20980","2421264279040","1990489666924","1990489801003","13.976500000000001","13.407900000000001","0.5686","19.7102","7.3340000000000005","False","12.197000000000001","13.613900000000001","18.1812","12.0782","25.4861","8","1","1","False","0"
"20980","2421264279040","1990489806689","1990490016718","21.155","21.0029","0.1521","14.9603","1.0151000000000001","False","18.1258","21.5715","12.197000000000001","2.7037","23.7066","8","1","1","False","0"
"20980","2421264279040","1990490018239","1990490147930","13.229800000000001","12.969100000000001","0.2607","13.786800000000001","1.591","False","18.1686","13.1212","18.1258","7.7083","20.677400000000002","8","1","1","False","0"
"20980","2421264279040","1990490150537","1990490326108","17.779300000000003","17.557100000000002","0.2222","18.7435","2.5841000000000003","False","6.063000000000001","17.817800000000002","18.1686","8.0591","25.616200000000003","8","1","1","False","0"
"20980","2421264279040","1990490328330","1990490447832","12.133600000000001","11.9502","0.1834","10.4699","0.8722000000000001","False","18.1768","12.172400000000001","6.063000000000001","1.9497","13.8999","8","1","1","False","0"
"20980","2421264279040","1990490449666","1990490594258","14.746500000000001","14.459200000000001","0.2873","17.041700000000002","3.2002","False","12.1553","14.6426","18.1768","5.4839","19.9431","8","1","1","False","0"
"20980","2421264279040","1990490597131","1990490716772","12.352500000000001","11.9641","0.3884","12.5618","3.494","False","18.1548","12.2514","12.1553","5.3878","17.3519","8","1","1","False","0"
"20980","2421264279040","1990490720656","1990490880820","16.3325","16.0164","0.3161","18.7421","5.8382000000000005","False","12.104600000000001","16.4048","18.1548","7.1378","23.1542","8","1","1","False","0"
"20980","2421264279040","1990490883981","1990491001758","12.012300000000002","11.777700000000001","0.2346","7.297300000000001","1.1051","False","12.2478","12.0938","12.104600000000001","7.1486","18.9263","8","1","1","False","0"
"20980","2421264279040","1990491004104","1990491167000","16.4639","16.2896","0.1743","16.5957","1.2074","False","12.000300000000001","16.5242","12.2478","2.8722000000000003","19.1618","8","1","1","False","0"
"20980","2421264279040","1990491168743","1990491295259","12.8415","12.6516","0.1899","13.201","1.5667","False","18.1906","12.8259","12.000300000000001","2.0466","14.6982","8","1","1","False","0"
"20980","2421264279040","1990491297158","1990491440307","14.581300000000002","14.314900000000002","0.2664","17.6566","4.7123","False","12.1052","14.504800000000001","18.1906","5.7324","20.0473","8","1","1","False","0"
"20980","2421264279040","1990491442971","1990491594099","15.3347","15.1128","0.22190000000000001","11.9724","1.2855","False","18.200200000000002","15.3792","12.1052","2.4584","17.5712","8","1","1","False","0"
"20980","2421264279040","1990491596318","1990491746473","15.345300000000002","15.015500000000001","0.32980000000000004","18.66","4.6748","False","18.1736","15.237400000000001","18.200200000000002","5.421200000000001","20.436700000000002","8","1","1","False","0"
"20980","2421264279040","1990491749771","1990491926874","17.9924","17.7103","0.2821","18.0456","4.7088","False","18.1711","18.040100000000002","18.1736","5.5547","23.265","8","1","1","False","0"
"20980","2421264279040","1990491929695","1990492096187","16.8105","16.6492","0.1613","17.541700000000002","5.3571","False","12.1325","16.9313","18.1711","6.7945","23.4437","8","1","1","False","0"
"20980","2421264279040","1990492097800","1990492256523","16.1187","15.872300000000001","0.2464","12.1791","1.4598","False","24.232200000000002","16.0336","12.1325","2.8934","18.765700000000002","8","1","1","False","0"
"20980","2421264279040","1990492258987","1990492458263","20.1582","19.9276","0.2306","21.6131","2.9182","False","12.132200000000001","20.174","24.232200000000002","6.9516","26.8792","8","1","1","False","0"
"20980","2421264279040","1990492460569","1990492596993","13.9368","13.6424","0.2944","14.091000000000001","3.0740000000000003","False","18.1826","13.873000000000001","12.132200000000001","5.2108","18.8532","8","1","1","False","0"
"20980","2421264279040","1990492599937","1990492763441","16.5715","16.3504","0.22110000000000002","18.979100000000003","5.475700000000001","False","12.120700000000001","16.6448","18.1826","6.748600000000001","23.099","8","1","1","False","0"
"20980","2421264279040","1990492765652","1990492919554","15.6674","15.3902","0.2772","12.520900000000001","2.3942","False","18.1838","15.6113","12.120700000000001","3.258","18.6482","8","1","1","False","0"
"20980","2421264279040","1990492922326","1990493080188","16.063000000000002","15.786200000000001","0.2768","18.1749","4.4931","False","18.2197","16.0634","18.1838","5.3784","21.1646","8","1","1","False","0"
"20980","2421264279040","1990493082956","1990493248820","16.8362","16.5864","0.24980000000000002","15.8338","3.4351000000000003","False","18.1396","16.8632","18.2197","6.7349000000000006","23.3213","8","1","1","False","0"
"20980","2421264279040","1990493251318","1990493425209","17.6735","17.3891","0.2844","15.2752","1.0445","False","12.1378","17.6389","18.1396","7.235600000000001","24.6247","8","1","1","False","0"
"20980","2421264279040","1990493428053","1990493586017","15.9911","15.7964","0.1947","16.134600000000002","1.1521000000000001","False","18.1615","16.0808","12.1378","3.2926","19.089000000000002","8","1","1","False","0"
"20980","2421264279040","1990493587964","1990493750661","16.5524","16.2697","0.2827","16.6487","1.2959","False","18.186500000000002","16.4644","18.1615","4.9897","21.2594","8","1","1","False","0"
"20980","2421264279040","1990493753488","1990493917762","16.655","16.427400000000002","0.22760000000000002","20.7576","5.3978","False","18.1811","16.7101","18.186500000000002","6.4661","22.8935","8","1","1","False","0"
"20980","2421264279040","1990493920038","1990494097868","18.1017","17.783","0.31870000000000004","16.3764","3.6711","False","18.182100000000002","18.0106","18.1811","6.6366000000000005","24.419600000000003","8","1","1","False","0"
"20980","2421264279040","1990494101055","1990494275306","17.63","17.4251","0.2049","19.6786","5.6849","False","12.1266","17.7438","18.182100000000002","7.0749","24.5","8","1","1","False","0"
"20980","2421264279040","1990494277355","1990494422624","14.716500000000002","14.526900000000001","0.18960000000000002","13.035499999999999","4.0125","False","18.1741","14.731800000000002","12.1266","4.4697000000000005","18.9966","8","1","1","False","0"
"20980","2421264279040","1990494424520","1990494586735","16.546200000000002","16.221500000000002","0.3247","14.451400000000001","1.9801000000000002","False","12.1121","16.4111","18.1741","6.2327","22.4542","8","1","1","False","0"
"20980","2421264279040","1990494589982","1990494755750","16.808100000000003","16.576800000000002","0.2313","16.070800000000002","1.1901000000000002","False","18.1964","16.901500000000002","12.1121","1.4433","18.0201","8","1","1","False","0"
"20980","2421264279040","1990494758063","1990494935949","18.029200000000003","17.788600000000002","0.2406","18.0709","1.2275","False","18.1768","18.0199","18.1964","1.6198000000000001","19.4084","8","1","1","False","0"
"20980","2421264279040","1990494938355","1990495114094","17.8137","17.573900000000002","0.2398","17.810300000000005","1.2355","False","18.1826","17.814500000000002","18.1768","1.9821000000000002","19.556","8","1","1","False","0"
"20980","2421264279040","1990495116492","1990495249861","13.5692","13.3369","0.2323","17.664","5.322900000000001","False","18.176000000000002","13.5767","18.1826","6.588","19.9249","8","1","1","False","0"
"20980","2421264279040","1990495252184","1990495465752","21.6089","21.3568","0.2521","18.6081","2.6289000000000002","False","12.123800000000001","21.589100000000002","18.176000000000002","3.1749","24.5317","8","1","1","False","0"
"20980","2421264279040","1990495468273","1990495602040","13.635900000000001","13.376700000000001","0.2592","12.5385","1.2373","False","18.1839","13.6288","12.123800000000001","1.6699000000000002","15.046600000000002","8","1","1","False","0"
"20980","2421264279040","1990495604632","1990495736272","13.371500000000001","13.164000000000001","0.20750000000000002","17.346","5.2074","False","30.3016","13.423200000000001","18.1839","6.4306","19.5946","8","1","1","False","0"
"20980","2421264279040","1990495738347","1990496084049","34.7849","34.5702","0.2147","31.1229","1.5258","False","18.191000000000003","34.7777","30.3016","1.9545000000000001","36.5247","8","1","1","False","0"
"20980","2421264279040","1990496086196","1990496265783","18.179000000000002","17.9587","0.22030000000000002","18.1615","1.5197","False","18.1741","18.1734","18.191000000000003","1.9721000000000002","19.9308","8","1","1","False","0"
"20980","2421264279040","1990496267986","1990496445939","17.965300000000003","17.7953","0.17","18.3504","1.8817000000000002","False","18.210900000000002","18.0156","18.1741","2.1306000000000003","19.925900000000002","8","1","1","False","0"
"20980","2421264279040","1990496447639","1990496580570","13.5172","13.2931","0.22410000000000002","13.295200000000001","1.6652","False","18.2273","13.4631","18.210900000000002","6.8784","20.1715","8","1","1","False","0"
"20980","2421264279040","1990496582811","1990496783077","20.445300000000003","20.026600000000002","0.4187","20.8545","2.2871","False","12.1152","20.250700000000002","18.2273","4.855","24.881600000000002","8","1","1","False","0"
"20980","2421264279040","1990496787264","1990496905105","12.021","11.7841","0.2369","12.6013","2.7270000000000003","False","18.114","12.2028","12.1152","4.7674","16.5515","8","1","1","False","0"
"20980","2421264279040","1990496907474","1990497083240","17.7925","17.5766","0.2159","17.2966","2.1816","False","18.184","17.8135","18.114","5.0679","22.6445","8","1","1","False","0"
"20980","2421264279040","1990497085399","1990497249888","16.7646","16.448900000000002","0.31570000000000004","19.9632","5.396100000000001","False","18.1785","16.6648","18.184","6.5871","23.036","8","1","1","False","0"
"20980","2421264279040","1990497253045","1990497425517","17.5471","17.2472","0.2999","18.2973","6.1808000000000005","False","18.182000000000002","17.5629","18.1785","7.2027","24.4499","8","1","1","False","0"
"20980","2421264279040","1990497428516","1990497610772","18.467","18.2256","0.2414","17.494600000000002","5.1611","False","12.1174","18.5255","18.182000000000002","6.8592","25.0848","8","1","1","False","0"
"20980","2421264279040","1990497613186","1990497745659","13.6636","13.247300000000001","0.4163","13.116900000000001","4.7013","False","24.258200000000002","13.488700000000001","12.1174","5.487900000000001","18.735200000000003","8","1","1","False","0"
"20980","2421264279040","1990497749822","1990497976796","22.954600000000003","22.697400000000002","0.25720000000000004","21.1521","2.8499000000000003","False","12.111600000000001","23.1137","24.258200000000002","6.6324000000000005","29.329800000000002","8","1","1","False","0"
"20980","2421264279040","1990497979368","1990498093864","11.6514","11.4496","0.2018","13.342099999999999","4.4926","False","12.128300000000001","11.706800000000001","12.111600000000001","7.0372","18.486800000000002","8","1","1","False","0"
"20980","2421264279040","1990498095882","1990498262379","16.8411","16.6497","0.19140000000000001","13.907200000000001","1.5585","False","18.168","16.8515","12.128300000000001","2.314","18.9637","8","1","1","False","0"
"20980","2421264279040","1990498264293","1990498405974","14.417900000000001","14.1681","0.24980000000000002","15.138100000000001","2.3312","False","18.1874","14.3595","18.168","6.1225000000000005","20.2906","8","1","1","False","0"
"20980","2421264279040","1990498408472","1990498590362","18.5554","18.189","0.3664","21.0728","4.9138","False","18.2939","18.4388","18.1874","5.8711","24.060100000000002","8","1","1","False","0"
"20980","2421264279040","1990498594026","1990498771920","18.009900000000002","17.7894","0.2205","16.9496","3.7357","False","12.015500000000001","18.1558","18.2939","6.0092","23.7986","8","1","1","False","0"
"20980","2421264279040","1990498774125","1990498919072","14.6565","14.4947","0.1618","13.102300000000001","2.1465","False","18.1752","14.715200000000001","12.015500000000001","3.3095000000000003","17.8042","8","1","1","False","0"
"20980","2421264279040","1990498920690","1990499079352","16.1093","15.866200000000001","0.2431","18.4927","4.5904","False","18.1868","16.028000000000002","18.1752","5.4567000000000005","21.3229","8","1","1","False","0"
"20980","2421264279040","1990499081783","1990499259976","18.0669","17.819300000000002","0.24760000000000001","15.455200000000001","1.9708","False","18.167","18.0624","18.1868","5.5811","23.4004","8","1","1","False","0"
"20980","2421264279040","1990499262452","1990499426682","16.634600000000002","16.423000000000002","0.2116","20.8047","6.1294","False","12.1277","16.6706","18.167","7.077500000000001","23.500500000000002","8","1","1","False","0"
"20980","2421264279040","1990499428798","1990499580791","15.5014","15.199300000000001","0.30210000000000004","11.2634","1.9803000000000002","False","18.1965","15.410900000000002","12.1277","3.7943000000000002","18.9936","8","1","1","False","0"
"20980","2421264279040","1990499583812","1990499773306","19.1213","18.9494","0.1719","18.8706","1.6386","False","18.1618","19.2515","18.1965","2.7393","21.6887","8","1","1","False","0"
"20980","2421264279040","1990499775025","1990499928810","15.8975","15.3785","0.519","17.3093","3.0441000000000003","False","18.1828","15.550400000000002","18.1618","5.350700000000001","20.729200000000002","8","1","1","False","0"
"20980","2421264279040","1990499934000","1990500101263","17.047300000000003","16.726300000000002","0.321","15.9876","2.0109","False","12.126100000000001","17.2453","18.1828","6.288200000000001","23.0145","8","1","1","False","0"
"20980","2421264279040","1990500104473","1990500265623","16.3869","16.115000000000002","0.27190000000000003","15.636600000000001","1.2446000000000002","False","24.2984","16.436","12.126100000000001","1.9783000000000002","18.0933","8","1","1","False","0"
"20980","2421264279040","1990500268342","1990500404401","13.9232","13.6059","0.3173","20.2053","7.5972","False","12.0675","13.8778","24.2984","12.398900000000001","26.0048","8","1","1","False","0"
"20980","2421264279040","1990500407574","1990500584548","17.9252","17.697400000000002","0.2278","15.634899999999998","5.2212000000000005","False","18.2408","18.0147","12.0675","6.451700000000001","24.1491","8","1","1","False","0"
"20980","2421264279040","1990500586826","1990500767236","18.2388","18.041","0.1978","18.0543","5.030600000000001","False","12.1087","18.268800000000002","18.2408","6.4237","24.4647","8","1","1","False","0"
"20980","2421264279040","1990500769214","1990500934928","16.7737","16.5714","0.2023","12.9291","1.2094","False","18.1263","16.7692","12.1087","1.7632","18.334600000000002","8","1","1","False","0"
"20980","2421264279040","1990500936951","1990501077710","14.348700000000001","14.0759","0.2728","17.7406","4.6302","False","18.189500000000002","14.2782","18.1263","5.6113","19.6872","8","1","1","False","0"
"20980","2421264279040","1990501080438","1990501246546","16.8675","16.6108","0.25670000000000004","17.8432","5.5872","False","18.1844","16.8836","18.189500000000002","6.9172","23.528000000000002","8","1","1","False","0"
"20980","2421264279040","1990501249113","1990501440771","19.349","19.1658","0.1832","16.7242","2.9272","False","12.1271","19.4225","18.1844","5.6791","24.844900000000003","8","1","1","False","0"
"20980","2421264279040","1990501442603","1990501592841","15.224900000000002","15.023800000000001","0.2011","13.5487","1.2398","False","24.2362","15.207","12.1271","2.5992","17.623","8","1","1","False","0"
"20980","2421264279040","1990501594852","1990501784110","19.1718","18.925800000000002","0.24600000000000002","20.2082","2.3552","False","12.1227","19.126900000000003","24.2362","7.708500000000001","26.6343","8","1","1","False","0"
"20980","2421264279040","1990501786570","1990501949455","16.555799999999998","16.2885","0.26730000000000004","15.3671","1.1125","False","18.1725","16.5345","12.1227","3.2967","19.5852","8","1","1","False","0"
"20980","2421264279040","1990501952128","1990502104250","15.508000000000001","15.212200000000001","0.2958","18.9002","4.818700000000001","False","18.1872","15.479500000000002","18.1725","5.9897","21.201900000000002","8","1","1","False","0"
"20980","2421264279040","1990502107208","1990502297168","19.222","18.996000000000002","0.226","17.1457","2.4413","False","12.119800000000001","19.291800000000002","18.1872","4.8851","23.8811","8","1","1","False","0"
"20980","2421264279040","1990502299428","1990502447516","15.023700000000002","14.808800000000002","0.2149","14.156300000000002","1.5971000000000002","False","18.2843","15.0348","12.119800000000001","1.9701000000000002","16.7789","8","1","1","False","0"
"20980","2421264279040","1990502449665","1990502583931","13.665000000000001","13.4266","0.2384","16.1504","4.0461","False","18.075300000000002","13.6415","18.2843","6.612900000000001","20.0395","8","1","1","False","0"
"20980","2421264279040","1990502586315","1990502815061","23.0941","22.8746","0.2195","20.018800000000002","0.9810000000000001","False","18.1955","23.113","18.075300000000002","1.5752000000000002","24.4498","8","1","1","False","0"
"20980","2421264279040","1990502817256","1990502938571","12.341700000000001","12.1315","0.2102","12.884","1.5206000000000002","False","18.1715","12.351","18.1955","7.419700000000001","19.5512","8","1","1","False","0"
"20980","2421264279040","1990502940673","1990503126571","18.7865","18.5898","0.1967","18.2497","0.9635","False","12.1265","18.8","18.1715","6.7912","25.381","8","1","1","False","0"
"20980","2421264279040","1990503128538","1990503245218","11.8755","11.668000000000001","0.20750000000000002","11.905100000000001","0.9976","False","18.2268","11.864700000000001","12.1265","7.053","18.721","8","1","1","False","0"
"20980","2421264279040","1990503247293","1990503430225","18.468100000000003","18.293200000000002","0.1749","19.220200000000002","1.7441","False","12.070400000000001","18.500700000000002","18.2268","6.779100000000001","25.072300000000002","8","1","1","False","0"
"20980","2421264279040","1990503431974","1990503598661","16.8944","16.6687","0.2257","16.3356","1.2432","False","18.1807","16.843600000000002","12.070400000000001","2.0059","18.6746","8","1","1","False","0"
"20980","2421264279040","1990503600918","1990503754363","15.5175","15.3445","0.17300000000000001","16.958000000000002","2.6326","False","18.1847","15.570200000000002","18.1807","4.6164000000000005","19.960900000000002","8","1","1","False","0"
"20980","2421264279040","1990503756093","1990503941911","18.8228","18.5818","0.24100000000000002","19.162600000000005","2.9825","False","18.1754","18.7548","18.1847","4.0463000000000005","22.6281","8","1","1","False","0"
"20980","2421264279040","1990503944321","1990504095533","15.3652","15.1212","0.24400000000000002","17.8912","5.556900000000001","False","12.1202","15.362200000000001","18.1754","6.859500000000001","21.980700000000002","8","1","1","False","0"
"20980","2421264279040","1990504097973","1990504267847","17.1715","16.9874","0.1841","13.2201","1.5536","False","18.193","17.2314","12.1202","1.7483000000000002","18.7357","8","1","1","False","0"
"20980","2421264279040","1990504269688","1990504435259","16.806900000000002","16.557100000000002","0.24980000000000002","16.380100000000002","1.1351","False","18.1739","16.7412","18.193","3.2001","19.7572","8","1","1","False","0"
"20980","2421264279040","1990504437757","1990504587030","15.2155","14.9273","0.2882","19.1223","5.0642000000000005","False","18.187900000000003","15.177100000000001","18.1739","6.1969","21.124200000000002","8","1","1","False","0"
"20980","2421264279040","1990504589912","1990504767977","18.0061","17.8065","0.1996","15.1027","2.1258","False","18.1977","18.0947","18.187900000000003","6.290100000000001","24.096600000000002","8","1","1","False","0"
"20980","2421264279040","1990504769973","1990504943619","17.5973","17.3646","0.23270000000000002","16.8655","1.4504000000000001","False","18.2622","17.5642","18.1977","6.9236","24.2882","8","1","1","False","0"
"20980","2421264279040","1990504945946","1990505134075","19.318500000000004","18.812900000000003","0.5056","21.5029","3.7238","False","18.0836","19.0456","18.2622","6.1402","24.953100000000003","8","1","1","False","0"
"20980","2421264279040","1990505139131","1990505308550","17.2104","16.9419","0.2685","19.0659","5.4557","False","12.121500000000001","17.4475","18.0836","6.7763","23.7182","8","1","1","False","0"
"20980","2421264279040","1990505311235","1990505476593","16.7845","16.535800000000002","0.2487","12.8695","1.5298","False","24.2357","16.8043","12.121500000000001","2.0935","18.6293","8","1","1","False","0"
"20980","2421264279040","1990505479080","1990505669918","19.2482","19.0838","0.16440000000000002","20.64","2.8946","False","12.146500000000001","19.3325","24.2357","6.996700000000001","26.0805","8","1","1","False","0"
"20980","2421264279040","1990505671562","1990505836134","16.6588","16.4572","0.2016","15.8449","2.0886","False","18.1707","16.6216","12.146500000000001","2.5216000000000003","18.9788","8","1","1","False","0"
"20980","2421264279040","1990505838150","1990506006741","17.1233","16.8591","0.2642","16.9292","1.9021000000000001","False","18.1812","17.0607","18.1707","3.6316","20.4907","8","1","1","False","0"
"20980","2421264279040","1990506009383","1990506163930","15.8414","15.4547","0.38670000000000004","18.8625","5.0399","False","18.171400000000002","15.718900000000001","18.1812","6.0939000000000005","21.5486","8","1","1","False","0"
"20980","2421264279040","1990506167797","1990506341307","17.5837","17.351","0.23270000000000002","18.175","5.528700000000001","False","18.184","17.7377","18.171400000000002","6.5276000000000005","23.878600000000002","8","1","1","False","0"
"20980","2421264279040","1990506343634","1990506534388","19.2905","19.075400000000002","0.2151","16.770500000000002","3.0203","False","18.1918","19.3081","18.184","5.4035","24.4789","8","1","1","False","0"
"20980","2421264279040","1990506536539","1990506701122","16.7375","16.4583","0.2792","15.327200000000001","1.5922","False","18.1659","16.6734","18.1918","6.9219","23.380200000000002","8","1","1","False","0"
"20980","2421264279040","1990506703914","1990506876363","17.4901","17.2449","0.2452","18.6321","2.7357","False","12.1239","17.5241","18.1659","7.563700000000001","24.808600000000002","8","1","1","False","0"
"20980","2421264279040","1990506878815","1990507029130","15.3167","15.031500000000001","0.2852","14.8816","2.3135","False","18.2103","15.2767","12.1239","4.4109","19.4424","8","1","1","False","0"
"20980","2421264279040","1990507031982","1990507178645","14.973900000000002","14.666300000000001","0.30760000000000004","14.1234","1.4762000000000002","False","12.0984","14.951500000000001","18.2103","7.669700000000001","22.336000000000002","8","1","1","False","0"
"20980","2421264279040","1990507181721","1990507310379","13.0839","12.8658","0.21810000000000002","14.3909","2.7452","False","12.127600000000001","13.1734","12.0984","6.5947000000000005","19.4605","8","1","1","False","0"
"20980","2421264279040","1990507312560","1990507450484","14.014700000000001","13.7924","0.2223","13.8861","2.6118","False","12.1203","14.0105","12.127600000000001","4.7118","18.5042","8","1","1","False","0"
"20980","2421264279040","1990507452707","1990507587361","13.621400000000001","13.4654","0.156","12.2338","1.2226000000000001","False","18.1739","13.687700000000001","12.1203","3.1444","16.6098","8","1","1","False","0"
"20980","2421264279040","1990507588921","1990507754679","16.8555","16.5758","0.2797","18.1252","2.5637000000000003","False","18.1787","16.7318","18.1739","4.5865","21.162300000000002","8","1","1","False","0"
"20980","2421264279040","1990507757476","1990507935356","17.963","17.788","0.17500000000000002","18.2454","2.7699000000000003","False","18.1915","18.067700000000002","18.1787","4.6975","22.485500000000002","8","1","1","False","0"
"20980","2421264279040","1990507937106","1990508089818","15.5169","15.2712","0.2457","14.0519","1.3451","False","12.129100000000001","15.446200000000001","18.1915","7.4428","22.714000000000002","8","1","1","False","0"
"20980","2421264279040","1990508092275","1990508262800","17.302500000000002","17.052500000000002","0.25","17.4924","1.5352000000000001","False","18.1718","17.2982","12.129100000000001","2.2737000000000003","19.3262","8","1","1","False","0"
"20980","2421264279040","1990508265300","1990508421070","15.768","15.577","0.191","17.992900000000002","3.7249000000000003","False","18.182000000000002","15.827","18.1718","4.6185","20.195500000000003","8","1","1","False","0"
"20980","2421264279040","1990508422980","1990508581135","16.0494","15.8155","0.23390000000000002","15.9863","3.9284000000000003","False","18.1827","16.0065","18.182000000000002","6.7940000000000005","22.6095","8","1","1","False","0"
"20980","2421264279040","1990508583474","1990508757387","17.6232","17.3913","0.23190000000000002","15.2103","1.2557","False","12.120800000000001","17.6252","18.1827","7.351500000000001","24.742800000000003","8","1","1","False","0"
"20980","2421264279040","1990508759706","1990508926019","16.8616","16.6313","0.2303","17.0961","1.5167000000000002","False","18.1817","16.8632","12.120800000000001","2.6091","19.2404","8","1","1","False","0"
"20980","2421264279040","1990508928322","1990509118780","19.3272","19.0458","0.28140000000000004","19.0254","1.2308000000000001","False","18.1736","19.2761","18.1817","1.5147000000000002","20.5605","8","1","1","False","0"
"20980","2421264279040","1990509121594","1990509249063","12.9987","12.7469","0.2518","16.9693","5.187600000000001","False","18.1797","13.0283","18.1736","6.66","19.4069","8","1","1","False","0"
"20980","2421264279040","1990509251581","1990509426813","17.7581","17.5232","0.2349","14.9192","2.366","False","12.1476","17.775000000000002","18.1797","7.0647","24.5879","8","1","1","False","0"
"20980","2421264279040","1990509429162","1990509588224","16.1353","15.9062","0.2291","14.9435","1.1360000000000001","False","18.1619","16.1411","12.1476","3.0712","18.9774","8","1","1","False","0"
"20980","2421264279040","1990509590515","1990509747789","15.973200000000002","15.727400000000001","0.24580000000000002","18.1161","3.2905","False","18.1764","15.9565","18.1619","5.2766","21.004","8","1","1","False","0"
"20980","2421264279040","1990509750247","1990509965669","21.7653","21.5422","0.22310000000000002","19.704900000000002","1.2631000000000001","False","18.1863","21.788","18.1764","1.665","23.2072","8","1","1","False","0"
"20980","2421264279040","1990509967900","1990510101388","13.5844","13.3488","0.2356","17.3091","4.9874","False","12.1318","13.571900000000001","18.1863","6.2794","19.6282","8","1","1","False","0"
"20980","2421264279040","1990510103744","1990510256748","15.553400000000002","15.300400000000002","0.253","11.8283","1.243","False","24.291900000000002","15.536000000000001","12.1318","2.8752","18.1756","8","1","1","False","0"
"20980","2421264279040","1990510259278","1990510413580","15.733200000000002","15.430200000000001","0.303","20.9127","6.4335","False","12.067300000000001","15.683200000000001","24.291900000000002","11.4839","26.9141","8","1","1","False","0"
"20980","2421264279040","1990510416610","1990510584473","17.011200000000002","16.7863","0.22490000000000002","15.784600000000001","5.1719","False","18.1747","17.0893","12.067300000000001","6.4619","23.2482","8","1","1","False","0"
"20980","2421264279040","1990510586722","1990510765818","18.079800000000002","17.9096","0.17020000000000002","18.344","5.4226","False","12.1219","18.1345","18.1747","6.5021","24.4117","8","1","1","False","0"
"20980","2421264279040","1990510767520","1990510927589","16.2523","16.0069","0.2454","12.0942","1.2634","False","18.195","16.1771","12.1219","2.4469000000000003","18.4538","8","1","1","False","0"
"20980","2421264279040","1990510930043","1990511073531","14.788400000000001","14.3488","0.43960000000000005","17.157700000000002","3.7157","False","18.163600000000002","14.5942","18.195","6.0477","20.3965","8","1","1","False","0"
"20980","2421264279040","1990511077927","1990511250131","17.549400000000002","17.2204","0.329","19.0231","5.1827000000000005","False","18.1792","17.66","18.163600000000002","6.5513","23.771700000000003","8","1","1","False","0"
"20980","2421264279040","1990511253421","1990511432343","18.181","17.892200000000003","0.2888","18.175800000000002","5.1298","False","12.1225","18.2212","18.1792","6.5093000000000005","24.401500000000002","8","1","1","False","0"
"20980","2421264279040","1990511435231","1990511574120","14.223200000000002","13.888900000000001","0.33430000000000004","10.3283","1.3003","False","18.1859","14.177700000000002","12.1225","4.4541","18.343","8","1","1","False","0"
"20980","2421264279040","1990511577463","1990511749398","17.560200000000002","17.1935","0.3667","19.4096","3.0821","False","18.1829","17.5278","18.1859","5.1122000000000005","22.3057","8","1","1","False","0"
"20980","2421264279040","1990511753065","1990511963838","21.2967","21.0773","0.2194","19.1817","0.9834","False","18.189","21.444000000000003","18.1829","1.8511000000000002","22.9284","8","1","1","False","0"
"20980","2421264279040","1990511966032","1990512093137","12.906400000000001","12.710500000000001","0.19590000000000002","13.276100000000001","1.3176","False","18.1786","12.9299","18.189","7.110200000000001","19.820700000000002","8","1","1","False","0"
"20980","2421264279040","1990512095096","1990512314451","22.088900000000002","21.9355","0.1534","21.918200000000002","1.1201","False","18.1824","22.1314","18.1786","3.1574","25.0929","8","1","1","False","0"
"20980","2421264279040","1990512315985","1990512453511","13.9997","13.752600000000001","0.24710000000000001","18.9438","6.1019000000000005","False","12.120000000000001","13.906","18.1824","7.433800000000001","21.186400000000003","8","1","1","False","0"
"20980","2421264279040","1990512455982","1990512595243","14.2661","13.9261","0.34","12.685199999999998","4.6087","False","24.2758","14.173200000000001","12.120000000000001","5.3806","19.3067","8","1","1","False","0"
"20980","2421264279040","1990512598643","1990512821395","22.5496","22.2752","0.27440000000000003","20.4053","2.3826","False","6.0171","22.6152","24.2758","7.0412","29.3164","8","1","1","False","0"
"20980","2421264279040","1990512824139","1990512937821","11.6391","11.3682","0.27090000000000003","10.3153","1.0786","False","18.1894","11.6426","6.0171","1.4157","12.783900000000001","8","1","1","False","0"
"20980","2421264279040","1990512940530","1990513081299","14.9169","14.0769","0.8400000000000001","16.4691","2.6416","False","18.1779","14.347800000000001","18.1894","5.2573","19.3342","8","1","1","False","0"
"20980","2421264279040","1990513089699","1990513253266","16.9089","16.3567","0.5522","16.2737","2.0402","False","18.1857","17.1967","18.1779","6.2385","22.595200000000002","8","1","1","False","0"
"20980","2421264279040","1990513258788","1990513442574","18.594900000000003","18.378600000000002","0.21630000000000002","21.263400000000004","4.6668","False","12.1186","18.9308","18.1857","5.4934","23.872","8","1","1","False","0"
"20980","2421264279040","1990513444737","1990513598711","15.6536","15.397400000000001","0.25620000000000004","12.2645","1.2338","False","18.179000000000002","15.613700000000001","12.1186","1.9983000000000002","17.3957","8","1","1","False","0"
"20980","2421264279040","1990513601273","1990513782694","18.3757","18.1421","0.2336","18.3882","1.2743","False","18.186400000000003","18.398300000000003","18.179000000000002","1.7790000000000001","19.921100000000003","8","1","1","False","0"
"20980","2421264279040","1990513785030","1990513920800","14.9485","13.577","1.3715000000000002","16.693","3.0593000000000004","False","24.2663","13.8106","18.186400000000003","6.154800000000001","19.7318","8","1","1","False","0"
"20980","2421264279040","1990513934515","1990514129821","19.7497","19.5306","0.21910000000000002","21.740000000000002","4.9984","False","6.0375000000000005","20.9021","24.2663","9.519","29.0496","8","1","1","False","0"
"20980","2421264279040","1990514132012","1990514263048","13.2998","13.1036","0.1962","9.7667","1.4529","False","24.274900000000002","13.322700000000001","6.0375000000000005","2.2338","15.3374","8","1","1","False","0"
"20980","2421264279040","1990514265010","1990514406598","14.545700000000002","14.158800000000001","0.3869","20.0777","7.072900000000001","False","18.1497","14.355","24.274900000000002","12.1537","26.3125","8","1","1","False","0"
"20980","2421264279040","1990514410467","1990514629742","22.148500000000002","21.927500000000002","0.221","22.073500000000003","6.9256","False","12.1216","22.314400000000003","18.1497","7.989000000000001","29.916500000000003","8","1","1","False","0"
"20980","2421264279040","1990514631952","1990514779695","15.163","14.7743","0.38870000000000005","11.2574","3.049","False","18.174200000000003","14.9953","12.1216","5.1153","19.8896","8","1","1","False","0"
"20980","2421264279040","1990514783582","1990514940437","15.938200000000002","15.685500000000001","0.25270000000000004","15.4936","2.5649","False","12.1187","16.0742","18.174200000000003","7.2153","22.9008","8","1","1","False","0"
"20980","2421264279040","1990514942964","1990515081910","14.1235","13.8946","0.22890000000000002","16.0263","4.7495","False","18.1924","14.147300000000001","12.1187","5.1867","19.081300000000002","8","1","1","False","0"
"20980","2421264279040","1990515084199","1990515248683","16.641","16.4484","0.19260000000000002","17.57","5.3882","False","18.1755","16.677300000000002","18.1924","6.7018","23.1502","8","1","1","False","0"
"20980","2421264279040","1990515250609","1990515426225","17.738300000000002","17.561600000000002","0.1767","16.334400000000002","3.9729","False","24.2862","17.7542","18.1755","7.1231","24.6847","8","1","1","False","0"
"20980","2421264279040","1990515427992","1990515603544","17.8414","17.5552","0.2862","21.2348","7.4129000000000005","False","6.0887","17.7319","24.2862","13.6774","31.2326","8","1","1","False","0"
"20980","2421264279040","1990515606406","1990515753647","14.924","14.7241","0.19990000000000002","10.0085","2.4691","False","18.1055","15.0103","6.0887","4.7558","19.4799","8","1","1","False","0"
"20980","2421264279040","1990515755646","1990515920986","17.9857","16.534000000000002","1.4517","18.2117","2.6984","False","18.191100000000002","16.733900000000002","18.1055","6.127400000000001","22.6614","8","1","1","False","0"
"20980","2421264279040","1990515935503","1990516092949","15.993500000000001","15.7446","0.2489","14.5052","1.2071","False","18.1817","17.1963","18.191100000000002","7.1222","22.8668","8","1","1","False","0"
"20980","2421264279040","1990516095438","1990516275363","18.1229","17.9925","0.13040000000000002","22.7541","5.811","False","18.265800000000002","18.241400000000002","18.1817","7.0625","25.055","8","1","1","False","0"
"20980","2421264279040","1990516276667","1990516412167","13.8255","13.55","0.2755","14.303","6.3609","False","12.1685","13.6804","18.265800000000002","11.6479","25.1979","8","1","1","False","0"
"20980","2421264279040","1990516414922","1990516598401","18.711299999999998","18.3479","0.3634","15.2376","2.823","False","18.0406","18.6234","12.1685","5.1930000000000005","23.5409","8","1","1","False","0"
"20980","2421264279040","1990516602035","1990516808284","20.8855","20.6249","0.2606","19.0214","0.9760000000000001","False","12.1376","20.988300000000002","18.0406","2.2453000000000003","22.8702","8","1","1","False","0"
"20980","2421264279040","1990516810890","1990516925753","11.6469","11.4863","0.16060000000000002","12.190800000000001","1.518","False","18.1777","11.7469","12.1376","2.636","14.122300000000001","8","1","1","False","0"
"20980","2421264279040","1990516927359","1990517082208","15.676900000000002","15.484900000000001","0.192","15.5074","1.3555000000000001","False","18.1768","15.6455","18.1777","5.168200000000001","20.653100000000002","8","1","1","False","0"
"20980","2421264279040","1990517084128","1990517248526","16.654600000000002","16.4398","0.21480000000000002","20.523500000000002","5.2361","False","18.184900000000003","16.631800000000002","18.1768","6.7132000000000005","23.153000000000002","8","1","1","False","0"
"20980","2421264279040","1990517250674","1990517429989","18.2023","17.9315","0.27080000000000004","16.7443","3.7759","False","12.121","18.1463","18.184900000000003","6.7518","24.683300000000003","8","1","1","False","0"
"20980","2421264279040","1990517432697","1990517593029","16.2114","16.0332","0.1782","13.6966","1.245","False","18.1815","16.304000000000002","12.121","2.5688","18.602","8","1","1","False","0"
"20980","2421264279040","1990517594811","1990517751409","15.8473","15.6598","0.1875","17.3838","2.7802000000000002","False","18.1741","15.838000000000001","18.1815","4.9123","20.572100000000002","8","1","1","False","0"
"20980","2421264279040","1990517753284","1990517929632","17.8869","17.634800000000002","0.2521","16.4176","1.3425","False","18.1898","17.822300000000002","18.1741","5.2641","22.8989","8","1","1","False","0"
"20980","2421264279040","1990517932153","1990518091344","16.2447","15.9191","0.3256","16.764200000000002","1.8793000000000002","False","12.1196","16.171200000000002","18.1898","7.2827","23.201800000000002","8","1","1","False","0"
"20980","2421264279040","1990518094600","1990518266311","17.3696","17.1711","0.1985","17.0271","1.4872","False","24.3226","17.4967","12.1196","1.9056000000000002","19.076700000000002","8","1","1","False","0"
"20980","2421264279040","1990518268296","1990518447641","18.1991","17.9345","0.2646","18.6145","1.9787000000000001","False","12.0355","18.133","24.3226","8.0952","26.029700000000002","8","1","1","False","0"
"20980","2421264279040","1990518450287","1990518591540","14.449700000000002","14.125300000000001","0.3244","17.427","4.9389","False","18.1825","14.3899","12.0355","5.7408","19.8661","8","1","1","False","0"
"20980","2421264279040","1990518594784","1990518766626","17.4386","17.1842","0.2544","15.1257","2.5845000000000002","False","12.1234","17.5086","18.1825","6.414700000000001","23.5989","8","1","1","False","0"
"20980","2421264279040","1990518769170","1990518926067","15.8612","15.6897","0.1715","14.6606","1.3862","False","18.1968","15.9441","12.1234","2.5940000000000003","18.2837","8","1","1","False","0"
"20980","2421264279040","1990518927782","1990519087277","16.1337","15.9495","0.1842","17.2773","2.5254000000000003","False","18.1725","16.121000000000002","18.1968","4.6698","20.619300000000003","8","1","1","False","0"
"20980","2421264279040","1990519089119","1990519297676","21.148000000000003","20.855700000000002","0.2923","19.7905","1.1681000000000001","False","18.1807","21.0399","18.1725","1.8024","22.6581","8","1","1","False","0"
"20980","2421264279040","1990519300599","1990519436142","13.824000000000002","13.554300000000001","0.2697","17.661","5.046200000000001","False","278.7767","13.8466","18.1807","6.136500000000001","19.6908","8","1","1","False","0"
"20980","2421264279040","1990519438839","1990522227573","279.0596","278.8734","0.1862","277.0187","2.9651","False","6.0699000000000005","279.1431","278.7767","5.7701","284.6435","8","1","1","False","0"
"20980","2421264279040","1990522229435","1990522286687","5.859","5.7252","0.1338","7.962300000000001","5.0132","False","115.1438","5.9114","6.0699000000000005","5.9286","11.6538","8","1","1","False","0"
"20980","2421264279040","1990522288025","1990523435623","114.9618","114.7598","0.202","113.3546","3.4434","False","6.067200000000001","114.8936","115.1438","6.178800000000001","120.93860000000001","8","1","1","False","0"
"20980","2421264279040","1990523437643","1990523520522","8.4311","8.2879","0.1432","6.1562","1.1165","False","6.063400000000001","8.4899","6.067200000000001","3.7561","12.044","8","1","1","False","0"
"20980","2421264279040","1990523521954","1990523562040","4.1801","4.0086","0.1715","6.465000000000001","3.4258","False","6.0564","4.151800000000001","6.063400000000001","5.6677","9.676300000000001","8","1","1","False","0"
