"ProcessId","SwapChain","CpuStartQpc","PresentStartQpc","CpuFrameMs","CpuBusyMs","CpuWaitMs","GpuTimeMs","GpuBusyMs","Dropped","DisplayedMs","BetweenPresentsMs","BetweenDisplayChangesMs","UntilDisplayedMs","DisplayLatencyMs","PresentMode","PresentRuntime","SyncInterval","AllowsTearing","FrameType"
"36832","2152058798096","1844829441689","1844831964973","252.48430000000002","252.32840000000002","0.1559","0.4465","0.3336","True","NaN","252.45680000000002","NaN","NaN","NaN","4","1","1","False","0"
"36832","2152058798096","1844831966532","1844837358575","539.4122","539.2043","0.2079","0.2097","0.2068","True","NaN","539.3602000000001","NaN","NaN","NaN","4","1","1","False","0"
"36832","2152058798096","1844837360654","1844842752295","539.3177000000001","539.1641000000001","0.15360000000000001","0.3562","0.2207","True","NaN","539.3720000000001","NaN","NaN","NaN","4","1","1","False","0"
"36832","2152058798096","1844842753831","1844848146960","539.4887","539.3129","0.1758","0.35800000000000004","0.2305","True","NaN","539.4665","NaN","NaN","NaN","4","1","1","False","0"
"36832","2152058798096","1844848148718","1844853521180","537.4261","537.2462","0.1799","0.5005000000000001","0.49360000000000004","True","NaN","537.422","NaN","NaN","NaN","4","1","1","False","0"
"36832","2152058798096","1844853522979","1844858934337","541.2609","541.1358","0.12510000000000002","0.9361","0.918","True","NaN","541.3157","NaN","NaN","NaN","4","1","1","False","0"
"36832","2152058798096","1844858935588","1844864327655","539.4276000000001","539.2067000000001","0.2209","0.5725","0.5706","True","NaN","539.3318","NaN","NaN","NaN","4","1","1","False","0"
"36832","2152058798096","1844864329864","1844869721650","539.3162000000001","539.1786000000001","0.1376","1.3829","1.3805","True","NaN","539.3995","NaN","NaN","NaN","4","1","1","False","0"
"36832","2152058798096","1844869723026","1844875115561","539.3967","539.2535","0.1432","1.8085","1.8063","True","NaN","539.3911","NaN","NaN","NaN","4","1","1","False","0"
"36832","2152058798096","1844875116993","1844880509590","539.3813","539.2597000000001","0.1216","1.4435","1.4416","True","NaN","539.4029","NaN","NaN","NaN","4","1","1","False","0"
"36832","2152058798096","1844880510806","1844885939821","543.0285","542.9015","0.127","1.2977","1.2943","True","NaN","543.0231","NaN","NaN","NaN","4","1","1","False","0"
"36832","2152058798096","1844885941091","1844891357762","541.7914","541.6671","0.12430000000000001","1.5128000000000001","1.5109000000000001","True","NaN","541.7941000000001","NaN","NaN","NaN","4","1","1","False","0"
"36832","2152058798096","1844891359005","1844896752184","539.4631","539.3179","0.1452","1.5558","1.5536","True","NaN","539.4422000000001","NaN","NaN","NaN","4","1","1","False","0"
"36832","2152058798096","1844896753636","1844902146109","539.3779","539.2473","0.1306","1.5018","1.4998","True","NaN","539.3925","NaN","NaN","NaN","4","1","1","False","0"
"36832","2152058798096","1844902147415","1844907540141","539.4116","539.2726","0.139","1.4841","1.4819","True","NaN","539.4032","NaN","NaN","NaN","4","1","1","False","0"
"36832","2152058798096","1844907541531","1844912933349","539.3208000000001","539.1818000000001","0.139","1.5","1.4984000000000002","True","NaN","539.3208000000001","NaN","NaN","NaN","4","1","1","False","0"
"36832","2152058798096","1844912934739","1844918328399","539.4999","539.366","0.13390000000000002","1.4799","1.4779","True","NaN","539.505","NaN","NaN","NaN","4","1","1","False","0"
"36832","2152058798096","1844918329738","1844923723444","539.4758","539.3706000000001","0.1052","2.0953","2.0913","True","NaN","539.5045","NaN","NaN","NaN","4","1","1","False","0"
"36832","2152058798096","1844923724496","1844929116830","539.3637000000001","539.2334000000001","0.1303","1.8018","1.7981","True","NaN","539.3386","NaN","NaN","NaN","4","1","1","False","0"
"36832","2152058798096","1844929118133","1844934449082","533.2341","533.0949","0.13920000000000002","1.4426","1.4408","True","NaN","533.2252","NaN","NaN","NaN","4","1","1","False","0"
"36832","2152058798096","1844934450474","1844939844425","539.5855","539.3951000000001","0.1904","1.3965","1.3945","True","NaN","539.5343","NaN","NaN","NaN","4","1","1","False","0"
"36832","2152058798096","1844939846329","1844945237172","539.237","539.0843","0.1527","1.4459","1.4420000000000002","False","17648.419","539.2747","NaN","11.6795","550.7638000000001","4","1","1","False","0"
"36832","2152058798096","1844945238699","1844950630737","539.3698","539.2038","0.166","1.4688","1.4666000000000001","True","NaN","539.3565","NaN","NaN","NaN","4","1","1","False","0"
"36832","2152058798096","1844950632397","1844956025071","539.4051000000001","539.2674000000001","0.13770000000000002","1.4427","1.4406","True","NaN","539.4334","NaN","NaN","NaN","4","1","1","False","0"
"36832","2152058798096","1844956026448","1844961420098","539.4992","539.365","0.1342","1.3889","1.3869","True","NaN","539.5027","NaN","NaN","NaN","4","1","1","False","0"
"36832","2152058798096","1844961421440","1844966813506","539.3828","539.2066","0.1762","1.4397","1.4368","True","NaN","539.3408000000001","NaN","NaN","NaN","4","1","1","False","0"
"36832","2152058798096","1844966815268","1844972175523","536.2006000000001","536.0255000000001","0.1751","1.2607000000000002","1.256","True","NaN","536.2017000000001","NaN","NaN","NaN","4","1","1","False","0"
"36832","2152058798096","1844972177274","1844973863196","168.7016","168.59220000000002","0.10940000000000001","1.5941","1.588","True","NaN","168.7673","NaN","NaN","NaN","4","1","1","False","0"
"36832","2152058798096","1844973864290","1845096450399","12258.766200000002","12258.610900000001","0.1553","12258.0362","3.535","True","NaN","12258.7203","NaN","NaN","NaN","4","1","1","False","0"
"36832","2152058798096","1845096451952","1845096676492","22.650100000000002","22.454","0.1961","20.9593","4.430400000000001","True","NaN","22.6093","NaN","NaN","NaN","4","1","1","False","0"
"36832","2152058798096","1845096678453","1845096932175","25.600900000000003","25.372200000000003","0.22870000000000001","22.8607","5.0501000000000005","True","NaN","25.5683","NaN","NaN","NaN","4","1","1","False","0"
"36832","2152058798096","1845096934462","1845097339656","40.691500000000005","40.519400000000005","0.1721","37.7765","3.4464","True","NaN","40.7481","NaN","NaN","NaN","4","1","1","False","0"
"36832","2152058798096","1845097341377","1845097485856","14.558100000000001","14.4479","0.1102","2.2233","2.2191","True","NaN","14.620000000000001","NaN","NaN","NaN","4","1","1","False","0"
"36832","2152058798096","1845097486958","1845097791550","30.5818","30.459200000000003","0.1226","28.3092","3.4112","True","NaN","30.5694","NaN","NaN","NaN","4","1","1","False","0"
"36832","2152058798096","1845097792776","1845098311190","52.0461","51.8414","0.20470000000000002","53.6062","6.9918000000000005","True","NaN","51.964000000000006","NaN","NaN","NaN","4","1","1","False","0"
"36832","2152058798096","1845098313237","1845098719113","40.7165","40.5876","0.12890000000000001","1.742","1.735","True","NaN","40.792300000000004","NaN","NaN","NaN","4","1","1","False","0"
"36832","2152058798096","1845098720402","1845099056397","33.7403","33.5995","0.1408","3.1095","3.105","True","NaN","33.7284","NaN","NaN","NaN","4","1","1","False","0"
"36832","2152058798096","1845099057805","1845099604326","54.79600000000001","54.652100000000004","0.1439","52.604","5.2207","True","NaN","54.7929","NaN","NaN","NaN","4","1","1","False","0"
"36832","2152058798096","1845099605765","1845099982632","37.7976","37.6867","0.1109","35.0546","3.4925","True","NaN","37.830600000000004","NaN","NaN","NaN","4","1","1","False","0"
"36832","2152058798096","1845099983741","1845100434596","45.255900000000004","45.0855","0.1704","46.4542","5.674","True","NaN","45.196400000000004","NaN","NaN","NaN","4","1","1","False","0"
"36832","2152058798096","1845100436300","1845100754605","31.9494","31.8305","0.1189","3.1270000000000002","3.1243000000000003","True","NaN","32.0009","NaN","NaN","NaN","4","1","1","False","0"
"36832","2152058798096","1845100755794","1845101127973","37.3537","37.2179","0.1358","35.406400000000005","4.0826","True","NaN","37.336800000000004","NaN","NaN","NaN","4","1","1","False","0"
"36832","2152058798096","1845101129331","1845101540879","41.3179","41.1548","0.1631","41.078","4.7532000000000005","True","NaN","41.290600000000005","NaN","NaN","NaN","4","1","1","False","0"
"36832","2152058798096","1845101542510","1845101887425","34.6667","34.4915","0.1752","33.914300000000004","5.3725000000000005","True","NaN","34.6546","NaN","NaN","NaN","4","1","1","False","0"
"36832","2152058798096","1845101889177","1845102146663","25.8719","25.7486","0.1233","3.226","3.2183","True","NaN","25.9238","NaN","NaN","NaN","4","1","1","False","0"
"36832","2152058798096","1845102147896","1845102419668","27.302100000000003","27.177200000000003","0.12490000000000001","2.1502","2.1453","True","NaN","27.3005","NaN","NaN","NaN","4","1","1","False","0"
"36832","2152058798096","1845102420917","1845102674606","25.5346","25.3689","0.16570000000000001","27.774800000000006","5.3969000000000005","True","NaN","25.4938","NaN","NaN","NaN","4","1","1","False","0"
"36832","2152058798096","1845102676263","1845102947022","27.1753","27.0759","0.0994","2.4031000000000002","2.3997","True","NaN","27.241600000000002","NaN","NaN","NaN","4","1","1","False","0"
"36832","2152058798096","1845102948016","1845103214365","26.793100000000003","26.634900000000002","0.1582","26.8151","5.0316","True","NaN","26.7343","NaN","NaN","NaN","4","1","1","False","0"
"36832","2152058798096","1845103215947","1845103497498","28.2578","28.1551","0.1027","1.8636000000000001","1.8573000000000002","True","NaN","28.3133","NaN","NaN","NaN","4","1","1","False","0"
"36832","2152058798096","1845103498525","1845103787720","29.013900000000003","28.919500000000003","0.0944","28.296100000000003","3.4735","True","NaN","29.0222","NaN","NaN","NaN","4","1","1","False","0"
"36832","2152058798096","1845103788664","1845104070332","28.2954","28.166800000000002","0.12860000000000002","3.6462000000000003","3.6418000000000004","True","NaN","28.261200000000002","NaN","NaN","NaN","4","1","1","False","0"
"36832","2152058798096","1845104071618","1845104331270","26.076200000000004","25.965200000000003","0.111","3.6718","3.6678","True","NaN","26.0938","NaN","NaN","NaN","4","1","1","False","0"
"36832","2152058798096","1845104332380","1845104611028","28.0084","27.864800000000002","0.1436","2.1435","2.1397","True","NaN","27.975800000000003","NaN","NaN","NaN","4","1","1","False","0"
"36832","2152058798096","1845104612464","1845104938455","32.709","32.5991","0.10990000000000001","3.2588000000000004","3.2549","True","NaN","32.7427","NaN","NaN","NaN","4","1","1","False","0"
"36832","2152058798096","1845104939554","1845105436096","49.811","49.6542","0.1568","1.9771","1.9706000000000001","True","NaN","49.7641","NaN","NaN","NaN","4","1","1","False","0"
"36832","2152058798096","1845105437664","1845105835268","39.929300000000005","39.760400000000004","0.1689","40.218700000000005","4.9082","True","NaN","39.9172","NaN","NaN","NaN","4","1","1","False","0"
"36832","2152058798096","1845105836957","1845106062202","22.6737","22.5245","0.1492","20.756600000000002","7.7476","True","NaN","22.6934","NaN","NaN","NaN","4","1","1","False","0"
"36832","2152058798096","1845106063694","1845106261622","19.901","19.7928","0.1082","3.4237","3.4197","True","NaN","19.942","NaN","NaN","NaN","4","1","1","False","0"
"36832","2152058798096","1845106262704","1845106489064","22.743100000000002","22.636000000000003","0.1071","1.9421000000000002","1.9369","True","NaN","22.744200000000003","NaN","NaN","NaN","4","1","1","False","0"
"36832","2152058798096","1845106490135","1845106712144","22.322400000000002","22.2009","0.12150000000000001","1.7665000000000002","1.7621","True","NaN","22.308","NaN","NaN","NaN","4","1","1","False","0"
"36832","2152058798096","1845106713359","1845106961354","24.9109","24.799500000000002","0.1114","2.1092","2.105","True","NaN","24.921000000000003","NaN","NaN","NaN","4","1","1","False","0"
"36832","2152058798096","1845106962468","1845107221196","26.003600000000002","25.8728","0.1308","27.2102","5.0459000000000005","True","NaN","25.9842","NaN","NaN","NaN","4","1","1","False","0"
"36832","2152058798096","1845107222504","1845107524819","30.3968","30.2315","0.1653","4.3657","4.3615","True","NaN","30.3623","NaN","NaN","NaN","4","1","1","False","0"
"36832","2152058798096","1845107526472","1845107912264","38.6908","38.5792","0.1116","4.077500000000001","4.0741000000000005","True","NaN","38.7445","NaN","NaN","NaN","4","1","1","False","0"
"36832","2152058798096","1845107913380","1845108248389","33.661","33.5009","0.16010000000000002","33.0336","4.7995","True","NaN","33.612500000000004","NaN","NaN","NaN","4","1","1","False","0"
"36832","2152058798096","1845108249990","1845108540517","29.2127","29.0527","0.16","24.869400000000002","3.9078000000000004","True","NaN","29.2128","NaN","NaN","NaN","4","1","1","False","0"
"36832","2152058798096","1845108542117","1845108798570","25.791800000000002","25.645300000000002","0.14650000000000002","3.4444000000000004","3.4405","True","NaN","25.805300000000003","NaN","NaN","NaN","4","1","1","False","0"
"36832","2152058798096","1845108800035","1845109067833","26.899600000000003","26.7798","0.1198","1.7638","1.7609000000000001","True","NaN","26.9263","NaN","NaN","NaN","4","1","1","False","0"
"36832","2152058798096","1845109069031","1845109306871","23.885600000000004","23.784000000000002","0.10160000000000001","4.4034","4.399900000000001","True","NaN","23.9038","NaN","NaN","NaN","4","1","1","False","0"
"36832","2152058798096","1845109307887","1845109565860","26.0091","25.7973","0.21180000000000002","24.4386","3.8607","True","NaN","25.8989","NaN","NaN","NaN","4","1","1","False","0"
"36832","2152058798096","1845109567978","1845109804294","23.7403","23.631600000000002","0.1087","2.1959","2.1923","True","NaN","23.843400000000003","NaN","NaN","NaN","4","1","1","False","0"
"36832","2152058798096","1845109805381","1845110045099","24.104000000000003","23.9718","0.1322","23.836199999999998","3.8452","True","NaN","24.0805","NaN","NaN","NaN","4","1","1","False","0"
"36832","2152058798096","1845110046421","1845110305521","26.0543","25.91","0.1443","6.0034","5.9993","True","NaN","26.0422","NaN","NaN","NaN","4","1","1","False","0"
"36832","2152058798096","1845110306964","1845110611082","30.530600000000003","30.411800000000003","0.1188","2.1708000000000003","2.1668000000000003","True","NaN","30.5561","NaN","NaN","NaN","4","1","1","False","0"
"36832","2152058798096","1845110612270","1845110923109","31.240099999999998","31.0839","0.1562","4.7236","4.7202","True","NaN","31.2027","NaN","NaN","NaN","4","1","1","False","0"
"36832","2152058798096","1845110924671","1845111245623","32.1969","32.0952","0.1017","1.8431000000000002","1.8392000000000002","True","NaN","32.251400000000004","NaN","NaN","NaN","4","1","1","False","0"
"36832","2152058798096","1845111246640","1845111526355","28.122200000000003","27.971500000000002","0.1507","3.3628","3.3587000000000002","True","NaN","28.0732","NaN","NaN","NaN","4","1","1","False","0"
"36832","2152058798096","1845111527862","1845111815058","28.8554","28.7196","0.1358","2.2070000000000003","2.2036000000000002","True","NaN","28.8703","NaN","NaN","NaN","4","1","1","False","0"
"36832","2152058798096","1845111816416","1845112102994","28.785100000000003","28.6578","0.1273","1.7621","1.7590000000000001","True","NaN","28.7936","NaN","NaN","NaN","4","1","1","False","0"
"36832","2152058798096","1845112104267","1845112416944","31.404400000000003","31.2677","0.13670000000000002","2.1616","2.1585","True","NaN","31.395000000000003","NaN","NaN","NaN","4","1","1","False","0"
"36832","2152058798096","1845112418311","1845112665594","24.8899","24.7283","0.16160000000000002","26.2226","4.7392","True","NaN","24.865000000000002","NaN","NaN","NaN","4","1","1","False","0"
"36832","2152058798096","1845112667210","1845112896007","23.0005","22.8797","0.1208","1.8953","1.8914000000000002","True","NaN","23.0413","NaN","NaN","NaN","4","1","1","False","0"
"36832","2152058798096","1845112897215","1845113137935","24.195100000000004","24.072000000000003","0.1231","1.5054","1.502","True","NaN","24.192800000000002","NaN","NaN","NaN","4","1","1","False","0"
"36832","2152058798096","1845113139166","1845113345408","20.7389","20.624200000000002","0.11470000000000001","3.9524000000000004","3.9482000000000004","True","NaN","20.747300000000003","NaN","NaN","NaN","4","1","1","False","0"
"36832","2152058798096","1845113346555","1845113553840","20.8463","20.7285","0.1178","1.7365000000000002","1.7315","True","NaN","20.8432","NaN","NaN","NaN","4","1","1","False","0"
"36832","2152058798096","1845113555018","1845113768675","21.5006","21.3657","0.13490000000000002","3.2247000000000003","3.2209000000000003","True","NaN","21.4835","NaN","NaN","NaN","4","1","1","False","0"
"36832","2152058798096","1845113770024","1845113983882","21.5087","21.3858","0.12290000000000001","2.1945","2.1876","True","NaN","21.5207","NaN","NaN","NaN","4","1","1","False","0"
"36832","2152058798096","1845113985111","1845114195466","21.163800000000002","21.035500000000003","0.1283","3.9649","3.9613","True","NaN","21.1584","NaN","NaN","NaN","4","1","1","False","0"
"36832","2152058798096","1845114196749","1845114407571","21.2022","21.0822","0.12000000000000001","2.1915","2.1882","True","NaN","21.2105","NaN","NaN","NaN","4","1","1","False","0"
"36832","2152058798096","1845114408771","1845114600953","19.3244","19.2182","0.1062","1.7579","1.7532","True","NaN","19.3382","NaN","NaN","NaN","4","1","1","False","0"
"36832","2152058798096","1845114602015","1845114781891","18.2076","17.9876","0.22","2.1248","2.1198","True","NaN","18.0938","NaN","NaN","NaN","4","1","1","False","0"
"36832","2152058798096","1845114784091","1845114923249","14.031600000000001","13.9158","0.1158","4.871700000000001","4.8687000000000005","True","NaN","14.135800000000001","NaN","NaN","NaN","4","1","1","False","0"
"36832","2152058798096","1845114924407","1845115131455","20.7998","20.704800000000002","0.095","2.0936","2.089","True","NaN","20.820600000000002","NaN","NaN","NaN","4","1","1","False","0"
"36832","2152058798096","1845115132405","1845115318699","18.7414","18.6294","0.112","3.0802","3.0774000000000004","True","NaN","18.7244","NaN","NaN","NaN","4","1","1","False","0"
"36832","2152058798096","1845115319819","1845115551230","23.2786","23.1411","0.1375","22.6458","3.4813","True","NaN","23.2531","NaN","NaN","NaN","4","1","1","False","0"
"36832","2152058798096","1845115552605","1845115727131","17.55","17.4526","0.0974","2.7843","2.7811000000000003","True","NaN","17.5901","NaN","NaN","NaN","4","1","1","False","0"
"36832","2152058798096","1845115728105","1845115923134","19.6145","19.5029","0.1116","2.5294000000000003","2.5260000000000002","True","NaN","19.6003","NaN","NaN","NaN","4","1","1","False","0"
"36832","2152058798096","1845115924250","1845116088334","16.5139","16.4084","0.10550000000000001","3.4382","3.4344","True","NaN","16.52","NaN","NaN","NaN","4","1","1","False","0"
"36832","2152058798096","1845116089389","1845116265867","17.7755","17.6478","0.1277","3.3683","3.3633","True","NaN","17.7533","NaN","NaN","NaN","4","1","1","False","0"
"36832","2152058798096","1845116267144","1845116396614","13.0455","12.947000000000001","0.0985","2.1142000000000003","2.1075","True","NaN","13.0747","NaN","NaN","NaN","4","1","1","False","0"
"36832","2152058798096","1845116397599","1845116566682","17.0321","16.9083","0.12380000000000001","3.2668000000000004","3.2628000000000004","True","NaN","17.006800000000002","NaN","NaN","NaN","4","1","1","False","0"
"36832","2152058798096","1845116567920","1845116728911","16.227899999999998","16.0991","0.1288","2.0026","1.9981","True","NaN","16.2229","NaN","NaN","NaN","4","1","1","False","0"
"36832","2152058798096","1845116730199","1845116903310","17.4958","17.3111","0.1847","18.5085","3.3689","True","NaN","17.4399","NaN","NaN","NaN","4","1","1","False","0"
"36832","2152058798096","1845116905157","1845117072293","16.8139","16.7136","0.1003","1.5914000000000001","1.5864","True","NaN","16.898300000000003","NaN","NaN","NaN","4","1","1","False","0"
"36832","2152058798096","1845117073296","1845117189385","11.700000000000001","11.6089","0.0911","1.5883","1.5857","True","NaN","11.709200000000001","NaN","NaN","NaN","4","1","1","False","0"
"36832","2152058798096","1845117190296","1845117325992","13.6872","13.569600000000001","0.11760000000000001","2.3587000000000002","2.3558","True","NaN","13.6607","NaN","NaN","NaN","4","1","1","False","0"
"36832","2152058798096","1845117327168","1845117509598","18.3974","18.243000000000002","0.1544","22.052","7.091900000000001","True","NaN","18.3606","NaN","NaN","NaN","4","1","1","False","0"
"36832","2152058798096","1845117511142","1845117680683","17.0564","16.9541","0.1023","2.0629","2.0583","True","NaN","17.1085","NaN","NaN","NaN","4","1","1","False","0"
"36832","2152058798096","1845117681706","1845117850302","16.9866","16.8596","0.127","15.9894","5.1206000000000005","True","NaN","16.9619","NaN","NaN","NaN","4","1","1","False","0"
"36832","2152058798096","1845117851572","1845118043603","19.346","19.2031","0.1429","2.1946","2.1893000000000002","True","NaN","19.3301","NaN","NaN","NaN","4","1","1","False","0"
"36832","2152058798096","1845118045032","1845118221291","17.7196","17.6259","0.0937","1.5983","1.5948","True","NaN","17.768800000000002","NaN","NaN","NaN","4","1","1","False","0"
"36832","2152058798096","1845118222228","1845118374166","15.308900000000001","15.193800000000001","0.11510000000000001","3.1668000000000003","3.1632000000000002","True","NaN","15.287500000000001","NaN","NaN","NaN","4","1","1","False","0"
"36832","2152058798096","1845118375317","1845118518552","14.419300000000002","14.323500000000001","0.09580000000000001","3.6978","3.6936","True","NaN","14.438600000000001","NaN","NaN","NaN","4","1","1","False","0"
"36832","2152058798096","1845118519510","1845118685687","16.7445","16.6177","0.1268","3.4191000000000003","3.4148","True","NaN","16.7135","NaN","NaN","NaN","4","1","1","False","0"
"36832","2152058798096","1845118686955","1845118841032","15.4992","15.4077","0.0915","1.8044","1.8002","True","NaN","15.534500000000001","NaN","NaN","NaN","4","1","1","False","0"
"36832","2152058798096","1845118841947","1845119007444","16.643500000000003","16.5497","0.09380000000000001","1.6292","1.6249","True","NaN","16.6412","NaN","NaN","NaN","4","1","1","False","0"
"36832","2152058798096","1845119008382","1845119181465","17.398899999999998","17.3083","0.0906","15.916400000000003","3.8532","True","NaN","17.4021","NaN","NaN","NaN","4","1","1","False","0"
"36832","2152058798096","1845119182371","1845119366339","18.5224","18.396800000000002","0.12560000000000002","1.8514000000000002","1.8492000000000002","True","NaN","18.4874","NaN","NaN","NaN","4","1","1","False","0"
"36832","2152058798096","1845119367595","1845119553310","18.6738","18.5715","0.1023","1.7242000000000002","1.7196","True","NaN","18.697100000000002","NaN","NaN","NaN","4","1","1","False","0"
"36832","2152058798096","1845119554333","1845119763242","21.020100000000003","20.890900000000002","0.1292","20.654500000000002","4.636","True","NaN","20.9932","NaN","NaN","NaN","4","1","1","False","0"
"36832","2152058798096","1845119764534","1845119953574","19.0359","18.904","0.13190000000000002","3.8212","3.8171000000000004","True","NaN","19.0332","NaN","NaN","NaN","4","1","1","False","0"
"36832","2152058798096","1845119954893","1845120141381","18.779300000000003","18.6488","0.1305","3.3167","3.3127","True","NaN","18.7807","NaN","NaN","NaN","4","1","1","False","0"
"36832","2152058798096","1845120142686","1845120337115","19.5607","19.4429","0.1178","2.1619","2.1579","True","NaN","19.5734","NaN","NaN","NaN","4","1","1","False","0"
"36832","2152058798096","1845120338293","1845120549960","21.2968","21.166700000000002","0.1301","1.8694000000000002","1.8649","True","NaN","21.2845","NaN","NaN","NaN","4","1","1","False","0"
"36832","2152058798096","1845120551261","1845120743913","19.3794","19.2652","0.11420000000000001","3.6618000000000004","3.657","True","NaN","19.395300000000002","NaN","NaN","NaN","4","1","1","False","0"
"36832","2152058798096","1845120745055","1845120939879","19.5868","19.482400000000002","0.1044","2.1912000000000003","2.1875","True","NaN","19.596600000000002","NaN","NaN","NaN","4","1","1","False","0"
"36832","2152058798096","1845120940923","1845121129809","19.0067","18.8886","0.11810000000000001","16.8507","3.5595000000000003","True","NaN","18.993000000000002","NaN","NaN","NaN","4","1","1","False","0"
"36832","2152058798096","1845121130990","1845121322409","19.274","19.1419","0.1321","2.0323","2.0282","True","NaN","19.26","NaN","NaN","NaN","4","1","1","False","0"
"36832","2152058798096","1845121323730","1845121537682","21.539","21.395200000000003","0.1438","3.3753","3.3714","True","NaN","21.5273","NaN","NaN","NaN","4","1","1","False","0"
"36832","2152058798096","1845121539120","1845121803024","26.5539","26.3904","0.1635","2.8655","2.8596","False","24.248800000000003","26.534200000000002","17648.419","3.5133","29.9037","8","1","1","False","0"
"36832","2152058798096","1845121804659","1845122026909","22.4081","22.225","0.1831","21.886100000000003","2.4048000000000003","False","24.252100000000002","22.3885","24.248800000000003","5.373600000000001","27.5986","8","1","1","False","0"
"36832","2152058798096","1845122028740","1845122276916","24.96","24.817600000000002","0.1424","25.305600000000002","2.7488","False","24.218600000000002","25.000700000000002","24.252100000000002","4.625","29.442600000000002","8","1","1","False","0"
"36832","2152058798096","1845122278340","1845122512586","23.5284","23.4246","0.1038","25.7325","5.232200000000001","False","24.2541","23.567","24.218600000000002","5.2766","28.7012","8","1","1","False","0"
"36832","2152058798096","1845122513624","1845122752260","24.059900000000003","23.8636","0.1963","23.7234","4.635800000000001","False","18.184","23.9674","24.2541","5.5633","29.4269","8","1","1","False","0"
"36832","2152058798096","1845122754223","1845122961836","20.911500000000004","20.761300000000002","0.1502","18.2286","1.9378000000000002","False","24.2883","20.9576","18.184","2.7897000000000003","23.551000000000002","8","1","1","False","0"
"36832","2152058798096","1845122963338","1845123154286","19.2567","19.0948","0.16190000000000002","19.448","2.1354","False","18.1871","19.245","24.2883","7.833","26.9278","8","1","1","False","0"
"36832","2152058798096","1845123155905","1845123337058","18.2739","18.1153","0.15860000000000002","18.4056","2.2591","False","12.0737","18.2772","18.1871","7.742900000000001","25.8582","8","1","1","False","0"
"36832","2152058798096","1845123338644","1845123512757","17.5542","17.4113","0.1429","17.136","1.8402","False","24.229400000000002","17.5699","12.0737","2.2467","19.658","8","1","1","False","0"
"36832","2152058798096","1845123514186","1845123712810","20.029400000000003","19.8624","0.167","23.8782","5.6995000000000005","False","18.1922","20.005300000000002","24.229400000000002","6.4708000000000006","26.3332","8","1","1","False","0"
"36832","2152058798096","1845123714480","1845123899169","18.637400000000003","18.4689","0.1685","18.3226","5.3828000000000005","False","18.2102","18.6359","18.1922","6.0271","24.496000000000002","8","1","1","False","0"
"36832","2152058798096","1845123900854","1845124099945","20.049200000000003","19.909100000000002","0.1401","16.3204","1.635","False","18.1746","20.0776","18.2102","4.1597","24.0688","8","1","1","False","0"
"36832","2152058798096","1845124101346","1845124247733","14.8029","14.6387","0.1642","14.954","1.8114000000000001","False","18.166800000000002","14.7788","18.1746","7.5555","22.194200000000002","8","1","1","False","0"
"36832","2152058798096","1845124249375","1845124454449","20.6283","20.5074","0.12090000000000001","20.8765","2.0328","False","18.247400000000003","20.6716","18.166800000000002","5.0507","25.5581","8","1","1","False","0"
"36832","2152058798096","1845124455658","1845124619161","16.5332","16.3503","0.1829","18.1692","3.6901","False","24.2132","16.4712","18.247400000000003","6.8269","23.177200000000003","8","1","1","False","0"
"36832","2152058798096","1845124620990","1845124841261","22.160500000000003","22.0271","0.13340000000000002","21.627100000000002","3.1412","False","18.1582","22.21","24.2132","8.8301","30.857200000000002","8","1","1","False","0"
"36832","2152058798096","1845124842595","1845125052355","21.178900000000002","20.976000000000003","0.2029","21.0851","3.4262","False","18.145","21.1094","18.1582","5.878900000000001","26.8549","8","1","1","False","0"
"36832","2152058798096","1845125054384","1845125251482","19.8712","19.7098","0.16140000000000002","18.34","1.5244","False","24.2929","19.9127","18.145","4.1112","23.821","8","1","1","False","0"
"36832","2152058798096","1845125253096","1845125451148","19.9497","19.8052","0.14450000000000002","21.3002","2.8736","False","12.0753","19.9666","24.2929","8.4375","28.242700000000003","8","1","1","False","0"
"36832","2152058798096","1845125452593","1845125620752","16.955199999999998","16.8159","0.1393","16.2441","2.1601","False","18.1797","16.9604","12.0753","3.5524","20.3683","8","1","1","False","0"
"36832","2152058798096","1845125622145","1845125796219","17.5476","17.4074","0.14020000000000002","18.200400000000002","2.8155","False","24.2707","17.5467","18.1797","4.1854000000000005","21.5928","8","1","1","False","0"
"36832","2152058798096","1845125797621","1845126008815","21.279200000000003","21.119400000000002","0.1598","23.4362","4.4026000000000005","False","18.206400000000002","21.259600000000002","24.2707","7.1965","28.315900000000003","8","1","1","False","0"
"36832","2152058798096","1845126010413","1845126207794","19.8579","19.7381","0.1198","17.345200000000002","2.4367","False","18.134800000000002","19.8979","18.206400000000002","5.505","25.243100000000002","8","1","1","False","0"
"36832","2152058798096","1845126208992","1845126372208","16.493100000000002","16.3216","0.1715","18.9263","4.9065","False","18.1841","16.4414","18.134800000000002","7.1984","23.52","8","1","1","False","0"
"36832","2152058798096","1845126373923","1845126577380","20.4766","20.3457","0.13090000000000002","18.556800000000003","2.9613","False","18.2481","20.517200000000003","18.1841","4.8653","25.211000000000002","8","1","1","False","0"
"36832","2152058798096","1845126578689","1845126760266","18.325200000000002","18.157700000000002","0.1675","18.1719","2.8242000000000003","False","18.1252","18.288600000000002","18.2481","4.824800000000001","22.9825","8","1","1","False","0"
"36832","2152058798096","1845126761941","1845126942142","18.156","18.0201","0.1359","18.329700000000003","2.9854000000000003","False","30.304100000000002","18.1876","18.1252","4.7624","22.782500000000002","8","1","1","False","0"
"36832","2152058798096","1845126943501","1845127223559","28.1796","28.0058","0.1738","29.927400000000002","4.7526","False","24.2783","28.1417","30.304100000000002","6.9248","34.9306","8","1","1","False","0"
"36832","2152058798096","1845127225297","1845127467196","24.361700000000003","24.1899","0.1718","22.8227","3.5420000000000003","False","18.1536","24.3637","24.2783","6.8394","31.029300000000003","8","1","1","False","0"
"36832","2152058798096","1845127468914","1845127676628","20.9101","20.7714","0.13870000000000002","19.6094","1.8983","False","30.3233","20.9432","18.1536","4.0498","24.8212","8","1","1","False","0"
"36832","2152058798096","1845127678015","1845127940874","26.4467","26.2859","0.1608","27.668000000000003","3.1305","False","18.1763","26.4246","30.3233","7.9485","34.2344","8","1","1","False","0"
"36832","2152058798096","1845127942482","1845128113451","17.2632","17.0969","0.1663","16.931900000000002","2.7841","False","12.081900000000001","17.2577","18.1763","8.8671","25.964000000000002","8","1","1","False","0"
"36832","2152058798096","1845128115114","1845128286208","17.2741","17.1094","0.1647","16.3294","1.8643","False","24.2637","17.2757","12.081900000000001","3.6733000000000002","20.782700000000002","8","1","1","False","0"
"36832","2152058798096","1845128287855","1845128479422","19.2992","19.1567","0.14250000000000002","20.4048","2.9509000000000003","False","18.1689","19.3214","24.2637","8.6156","27.7723","8","1","1","False","0"
"36832","2152058798096","1845128480847","1845128669293","19.0097","18.8446","0.1651","17.8736","1.8174000000000001","False","18.1783","18.9871","18.1689","7.7974000000000006","26.642000000000003","8","1","1","False","0"
"36832","2152058798096","1845128670944","1845128863625","19.4237","19.2681","0.15560000000000002","22.143299999999996","4.5389","False","18.2402","19.4332","18.1783","6.5425","25.8106","8","1","1","False","0"
"36832","2152058798096","1845128865181","1845129061315","19.753800000000002","19.613400000000002","0.1404","18.4812","3.266","False","18.1276","19.769000000000002","18.2402","5.0137","24.627100000000002","8","1","1","False","0"
"36832","2152058798096","1845129062719","1845129235778","17.477600000000002","17.3059","0.17170000000000002","18.6113","4.4108","False","24.2771","17.4463","18.1276","5.695","23.0009","8","1","1","False","0"
"36832","2152058798096","1845129237495","1845129451857","21.6009","21.4362","0.1647","20.003400000000003","2.8013000000000003","False","18.1785","21.6079","24.2771","8.3642","29.8004","8","1","1","False","0"
"36832","2152058798096","1845129453504","1845129634737","18.2656","18.1233","0.1423","17.6421","2.1764","False","12.1316","18.288","18.1785","8.2547","26.378","8","1","1","False","0"
"36832","2152058798096","1845129636160","1845129794863","15.9815","15.8703","0.11120000000000001","15.2833","1.7564000000000002","False","18.1264","16.0126","12.1316","4.3737","20.244","8","1","1","False","0"
"36832","2152058798096","1845129795975","1845129979882","18.592100000000002","18.390700000000002","0.20140000000000002","19.8729","2.8148","False","24.2716","18.5019","18.1264","3.9982","22.3889","8","1","1","False","0"
"36832","2152058798096","1845129981896","1845130186438","20.653","20.4542","0.1988","20.8015","2.9257","False","12.1112","20.6556","24.2716","7.6142","28.0684","8","1","1","False","0"
"36832","2152058798096","1845130188426","1845130359337","17.239800000000002","17.0911","0.1487","16.494500000000002","2.1630000000000003","False","18.169600000000003","17.2899","12.1112","2.4355","19.526600000000002","8","1","1","False","0"
"36832","2152058798096","1845130360824","1845130527514","16.809","16.669","0.14","17.5871","2.9409","False","24.259","16.817700000000002","18.169600000000003","3.7874000000000003","20.456400000000002","8","1","1","False","0"
"36832","2152058798096","1845130528914","1845130747106","22.003400000000003","21.819200000000002","0.1842","23.526600000000002","4.4726","False","18.1831","21.959200000000003","24.259","6.0872","27.9064","8","1","1","False","0"
"36832","2152058798096","1845130748948","1845130916601","16.909","16.7653","0.1437","17.4293","4.984","False","12.1006","16.9495","18.1831","7.3208","24.086100000000002","8","1","1","False","0"
"36832","2152058798096","1845130918038","1845131085794","16.9083","16.7756","0.1327","13.8504","1.9186","False","24.2716","16.9193","12.1006","2.5021","19.2777","8","1","1","False","0"
"36832","2152058798096","1845131087121","1845131263507","17.789","17.6386","0.1504","18.7729","2.9107000000000003","False","12.1746","17.7713","24.2716","9.0024","26.641000000000002","8","1","1","False","0"
"36832","2152058798096","1845131265011","1845131441118","17.761000000000003","17.6107","0.15030000000000002","17.0267","2.1694","False","18.1046","17.761100000000003","12.1746","3.4159","21.026600000000002","8","1","1","False","0"
"36832","2152058798096","1845131442621","1845131605323","16.4022","16.2702","0.132","17.3776","3.1430000000000002","False","18.2379","16.4205","18.1046","5.1000000000000005","21.3702","8","1","1","False","0"
"36832","2152058798096","1845131606643","1845131764744","15.961","15.8101","0.1509","15.6394","2.8348","False","18.1246","15.9421","18.2379","7.3958","23.2059","8","1","1","False","0"
"36832","2152058798096","1845131766253","1845131960959","19.627200000000002","19.4706","0.15660000000000002","20.9583","4.5258","False","18.2008","19.6215","18.1246","5.8989","25.369500000000002","8","1","1","False","0"
"36832","2152058798096","1845131962525","1845132129754","16.880399999999998","16.7229","0.1575","17.0576","4.345400000000001","False","12.1042","16.8795","18.2008","7.2202","23.9431","8","1","1","False","0"
"36832","2152058798096","1845132131329","1845132292995","16.308500000000002","16.166600000000003","0.1419","13.9357","1.9564000000000001","False","18.189700000000002","16.3241","12.1042","3.0003","19.166900000000002","8","1","1","False","0"
"36832","2152058798096","1845132294414","1845132462245","16.9069","16.7831","0.12380000000000001","17.5984","2.6462000000000003","False","12.125300000000001","16.925","18.189700000000002","4.265000000000001","21.0481","8","1","1","False","0"
"36832","2152058798096","1845132463483","1845132568761","10.709000000000001","10.527800000000001","0.1812","11.390600000000001","3.3466","False","6.0438","10.6516","12.125300000000001","5.738700000000001","16.2665","8","1","1","False","0"
"36832","2152058798096","1845132570573","1845132664620","9.538","9.4047","0.1333","8.0753","1.8671","False","18.2081","9.5859","6.0438","2.1966","11.6013","8","1","1","False","0"
"36832","2152058798096","1845132665953","1845132778011","11.3439","11.2058","0.1381","12.6277","3.1543","False","6.0665000000000004","11.3391","18.2081","9.0656","20.2714","8","1","1","False","0"
"36832","2152058798096","1845132779392","1845132897203","11.9044","11.7811","0.1233","10.267900000000001","1.5106000000000002","False","12.111","11.9192","6.0665000000000004","3.2129000000000003","14.994000000000002","8","1","1","False","0"
"36832","2152058798096","1845132898436","1845133009189","11.2165","11.0753","0.14120000000000002","11.5103","1.8190000000000002","False","12.1113","11.1986","12.111","4.1253","15.200600000000001","8","1","1","False","0"
"36832","2152058798096","1845133010601","1845133145544","13.629600000000002","13.4943","0.1353","13.6723","1.8515000000000001","False","18.1838","13.6355","12.1113","2.6011","16.0954","8","1","1","False","0"
"36832","2152058798096","1845133146897","1845133286123","14.080000000000002","13.922600000000001","0.1574","17.151600000000002","4.9253","False","12.133000000000001","14.0579","18.1838","6.727","20.6496","8","1","1","False","0"
"36832","2152058798096","1845133287697","1845133424318","13.8268","13.6621","0.1647","10.9707","2.0818000000000003","False","18.1798","13.819500000000001","12.133000000000001","5.040500000000001","18.7026","8","1","1","False","0"
"36832","2152058798096","1845133425965","1845133582264","15.786900000000001","15.629900000000001","0.157","18.028000000000002","4.321400000000001","False","12.118300000000001","15.7946","18.1798","7.4257","23.055600000000002","8","1","1","False","0"
"36832","2152058798096","1845133583834","1845133741393","15.8949","15.7559","0.139","13.4642","1.8782","False","18.2042","15.9129","12.118300000000001","3.6311","19.387","8","1","1","False","0"
"36832","2152058798096","1845133742783","1845133885387","14.4161","14.2604","0.1557","15.9665","3.4338","False","6.0349","14.3994","18.2042","7.4359","21.6963","8","1","1","False","0"
"36832","2152058798096","1845133886944","1845133992842","10.7239","10.5898","0.1341","9.101600000000001","1.8063","False","18.1938","10.7455","6.0349","2.7253000000000003","13.315100000000001","8","1","1","False","0"
"36832","2152058798096","1845133994183","1845134155259","16.2194","16.1076","0.11180000000000001","16.1481","2.0271","False","12.1033","16.2417","18.1938","4.6774000000000004","20.785","8","1","1","False","0"
"36832","2152058798096","1845134156377","1845134285496","13.042900000000001","12.911900000000001","0.131","13.189300000000001","1.8804","False","18.1997","13.0237","12.1033","3.757","16.6689","8","1","1","False","0"
"36832","2152058798096","1845134286806","1845134423425","13.8122","13.661900000000001","0.15030000000000002","14.086300000000001","2.1562","False","6.0384","13.792900000000001","18.1997","8.1638","21.8257","8","1","1","False","0"
"36832","2152058798096","1845134424928","1845134541860","11.8223","11.693200000000001","0.1291","11.4009","1.7306000000000001","False","18.2178","11.8435","6.0384","2.3587000000000002","14.0519","8","1","1","False","0"
"36832","2152058798096","1845134543151","1845134686087","14.454100000000002","14.293600000000001","0.1605","18.1153","5.4054","False","18.1719","14.4227","18.2178","6.1538","20.447400000000002","8","1","1","False","0"
"36832","2152058798096","1845134687692","1845134851772","16.5534","16.408","0.1454","13.0251","1.8724","False","12.1236","16.5685","18.1719","7.7572","24.165200000000002","8","1","1","False","0"
"36832","2152058798096","1845134853226","1845134997731","14.6134","14.4505","0.16290000000000002","14.970400000000001","2.2528","False","12.115300000000001","14.5959","12.1236","5.2849","19.735400000000002","8","1","1","False","0"
"36832","2152058798096","1845134999360","1845135128367","13.0502","12.9007","0.1495","12.614500000000001","1.7896","False","18.209","13.063600000000001","12.115300000000001","4.3366","17.2373","8","1","1","False","0"
"36832","2152058798096","1845135129862","1845135276557","14.827900000000001","14.669500000000001","0.1584","14.8445","1.8224","False","12.0942","14.819","18.209","7.7266","22.3961","8","1","1","False","0"
"36832","2152058798096","1845135278141","1845135421393","14.4488","14.3252","0.1236","14.920900000000001","2.2723","False","12.1022","14.483600000000001","12.0942","5.3372","19.6624","8","1","1","False","0"
"36832","2152058798096","1845135422629","1845135562873","14.151","14.0244","0.12660000000000002","13.952100000000002","2.0758","False","18.192700000000002","14.148000000000001","12.1022","3.2914000000000003","17.3158","8","1","1","False","0"
"36832","2152058798096","1845135564139","1845135707915","14.557100000000002","14.377600000000001","0.17950000000000002","17.2044","4.7337","False","12.1258","14.5042","18.192700000000002","6.979900000000001","21.3575","8","1","1","False","0"
"36832","2152058798096","1845135709710","1845135850817","14.239700000000001","14.110700000000001","0.129","11.3864","1.8669","False","12.1265","14.2902","12.1258","4.8155","18.9262","8","1","1","False","0"
"36832","2152058798096","1845135852107","1845135968225","11.731100000000001","11.6118","0.1193","12.0931","2.2123","False","12.0854","11.7408","12.1265","5.2012","16.813000000000002","8","1","1","False","0"
"36832","2152058798096","1845135969418","1845136111035","14.2985","14.161700000000002","0.1368","14.877500000000001","2.8131","False","18.216","14.281","12.0854","3.0056000000000003","17.1673","8","1","1","False","0"
"36832","2152058798096","1845136112403","1845136270164","15.974300000000001","15.776100000000001","0.19820000000000002","15.942499999999999","3.3128","False","12.087","15.9129","18.216","5.3087","21.0848","8","1","1","False","0"
"36832","2152058798096","1845136272146","1845136400745","13.025500000000001","12.859900000000001","0.1656","14.096700000000002","3.8699000000000003","False","18.2305","13.058100000000001","12.087","4.3376","17.1975","8","1","1","False","0"
"36832","2152058798096","1845136402401","1845136543876","14.2941","14.1475","0.1466","12.6182","2.1854","False","12.087","14.3131","18.2305","8.255","22.4025","8","1","1","False","0"
"36832","2152058798096","1845136545342","1845136686075","14.234900000000001","14.073300000000001","0.16160000000000002","16.8759","4.8264000000000005","False","12.1341","14.2199","12.087","6.1221000000000005","20.1954","8","1","1","False","0"
"36832","2152058798096","1845136687691","1845136817280","13.0793","12.9589","0.12040000000000001","10.379900000000001","2.112","False","12.108500000000001","13.1205","12.1341","5.1357","18.0946","8","1","1","False","0"
"36832","2152058798096","1845136818484","1845136955118","13.833800000000002","13.663400000000001","0.1704","13.958200000000001","2.2548","False","12.1091","13.783800000000001","12.108500000000001","3.4604000000000004","17.1238","8","1","1","False","0"
"36832","2152058798096","1845136956822","1845137087204","13.1706","13.0382","0.13240000000000002","12.9947","2.0662000000000003","False","18.2145","13.2086","12.1091","2.3609","15.3991","8","1","1","False","0"
"36832","2152058798096","1845137088528","1845137220427","13.332","13.189900000000002","0.1421","15.197600000000001","3.9338","False","12.104800000000001","13.3223","18.2145","7.253100000000001","20.443","8","1","1","False","0"
"36832","2152058798096","1845137221848","1845137352904","13.293700000000001","13.1056","0.18810000000000002","12.9303","3.5934000000000004","False","12.1157","13.2477","12.104800000000001","6.1102","19.2158","8","1","1","False","0"
"36832","2152058798096","1845137354785","1845137477315","12.4257","12.253","0.17270000000000002","12.1499","3.3186","False","12.149700000000001","12.4411","12.1157","5.784800000000001","18.0378","8","1","1","False","0"
"36832","2152058798096","1845137479042","1845137608771","13.155700000000001","12.972900000000001","0.18280000000000002","11.6621","1.8215000000000001","False","18.171300000000002","13.1456","12.149700000000001","4.7889","17.7618","8","1","1","False","0"
"36832","2152058798096","1845137610599","1845137755962","14.6805","14.5363","0.1442","15.1128","2.2388","False","12.0943","14.719100000000001","18.171300000000002","8.241100000000001","22.7774","8","1","1","False","0"
"36832","2152058798096","1845137757404","1845137892502","13.6576","13.5098","0.14780000000000001","15.049100000000001","3.6248","False","24.267300000000002","13.654","12.0943","6.6814","20.191200000000002","8","1","1","False","0"
"36832","2152058798096","1845137893980","1845138099838","20.733800000000002","20.585800000000003","0.14800000000000002","21.8444","4.7449","False","6.0482000000000005","20.733600000000003","24.267300000000002","10.2151","30.800900000000002","8","1","1","False","0"
"36832","2152058798096","1845138101318","1845138232750","13.2841","13.1432","0.1409","10.306700000000001","1.7517","False","18.1946","13.2912","6.0482000000000005","2.9721","16.1153","8","1","1","False","0"
"36832","2152058798096","1845138234159","1845138393388","16.0192","15.9229","0.09630000000000001","16.3453","2.3394","False","12.100900000000001","16.0638","18.1946","5.1029","21.0258","8","1","1","False","0"
"36832","2152058798096","1845138394351","1845138527344","13.4559","13.2993","0.15660000000000002","13.3611","1.9973","False","12.1342","13.3956","12.100900000000001","3.8082000000000003","17.1075","8","1","1","False","0"
"36832","2152058798096","1845138528910","1845138646187","11.8698","11.7277","0.1421","11.6972","1.8248","False","18.186","11.884300000000001","12.1342","4.0581000000000005","15.7858","8","1","1","False","0"
"36832","2152058798096","1845138647608","1845138802002","15.592500000000001","15.439400000000001","0.1531","17.5334","3.7568","False","12.124500000000001","15.5815","18.186","6.6626","22.102","8","1","1","False","0"
"36832","2152058798096","1845138803533","1845138926959","12.498500000000002","12.342600000000001","0.1559","12.2896","3.5577","False","12.096300000000001","12.495700000000001","12.124500000000001","6.2914","18.634","8","1","1","False","0"
"36832","2152058798096","1845138928518","1845139085612","15.857800000000001","15.7094","0.1484","14.204500000000003","1.9005","False","30.326400000000003","15.865300000000001","12.096300000000001","2.5224","18.2318","8","1","1","False","0"
"36832","2152058798096","1845139087096","1845139305595","21.968500000000002","21.8499","0.11860000000000001","25.502200000000002","5.4190000000000005","False","6.050000000000001","21.9983","30.326400000000003","10.8505","32.7004","8","1","1","False","0"
"36832","2152058798096","1845139306781","1845139448675","14.372800000000002","14.189400000000001","0.1834","10.7789","1.848","False","18.204700000000003","14.308","6.050000000000001","2.5925000000000002","16.7819","8","1","1","False","0"
"36832","2152058798096","1845139450509","1845139597092","14.801400000000001","14.6583","0.1431","16.494600000000002","3.5314","False","30.2957","14.841700000000001","18.204700000000003","5.955500000000001","20.6138","8","1","1","False","0"
"36832","2152058798096","1845139598523","1845139870072","27.3","27.1549","0.1451","26.7466","2.9771","False","12.1288","27.298000000000002","30.2957","8.9532","36.1081","8","1","1","False","0"
"36832","2152058798096","1845139871523","1845140003445","13.346300000000001","13.192200000000001","0.15410000000000001","12.5149","2.157","False","12.1079","13.3373","12.1288","7.744700000000001","20.9369","8","1","1","False","0"
"36832","2152058798096","1845140004986","1845140154173","15.053500000000001","14.918700000000001","0.1348","14.7491","1.8269000000000002","False","18.1784","15.0728","12.1079","4.7798","19.6985","8","1","1","False","0"
"36832","2152058798096","1845140155521","1845140341939","18.7687","18.6418","0.1269","18.7723","1.8378","False","18.1898","18.776600000000002","18.1784","4.1816","22.8234","8","1","1","False","0"
"36832","2152058798096","1845140343208","1845140486040","14.4343","14.2832","0.1511","14.5014","1.9158000000000002","False","12.0866","14.4101","18.1898","7.9613000000000005","22.244500000000002","8","1","1","False","0"
"36832","2152058798096","1845140487551","1845140627342","14.116200000000001","13.9791","0.1371","15.4878","3.5882","False","30.3289","14.1302","12.0866","5.9177","19.896800000000002","8","1","1","False","0"
"36832","2152058798096","1845140628713","1845140917376","29.036700000000003","28.866300000000003","0.1704","31.3032","5.5574","False","18.1687","29.003400000000003","30.3289","7.243200000000001","36.109500000000004","8","1","1","False","0"
"36832","2152058798096","1845140919080","1845141114982","19.7374","19.5902","0.1472","18.0884","3.9038000000000004","False","12.111600000000001","19.7606","18.1687","5.6513","25.241500000000002","8","1","1","False","0"
"36832","2152058798096","1845141116454","1845141265943","15.077","14.9489","0.12810000000000002","13.049000000000001","1.8657000000000001","False","18.2086","15.0961","12.111600000000001","2.6668000000000003","17.6157","8","1","1","False","0"
"36832","2152058798096","1845141267224","1845141433316","16.773200000000003","16.6092","0.164","16.648300000000003","1.7707000000000002","False","18.195800000000002","16.7373","18.2086","4.1381000000000006","20.747300000000003","8","1","1","False","0"
"36832","2152058798096","1845141434956","1845141583286","14.996","14.833","0.163","17.142400000000002","3.8957","False","12.100800000000001","14.997","18.195800000000002","7.3369","22.169900000000002","8","1","1","False","0"
"36832","2152058798096","1845141584916","1845141743160","15.9625","15.8244","0.1381","14.271500000000001","2.2013000000000003","False","18.1891","15.987400000000001","12.100800000000001","3.4503000000000004","19.2747","8","1","1","False","0"
"36832","2152058798096","1845141744541","1845141903961","16.0962","15.942","0.1542","17.3598","3.4767","False","18.177400000000002","16.0801","18.1891","5.5593","21.5013","8","1","1","False","0"
"36832","2152058798096","1845141905503","1845142100076","19.6038","19.4573","0.14650000000000002","17.8585","1.7139","False","18.1921","19.6115","18.177400000000002","4.1252","23.5825","8","1","1","False","0"
"36832","2152058798096","1845142101541","1845142246652","14.660400000000001","14.5111","0.14930000000000002","14.7497","1.8187","False","12.109900000000001","14.6576","18.1921","7.6597","22.1708","8","1","1","False","0"
"36832","2152058798096","1845142248145","1845142394884","14.800100000000002","14.673900000000001","0.1262","16.4729","3.4741","False","18.1701","14.8232","12.109900000000001","4.946400000000001","19.6203","8","1","1","False","0"
"36832","2152058798096","1845142396146","1845142571915","17.717200000000002","17.576900000000002","0.1403","18.1842","3.9541000000000004","False","18.1921","17.7031","18.1701","5.4134","22.9903","8","1","1","False","0"
"36832","2152058798096","1845142573318","1845142738028","16.6239","16.471","0.1529","16.5289","3.8596000000000004","False","12.1219","16.6113","18.1921","6.9942","23.4652","8","1","1","False","0"
"36832","2152058798096","1845142739557","1845142886427","14.8358","14.687000000000001","0.14880000000000002","13.386000000000001","2.4113","False","12.1088","14.8399","12.1219","4.2762","18.9632","8","1","1","False","0"
"36832","2152058798096","1845142887915","1845143026193","13.9581","13.8278","0.1303","13.356200000000001","2.1611000000000002","False","18.1783","13.976600000000001","12.1088","2.4084000000000003","16.2362","8","1","1","False","0"
"36832","2152058798096","1845143027496","1845143167685","14.153","14.0189","0.1341","17.1003","4.7461","False","12.149000000000001","14.1492","18.1783","6.4375","20.456400000000002","8","1","1","False","0"
"36832","2152058798096","1845143169026","1845143316430","14.864500000000001","14.740400000000001","0.1241","12.6485","2.5272","False","18.1754","14.874500000000001","12.149000000000001","3.712","18.4524","8","1","1","False","0"
"36832","2152058798096","1845143317671","1845143455397","13.9494","13.7726","0.1768","13.3589","1.9543000000000001","False","12.106","13.896700000000001","18.1754","7.9907","21.7633","8","1","1","False","0"
"36832","2152058798096","1845143457165","1845143602199","14.650900000000002","14.503400000000001","0.14750000000000002","16.685000000000002","3.9859","False","18.1954","14.680200000000001","12.106","5.4165","19.919900000000002","8","1","1","False","0"
"36832","2152058798096","1845143603674","1845143768665","16.650800000000004","16.499100000000002","0.1517","16.5472","3.8808000000000002","False","12.097100000000001","16.6466","18.1954","6.9653","23.4644","8","1","1","False","0"
"36832","2152058798096","1845143770182","1845143921256","15.2497","15.1074","0.1423","13.4466","2.0824000000000003","False","36.368700000000004","15.2591","12.097100000000001","3.8033","18.910700000000002","8","1","1","False","0"
"36832","2152058798096","1845143922679","1845144253415","33.2467","33.0736","0.1731","36.0561","4.8887","False","12.1332","33.215900000000005","36.368700000000004","6.9561","40.029700000000005","8","1","1","False","0"
"36832","2152058798096","1845144255146","1845144400227","14.684000000000001","14.5081","0.1759","11.3498","1.5829","False","12.107000000000001","14.6812","12.1332","4.4081","18.9162","8","1","1","False","0"
"36832","2152058798096","1845144401986","1845144538851","13.8321","13.6865","0.1456","14.154200000000001","1.8741","False","18.2168","13.862400000000001","12.107000000000001","2.6527000000000003","16.3392","8","1","1","False","0"
"36832","2152058798096","1845144540307","1845144672904","13.394300000000001","13.2597","0.1346","13.4739","1.9449","False","12.0911","13.4053","18.2168","7.4642","20.7239","8","1","1","False","0"
"36832","2152058798096","1845144674250","1845144844815","17.3139","17.0565","0.2574","17.178","1.8737000000000001","False","18.2044","17.191100000000002","12.0911","2.3642000000000003","19.4207","8","1","1","False","0"
"36832","2152058798096","1845144847389","1845144984966","13.9098","13.7577","0.1521","16.0347","3.9435000000000002","False","12.0769","14.0151","18.2044","6.5535000000000005","20.3112","8","1","1","False","0"
"36832","2152058798096","1845144986487","1845145148993","16.361900000000002","16.250600000000002","0.11130000000000001","14.291300000000001","2.1442","False","24.272000000000002","16.4027","12.0769","2.2277","18.4783","8","1","1","False","0"
"36832","2152058798096","1845145150106","1845145363179","21.4557","21.3073","0.1484","22.697400000000002","3.1154","False","12.114","21.4186","24.272000000000002","5.0811","26.3884","8","1","1","False","0"
"36832","2152058798096","1845145364663","1845145502347","13.935100000000002","13.768400000000002","0.16670000000000001","13.0667","2.2464","False","18.1919","13.9168","12.114","3.2783","17.0467","8","1","1","False","0"
"36832","2152058798096","1845145504014","1845145649168","14.661200000000001","14.515400000000001","0.1458","16.123","3.7043000000000004","False","12.1399","14.6821","18.1919","6.7881","21.3035","8","1","1","False","0"
"36832","2152058798096","1845145650626","1845145780820","13.169500000000001","13.019400000000001","0.1501","12.7904","3.3278000000000003","False","12.0938","13.1652","12.1399","5.7628","18.7822","8","1","1","False","0"
"36832","2152058798096","1845145782321","1845145931151","15.016100000000002","14.883000000000001","0.1331","13.6219","1.9261000000000001","False","18.1977","15.033100000000001","12.0938","2.8235","17.706500000000002","8","1","1","False","0"
"36832","2152058798096","1845145932482","1845146076911","14.6067","14.4429","0.1638","16.3062","3.6298000000000004","False","12.1045","14.576","18.1977","6.445200000000001","20.8881","8","1","1","False","0"
"36832","2152058798096","1845146078549","1845146232927","15.579300000000002","15.437800000000001","0.14150000000000001","14.132000000000001","2.1814","False","18.1953","15.601600000000001","12.1045","2.9481","18.3859","8","1","1","False","0"
"36832","2152058798096","1845146234342","1845146369706","13.824900000000001","13.5364","0.28850000000000003","15.449000000000002","3.8892","False","12.1217","13.677900000000001","18.1953","7.4655000000000005","21.001900000000003","8","1","1","False","0"
"36832","2152058798096","1845146372591","1845146493657","12.3176","12.1066","0.21100000000000002","12.2321","3.7758000000000003","False","12.1203","12.395100000000001","12.1217","7.1921","19.2987","8","1","1","False","0"
"36832","2152058798096","1845146495767","1845146629812","13.5792","13.4045","0.17470000000000002","13.2727","3.419","False","12.109200000000001","13.6155","12.1203","5.6969","19.1014","8","1","1","False","0"
"36832","2152058798096","1845146631559","1845146771827","14.159600000000001","14.026800000000001","0.1328","12.910899999999998","2.162","False","18.181900000000002","14.201500000000001","12.109200000000001","3.6046","17.6314","8","1","1","False","0"
"36832","2152058798096","1845146773155","1845146916593","14.5291","14.3438","0.18530000000000002","16.935100000000002","4.5922","False","12.135200000000001","14.476600000000001","18.181900000000002","7.309900000000001","21.6537","8","1","1","False","0"
"36832","2152058798096","1845146918446","1845147047121","13.0233","12.867500000000001","0.1558","11.8842","3.4375","False","12.093300000000001","13.052800000000001","12.135200000000001","6.3923000000000005","19.259800000000002","8","1","1","False","0"
"36832","2152058798096","1845147048679","1845147181765","13.4063","13.3086","0.09770000000000001","12.0395","2.3235","False","30.337100000000003","13.464400000000001","12.093300000000001","5.0212","18.329800000000002","8","1","1","False","0"
"36832","2152058798096","1845147182742","1845147456540","27.668400000000002","27.379800000000003","0.2886","28.4815","2.9411","False","12.1035","27.477500000000003","30.337100000000003","7.880800000000001","35.260600000000004","8","1","1","False","0"
"36832","2152058798096","1845147459426","1845147609622","15.1574","15.0196","0.1378","14.6172","2.3438000000000003","False","18.1785","15.308200000000001","12.1035","4.6761","19.695700000000002","8","1","1","False","0"
"36832","2152058798096","1845147611000","1845147786554","17.681200000000004","17.555400000000002","0.1258","19.023600000000002","3.6786000000000003","False","12.1088","17.6932","18.1785","5.1614","22.716800000000003","8","1","1","False","0"
"36832","2152058798096","1845147787812","1845147936122","14.956500000000002","14.831000000000001","0.1255","13.2138","1.9269","False","18.1837","14.956800000000001","12.1088","2.3134","17.1444","8","1","1","False","0"
"36832","2152058798096","1845147937377","1845148093640","15.7955","15.6263","0.16920000000000002","17.424400000000002","3.573","False","12.126700000000001","15.751800000000001","18.1837","4.7453","20.3716","8","1","1","False","0"
"36832","2152058798096","1845148095332","1845148231706","13.765","13.637400000000001","0.12760000000000002","12.420900000000001","2.2133000000000003","False","18.1982","13.806600000000001","12.126700000000001","3.0654000000000003","16.7028","8","1","1","False","0"
"36832","2152058798096","1845148232982","1845148378375","14.6837","14.5393","0.1444","16.0559","3.5991","False","12.1294","14.6669","18.1982","6.5967","21.136000000000003","8","1","1","False","0"
"36832","2152058798096","1845148379819","1845148523923","14.5303","14.410400000000001","0.1199","12.678500000000001","1.7317","False","18.1801","14.5548","12.1294","4.1713000000000005","18.5817","8","1","1","False","0"
"36832","2152058798096","1845148525122","1845148673359","14.967600000000001","14.8237","0.1439","16.726100000000002","3.4978000000000002","False","12.118","14.9436","18.1801","7.4078","22.2315","8","1","1","False","0"
"36832","2152058798096","1845148674798","1845148829313","15.581600000000002","15.451500000000001","0.1301","13.8323","1.7462","False","18.1833","15.595400000000001","12.118","3.9304","19.3819","8","1","1","False","0"
"36832","2152058798096","1845148830614","1845148973274","14.4048","14.266","0.1388","14.8123","2.1622","False","12.1232","14.3961","18.1833","7.7176","21.983600000000003","8","1","1","False","0"
"36832","2152058798096","1845148974662","1845149126399","15.2749","15.1737","0.1012","15.313","2.4754","False","12.1006","15.3125","12.1232","4.528300000000001","19.702","8","1","1","False","0"
"36832","2152058798096","1845149127411","1845149263723","13.8358","13.631200000000002","0.2046","13.4863","1.8852","False","18.192800000000002","13.7324","12.1006","2.8965","16.5277","8","1","1","False","0"
"36832","2152058798096","1845149265769","1845149399994","13.628700000000002","13.422500000000001","0.20620000000000002","15.6806","3.922","False","12.119","13.6271","18.192800000000002","7.4622","20.884700000000002","8","1","1","False","0"
"36832","2152058798096","1845149402056","1845149533001","13.3221","13.0945","0.22760000000000002","12.7725","3.3949000000000003","False","12.131400000000001","13.3007","12.119","6.2805","19.375","8","1","1","False","0"
"36832","2152058798096","1845149535277","1845149667339","13.328000000000001","13.2062","0.1218","12.0814","2.0938","False","12.0954","13.433800000000002","12.131400000000001","4.9781","18.1843","8","1","1","False","0"
"36832","2152058798096","1845149668557","1845149808268","14.1032","13.9711","0.1321","14.179400000000001","2.1764","False","18.1993","14.0929","12.0954","2.9806000000000004","16.951700000000002","8","1","1","False","0"
"36832","2152058798096","1845149809589","1845149959672","15.177900000000001","15.0083","0.1696","16.3966","3.4052000000000002","False","12.1197","15.140400000000001","18.1993","6.0395","21.047800000000002","8","1","1","False","0"
"36832","2152058798096","1845149961368","1845150087923","12.8431","12.6555","0.18760000000000002","12.1911","2.7988","False","18.1955","12.8251","12.1197","5.3341","17.9896","8","1","1","False","0"
"36832","2152058798096","1845150089799","1845150269214","18.0882","17.9415","0.1467","17.941000000000003","2.6083000000000003","False","18.1731","18.1291","18.1955","5.4005","23.342000000000002","8","1","1","False","0"
"36832","2152058798096","1845150270681","1845150429017","16.0428","15.8336","0.2092","15.2996","1.895","False","12.1158","15.980300000000002","18.1731","7.5933","23.4269","8","1","1","False","0"
"36832","2152058798096","1845150431109","1845150555442","12.6315","12.433300000000001","0.19820000000000002","14.5541","3.7954000000000003","False","12.1332","12.6425","12.1158","7.0666","19.4999","8","1","1","False","0"
"36832","2152058798096","1845150557424","1845150677174","12.216400000000002","11.975000000000001","0.2414","12.209100000000001","3.8268","False","12.1114","12.173200000000001","12.1332","7.0266","19.0016","8","1","1","False","0"
"36832","2152058798096","1845150679588","1845150807851","13.0502","12.8263","0.22390000000000002","12.677000000000001","3.4482000000000004","False","12.128200000000001","13.0677","12.1114","6.0703000000000005","18.8966","8","1","1","False","0"
"36832","2152058798096","1845150810090","1845150935757","12.706700000000001","12.5667","0.14","11.7126","2.4053","False","12.1265","12.790600000000001","12.128200000000001","5.407900000000001","17.974600000000002","8","1","1","False","0"
"36832","2152058798096","1845150937157","1845151068797","13.286600000000002","13.164000000000001","0.1226","12.4692","1.5775000000000001","False","18.1739","13.304","12.1265","4.2304","17.3944","8","1","1","False","0"
"36832","2152058798096","1845151070023","1845151208305","14.059800000000001","13.8282","0.2316","14.716000000000001","2.285","False","12.1232","13.950800000000001","18.1739","8.4535","22.2817","8","1","1","False","0"
"36832","2152058798096","1845151210621","1845151352587","14.3367","14.1966","0.1401","15.5111","3.4181000000000004","False","12.1194","14.4282","12.1232","6.1485","20.345100000000002","8","1","1","False","0"
"36832","2152058798096","1845151353988","1845151500312","14.7401","14.6324","0.1077","12.949300000000001","1.8972","False","18.172","14.7725","12.1194","3.4954","18.1278","8","1","1","False","0"
"36832","2152058798096","1845151501389","1845151678417","17.829","17.7028","0.1262","18.122700000000002","1.915","False","18.2092","17.8105","18.172","3.8569","21.5597","8","1","1","False","0"
"36832","2152058798096","1845151679679","1845151825318","14.7209","14.5639","0.157","16.0138","3.2166","False","24.2257","14.690100000000001","18.2092","7.376","21.9399","8","1","1","False","0"
"36832","2152058798096","1845151826888","1845152061673","23.6381","23.4785","0.15960000000000002","23.2844","2.8715","False","12.103800000000001","23.6355","24.2257","7.966200000000001","31.4447","8","1","1","False","0"
"36832","2152058798096","1845152063269","1845152207072","14.6121","14.3803","0.2318","15.128","3.4275","False","12.1173","14.539900000000001","12.103800000000001","5.5301","19.9104","8","1","1","False","0"
"36832","2152058798096","1845152209390","1845152353653","14.576300000000002","14.426300000000001","0.15","13.4265","2.2327","False","24.2697","14.658100000000001","12.1173","2.9893","17.4156","8","1","1","False","0"
"36832","2152058798096","1845152355153","1845152545154","19.2377","19.0001","0.2376","21.291600000000003","4.3203000000000005","False","12.1088","19.150100000000002","24.2697","8.1089","27.109","8","1","1","False","0"
"36832","2152058798096","1845152547530","1845152677231","13.152800000000001","12.9701","0.1827","12.467","3.6196","False","12.1015","13.2077","12.1088","7.010000000000001","19.9801","8","1","1","False","0"
"36832","2152058798096","1845152679058","1845152838683","16.1033","15.9625","0.1408","14.714500000000001","2.2043","False","24.2548","16.1452","12.1015","2.9663","18.928800000000003","8","1","1","False","0"
"36832","2152058798096","1845152840091","1845153051627","21.3575","21.1536","0.2039","23.6065","4.4819","False","18.1924","21.2944","24.2548","5.9267","27.0803","8","1","1","False","0"
"36832","2152058798096","1845153053666","1845153230922","17.8832","17.7256","0.15760000000000002","16.6931","3.2668000000000004","False","18.180400000000002","17.9295","18.1924","6.1896","23.915200000000002","8","1","1","False","0"
"36832","2152058798096","1845153232498","1845153400307","16.930899999999998","16.7809","0.15","17.6201","3.962","False","12.2051","16.9385","18.180400000000002","7.431500000000001","24.212400000000002","8","1","1","False","0"
"36832","2152058798096","1845153401807","1845153533681","13.3445","13.1874","0.15710000000000002","12.862300000000001","3.4792","False","42.3293","13.3374","12.2051","6.2992","19.4866","8","1","1","False","0"
"36832","2152058798096","1845153535252","1845153968000","43.3925","43.2748","0.1177","43.2156","3.5726","False","12.1118","43.4319","42.3293","5.1966","48.4714","8","1","1","False","0"
"36832","2152058798096","1845153969177","1845154116755","14.917300000000001","14.757800000000001","0.1595","13.3971","1.786","False","18.2022","14.8755","12.1118","2.4329","17.1907","8","1","1","False","0"
"36832","2152058798096","1845154118350","1845154271048","15.398","15.2698","0.1282","15.849400000000003","2.2191","False","12.1067","15.429300000000001","18.2022","5.2058","20.4756","8","1","1","False","0"
"36832","2152058798096","1845154272330","1845154413599","14.2804","14.126900000000001","0.1535","14.234300000000001","2.1923","False","18.1888","14.2551","12.1067","3.0574000000000003","17.1843","8","1","1","False","0"
"36832","2152058798096","1845154415134","1845154565813","15.2784","15.0679","0.21050000000000002","16.464100000000002","3.4197","False","12.1204","15.221400000000001","18.1888","6.0248","21.0927","8","1","1","False","0"
"36832","2152058798096","1845154567918","1845154690054","12.389400000000002","12.213600000000001","0.1758","12.8367","3.8161","False","12.1286","12.424100000000001","12.1204","5.7211","17.9347","8","1","1","False","0"
"36832","2152058798096","1845154691812","1845154847920","15.744700000000002","15.610800000000001","0.13390000000000002","13.819500000000001","1.8861","False","18.1839","15.7866","12.1286","2.0631","17.6739","8","1","1","False","0"
"36832","2152058798096","1845154849259","1845154992248","14.457600000000001","14.298900000000001","0.1587","15.916899999999998","3.354","False","18.1855","14.4328","18.1839","5.8142000000000005","20.1131","8","1","1","False","0"
"36832","2152058798096","1845154993835","1845155147736","15.5989","15.3901","0.2088","14.4074","2.1889000000000003","False","12.1044","15.5488","18.1855","8.4509","23.841","8","1","1","False","0"
"36832","2152058798096","1845155149824","1845155286782","13.871500000000001","13.6958","0.1757","16.5092","4.8056","False","12.132900000000001","13.9046","12.1044","6.6507000000000005","20.346500000000002","8","1","1","False","0"
"36832","2152058798096","1845155288539","1845155435751","14.8549","14.721200000000001","0.1337","11.8469","1.7818","False","18.1905","14.8969","12.132900000000001","3.8867000000000003","18.6079","8","1","1","False","0"
"36832","2152058798096","1845155437088","1845155587213","15.174700000000001","15.012500000000001","0.1622","17.0894","3.7225","False","18.1762","15.1462","18.1905","6.931","21.9435","8","1","1","False","0"
"36832","2152058798096","1845155588835","1845155743933","15.6692","15.5098","0.15940000000000001","16.1874","4.2374","False","12.104800000000001","15.672","18.1762","9.4352","24.945","8","1","1","False","0"
"36832","2152058798096","1845155745527","1845155903664","16.0765","15.8137","0.26280000000000003","15.9707","4.162100000000001","False","12.1144","15.9731","12.104800000000001","5.5669","21.3806","8","1","1","False","0"
"36832","2152058798096","1845155906292","1845156033309","12.8582","12.7017","0.1565","10.607700000000001","1.8549","False","30.3167","12.964500000000001","12.1144","4.7168","17.4185","8","1","1","False","0"
"36832","2152058798096","1845156034874","1845156311816","27.910300000000003","27.694200000000002","0.21610000000000001","31.5029","5.4979000000000005","False","12.1354","27.8507","30.3167","7.1828","34.877","8","1","1","False","0"
"36832","2152058798096","1845156313977","1845156450017","13.776800000000001","13.604000000000001","0.1728","11.348500000000001","3.4333","False","12.111500000000001","13.8201","12.1354","5.4981","19.1021","8","1","1","False","0"
"36832","2152058798096","1845156451745","1845156582569","13.2469","13.0824","0.1645","12.0626","1.8485","False","12.1181","13.2552","12.111500000000001","4.3544","17.4368","8","1","1","False","0"
"36832","2152058798096","1845156584214","1845156721067","13.8195","13.6853","0.1342","13.7627","1.7795","False","18.175800000000002","13.8498","12.1181","2.6227","16.308","8","1","1","False","0"
"36832","2152058798096","1845156722409","1845156873740","15.2781","15.1331","0.14500000000000002","16.9769","3.488","False","30.311600000000002","15.2673","18.175800000000002","5.5312","20.6643","8","1","1","False","0"
"36832","2152058798096","1845156875190","1845157148365","27.540300000000002","27.317500000000003","0.2228","26.2723","2.261","False","12.1393","27.462500000000002","30.311600000000002","8.3803","35.6978","8","1","1","False","0"
"36832","2152058798096","1845157150593","1845157278407","12.939900000000002","12.781400000000001","0.1585","12.580400000000001","1.8671","False","12.1044","13.0042","12.1393","7.5154000000000005","20.2968","8","1","1","False","0"
"36832","2152058798096","1845157279992","1845157405852","12.7346","12.586","0.1486","14.5577","3.6821","False","12.101","12.7445","12.1044","6.8753","19.4613","8","1","1","False","0"
"36832","2152058798096","1845157407338","1845157568593","16.294300000000003","16.125500000000002","0.1688","14.788200000000002","2.1865","False","18.2467","16.2741","12.101","2.7022","18.8277","8","1","1","False","0"
"36832","2152058798096","1845157570281","1845157695650","12.7001","12.536900000000001","0.1632","16.034200000000002","5.5149","False","30.25","12.7057","18.2467","8.2432","20.7801","8","1","1","False","0"
"36832","2152058798096","1845157697282","1845158036001","34.0296","33.871900000000004","0.1577","31.172500000000003","2.656","False","18.1948","34.0351","30.25","4.4581","38.33","8","1","1","False","0"
"36832","2152058798096","1845158037578","1845158200090","16.4101","16.2512","0.1589","17.1812","3.4292000000000002","False","12.116900000000001","16.4089","18.1948","6.244000000000001","22.4952","8","1","1","False","0"
"36832","2152058798096","1845158201679","1845158345305","14.5037","14.3626","0.1411","12.968900000000001","1.887","False","18.1762","14.521500000000001","12.116900000000001","3.8394000000000004","18.202","8","1","1","False","0"
"36832","2152058798096","1845158346716","1845158515703","17.0364","16.8987","0.13770000000000002","19.8855","4.7335","False","18.1663","17.0398","18.1762","4.9758000000000004","21.8745","8","1","1","False","0"
"36832","2152058798096","1845158517080","1845158704865","18.943","18.7785","0.1645","17.5689","3.3673","False","18.2042","18.9162","18.1663","4.2259","23.0044","8","1","1","False","0"
"36832","2152058798096","1845158706510","1845158880288","17.4772","17.3778","0.0994","16.1158","2.2608","False","18.1975","17.5423","18.2042","4.8878","22.265600000000003","8","1","1","False","0"
"36832","2152058798096","1845158881282","1845159034877","15.5801","15.3595","0.22060000000000002","17.4617","3.9228","False","12.1012","15.4589","18.1975","7.6264","22.9859","8","1","1","False","0"
"36832","2152058798096","1845159037083","1845159175102","14.0095","13.8019","0.2076","13.539900000000001","3.4419","False","12.1104","14.0225","12.1012","5.7051","19.507","8","1","1","False","0"
"36832","2152058798096","1845159177178","1845159322068","14.658100000000001","14.489","0.1691","13.1288","1.8954000000000002","False","18.201800000000002","14.6966","12.1104","3.1189","17.6079","8","1","1","False","0"
"36832","2152058798096","1845159323759","1845159463583","14.1798","13.9824","0.19740000000000002","16.124200000000002","3.8582","False","12.1205","14.1515","18.201800000000002","7.1692","21.151600000000002","8","1","1","False","0"
"36832","2152058798096","1845159465557","1845159605539","14.1439","13.9982","0.1457","12.4098","2.097","False","12.094800000000001","14.1956","12.1205","5.0941","19.0923","8","1","1","False","0"
"36832","2152058798096","1845159606996","1845159749888","14.4244","14.289200000000001","0.13520000000000001","14.5164","2.1830000000000003","False","18.1932","14.4349","12.094800000000001","2.754","17.043200000000002","8","1","1","False","0"
"36832","2152058798096","1845159751240","1845159927138","17.8451","17.5898","0.2553","17.480600000000003","1.8758000000000001","False","18.199","17.725","18.1932","3.2222","20.812","8","1","1","False","0"
"36832","2152058798096","1845159929691","1845160068370","14.024600000000001","13.8679","0.1567","15.826","3.6311","False","24.2584","14.1232","18.199","7.298","21.1659","8","1","1","False","0"
"36832","2152058798096","1845160069937","1845160313579","24.5749","24.3642","0.2107","24.997","4.0821000000000005","False","12.108600000000001","24.5209","24.2584","7.035500000000001","31.399700000000003","8","1","1","False","0"
"36832","2152058798096","1845160315686","1845160461160","14.714800000000002","14.547400000000001","0.16740000000000002","12.285300000000001","1.6315000000000002","False","18.1772","14.7581","12.108600000000001","4.386","18.933400000000002","8","1","1","False","0"
"36832","2152058798096","1845160462834","1845160617932","15.7013","15.5098","0.1915","17.9247","3.8587000000000002","False","12.116000000000001","15.677200000000001","18.1772","6.886","22.3958","8","1","1","False","0"
"36832","2152058798096","1845160619847","1845160768927","15.024700000000001","14.908000000000001","0.11670000000000001","12.760900000000001","1.8642","False","18.1588","15.0995","12.116000000000001","3.9025000000000003","18.8105","8","1","1","False","0"
"36832","2152058798096","1845160770094","1845160922167","15.3588","15.2073","0.1515","17.4506","3.6718","False","30.345000000000002","15.324000000000002","18.1588","6.7373","21.9446","8","1","1","False","0"
"36832","2152058798096","1845160923682","1845161222291","30.0484","29.8609","0.1875","31.1372","4.7715000000000005","False","18.1535","30.012400000000003","30.345000000000002","7.0699000000000005","36.930800000000005","8","1","1","False","0"
"36832","2152058798096","1845161224166","1845161437861","21.512100000000004","21.369500000000002","0.1426","18.8217","2.0662000000000003","False","18.1833","21.557000000000002","18.1535","3.6664000000000003","25.0359","8","1","1","False","0"
"36832","2152058798096","1845161439287","1845161614960","17.697599999999998","17.5673","0.1303","17.4786","1.8398","False","12.104800000000001","17.7099","18.1833","4.1398","21.7071","8","1","1","False","0"
"36832","2152058798096","1845161616263","1845161755761","14.117600000000001","13.949800000000002","0.1678","14.132800000000003","1.8731","False","24.2738","14.0801","12.104800000000001","2.1645000000000003","16.1143","8","1","1","False","0"
"36832","2152058798096","1845161757439","1845161948863","19.313200000000002","19.142400000000002","0.1708","21.038700000000002","3.5951","False","18.148600000000002","19.310200000000002","24.2738","7.128100000000001","26.270500000000002","8","1","1","False","0"
"36832","2152058798096","1845161950571","1845162172870","22.3769","22.2299","0.14700000000000002","20.9617","2.1829","False","18.2234","22.4007","18.148600000000002","2.8760000000000003","25.105900000000002","8","1","1","False","0"
"36832","2152058798096","1845162174340","1845162325194","15.2467","15.0854","0.1613","16.5794","3.5127","False","18.1581","15.2324","18.2234","5.867","20.9524","8","1","1","False","0"
"36832","2152058798096","1845162326807","1845162495141","17.049200000000003","16.8334","0.21580000000000002","18.642200000000003","5.139600000000001","False","12.1416","16.9947","18.1581","7.0304","23.8638","8","1","1","False","0"
"36832","2152058798096","1845162497299","1845162612097","11.6547","11.479800000000001","0.1749","8.398100000000001","1.8405","False","12.113000000000001","11.6956","12.1416","7.4764","18.956200000000003","8","1","1","False","0"
"36832","2152058798096","1845162613846","1845162770843","15.8288","15.6997","0.1291","16.0291","2.0352","False","18.1732","15.874600000000001","12.113000000000001","3.7148000000000003","19.4145","8","1","1","False","0"
"36832","2152058798096","1845162772134","1845162901996","13.1334","12.9862","0.1472","16.8108","5.7198","False","6.0659","13.115300000000001","18.1732","8.7727","21.7589","8","1","1","False","0"
"36832","2152058798096","1845162903468","1845163023596","12.1331","12.0128","0.1203","7.972600000000001","1.8414000000000001","False","18.1736","12.16","6.0659","2.6786000000000003","14.691400000000002","8","1","1","False","0"
"36832","2152058798096","1845163024799","1845163168560","14.5548","14.376100000000001","0.1787","16.7578","3.7771000000000003","False","12.116800000000001","14.496400000000001","18.1736","6.3558","20.7319","8","1","1","False","0"
"36832","2152058798096","1845163170347","1845163311823","14.3106","14.1476","0.163","13.3124","2.7678000000000003","False","12.1241","14.3263","12.116800000000001","4.1463","18.2939","8","1","1","False","0"
"36832","2152058798096","1845163313453","1845163437220","12.510800000000001","12.376700000000001","0.1341","11.697000000000001","1.9411","False","12.114","12.5397","12.1241","3.7307","16.107400000000002","8","1","1","False","0"
"36832","2152058798096","1845163438561","1845163569746","13.263300000000001","13.118500000000001","0.1448","13.5039","2.1888","False","18.1898","13.252600000000001","12.114","2.5921000000000003","15.710600000000001","8","1","1","False","0"
"36832","2152058798096","1845163571194","1845163700651","13.1069","12.9457","0.1612","15.5917","4.6803","False","6.0779000000000005","13.0905","18.1898","7.691400000000001","20.6371","8","1","1","False","0"
"36832","2152058798096","1845163702263","1845163806418","10.5768","10.4155","0.1613","7.429200000000001","1.5243","False","18.1764","10.5767","6.0779000000000005","3.1926","13.6081","8","1","1","False","0"
"36832","2152058798096","1845163808031","1845163953092","14.6715","14.5061","0.16540000000000002","16.9311","3.7968","False","12.109","14.6674","18.1764","6.7016","21.207700000000003","8","1","1","False","0"
"36832","2152058798096","1845163954746","1845164091920","13.845200000000002","13.717400000000001","0.1278","13.9313","3.8618","False","12.1119","13.882800000000001","12.109","4.9278","18.645200000000003","8","1","1","False","0"
"36832","2152058798096","1845164093198","1845164229873","13.796800000000001","13.6675","0.1293","12.0518","2.1197","False","12.1152","13.795300000000001","12.1119","3.2444","16.9119","8","1","1","False","0"
"36832","2152058798096","1845164231166","1845164352954","12.3206","12.1788","0.1418","12.351700000000001","2.1642","False","12.1386","12.308100000000001","12.1152","3.0515000000000003","15.230300000000002","8","1","1","False","0"
"36832","2152058798096","1845164354372","1845164459428","10.6513","10.505600000000001","0.1457","10.438","1.9368","False","12.132000000000001","10.647400000000001","12.1386","4.5427","15.048300000000001","8","1","1","False","0"
"36832","2152058798096","1845164460885","1845164580798","12.134500000000001","11.9913","0.1432","11.904","1.7175","False","12.0869","12.137","12.132000000000001","4.5377","16.529","8","1","1","False","0"
"36832","2152058798096","1845164582230","1845164721842","14.0978","13.9612","0.1366","14.2672","1.8825","False","18.211000000000002","14.1044","12.0869","2.5202","16.4814","8","1","1","False","0"
"36832","2152058798096","1845164723208","1845164848521","12.6794","12.5313","0.1481","12.7421","1.9497","False","6.0636","12.667900000000001","18.211000000000002","8.0633","20.5946","8","1","1","False","0"
"36832","2152058798096","1845164850002","1845164954314","10.5405","10.4312","0.10930000000000001","10.4787","2.1501","False","18.1763","10.5793","6.0636","3.5476","13.978800000000001","8","1","1","False","0"
"36832","2152058798096","1845164955407","1845165084857","13.1039","12.945","0.1589","17.328300000000002","6.1096","False","6.0662","13.054300000000001","18.1763","8.6696","21.6146","8","1","1","False","0"
"36832","2152058798096","1845165086446","1845165198743","11.389600000000002","11.229700000000001","0.15990000000000001","6.7883000000000004","1.5185000000000002","False","12.0995","11.3886","6.0662","3.3472","14.5769","8","1","1","False","0"
"36832","2152058798096","1845165200342","1845165319178","12.0295","11.883600000000001","0.1459","12.325700000000001","1.8084","False","12.1311","12.0435","12.0995","3.4032","15.286800000000001","8","1","1","False","0"
"36832","2152058798096","1845165320637","1845165418948","9.9929","9.831100000000001","0.1618","11.466000000000001","3.2851000000000004","False","12.126800000000001","9.977","12.1311","5.557300000000001","15.3884","8","1","1","False","0"
"36832","2152058798096","1845165420566","1845165538538","11.9698","11.7972","0.1726","12.0807","3.4019000000000004","False","6.0642000000000005","11.959000000000001","12.126800000000001","5.7251","17.5223","8","1","1","False","0"
"36832","2152058798096","1845165540264","1845165622830","8.398900000000001","8.2566","0.1423","6.6785000000000005","1.6679000000000002","False","12.1287","8.4292","6.0642000000000005","3.3601","11.6167","8","1","1","False","0"
"36832","2152058798096","1845165624253","1845165738495","11.576","11.4242","0.15180000000000002","11.6851","1.7718","False","12.0946","11.566500000000001","12.1287","3.9223000000000003","15.3465","8","1","1","False","0"
"36832","2152058798096","1845165740013","1845165870368","13.164100000000001","13.0355","0.12860000000000002","13.250800000000002","1.8548","False","12.124500000000001","13.1873","12.0946","2.8296","15.8651","8","1","1","False","0"
"36832","2152058798096","1845165871654","1845165985088","11.472100000000001","11.3434","0.1287","11.7751","2.1591","False","12.116900000000001","11.472000000000001","12.124500000000001","3.4821","14.8255","8","1","1","False","0"
"36832","2152058798096","1845165986375","1845166082391","9.7802","9.601600000000001","0.1786","11.734300000000001","4.1325","False","12.142100000000001","9.7303","12.116900000000001","5.8687000000000005","15.4703","8","1","1","False","0"
"36832","2152058798096","1845166084177","1845166205048","12.2596","12.087100000000001","0.17250000000000001","11.4391","3.3197","False","12.109300000000001","12.2657","12.142100000000001","5.7451","17.8322","8","1","1","False","0"
"36832","2152058798096","1845166206773","1845166316963","11.2021","11.019","0.1831","11.6903","3.7996000000000003","False","12.1234","11.191500000000001","12.109300000000001","6.6629000000000005","17.681900000000002","8","1","1","False","0"
"36832","2152058798096","1845166318794","1845166439848","12.2742","12.105400000000001","0.1688","11.985800000000001","3.5091","False","6.0538","12.2885","12.1234","6.497800000000001","18.6032","8","1","1","False","0"
"36832","2152058798096","1845166441536","1845166530741","9.049100000000001","8.9205","0.12860000000000002","7.428500000000001","1.8572000000000002","False","12.1586","9.0893","6.0538","3.4623000000000004","12.382800000000001","8","1","1","False","0"
"36832","2152058798096","1845166532027","1845166644572","11.3874","11.2545","0.13290000000000002","11.3199","1.8103","False","12.0768","11.3831","12.1586","4.2378","15.4923","8","1","1","False","0"
"36832","2152058798096","1845166645901","1845166776801","13.1971","13.09","0.1071","14.305900000000001","3.1809000000000003","False","12.146600000000001","13.222900000000001","12.0768","3.0917000000000003","16.1817","8","1","1","False","0"
"36832","2152058798096","1845166777872","1845166891158","11.4673","11.3286","0.13870000000000002","10.3293","1.7784","False","12.092400000000001","11.4357","12.146600000000001","3.8026","15.131200000000002","8","1","1","False","0"
"36832","2152058798096","1845166892545","1845167014031","12.2941","12.1486","0.14550000000000002","12.215900000000001","1.6992","False","12.1271","12.2873","12.092400000000001","3.6077000000000004","15.756300000000001","8","1","1","False","0"
"36832","2152058798096","1845167015486","1845167127765","11.3803","11.2279","0.1524","12.219800000000001","2.5531","False","12.1217","11.3734","12.1271","4.361400000000001","15.589300000000001","8","1","1","False","0"
"36832","2152058798096","1845167129289","1845167254597","12.668600000000001","12.530800000000001","0.1378","13.017400000000002","2.8898","False","12.130700000000001","12.683200000000001","12.1217","3.7999","16.3307","8","1","1","False","0"
"36832","2152058798096","1845167255975","1845167369210","11.452100000000002","11.323500000000001","0.12860000000000002","10.269","1.7043000000000001","False","12.1338","11.461300000000001","12.130700000000001","4.4693000000000005","15.792800000000002","8","1","1","False","0"
"36832","2152058798096","1845167370496","1845167490329","12.1301","11.9833","0.1468","11.949","1.5298","False","12.1437","12.1119","12.1338","4.4912","16.4745","8","1","1","False","0"
"36832","2152058798096","1845167491797","1845167577096","8.7135","8.5299","0.1836","9.294","2.1207000000000003","False","6.0065","8.6767","12.1437","7.958200000000001","16.4881","8","1","1","False","0"
"36832","2152058798096","1845167578932","1845167682679","10.5173","10.3747","0.1426","10.1232","1.7097","False","18.2605","10.558300000000001","6.0065","3.4064","13.7811","8","1","1","False","0"
"36832","2152058798096","1845167684105","1845167816542","13.4039","13.2437","0.1602","16.0118","4.331","False","6.0145","13.3863","18.2605","8.2806","21.5243","8","1","1","False","0"
"36832","2152058798096","1845167818144","1845167924670","10.7735","10.6526","0.12090000000000001","8.2105","1.7462","False","12.1079","10.812800000000001","6.0145","3.4823","14.1349","8","1","1","False","0"
"36832","2152058798096","1845167925879","1845168025426","10.1369","9.9547","0.1822","11.542300000000001","3.1897","False","12.132800000000001","10.0756","12.1079","5.514600000000001","15.4693","8","1","1","False","0"
"36832","2152058798096","1845168027248","1845168138077","11.240300000000001","11.0829","0.1574","11.8484","3.7791","False","12.123000000000001","11.2651","12.132800000000001","6.3823","17.4652","8","1","1","False","0"
"36832","2152058798096","1845168139651","1845168250796","11.285400000000001","11.114500000000001","0.1709","11.0378","3.5305","False","6.0324","11.2719","12.123000000000001","7.2334000000000005","18.3479","8","1","1","False","0"
"36832","2152058798096","1845168252505","1845168348616","9.7566","9.6111","0.14550000000000002","8.0124","1.7819","False","18.1861","9.782","6.0324","3.4838","13.0949","8","1","1","False","0"
"36832","2152058798096","1845168350071","1845168489350","14.0936","13.927900000000001","0.16570000000000001","18.0345","5.7336","False","6.0783000000000005","14.073400000000001","18.1861","7.596500000000001","21.5244","8","1","1","False","0"
"36832","2152058798096","1845168491007","1845168589976","10.028","9.8969","0.1311","6.0374","1.7252","False","18.1934","10.0626","6.0783000000000005","3.6122","13.5091","8","1","1","False","0"
"36832","2152058798096","1845168591287","1845168724786","13.4855","13.3499","0.1356","13.9846","2.2287","False","6.0598","13.481","18.1934","8.3246","21.674500000000002","8","1","1","False","0"
"36832","2152058798096","1845168726142","1845168833591","10.857400000000002","10.744900000000001","0.1125","10.211400000000001","1.8490000000000002","False","12.113800000000001","10.880500000000001","6.0598","3.5039000000000002","14.248800000000001","8","1","1","False","0"
"36832","2152058798096","1845168834716","1845168922837","8.9793","8.812100000000001","0.16720000000000002","11.229800000000001","3.8505000000000003","False","12.1174","8.9246","12.113800000000001","6.6931","15.5052","8","1","1","False","0"
"36832","2152058798096","1845168924509","1845169068232","14.511700000000001","14.372300000000001","0.1394","12.250700000000002","1.5712000000000002","False","6.0345","14.5395","12.1174","4.271","18.6433","8","1","1","False","0"
"36832","2152058798096","1845169069626","1845169148974","8.0825","7.9348","0.1477","8.5708","2.0648","False","12.1376","8.074200000000001","6.0345","2.2313","10.1661","8","1","1","False","0"
"36832","2152058798096","1845169150451","1845169253781","10.464","10.333","0.131","11.3095","2.8805","False","12.1265","10.4807","12.1376","3.8882000000000003","14.221200000000001","8","1","1","False","0"
"36832","2152058798096","1845169255091","1845169363730","10.990300000000001","10.863900000000001","0.1264","10.124","2.0358","False","12.1331","10.994900000000001","12.1265","5.0198","15.883700000000001","8","1","1","False","0"
"36832","2152058798096","1845169364994","1845169473517","11.055500000000002","10.852300000000001","0.20320000000000002","12.4678","3.4715000000000003","False","12.104800000000001","10.9787","12.1331","6.1742","17.026500000000002","8","1","1","False","0"
"36832","2152058798096","1845169475549","1845169622661","14.8398","14.7112","0.12860000000000002","13.5747","2.1824","False","12.139000000000001","14.9144","12.104800000000001","3.3646000000000003","18.0758","8","1","1","False","0"
"36832","2152058798096","1845169623947","1845169728993","10.624","10.5046","0.1194","10.3591","1.9106","False","12.116100000000001","10.6332","12.139000000000001","4.8704","15.375","8","1","1","False","0"
"36832","2152058798096","1845169730187","1845169844540","11.6077","11.4353","0.1724","12.9481","3.2919","False","12.104000000000001","11.5547","12.116100000000001","5.4318","16.8671","8","1","1","False","0"
"36832","2152058798096","1845169846264","1845169990844","14.6107","14.458","0.1527","13.5167","2.1759","False","12.1255","14.6304","12.104000000000001","2.9054","17.363400000000002","8","1","1","False","0"
"36832","2152058798096","1845169992371","1845170103935","11.3276","11.1564","0.17120000000000002","11.7461","2.5898000000000003","False","12.1216","11.3091","12.1255","3.7218","14.878200000000001","8","1","1","False","0"
"36832","2152058798096","1845170105647","1845170220495","11.6115","11.4848","0.1267","10.866900000000001","1.8384","False","12.1236","11.656","12.1216","4.1874","15.6722","8","1","1","False","0"
"36832","2152058798096","1845170221762","1845170328309","10.8191","10.6547","0.16440000000000002","12.208099999999998","3.2427","False","12.1173","10.7814","12.1236","5.5296","16.1843","8","1","1","False","0"
"36832","2152058798096","1845170329953","1845170449687","12.1313","11.9734","0.1579","12.336400000000001","3.4487","False","12.136700000000001","12.1378","12.1173","5.5091","17.4825","8","1","1","False","0"
"36832","2152058798096","1845170451266","1845170557316","10.77","10.605","0.165","11.219000000000001","3.8996000000000004","False","6.046","10.7629","12.136700000000001","6.8829","17.4879","8","1","1","False","0"
"36832","2152058798096","1845170558966","1845170653417","9.5695","9.4451","0.12440000000000001","7.1610000000000005","1.7858","False","12.1197","9.610100000000001","6.046","3.3188","12.763900000000001","8","1","1","False","0"
"36832","2152058798096","1845170654661","1845170769630","11.6657","11.4969","0.1688","12.9718","2.7926","False","12.132800000000001","11.6213","12.1197","3.8172","15.314100000000002","8","1","1","False","0"
"36832","2152058798096","1845170771318","1845170877898","10.7894","10.658000000000001","0.13140000000000002","10.241100000000001","2.2326","False","12.1297","10.8268","12.132800000000001","5.123200000000001","15.7812","8","1","1","False","0"
"36832","2152058798096","1845170879212","1845170976516","9.8899","9.730400000000001","0.1595","11.377","3.732","False","6.0319","9.8618","12.1297","7.391100000000001","17.1215","8","1","1","False","0"
"36832","2152058798096","1845170978111","1845171076482","9.9745","9.837100000000001","0.1374","8.2169","1.9597","False","12.1128","9.9966","6.0319","3.4264","13.2635","8","1","1","False","0"
"36832","2152058798096","1845171077856","1845171187059","11.0516","10.920300000000001","0.1313","10.7819","1.6915","False","12.128200000000001","11.0577","12.1128","4.4815000000000005","15.401800000000001","8","1","1","False","0"
"36832","2152058798096","1845171188372","1845171310576","12.3783","12.2204","0.1579","14.0157","3.326","False","12.1544","12.351700000000001","12.128200000000001","4.258","16.4784","8","1","1","False","0"
"36832","2152058798096","1845171312155","1845171420544","10.9856","10.8389","0.1467","10.0297","2.3806000000000003","False","12.1015","10.9968","12.1544","5.4156","16.2545","8","1","1","False","0"
"36832","2152058798096","1845171422011","1845171535977","11.572500000000002","11.396600000000001","0.1759","12.5768","3.3994","False","6.0396","11.5433","12.1015","5.973800000000001","17.3704","8","1","1","False","0"
"36832","2152058798096","1845171537736","1845171632946","9.6827","9.521","0.1617","8.398","2.1111","False","18.2039","9.696900000000001","6.0396","2.3165","11.8375","8","1","1","False","0"
"36832","2152058798096","1845171634563","1845171764238","13.123500000000002","12.967500000000001","0.156","15.705400000000001","4.6852","False","6.065","13.1292","18.2039","7.3912","20.358700000000002","8","1","1","False","0"
"36832","2152058798096","1845171765798","1845171863550","9.9126","9.7752","0.1374","6.968","1.7281000000000002","False","12.113700000000001","9.9312","6.065","3.5250000000000004","13.3002","8","1","1","False","0"
"36832","2152058798096","1845171864924","1845171954313","9.122300000000001","8.9389","0.1834","11.178","3.7999","False","6.0535000000000005","9.0763","12.113700000000001","6.5624","15.5013","8","1","1","False","0"
"36832","2152058798096","1845171956147","1845172045350","9.0654","8.920300000000001","0.1451","6.9758000000000004","1.7007","False","12.1187","9.1037","6.0535000000000005","3.5122","12.432500000000001","8","1","1","False","0"
"36832","2152058798096","1845172046801","1845172161062","11.536999999999999","11.4261","0.1109","11.064500000000002","1.5164","False","12.128400000000001","11.571200000000001","12.1187","4.0597","15.485800000000001","8","1","1","False","0"
"36832","2152058798096","1845172162171","1845172275540","11.463799999999999","11.3369","0.1269","13.1096","2.8644000000000003","False","12.124600000000001","11.4478","12.128400000000001","4.7403","16.0772","8","1","1","False","0"
"36832","2152058798096","1845172276809","1845172412359","13.6864","13.555000000000001","0.13140000000000002","12.840200000000001","2.0208","False","12.1209","13.6819","12.124600000000001","3.1830000000000003","16.738","8","1","1","False","0"
"36832","2152058798096","1845172413673","1845172509838","9.798","9.6165","0.18150000000000002","11.2387","3.4956","False","12.1289","9.747900000000001","12.1209","5.556","15.172500000000001","8","1","1","False","0"
"36832","2152058798096","1845172511653","1845172642469","13.2365","13.0816","0.1549","11.749","1.9785000000000001","False","18.1838","13.263100000000001","12.1289","4.4218","17.5034","8","1","1","False","0"
"36832","2152058798096","1845172644018","1845172793291","15.091600000000001","14.9273","0.1643","17.5609","4.458","False","12.113800000000001","15.0822","18.1838","7.5234000000000005","22.4507","8","1","1","False","0"
"36832","2152058798096","1845172794934","1845172931078","13.7739","13.6144","0.1595","12.574900000000001","3.2591","False","12.1216","13.7787","12.113800000000001","5.8585","19.4729","8","1","1","False","0"
"36832","2152058798096","1845172932673","1845173062677","13.116100000000001","13.0004","0.11570000000000001","11.863100000000001","1.9855","False","12.1195","13.1599","12.1216","4.8202","17.820600000000002","8","1","1","False","0"
"36832","2152058798096","1845173063834","1845173172528","11.0365","10.8694","0.1671","12.559800000000001","3.5357000000000003","False","12.1197","10.985100000000001","12.1195","5.9546","16.824","8","1","1","False","0"
"36832","2152058798096","1845173174199","1845173288459","11.6174","11.426","0.19140000000000001","12.0205","3.9396","False","12.141200000000001","11.5931","12.1197","6.4812","17.9072","8","1","1","False","0"
"36832","2152058798096","1845173290373","1845173395440","10.655000000000001","10.5067","0.14830000000000002","8.839400000000001","2.1115","False","6.018400000000001","10.6981","12.141200000000001","7.924300000000001","18.431","8","1","1","False","0"
"36832","2152058798096","1845173396923","1845173500365","10.544400000000001","10.3442","0.20020000000000002","10.0051","1.6381000000000001","False","18.2304","10.4925","6.018400000000001","3.4502","13.794400000000001","8","1","1","False","0"
"36832","2152058798096","1845173502367","1845173641507","14.059700000000001","13.914000000000001","0.1457","14.294600000000003","1.806","False","6.0202","14.1142","18.2304","7.566400000000001","21.4804","8","1","1","False","0"
"36832","2152058798096","1845173642964","1845173742823","10.1217","9.9859","0.1358","10.0555","1.737","False","18.1856","10.1316","6.0202","3.455","13.440900000000001","8","1","1","False","0"
"36832","2152058798096","1845173744181","1845173901780","15.9375","15.7599","0.1776","18.2574","4.0674","False","6.0604000000000005","15.895700000000001","18.1856","5.7449","21.5048","8","1","1","False","0"
"36832","2152058798096","1845173903556","1845173987311","8.5221","8.3755","0.1466","6.4207","1.9540000000000002","False","18.2027","8.5531","6.0604000000000005","3.2522","11.6277","8","1","1","False","0"
"36832","2152058798096","1845173988777","1845174144495","15.703000000000001","15.571800000000001","0.1312","16.8865","3.4617","False","6.0383000000000004","15.7184","18.2027","5.7365","21.308300000000003","8","1","1","False","0"
"36832","2152058798096","1845174145807","1845174227420","8.317200000000001","8.1613","0.1559","7.3077000000000005","2.1239","False","12.129800000000001","8.2925","6.0383000000000004","3.4823","11.643600000000001","8","1","1","False","0"
"36832","2152058798096","1845174228979","1845174352686","12.5683","12.370700000000001","0.1976","12.5397","2.1477","False","18.1871","12.5266","12.129800000000001","3.0855","15.4562","8","1","1","False","0"
"36832","2152058798096","1845174354662","1845174482207","12.9321","12.7545","0.1776","17.0242","6.2089","False","12.1242","12.952100000000002","18.1871","8.320500000000001","21.075","8","1","1","False","0"
"36832","2152058798096","1845174483983","1845174605033","12.2429","12.105","0.1379","8.205","2.1552000000000002","False","6.043200000000001","12.2826","12.1242","8.1621","20.2671","8","1","1","False","0"
"36832","2152058798096","1845174606412","1845174714943","11.0042","10.853100000000001","0.1511","11.891200000000001","3.0561000000000003","False","18.2137","10.991","6.043200000000001","3.2143","14.067400000000001","8","1","1","False","0"
"36832","2152058798096","1845174716454","1845174841995","12.698","12.5541","0.1439","12.5367","2.8774","False","6.0335","12.705200000000001","18.2137","8.722800000000001","21.2769","8","1","1","False","0"
"36832","2152058798096","1845174843434","1845174968694","12.6603","12.526","0.1343","11.3031","1.5206000000000002","False","12.1362","12.6699","6.0335","2.0864000000000003","14.612400000000001","8","1","1","False","0"
"36832","2152058798096","1845174970037","1845175071104","10.245","10.1067","0.1383","10.209200000000001","1.4759","False","12.141300000000001","10.241","12.1362","3.9816000000000003","14.0883","8","1","1","False","0"
"36832","2152058798096","1845175072487","1845175160700","8.979800000000001","8.8213","0.1585","10.656500000000001","3.1762","False","12.0942","8.9596","12.141300000000001","7.1633000000000004","15.9846","8","1","1","False","0"
"36832","2152058798096","1845175162285","1845175303964","14.282000000000002","14.167900000000001","0.11410000000000001","13.909","2.7799","False","12.113100000000001","14.326400000000001","12.0942","4.9311","19.099","8","1","1","False","0"
"36832","2152058798096","1845175305105","1845175441264","13.7599","13.6159","0.14400000000000002","13.0262","2.0643000000000002","False","12.116100000000001","13.73","12.113100000000001","3.3142","16.9301","8","1","1","False","0"
"36832","2152058798096","1845175442704","1845175564777","12.3484","12.2073","0.1411","11.6386","1.3518000000000001","False","12.1508","12.3513","12.116100000000001","3.079","15.2863","8","1","1","False","0"
"36832","2152058798096","1845175566188","1845175654848","9.0374","8.866","0.1714","10.9981","3.3259000000000003","False","12.117600000000001","9.007100000000001","12.1508","6.222700000000001","15.088700000000001","8","1","1","False","0"
"36832","2152058798096","1845175656562","1845175765023","11.0331","10.8461","0.187","11.3536","3.6448","False","12.111500000000001","11.0175","12.117600000000001","7.3228","18.1689","8","1","1","False","0"
"36832","2152058798096","1845175766893","1845175892332","12.6752","12.5439","0.1313","13.704900000000002","4.966","False","6.043","12.7309","12.111500000000001","6.7034","19.2473","8","1","1","False","0"
"36832","2152058798096","1845175893645","1845175997263","10.5144","10.3618","0.1526","7.830900000000001","1.981","False","18.1933","10.4931","6.043","2.2533000000000003","12.6151","8","1","1","False","0"
"36832","2152058798096","1845175998789","1845176142914","14.569","14.412500000000001","0.1565","16.5658","3.9841","False","6.0522","14.565100000000001","18.1933","5.8815","20.294","8","1","1","False","0"
"36832","2152058798096","1845176144479","1845176226736","8.363199999999999","8.2257","0.1375","5.8952","1.5041","False","12.145800000000001","8.382200000000001","6.0522","3.5515000000000003","11.7772","8","1","1","False","0"
"36832","2152058798096","1845176228111","1845176338945","11.2725","11.083400000000001","0.18910000000000002","11.1868","1.454","False","12.093900000000001","11.2209","12.145800000000001","4.4764","15.559800000000001","8","1","1","False","0"
"36832","2152058798096","1845176340836","1845176483057","14.408800000000001","14.222100000000001","0.1867","14.6668","1.7261000000000002","False","12.1393","14.411200000000001","12.093900000000001","2.1591","16.3812","8","1","1","False","0"
"36832","2152058798096","1845176484924","1845176589864","10.6135","10.494","0.11950000000000001","10.921000000000001","1.9756","False","18.189700000000002","10.6807","12.1393","3.6177","14.1117","8","1","1","False","0"
"36832","2152058798096","1845176591059","1845176726132","13.654300000000001","13.5073","0.14700000000000002","14.4648","2.8013000000000003","False","6.054200000000001","13.626800000000001","18.189700000000002","8.1806","21.687900000000003","8","1","1","False","0"
"36832","2152058798096","1845176727602","1845176834388","10.8077","10.678600000000001","0.1291","9.484300000000001","1.466","False","12.1288","10.8256","6.054200000000001","3.4092000000000002","14.087800000000001","8","1","1","False","0"
"36832","2152058798096","1845176835679","1845176942849","10.869200000000001","10.717","0.1522","11.0645","1.6668","False","18.1857","10.8461","12.1288","4.6919","15.408900000000001","8","1","1","False","0"
"36832","2152058798096","1845176944371","1845177095466","15.275300000000001","15.1095","0.1658","17.295","3.6952000000000003","False","12.110700000000001","15.261700000000001","18.1857","7.615900000000001","22.7254","8","1","1","False","0"
"36832","2152058798096","1845177097124","1845177222487","12.705200000000001","12.5363","0.1689","12.552200000000001","3.5497","False","12.1272","12.7021","12.110700000000001","7.024500000000001","19.5608","8","1","1","False","0"
"36832","2152058798096","1845177224176","1845177344857","12.2703","12.068100000000001","0.20220000000000002","12.521","3.8219000000000003","False","12.1056","12.237","12.1272","6.914700000000001","18.9828","8","1","1","False","0"
"36832","2152058798096","1845177346879","1845177469501","12.4284","12.2622","0.16620000000000001","12.1461","3.5130000000000003","False","12.1327","12.464400000000001","12.1056","6.5559","18.8181","8","1","1","False","0"
"36832","2152058798096","1845177471163","1845177613909","14.457300000000002","14.274600000000001","0.1827","12.579400000000001","1.6537000000000002","False","12.125200000000001","14.440800000000001","12.1327","4.2478","18.5224","8","1","1","False","0"
"36832","2152058798096","1845177615736","1845177729981","11.5257","11.4245","0.1012","11.692900000000002","2.059","False","12.086500000000001","11.6072","12.125200000000001","4.7658000000000005","16.1903","8","1","1","False","0"
"36832","2152058798096","1845177730993","1845177877974","14.8629","14.6981","0.1648","14.8239","1.7615","False","12.1584","14.7993","12.086500000000001","2.053","16.7511","8","1","1","False","0"
"36832","2152058798096","1845177879622","1845177967751","8.9565","8.8129","0.1436","9.340900000000001","2.1411000000000002","False","12.1053","8.9777","12.1584","5.233700000000001","14.046600000000002","8","1","1","False","0"
"36832","2152058798096","1845177969187","1845178086475","11.8869","11.728800000000001","0.15810000000000002","13.421100000000003","3.6794000000000002","False","12.155100000000001","11.8724","12.1053","5.466600000000001","17.1954","8","1","1","False","0"
"36832","2152058798096","1845178088056","1845178214853","12.8207","12.6797","0.14100000000000001","10.8794","1.7174","False","12.1231","12.837800000000001","12.155100000000001","4.7839","17.4636","8","1","1","False","0"
"36832","2152058798096","1845178216263","1845178314686","10.0297","9.8423","0.1874","11.874500000000001","3.6011","False","12.088000000000001","9.9833","12.1231","6.9237","16.766000000000002","8","1","1","False","0"
"36832","2152058798096","1845178316560","1845178470687","15.5478","15.412700000000001","0.1351","13.775400000000001","1.8017","False","12.1233","15.600100000000001","12.088000000000001","3.4116","18.8243","8","1","1","False","0"
"36832","2152058798096","1845178472038","1845178562282","9.1826","9.0244","0.1582","10.9817","3.6109","False","12.1113","9.159500000000001","12.1233","6.3754","15.3998","8","1","1","False","0"
"36832","2152058798096","1845178563864","1845178698396","13.5823","13.4532","0.1291","12.6545","2.6705","False","12.1274","13.611400000000001","12.1113","4.8753","18.328500000000002","8","1","1","False","0"
"36832","2152058798096","1845178699687","1845178802873","10.4983","10.3186","0.1797","11.507900000000001","3.6951","False","12.123700000000001","10.447700000000001","12.1274","6.555000000000001","16.8736","8","1","1","False","0"
"36832","2152058798096","1845178804670","1845178935789","13.2768","13.1119","0.16490000000000002","12.663700000000002","3.0865","False","18.1894","13.2916","12.123700000000001","5.3871","18.499000000000002","8","1","1","False","0"
"36832","2152058798096","1845178937438","1845179099729","16.366200000000003","16.229100000000003","0.1371","17.386300000000002","4.091","False","12.108500000000001","16.394000000000002","18.1894","7.1825","23.4116","8","1","1","False","0"
"36832","2152058798096","1845179101100","1845179228023","12.867300000000002","12.692300000000001","0.17500000000000002","13.2148","4.4591","False","12.1297","12.829400000000001","12.108500000000001","6.461600000000001","19.1539","8","1","1","False","0"
"36832","2152058798096","1845179229773","1845179373689","14.5271","14.3916","0.1355","11.6251","1.5415","False","12.125200000000001","14.566600000000001","12.1297","4.0247","18.4163","8","1","1","False","0"
"36832","2152058798096","1845179375044","1845179492259","11.856","11.7215","0.1345","12.1476","1.8151000000000002","False","12.090300000000001","11.857000000000001","12.125200000000001","4.2929","16.014400000000002","8","1","1","False","0"
"36832","2152058798096","1845179493604","1845179630569","13.8187","13.6965","0.1222","13.9357","1.9379000000000002","False","12.1371","13.831000000000001","12.090300000000001","2.5522","16.2487","8","1","1","False","0"
"36832","2152058798096","1845179631791","1845179739740","10.922600000000001","10.7949","0.1277","10.3843","1.4026","False","18.1831","10.917100000000001","12.1371","3.7722","14.5671","8","1","1","False","0"
"36832","2152058798096","1845179741017","1845179903214","16.348399999999998","16.2197","0.1287","17.8478","3.2230000000000003","False","12.125300000000001","16.3474","18.1831","5.6079","21.8276","8","1","1","False","0"
"36832","2152058798096","1845179904501","1845180048376","14.574200000000001","14.387500000000001","0.1867","13.431000000000001","1.7881","False","12.1103","14.516200000000001","12.125300000000001","3.217","17.6045","8","1","1","False","0"
"36832","2152058798096","1845180050243","1845180172807","12.3914","12.256400000000001","0.135","12.6432","2.0102","False","12.1414","12.443100000000001","12.1103","2.8842000000000003","15.140600000000001","8","1","1","False","0"
"36832","2152058798096","1845180174157","1845180271610","9.8719","9.7453","0.12660000000000002","9.9832","2.1191","False","12.120700000000001","9.8803","12.1414","5.145300000000001","14.890600000000001","8","1","1","False","0"
"36832","2152058798096","1845180272876","1845180386040","11.5097","11.3164","0.1933","12.4695","3.1235","False","12.1203","11.443000000000001","12.120700000000001","5.823","17.139400000000002","8","1","1","False","0"
"36832","2152058798096","1845180387973","1845180498128","11.185","11.015500000000001","0.1695","11.4807","3.3908","False","6.035900000000001","11.2088","12.1203","6.734500000000001","17.75","8","1","1","False","0"
"36832","2152058798096","1845180499823","1845180594763","9.6539","9.494","0.15990000000000001","8.2904","2.0249","False","12.119900000000001","9.6635","6.035900000000001","3.1069","12.600900000000001","8","1","1","False","0"
"36832","2152058798096","1845180596362","1845180718281","12.3485","12.1919","0.15660000000000002","12.0373","1.7045000000000001","False","12.138","12.3518","12.119900000000001","2.875","15.0669","8","1","1","False","0"
"36832","2152058798096","1845180719847","1845180826493","10.8013","10.6646","0.13670000000000002","11.621100000000002","2.5225","False","12.1395","10.821200000000001","12.138","4.191800000000001","14.8564","8","1","1","False","0"
"36832","2152058798096","1845180827860","1845180939467","11.2841","11.1607","0.12340000000000001","10.6475","1.8813000000000002","False","12.1109","11.2974","12.1395","5.0339","16.1946","8","1","1","False","0"
"36832","2152058798096","1845180940701","1845181070806","13.1685","13.0105","0.158","12.955400000000001","1.6876","False","12.099","13.1339","12.1109","4.0109","17.0214","8","1","1","False","0"
"36832","2152058798096","1845181072386","1845181166576","9.5916","9.419","0.1726","12.1813","4.2849","False","12.1281","9.577","12.099","6.532900000000001","15.9519","8","1","1","False","0"
"36832","2152058798096","1845181168302","1845181319160","15.2393","15.0858","0.1535","12.725800000000001","1.7545000000000002","False","12.129000000000001","15.2584","12.1281","3.4026","18.488400000000002","8","1","1","False","0"
"36832","2152058798096","1845181320695","1845181424074","10.4577","10.337900000000001","0.1198","10.632800000000001","1.9183000000000001","False","12.139800000000001","10.4914","12.129000000000001","5.0402000000000005","15.3781","8","1","1","False","0"
"36832","2152058798096","1845181425272","1845181555254","13.103200000000001","12.9982","0.10500000000000001","12.6104","1.7144000000000001","False","12.107700000000001","13.118","12.139800000000001","4.062","17.060200000000002","8","1","1","False","0"
"36832","2152058798096","1845181556304","1845181666082","11.1446","10.9778","0.1668","12.7734","3.0777","False","12.118400000000001","11.0828","12.107700000000001","5.0869","16.064700000000002","8","1","1","False","0"
"36832","2152058798096","1845181667750","1845181795527","12.930000000000001","12.777700000000001","0.15230000000000002","11.327300000000001","1.4678","False","18.1777","12.944500000000001","12.118400000000001","4.260800000000001","17.0385","8","1","1","False","0"
"36832","2152058798096","1845181797050","1845181958761","16.3746","16.1711","0.20350000000000001","18.9012","4.008900000000001","False","6.0655","16.3234","18.1777","6.1151","22.2862","8","1","1","False","0"
"36832","2152058798096","1845181960796","1845182045971","8.7304","8.5175","0.2129","6.647600000000001","1.9085","False","18.174300000000002","8.721","6.0655","3.4596","11.9771","8","1","1","False","0"
"36832","2152058798096","1845182048100","1845182208214","16.1442","16.011400000000002","0.1328","16.555500000000002","2.3082000000000003","False","12.1281","16.2243","18.174300000000002","5.4096","21.421","8","1","1","False","0"
"36832","2152058798096","1845182209542","1845182329848","12.167399999999999","12.0306","0.1368","12.0858","2.2354000000000003","False","6.0398000000000005","12.163400000000001","12.1281","5.3743","17.4049","8","1","1","False","0"
"36832","2152058798096","1845182331216","1845182408741","7.8963","7.7525","0.1438","7.4179","1.7583","False","12.1109","7.8893","6.0398000000000005","3.5248000000000004","11.2773","8","1","1","False","0"
"36832","2152058798096","1845182410179","1845182530554","12.1804","12.037500000000001","0.1429","12.0728","1.6486","False","18.226300000000002","12.1813","12.1109","3.4544","15.491900000000001","8","1","1","False","0"
"36832","2152058798096","1845182531983","1845182663619","13.345600000000001","13.1636","0.182","14.3251","2.6331","False","6.059900000000001","13.3065","18.226300000000002","8.3742","21.5378","8","1","1","False","0"
"36832","2152058798096","1845182665439","1845182774020","11.021600000000001","10.8581","0.1635","9.874","1.4839","False","12.1746","11.0401","6.059900000000001","3.394","14.2521","8","1","1","False","0"
"36832","2152058798096","1845182775655","1845182879093","10.4799","10.3438","0.1361","11.1233","2.1174","False","12.042200000000001","10.5073","12.1746","5.0613","15.405100000000001","8","1","1","False","0"
"36832","2152058798096","1845182880454","1845183016838","13.7635","13.6384","0.12510000000000002","13.6347","1.989","False","12.1373","13.774500000000002","12.042200000000001","3.329","16.9674","8","1","1","False","0"
"36832","2152058798096","1845183018089","1845183124382","10.764000000000001","10.6293","0.13470000000000001","10.489600000000001","1.7064000000000001","False","12.124600000000001","10.7544","12.1373","4.7119","15.3412","8","1","1","False","0"
"36832","2152058798096","1845183125729","1845183253330","12.894900000000002","12.760100000000001","0.1348","12.405000000000001","1.5358","False","12.1303","12.8948","12.124600000000001","3.9417","16.701800000000002","8","1","1","False","0"
"36832","2152058798096","1845183254678","1845183342562","8.9464","8.788400000000001","0.158","9.4859","1.7776","False","6.034000000000001","8.9232","12.1303","7.1488000000000005","15.9372","8","1","1","False","0"
"36832","2152058798096","1845183344142","1845183451953","10.9284","10.7811","0.14730000000000001","11.079","1.921","False","18.1975","10.9391","6.034000000000001","2.2437","13.0248","8","1","1","False","0"
"36832","2152058798096","1845183453426","1845183595784","14.4107","14.235800000000001","0.1749","16.5406","4.0601","False","6.064100000000001","14.3831","18.1975","6.0581000000000005","20.2939","8","1","1","False","0"
"36832","2152058798096","1845183597533","1845183682053","8.597","8.452","0.14500000000000002","6.0328","1.4879","False","18.1846","8.626900000000001","6.064100000000001","3.4953000000000003","11.9473","8","1","1","False","0"
"36832","2152058798096","1845183683503","1845183838590","15.680100000000001","15.508700000000001","0.1714","17.2746","3.0875000000000004","False","12.137500000000001","15.6537","18.1846","6.0262","21.5349","8","1","1","False","0"
"36832","2152058798096","1845183840304","1845183971310","13.2263","13.1006","0.1257","12.0332","1.8802","False","18.122700000000002","13.272","12.137500000000001","4.8917","17.9923","8","1","1","False","0"
"36832","2152058798096","1845183972567","1845184167392","19.625400000000003","19.4825","0.1429","20.477500000000003","2.7501","False","18.2161","19.6082","18.122700000000002","3.4062","22.8887","8","1","1","False","0"
"36832","2152058798096","1845184168821","1845184340686","17.320500000000003","17.186500000000002","0.134","17.1188","2.5419","False","12.0958","17.3294","18.2161","4.2929","21.479400000000002","8","1","1","False","0"
"36832","2152058798096","1845184342026","1845184473317","13.290600000000001","13.129100000000001","0.1615","12.415099999999999","1.6635","False","18.2191","13.263100000000001","12.0958","3.1256","16.2547","8","1","1","False","0"
"36832","2152058798096","1845184474932","1845184614666","14.1409","13.9734","0.1675","17.956","5.4937000000000005","False","18.1418","14.1349","18.2191","7.2098","21.1832","8","1","1","False","0"
"36832","2152058798096","1845184616341","1845184798795","18.4214","18.2454","0.17600000000000002","17.5528","4.6288","False","12.2301","18.4129","18.1418","6.938700000000001","25.1841","8","1","1","False","0"
"36832","2152058798096","1845184800555","1845184941108","14.183300000000001","14.0553","0.128","12.2124","2.6318","False","18.0759","14.231300000000001","12.2301","4.9375","18.992800000000003","8","1","1","False","0"
"36832","2152058798096","1845184942388","1845185119110","17.7918","17.6722","0.11960000000000001","17.6197","2.7626","False","18.189","17.8002","18.0759","5.2132000000000005","22.8854","8","1","1","False","0"
"36832","2152058798096","1845185120306","1845185282606","16.4025","16.23","0.17250000000000001","19.8569","5.9394","False","18.177","16.349600000000002","18.189","7.0526","23.282600000000002","8","1","1","False","0"
"36832","2152058798096","1845185284331","1845185495348","21.2545","21.1017","0.15280000000000002","17.4796","2.1617","False","18.194300000000002","21.2742","18.177","3.9554","25.057100000000002","8","1","1","False","0"
"36832","2152058798096","1845185496876","1845185663862","16.8975","16.698600000000003","0.19890000000000002","18.959400000000002","4.2709","False","18.1963","16.8514","18.194300000000002","5.2983","21.9969","8","1","1","False","0"
"36832","2152058798096","1845185665851","1845185838198","17.4196","17.2347","0.1849","17.2623","4.0626","False","18.1931","17.433600000000002","18.1963","6.061","23.2957","8","1","1","False","0"
"36832","2152058798096","1845185840047","1845186004745","16.6286","16.4698","0.1588","14.467400000000001","1.8993","False","12.0875","16.654700000000002","18.1931","7.5994","24.069200000000002","8","1","1","False","0"
"36832","2152058798096","1845186006333","1845186135941","13.1485","12.9608","0.1877","14.8778","3.6444","False","18.2041","13.1196","12.0875","6.5673","19.528100000000002","8","1","1","False","0"
"36832","2152058798096","1845186137818","1845186322164","18.6346","18.4346","0.2","18.9801","4.0192000000000005","False","18.179100000000002","18.6223","18.2041","6.149100000000001","24.5837","8","1","1","False","0"
"36832","2152058798096","1845186324164","1845186484673","16.232200000000002","16.050900000000002","0.18130000000000002","17.7618","5.519900000000001","False","12.179300000000001","16.2509","18.179100000000002","8.077300000000001","24.1282","8","1","1","False","0"
"36832","2152058798096","1845186486486","1845186627440","14.273200000000001","14.095400000000001","0.1778","12.055600000000002","3.2937000000000003","False","18.1416","14.2767","12.179300000000001","5.979900000000001","20.075300000000002","8","1","1","False","0"
"36832","2152058798096","1845186629218","1845186799488","17.2051","17.027","0.1781","18.4006","4.4891000000000005","False","18.1369","17.204800000000002","18.1416","6.9167000000000005","23.9437","8","1","1","False","0"
"36832","2152058798096","1845186801269","1845186983016","18.354000000000003","18.1747","0.17930000000000001","18.4099","4.5534","False","12.1231","18.352800000000002","18.1369","6.7008","24.875500000000002","8","1","1","False","0"
"36832","2152058798096","1845186984809","1845187125597","14.2392","14.078800000000001","0.16040000000000001","12.0443","2.3308","False","18.1813","14.2581","12.1231","4.5658","18.6446","8","1","1","False","0"
"36832","2152058798096","1845187127201","1845187306713","18.0781","17.9512","0.1269","18.6389","2.8852","False","18.180600000000002","18.1116","18.1813","4.6355","22.5867","8","1","1","False","0"
"36832","2152058798096","1845187307982","1845187471682","16.552","16.37","0.182","17.9104","4.266","False","12.1171","16.4969","18.180600000000002","6.3192","22.6892","8","1","1","False","0"
"36832","2152058798096","1845187473502","1845187616532","14.4541","14.303","0.1511","12.7232","2.525","False","24.2875","14.485000000000001","12.1171","3.9513000000000003","18.2543","8","1","1","False","0"
"36832","2152058798096","1845187618043","1845187843674","22.753300000000003","22.563100000000002","0.1902","23.0793","2.8573","False","12.0835","22.7142","24.2875","5.5246","28.0877","8","1","1","False","0"
"36832","2152058798096","1845187845576","1845187994631","15.048399999999999","14.9055","0.1429","14.210600000000001","2.0069","False","18.1794","15.0957","12.0835","2.5124","17.4179","8","1","1","False","0"
"36832","2152058798096","1845187996060","1845188167896","17.3197","17.183600000000002","0.1361","18.2027","2.8890000000000002","False","18.1994","17.3265","18.1794","3.3653","20.5489","8","1","1","False","0"
"36832","2152058798096","1845188169257","1845188328931","16.162300000000002","15.967400000000001","0.19490000000000002","17.1462","3.9002000000000003","False","18.1961","16.1035","18.1994","5.4612","21.4286","8","1","1","False","0"
"36832","2152058798096","1845188330880","1845188490251","16.094","15.937100000000001","0.1569","16.9492","4.7372000000000005","False","12.0945","16.132","18.1961","7.5253000000000005","23.462400000000002","8","1","1","False","0"
"36832","2152058798096","1845188491820","1845188652180","16.1736","16.036","0.1376","13.0441","1.6017000000000001","False","18.1764","16.1929","12.0945","3.4269000000000003","19.4629","8","1","1","False","0"
"36832","2152058798096","1845188653556","1845188817790","16.5521","16.4234","0.1287","17.553","2.5986000000000002","False","18.1816","16.561","18.1764","5.0423","21.465700000000002","8","1","1","False","0"
"36832","2152058798096","1845188819077","1845189004856","18.721","18.5779","0.1431","18.5261","2.3981","False","18.2211","18.7066","18.1816","4.5173000000000005","23.095200000000002","8","1","1","False","0"
"36832","2152058798096","1845189006287","1845189160846","15.564100000000002","15.455900000000002","0.1082","15.898900000000001","3.0163","False","12.081100000000001","15.599","18.2211","7.1394","22.5953","8","1","1","False","0"
"36832","2152058798096","1845189161928","1845189309778","14.9745","14.785","0.1895","13.764700000000001","1.5770000000000002","False","12.132800000000001","14.8932","12.081100000000001","4.3273","19.1123","8","1","1","False","0"
"36832","2152058798096","1845189311673","1845189441662","13.175500000000001","12.9989","0.1766","14.237200000000001","2.6037","False","30.340400000000002","13.188400000000001","12.132800000000001","3.2717","16.2706","8","1","1","False","0"
"36832","2152058798096","1845189443428","1845189682489","24.090500000000002","23.906100000000002","0.1844","25.5315","4.055000000000001","False","12.0953","24.082700000000003","30.340400000000002","9.5294","33.435500000000005","8","1","1","False","0"
"36832","2152058798096","1845189684333","1845189839027","15.6341","15.4694","0.1647","15.024600000000001","3.435","False","12.109300000000001","15.6538","12.0953","5.9709","21.4403","8","1","1","False","0"
"36832","2152058798096","1845189840674","1845189991728","15.240800000000002","15.105400000000001","0.13540000000000002","13.869400000000002","2.0515","False","24.2866","15.270100000000001","12.109300000000001","2.8101000000000003","17.9155","8","1","1","False","0"
"36832","2152058798096","1845189993082","1845190174479","18.2725","18.1397","0.1328","18.892400000000002","2.6697","False","12.1042","18.275100000000002","24.2866","8.8216","26.9613","8","1","1","False","0"
"36832","2152058798096","1845190175807","1845190290849","11.6697","11.5042","0.1655","15.0244","6.0295000000000005","False","12.0919","11.637","12.1042","9.2888","20.793","8","1","1","False","0"
"36832","2152058798096","1845190292504","1845190474850","18.3922","18.2346","0.15760000000000002","14.218200000000001","1.8633000000000002","False","18.1858","18.400100000000002","12.0919","2.9806000000000004","21.2152","8","1","1","False","0"
"36832","2152058798096","1845190476426","1845190647847","17.2992","17.1421","0.15710000000000002","18.0987","2.6632000000000002","False","30.328400000000002","17.2997","18.1858","3.8667000000000002","21.0088","8","1","1","False","0"
"36832","2152058798096","1845190649418","1845190871604","22.399300000000004","22.218600000000002","0.1807","26.1426","6.4119","False","6.0248","22.375700000000002","30.328400000000002","11.8194","34.038000000000004","8","1","1","False","0"
"36832","2152058798096","1845190873411","1845191017176","14.5187","14.3765","0.1422","9.925600000000001","1.8087000000000002","False","18.182000000000002","14.5572","6.0248","3.2870000000000004","17.6635","8","1","1","False","0"
"36832","2152058798096","1845191018598","1845191203270","18.5877","18.467200000000002","0.12050000000000001","18.5212","2.0308","False","18.2578","18.6094","18.182000000000002","2.8596","21.326800000000002","8","1","1","False","0"
"36832","2152058798096","1845191204475","1845191355619","15.305000000000001","15.114400000000002","0.19060000000000002","17.5023","3.963","False","18.1007","15.234900000000001","18.2578","5.8825","20.9969","8","1","1","False","0"
"36832","2152058798096","1845191357525","1845191524874","16.9195","16.7349","0.18460000000000001","17.017500000000002","4.0455000000000005","False","18.1872","16.9255","18.1007","7.0577000000000005","23.7926","8","1","1","False","0"
"36832","2152058798096","1845191526720","1845191707185","18.235100000000003","18.0465","0.18860000000000002","18.7683","4.59","False","18.1888","18.2311","18.1872","7.013800000000001","25.0603","8","1","1","False","0"
"36832","2152058798096","1845191709071","1845191890962","18.3696","18.1891","0.18050000000000002","19.3324","5.5495","False","18.169700000000002","18.3777","18.1888","6.8249","25.014000000000003","8","1","1","False","0"
"36832","2152058798096","1845191892767","1845192075484","18.4482","18.2717","0.17650000000000002","16.706500000000002","3.8065","False","24.2822","18.4522","18.169700000000002","6.542400000000001","24.8141","8","1","1","False","0"
"36832","2152058798096","1845192077249","1845192300486","22.478800000000003","22.323700000000002","0.15510000000000002","23.023200000000003","4.3298000000000005","False","18.168","22.5002","24.2822","8.3244","30.648100000000003","8","1","1","False","0"
"36832","2152058798096","1845192302037","1845192518013","21.7395","21.5976","0.1419","19.0209","1.6182","False","12.0936","21.7527","18.168","4.7397","26.337300000000003","8","1","1","False","0"
"36832","2152058798096","1845192519432","1845192651803","13.3849","13.2371","0.14780000000000001","13.4458","1.6784000000000001","False","30.3546","13.379000000000001","12.0936","3.4543000000000004","16.6914","8","1","1","False","0"
"36832","2152058798096","1845192653281","1845192887787","23.6007","23.4506","0.1501","26.0625","4.1324000000000005","False","18.1626","23.5984","30.3546","10.2105","33.661100000000005","8","1","1","False","0"
"36832","2152058798096","1845192889288","1845193092921","20.514400000000002","20.363300000000002","0.1511","18.6598","2.2822","False","12.0907","20.5134","18.1626","7.8597","28.223000000000003","8","1","1","False","0"
"36832","2152058798096","1845193094432","1845193224754","13.205900000000002","13.032200000000001","0.17370000000000002","14.465800000000002","3.5580000000000003","False","18.1938","13.183300000000001","12.0907","6.7671","19.799300000000002","8","1","1","False","0"
"36832","2152058798096","1845193226491","1845193406182","18.145200000000003","17.9691","0.1761","19.0257","4.4385","False","18.1889","18.1428","18.1938","6.8181","24.787200000000002","8","1","1","False","0"
"36832","2152058798096","1845193407943","1845193589557","18.320700000000002","18.1614","0.1593","17.2546","3.6944000000000004","False","18.2058","18.337500000000002","18.1889","6.6695","24.8309","8","1","1","False","0"
"36832","2152058798096","1845193591150","1845193769210","17.985200000000003","17.806","0.1792","17.9377","3.3303000000000003","False","18.1582","17.9653","18.2058","6.91","24.716","8","1","1","False","0"
"36832","2152058798096","1845193771002","1845193961352","19.2279","19.035","0.19290000000000002","19.9063","4.0182","False","24.249100000000002","19.2142","18.1582","5.854","24.889000000000003","8","1","1","False","0"
"36832","2152058798096","1845193963281","1845194192260","23.0972","22.8979","0.1993","22.541700000000002","3.4619","False","18.1766","23.0908","24.249100000000002","7.012300000000001","29.9102","8","1","1","False","0"
"36832","2152058798096","1845194194253","1845194382237","18.9599","18.7984","0.1615","18.8153","3.3018","False","18.1847","18.997700000000002","18.1766","6.1912","24.989600000000003","8","1","1","False","0"
"36832","2152058798096","1845194383852","1845194564111","18.2062","18.0259","0.18030000000000002","18.0837","3.184","False","24.242900000000002","18.1874","18.1847","6.1885","24.2144","8","1","1","False","0"
"36832","2152058798096","1845194565914","1845194794981","23.176000000000002","22.9067","0.26930000000000004","24.4224","4.4707","False","12.1599","23.087","24.242900000000002","7.3444","30.2511","8","1","1","False","0"
"36832","2152058798096","1845194797674","1845194936466","14.015","13.8792","0.1358","11.818100000000001","2.2134","False","24.225900000000003","14.1485","12.1599","5.3558","19.235","8","1","1","False","0"
"36832","2152058798096","1845194937824","1845195177921","24.142200000000003","24.009700000000002","0.1325","24.889300000000002","2.9583","False","18.1613","24.145500000000002","24.225900000000003","5.4362","29.4459","8","1","1","False","0"
"36832","2152058798096","1845195179246","1845195348350","17.085","16.9104","0.1746","17.6475","3.5435000000000003","False","12.100000000000001","17.0429","18.1613","6.554600000000001","23.465","8","1","1","False","0"
"36832","2152058798096","1845195350096","1845195500016","15.1568","14.992","0.1648","13.5814","1.9564000000000001","False","24.264400000000002","15.1666","12.100000000000001","3.488","18.48","8","1","1","False","0"
"36832","2152058798096","1845195501664","1845195662392","16.2479","16.0728","0.1751","21.2799","7.0011","False","12.125300000000001","16.2376","24.264400000000002","11.514800000000001","27.587600000000002","8","1","1","False","0"
"36832","2152058798096","1845195664143","1845195847857","18.5023","18.3714","0.13090000000000002","13.661100000000001","2.1341","False","18.174300000000002","18.5465","12.125300000000001","5.0936","23.465","8","1","1","False","0"
"36832","2152058798096","1845195849166","1845196012561","16.497700000000002","16.3395","0.1582","17.7802","3.7579000000000002","False","18.1898","16.4704","18.174300000000002","6.7975","23.137","8","1","1","False","0"
"36832","2152058798096","1845196014143","1845196181092","16.8671","16.6949","0.17220000000000002","15.4847","2.0562","False","12.0867","16.8531","18.1898","8.1342","24.8291","8","1","1","False","0"
"36832","2152058798096","1845196182814","1845196347416","16.5975","16.4602","0.1373","16.5546","1.9976","False","18.1874","16.6324","12.0867","3.5885000000000002","20.0487","8","1","1","False","0"
"36832","2152058798096","1845196348789","1845196521113","17.361900000000002","17.232400000000002","0.1295","17.8508","2.4781","False","18.1964","17.3697","18.1874","4.4062","21.6386","8","1","1","False","0"
"36832","2152058798096","1845196522408","1845196692093","17.1611","16.968500000000002","0.19260000000000002","17.2479","2.592","False","18.1902","17.098000000000003","18.1964","5.5046","22.473100000000002","8","1","1","False","0"
"36832","2152058798096","1845196694019","1845196865548","17.4919","17.152900000000002","0.339","17.9097","3.1711","False","18.163500000000003","17.3455","18.1902","6.3493","23.502200000000002","8","1","1","False","0"
"36832","2152058798096","1845196868938","1845197048488","18.131100000000004","17.955000000000002","0.1761","18.4386","3.3168","False","12.1114","18.294","18.163500000000003","6.2188","24.1738","8","1","1","False","0"
"36832","2152058798096","1845197050249","1845197193171","14.4478","14.292200000000001","0.15560000000000002","12.8354","1.6993","False","18.1792","14.468300000000001","12.1114","3.8619000000000003","18.1541","8","1","1","False","0"
"36832","2152058798096","1845197194727","1845197357170","16.43","16.2443","0.1857","18.8402","4.1077","False","18.209300000000002","16.399900000000002","18.1792","5.6412","21.8855","8","1","1","False","0"
"36832","2152058798096","1845197359027","1845197526354","16.9666","16.7327","0.23390000000000002","16.4529","3.6388000000000003","False","18.1642","16.918400000000002","18.209300000000002","6.9321","23.6648","8","1","1","False","0"
"36832","2152058798096","1845197528693","1845197702042","17.506500000000003","17.3349","0.1716","15.564","1.6497000000000002","False","18.1945","17.5688","18.1642","7.527500000000001","24.8624","8","1","1","False","0"
"36832","2152058798096","1845197703758","1845197877845","17.582","17.4087","0.1733","21.756800000000002","5.8260000000000005","False","18.1746","17.5803","18.1945","8.1417","25.5504","8","1","1","False","0"
"36832","2152058798096","1845197879578","1845198086005","20.811","20.6427","0.1683","19.841900000000003","4.8596","False","18.1764","20.816000000000003","18.1746","5.5003","26.143","8","1","1","False","0"
"36832","2152058798096","1845198087688","1845198277234","19.0678","18.9546","0.11320000000000001","18.294800000000002","4.3401000000000005","False","18.1954","19.1229","18.1764","4.5538","23.5084","8","1","1","False","0"
"36832","2152058798096","1845198278366","1845198434358","15.7642","15.599200000000002","0.165","15.2431","3.5625","False","18.183400000000002","15.7124","18.1954","7.0368","22.636000000000003","8","1","1","False","0"
"36832","2152058798096","1845198436008","1845198622344","18.8166","18.6336","0.183","18.866300000000003","3.6111","False","18.1792","18.7986","18.183400000000002","6.421600000000001","25.055200000000003","8","1","1","False","0"
"36832","2152058798096","1845198624174","1845198826641","20.3871","20.2467","0.1404","18.567","1.7673","False","12.0982","20.4297","18.1792","4.1711","24.4178","8","1","1","False","0"
"36832","2152058798096","1845198828045","1845198969586","14.319700000000001","14.154100000000001","0.1656","14.236500000000001","1.7083000000000002","False","24.273400000000002","14.294500000000001","12.0982","1.9748","16.1289","8","1","1","False","0"
"36832","2152058798096","1845198971242","1845199143092","17.362900000000003","17.185000000000002","0.1779","18.5305","2.8753","False","12.0896","17.3506","24.273400000000002","8.8976","26.082600000000003","8","1","1","False","0"
"36832","2152058798096","1845199144871","1845199327386","18.4188","18.2515","0.1673","17.166","1.6267","False","24.2478","18.4294","12.0896","2.5578000000000003","20.8093","8","1","1","False","0"
"36832","2152058798096","1845199329059","1845199520598","19.327","19.1539","0.1731","21.3515","3.6532","False","24.2591","19.3212","24.2478","7.4844","26.6383","8","1","1","False","0"
"36832","2152058798096","1845199522329","1845199767911","24.755200000000002","24.558200000000003","0.197","25.180100000000003","4.0844000000000005","False","18.185000000000002","24.7313","24.2591","7.0122","31.570400000000003","8","1","1","False","0"
"36832","2152058798096","1845199769881","1845199950857","18.2561","18.0976","0.1585","17.798000000000002","3.6127000000000002","False","18.1796","18.294600000000003","18.185000000000002","6.9026000000000005","25.0002","8","1","1","False","0"
"36832","2152058798096","1845199952442","1845200138077","18.726100000000002","18.5635","0.1626","18.4805","3.3692","False","18.179100000000002","18.722","18.1796","6.360200000000001","24.9237","8","1","1","False","0"
"36832","2152058798096","1845200139703","1845200328995","19.0839","18.9292","0.1547","18.0903","2.3677","False","18.162000000000003","19.0918","18.179100000000002","5.447500000000001","24.3767","8","1","1","False","0"
"36832","2152058798096","1845200330542","1845200535153","20.6258","20.461100000000002","0.1647","20.2152","1.9660000000000002","False","18.1952","20.6158","18.162000000000003","2.9937","23.454800000000002","8","1","1","False","0"
"36832","2152058798096","1845200536800","1845200691581","15.648900000000001","15.478100000000001","0.1708","17.3926","3.7131000000000003","False","18.1691","15.642800000000001","18.1952","5.5461","21.0242","8","1","1","False","0"
"36832","2152058798096","1845200693289","1845200908295","21.694000000000003","21.500600000000002","0.19340000000000002","19.2757","1.7278","False","24.2375","21.671400000000002","18.1691","2.0438","23.5444","8","1","1","False","0"
"36832","2152058798096","1845200910229","1845201134205","22.5333","22.3976","0.13570000000000002","24.669700000000002","3.4164000000000003","False","18.1917","22.591","24.2375","3.6903","26.0879","8","1","1","False","0"
"36832","2152058798096","1845201135562","1845201282887","14.9151","14.7325","0.1826","15.870600000000003","4.3851","False","12.113900000000001","14.8682","18.1917","7.013800000000001","21.7463","8","1","1","False","0"
"36832","2152058798096","1845201284713","1845201438419","15.508700000000001","15.370600000000001","0.1381","12.986600000000001","1.8491000000000002","False","18.1823","15.5532","12.113900000000001","3.5745","18.9451","8","1","1","False","0"
"36832","2152058798096","1845201439800","1845201613932","17.5453","17.4132","0.1321","18.4421","2.7426","False","18.1887","17.5513","18.1823","4.2055","21.6187","8","1","1","False","0"
"36832","2152058798096","1845201615253","1845201790372","17.67","17.5119","0.15810000000000002","17.771","2.8378","False","24.268700000000003","17.644000000000002","18.1887","4.7502","22.2621","8","1","1","False","0"
"36832","2152058798096","1845201791953","1845201992057","20.1427","20.0104","0.1323","20.466","3.1639","False","12.1226","20.1685","24.268700000000003","8.8504","28.8608","8","1","1","False","0"
"36832","2152058798096","1845201993380","1845202149971","15.7888","15.6591","0.1297","14.898000000000001","2.2731","False","18.1659","15.791400000000001","12.1226","5.1816","20.840700000000002","8","1","1","False","0"
"36832","2152058798096","1845202151268","1845202327664","17.796400000000002","17.6396","0.1568","18.9675","3.4584","False","18.1889","17.7693","18.1659","5.5782","23.2178","8","1","1","False","0"
"36832","2152058798096","1845202329232","1845202495953","16.8548","16.6721","0.1827","17.5322","4.1381000000000006","False","18.162100000000002","16.8289","18.1889","6.9382","23.610300000000002","8","1","1","False","0"
"36832","2152058798096","1845202497780","1845202668101","17.1889","17.0321","0.1568","19.2923","6.246300000000001","False","12.120600000000001","17.2148","18.162100000000002","7.8855","24.9176","8","1","1","False","0"
"36832","2152058798096","1845202669669","1845202841017","17.2726","17.134800000000002","0.1378","12.8726","1.8293000000000001","False","18.1786","17.291600000000003","12.120600000000001","2.7145","19.8493","8","1","1","False","0"
"36832","2152058798096","1845202842395","1845203002945","16.1854","16.055","0.13040000000000002","17.3064","2.9446000000000003","False","18.1939","16.192800000000002","18.1786","4.7003","20.755300000000002","8","1","1","False","0"
"36832","2152058798096","1845203004249","1845203186145","18.3121","18.189600000000002","0.12250000000000001","18.087600000000002","3.0253","False","18.175900000000002","18.32","18.1939","4.5742","22.7638","8","1","1","False","0"
"36832","2152058798096","1845203187370","1845203370174","18.4182","18.2804","0.1378","17.2844","1.5951000000000002","False","18.2012","18.402900000000002","18.175900000000002","4.3472","22.6276","8","1","1","False","0"
"36832","2152058798096","1845203371552","1845203545898","17.5586","17.4346","0.124","18.0243","2.0523000000000002","False","18.157","17.572400000000002","18.2012","4.976","22.410600000000002","8","1","1","False","0"
"36832","2152058798096","1845203547138","1845203747813","20.207600000000003","20.067500000000003","0.1401","20.4154","2.2677","False","18.2071","20.1915","18.157","2.9415","23.009","8","1","1","False","0"
"36832","2152058798096","1845203749214","1845203905187","15.796100000000001","15.5973","0.1988","15.9252","2.4218","False","12.0944","15.737400000000001","18.2071","5.4112","21.0085","8","1","1","False","0"
"36832","2152058798096","1845203907175","1845204058303","15.2668","15.1128","0.154","14.7177","1.8583","False","18.181","15.3116","12.0944","2.194","17.3068","8","1","1","False","0"
"36832","2152058798096","1845204059843","1845204219578","16.116600000000002","15.973500000000001","0.1431","17.165200000000002","2.8974","False","18.1978","16.1275","18.181","4.2475000000000005","20.221","8","1","1","False","0"
"36832","2152058798096","1845204221009","1845204397469","17.7838","17.646","0.1378","17.6921","2.8045","False","18.1944","17.7891","18.1978","4.6562","22.302200000000003","8","1","1","False","0"
"36832","2152058798096","1845204398847","1845204575956","17.8624","17.710900000000002","0.1515","17.1964","2.118","False","18.1854","17.8487","18.1944","5.0019","22.7128","8","1","1","False","0"
"36832","2152058798096","1845204577471","1845204769714","19.3894","19.2243","0.1651","19.0476","1.8157","False","18.172800000000002","19.3758","18.1854","3.8115","23.035800000000002","8","1","1","False","0"
"36832","2152058798096","1845204771365","1845204930968","16.1212","15.9603","0.16090000000000002","17.584500000000002","3.2704","False","24.241","16.1254","18.172800000000002","5.8589","21.819200000000002","8","1","1","False","0"
"36832","2152058798096","1845204932577","1845205163809","23.361900000000002","23.1232","0.23870000000000002","23.855500000000003","3.7925","False","12.113000000000001","23.284100000000002","24.241","6.8158","29.939","8","1","1","False","0"
"36832","2152058798096","1845205166196","1845205318985","15.3825","15.2789","0.10360000000000001","13.3766","2.0077000000000003","False","18.195600000000002","15.517600000000002","12.113000000000001","3.4112","18.6901","8","1","1","False","0"
"36832","2152058798096","1845205320021","1845205460276","14.2383","14.025500000000001","0.21280000000000002","15.774000000000001","3.3474000000000004","False","18.183600000000002","14.129100000000001","18.195600000000002","7.4777000000000005","21.5032","8","1","1","False","0"
"36832","2152058798096","1845205462404","1845205640213","17.937300000000004","17.780900000000003","0.1564","16.5178","1.8703","False","12.0974","17.9937","18.183600000000002","7.6676","25.448500000000003","8","1","1","False","0"
"36832","2152058798096","1845205641777","1845205810384","17.0224","16.8607","0.1617","17.075","1.9156000000000002","False","18.1888","17.0171","12.0974","2.7479","19.608600000000003","8","1","1","False","0"
"36832","2152058798096","1845205812001","1845205978999","16.8398","16.6998","0.14","17.743000000000002","2.8208","False","18.1878","16.8615","18.1888","4.075200000000001","20.775000000000002","8","1","1","False","0"
"36832","2152058798096","1845205980399","1845206170690","19.169999999999998","19.0291","0.1409","18.3118","1.9608","False","18.1779","19.1691","18.1878","3.0939","22.123","8","1","1","False","0"
"36832","2152058798096","1845206172099","1845206329348","15.891399999999999","15.7249","0.1665","17.3094","3.3857000000000004","False","18.187900000000003","15.8658","18.1779","5.406000000000001","21.1309","8","1","1","False","0"
"36832","2152058798096","1845206331013","1845206505021","17.5742","17.4008","0.1734","17.6907","3.5108","False","18.174400000000002","17.5673","18.187900000000003","6.0266","23.427400000000002","8","1","1","False","0"
"36832","2152058798096","1845206506755","1845206675027","16.9953","16.8272","0.1681","19.0046","5.5189","False","24.2463","17.000600000000002","18.174400000000002","7.2004","24.0276","8","1","1","False","0"
"36832","2152058798096","1845206676708","1845206870099","19.5313","19.339100000000002","0.1922","19.9674","5.9729","False","24.2466","19.5072","24.2463","11.9395","31.2786","8","1","1","False","0"
"36832","2152058798096","1845206872021","1845207183860","31.326600000000003","31.1839","0.1427","28.353900000000003","2.9599","False","18.16","31.3761","24.2466","4.8100000000000005","35.993900000000004","8","1","1","False","0"
"36832","2152058798096","1845207185287","1845207379830","19.5759","19.4543","0.1216","18.7403","2.1232","False","18.1894","19.597","18.16","3.373","22.8273","8","1","1","False","0"
"36832","2152058798096","1845207381046","1845207548514","16.8535","16.7468","0.1067","17.605600000000003","3.2455000000000003","False","18.1793","16.8684","18.1894","4.694","21.4408","8","1","1","False","0"
"36832","2152058798096","1845207549581","1845207742369","19.4292","19.2788","0.1504","18.7302","2.181","False","18.1799","19.3855","18.1793","3.4878","22.7666","8","1","1","False","0"
"36832","2152058798096","1845207743873","1845207896694","15.455700000000002","15.282100000000002","0.1736","17.5792","4.3268","False","12.1218","15.432500000000001","18.1799","6.235200000000001","21.517300000000002","8","1","1","False","0"
"36832","2152058798096","1845207898430","1845208051834","15.4769","15.3404","0.1365","13.1385","1.9692","False","18.1823","15.514000000000001","12.1218","2.843","18.183400000000002","8","1","1","False","0"
"36832","2152058798096","1845208053199","1845208219762","16.7889","16.6563","0.1326","17.6416","2.8189","False","18.189700000000002","16.7928","18.1823","4.2325","20.8888","8","1","1","False","0"
"36832","2152058798096","1845208221088","1845208393601","17.4154","17.2513","0.1641","17.7851","3.1909","False","18.1966","17.3839","18.189700000000002","5.0383000000000004","22.2896","8","1","1","False","0"
"36832","2152058798096","1845208395242","1845208551451","15.7865","15.6209","0.1656","16.7311","4.149900000000001","False","12.1006","15.785","18.1966","7.4499","23.070800000000002","8","1","1","False","0"
"36832","2152058798096","1845208553107","1845208713661","16.198100000000004","16.055400000000002","0.1427","14.1826","2.1234","False","24.2837","16.221","12.1006","3.3295000000000003","19.384900000000002","8","1","1","False","0"
"36832","2152058798096","1845208715088","1845208895411","18.1694","18.0323","0.1371","19.610400000000002","3.5575","False","12.074900000000001","18.175","24.2837","9.4382","27.4705","8","1","1","False","0"
"36832","2152058798096","1845208896782","1845209075848","18.066000000000003","17.9066","0.15940000000000001","16.2257","1.724","False","18.186700000000002","18.0437","12.074900000000001","3.4694000000000003","21.376","8","1","1","False","0"
"36832","2152058798096","1845209077442","1845209258997","18.290399999999998","18.1555","0.13490000000000002","19.4187","2.847","False","18.1793","18.3149","18.186700000000002","3.3412","21.4967","8","1","1","False","0"
"36832","2152058798096","1845209260346","1845209445457","18.650800000000004","18.511100000000003","0.13970000000000002","17.6556","1.8572000000000002","False","18.200200000000002","18.646","18.1793","2.8745000000000003","21.3856","8","1","1","False","0"
"36832","2152058798096","1845209446854","1845209617582","17.218400000000003","17.0728","0.1456","17.1898","1.8210000000000002","False","18.1809","17.212500000000002","18.200200000000002","3.8622","20.935000000000002","8","1","1","False","0"
"36832","2152058798096","1845209619038","1845209784646","16.6931","16.5608","0.1323","17.919","3.3525","False","18.171300000000002","16.706400000000002","18.1809","5.3367","21.8975","8","1","1","False","0"
"36832","2152058798096","1845209785969","1845209963666","17.9398","17.7697","0.1701","18.285600000000002","3.4137","False","18.1855","17.902","18.171300000000002","5.606","23.375700000000002","8","1","1","False","0"
"36832","2152058798096","1845209965367","1845210123384","15.9563","15.8017","0.15460000000000002","16.3751","3.8251000000000004","False","18.2099","15.9718","18.1855","7.8197","23.6214","8","1","1","False","0"
"36832","2152058798096","1845210124930","1845210306832","18.3676","18.1902","0.1774","16.3632","1.8201","False","18.1383","18.3448","18.2099","7.6848","25.875","8","1","1","False","0"
"36832","2152058798096","1845210308606","1845210469212","16.1947","16.0606","0.1341","21.0259","6.6431000000000004","False","30.3427","16.238","18.1383","9.5851","25.6457","8","1","1","False","0"
"36832","2152058798096","1845210470553","1845210776941","30.7846","30.6388","0.1458","27.2998","3.1606","False","12.085","30.7729","30.3427","9.1549","39.7937","8","1","1","False","0"
"36832","2152058798096","1845210778399","1845210941668","16.471400000000003","16.326900000000002","0.14450000000000002","15.1511","1.8327","False","18.1876","16.4727","12.085","4.7672","21.0941","8","1","1","False","0"
"36832","2152058798096","1845210943113","1845211130324","18.853","18.7211","0.13190000000000002","19.8549","2.8377000000000003","False","24.247400000000003","18.8656","18.1876","4.0892","22.8103","8","1","1","False","0"
"36832","2152058798096","1845211131643","1845211352544","22.2933","22.0901","0.20320000000000002","22.7868","3.3977","False","12.1204","22.222","24.247400000000003","6.1146","28.204700000000003","8","1","1","False","0"
"36832","2152058798096","1845211354576","1845211509504","15.649500000000002","15.4928","0.1567","14.162600000000001","1.8471000000000002","False","18.1648","15.696000000000002","12.1204","2.539","18.0318","8","1","1","False","0"
"36832","2152058798096","1845211511071","1845211685913","17.6151","17.4842","0.13090000000000002","18.398500000000002","2.6241000000000003","False","18.2044","17.640900000000002","18.1648","3.0629","20.5471","8","1","1","False","0"
"36832","2152058798096","1845211687222","1845211837135","15.1584","14.9913","0.1671","15.9312","3.4175","False","18.1904","15.122200000000001","18.2044","6.1451","21.136400000000002","8","1","1","False","0"
"36832","2152058798096","1845211838806","1845212015032","17.757700000000003","17.622600000000002","0.1351","17.775100000000002","3.7350000000000003","False","18.1754","17.7897","18.1904","6.545800000000001","24.168400000000002","8","1","1","False","0"
"36832","2152058798096","1845212016383","1845212200825","18.616300000000003","18.444200000000002","0.1721","18.4902","3.3028","False","12.108400000000001","18.5793","18.1754","6.141900000000001","24.586100000000002","8","1","1","False","0"
"36832","2152058798096","1845212202546","1845212357974","15.6834","15.542800000000002","0.1406","14.2186","1.8306","False","24.278000000000002","15.7149","12.108400000000001","2.5354","18.078200000000002","8","1","1","False","0"
"36832","2152058798096","1845212359380","1845212545898","18.7941","18.6518","0.1423","18.989800000000002","2.0283","False","12.0739","18.7924","24.278000000000002","8.021","26.672800000000002","8","1","1","False","0"
"36832","2152058798096","1845212547321","1845212719179","17.3468","17.1858","0.161","17.4582","2.1427","False","36.412800000000004","17.3281","12.0739","2.7668","19.9526","8","1","1","False","0"
"36832","2152058798096","1845212720789","1845213027465","30.8039","30.6676","0.1363","31.4143","2.7452","False","12.076","30.8286","36.412800000000004","8.351","39.0186","8","1","1","False","0"
"36832","2152058798096","1845213028828","1845213201748","17.4421","17.292","0.1501","16.7936","2.1102000000000003","False","18.200200000000002","17.4283","12.076","2.9987000000000004","20.2907","8","1","1","False","0"
"36832","2152058798096","1845213203249","1845213348280","14.6756","14.5031","0.17250000000000001","16.3501","3.7804","False","18.192","14.6532","18.200200000000002","6.5457","21.0488","8","1","1","False","0"
"36832","2152058798096","1845213350005","1845213524107","17.5701","17.4102","0.15990000000000001","17.6658","3.8764000000000003","False","18.1715","17.5827","18.192","7.155","24.5652","8","1","1","False","0"
"36832","2152058798096","1845213525706","1845213717146","19.2955","19.144000000000002","0.1515","18.7467","3.3265000000000002","False","12.1212","19.303900000000002","18.1715","6.022600000000001","25.166600000000003","8","1","1","False","0"
"36832","2152058798096","1845213718661","1845213869110","15.1708","15.0449","0.1259","13.7354","1.8777000000000001","False","18.180300000000003","15.1964","12.1212","2.9474","17.9923","8","1","1","False","0"
"36832","2152058798096","1845213870369","1845214045923","17.716400000000004","17.555400000000002","0.161","17.8324","2.0012000000000003","False","24.2743","17.6813","18.180300000000003","3.4464","21.0018","8","1","1","False","0"
"36832","2152058798096","1845214047533","1845214247197","20.125","19.9664","0.15860000000000002","20.095200000000002","1.9871","False","12.0761","20.1274","24.2743","7.5933","27.559700000000003","8","1","1","False","0"
"36832","2152058798096","1845214248783","1845214395737","14.8222","14.695400000000001","0.1268","15.376600000000002","2.5195000000000003","False","24.259900000000002","14.854000000000001","12.0761","4.8154","19.5108","8","1","1","False","0"
"36832","2152058798096","1845214397005","1845214619889","22.4683","22.2884","0.1799","24.6593","4.7268","False","12.100000000000001","22.415200000000002","24.259900000000002","6.6601","28.948500000000003","8","1","1","False","0"
"36832","2152058798096","1845214621688","1845214783032","16.2805","16.1344","0.1461","13.741800000000001","2.1788000000000003","False","30.339100000000002","16.3143","12.100000000000001","2.4458","18.5802","8","1","1","False","0"
"36832","2152058798096","1845214784493","1845215022715","23.9327","23.822200000000002","0.1105","24.620600000000003","3.1424000000000003","False","12.0965","23.968300000000003","30.339100000000002","8.816600000000001","32.6388","8","1","1","False","0"
"36832","2152058798096","1845215023820","1845215176173","15.4175","15.2353","0.1822","16.0517","3.5164","False","12.1065","15.3458","12.0965","5.5673","20.8026","8","1","1","False","0"
"36832","2152058798096","1845215177995","1845215323117","14.6625","14.5122","0.15030000000000002","12.9771","1.8091000000000002","False","24.2602","14.6944","12.1065","2.9794","17.491600000000002","8","1","1","False","0"
"36832","2152058798096","1845215324620","1845215542205","21.8882","21.7585","0.1297","23.4551","3.3770000000000002","False","12.1289","21.9088","24.2602","5.3308","27.0893","8","1","1","False","0"
"36832","2152058798096","1845215543502","1845215682669","14.055800000000001","13.9167","0.1391","12.518500000000001","1.8454000000000002","False","18.1783","14.0464","12.1289","3.4133","17.330000000000002","8","1","1","False","0"
"36832","2152058798096","1845215684060","1845215833967","15.1793","14.9907","0.18860000000000002","16.7834","3.4642","False","12.0934","15.129800000000001","18.1783","6.4618","21.4525","8","1","1","False","0"
"36832","2152058798096","1845215835853","1845215996088","16.167900000000003","16.023500000000002","0.1444","14.871000000000002","2.1535","False","18.2119","16.2121","12.0934","2.3431","18.366600000000002","8","1","1","False","0"
"36832","2152058798096","1845215997532","1845216168517","17.241","17.0985","0.14250000000000002","17.189600000000002","2.1011","False","12.0961","17.242900000000002","18.2119","3.3121","20.410600000000002","8","1","1","False","0"
"36832","2152058798096","1845216169942","1845216305386","13.6941","13.544400000000001","0.1497","13.0349","1.4498","False","24.299","13.686900000000001","12.0961","1.7213","15.2657","8","1","1","False","0"
"36832","2152058798096","1845216306883","1845216484082","17.8842","17.7199","0.1643","19.3159","2.8714","False","12.0821","17.869600000000002","24.299","8.1507","25.8706","8","1","1","False","0"
"36832","2152058798096","1845216485725","1845216633786","14.9625","14.8061","0.1564","15.5661","3.4868","False","18.1677","14.970400000000001","12.0821","5.2624","20.0685","8","1","1","False","0"
"36832","2152058798096","1845216635350","1845216837818","20.3845","20.2468","0.13770000000000002","19.6342","2.7293000000000003","False","30.337100000000003","20.403200000000002","18.1677","3.0269","23.2737","8","1","1","False","0"
"36832","2152058798096","1845216839195","1845217091031","25.390200000000004","25.183600000000002","0.2066","25.7206","3.0987","False","12.1065","25.3213","30.337100000000003","8.0427","33.2263","8","1","1","False","0"
"36832","2152058798096","1845217093097","1845217245257","15.3429","15.216000000000001","0.1269","14.4844","2.1799","False","18.186600000000002","15.422600000000001","12.1065","4.7266","19.942600000000002","8","1","1","False","0"
"36832","2152058798096","1845217246526","1845217429951","18.4741","18.3425","0.1316","17.834300000000002","1.5534000000000001","False","12.102500000000001","18.4694","18.186600000000002","4.4438","22.7863","8","1","1","False","0"
"36832","2152058798096","1845217431267","1845217571278","14.1408","14.001100000000001","0.13970000000000002","14.807","2.222","False","24.282300000000003","14.1327","12.102500000000001","2.4136","16.4147","8","1","1","False","0"
"36832","2152058798096","1845217572675","1845217751399","18.012500000000003","17.872400000000003","0.1401","18.577","3.0958","False","12.0797","18.0121","24.282300000000003","8.6838","26.5562","8","1","1","False","0"
"36832","2152058798096","1845217752800","1845217925829","17.4417","17.3029","0.1388","16.7821","2.1339","False","24.2561","17.443","12.0797","3.3205","20.6234","8","1","1","False","0"
"36832","2152058798096","1845217927217","1845218127799","20.2162","20.0582","0.158","22.5789","4.502400000000001","False","18.204800000000002","20.197000000000003","24.2561","7.3796","27.437800000000003","8","1","1","False","0"
"36832","2152058798096","1845218129379","1845218304261","17.6401","17.4882","0.1519","14.993500000000001","1.8517000000000001","False","12.1068","17.6462","18.204800000000002","7.9382","25.4264","8","1","1","False","0"
"36832","2152058798096","1845218305780","1845218468068","16.3918","16.2288","0.163","16.4176","1.8685","False","18.1676","16.3807","12.1068","3.6643000000000003","19.8931","8","1","1","False","0"
"36832","2152058798096","1845218469698","1845218629604","16.1708","15.9906","0.1802","17.9779","3.6939","False","18.2025","16.1536","18.1676","5.6783","21.6689","8","1","1","False","0"
"36832","2152058798096","1845218631406","1845218796468","16.6549","16.5062","0.1487","16.375700000000002","3.402","False","12.084100000000001","16.686400000000003","18.2025","7.1944","23.7006","8","1","1","False","0"
"36832","2152058798096","1845218797955","1845218941976","14.5233","14.4021","0.1212","13.0348","1.9023","False","24.300900000000002","14.5508","12.084100000000001","4.7277000000000005","19.1298","8","1","1","False","0"
"36832","2152058798096","1845218943188","1845219146168","20.454900000000002","20.298000000000002","0.1569","21.6127","3.0667","False","12.098700000000001","20.4192","24.300900000000002","8.6094","28.907400000000003","8","1","1","False","0"
"36832","2152058798096","1845219147737","1845219286155","14.0288","13.841800000000001","0.187","14.375200000000001","3.4514","False","12.1007","13.998700000000001","12.098700000000001","6.7094000000000005","20.5512","8","1","1","False","0"
"36832","2152058798096","1845219288025","1845219447915","16.125700000000002","15.989","0.13670000000000002","14.6957","1.9778","False","18.1794","16.176000000000002","12.1007","2.6341","18.6231","8","1","1","False","0"
"36832","2152058798096","1845219449282","1845219623468","17.555300000000003","17.4186","0.13670000000000002","17.3357","1.7652","False","18.1825","17.555300000000003","18.1794","3.2582","20.6768","8","1","1","False","0"
"36832","2152058798096","1845219624835","1845219784024","16.1085","15.9189","0.18960000000000002","17.819300000000002","3.4956","False","12.122","16.055600000000002","18.1825","5.3851","21.304000000000002","8","1","1","False","0"
"36832","2152058798096","1845219785920","1845219932624","14.8155","14.6704","0.1451","13.432300000000001","2.0943","False","18.183500000000002","14.860000000000001","12.122","2.6471","17.317500000000003","8","1","1","False","0"
"36832","2152058798096","1845219934075","1845220104022","17.135900000000003","16.9947","0.14120000000000002","16.8235","1.7837","False","18.1909","17.1398","18.183500000000002","3.6908000000000003","20.6855","8","1","1","False","0"
"36832","2152058798096","1845220105434","1845220258073","15.425200000000002","15.263900000000001","0.1613","16.9981","3.3654","False","18.1982","15.405100000000001","18.1909","6.4766","21.7405","8","1","1","False","0"
"36832","2152058798096","1845220259686","1845220438124","18.0267","17.8438","0.1829","18.116500000000002","3.455","False","18.1557","18.005100000000002","18.1982","6.669700000000001","24.5135","8","1","1","False","0"
"36832","2152058798096","1845220439953","1845220650992","21.2399","21.1039","0.136","19.6665","1.8641","False","18.1858","21.2868","18.1557","3.5386","24.642500000000002","8","1","1","False","0"
"36832","2152058798096","1845220652352","1845220833175","18.2219","18.0823","0.1396","18.1593","1.8052000000000001","False","18.1704","18.2183","18.1858","3.5061","21.5884","8","1","1","False","0"
"36832","2152058798096","1845220834571","1845221020830","18.831200000000003","18.6259","0.2053","18.874200000000002","1.8747","False","24.2816","18.7655","18.1704","2.911","21.5369","8","1","1","False","0"
"36832","2152058798096","1845221022883","1845221215246","19.4217","19.2363","0.1854","19.6489","2.104","False","18.1593","19.4416","24.2816","7.751","26.9873","8","1","1","False","0"
"36832","2152058798096","1845221217100","1845221430087","21.4257","21.2987","0.127","21.1215","2.096","False","24.2554","21.4841","18.1593","4.426200000000001","25.7249","8","1","1","False","0"
"36832","2152058798096","1845221431357","1845221647532","21.8197","21.6175","0.20220000000000002","23.610400000000002","3.5929","False","18.141000000000002","21.744500000000002","24.2554","6.9371","28.5546","8","1","1","False","0"
"36832","2152058798096","1845221649554","1845221820893","17.3108","17.1339","0.1769","18.099600000000002","4.3692","False","30.3199","17.336100000000002","18.141000000000002","7.742","24.8759","8","1","1","False","0"
"36832","2152058798096","1845221822662","1845222139001","31.8012","31.6339","0.1673","31.850900000000003","4.4172","False","18.1951","31.8108","30.3199","6.2511","37.885000000000005","8","1","1","False","0"
"36832","2152058798096","1845222140674","1845222324941","18.6005","18.4267","0.1738","17.640900000000002","3.4522000000000004","False","12.1049","18.594","18.1951","5.8522","24.2789","8","1","1","False","0"
"36832","2152058798096","1845222326679","1845222478326","15.3489","15.1647","0.1842","13.9467","2.0626","False","18.189500000000002","15.338500000000002","12.1049","2.6186000000000003","17.7833","8","1","1","False","0"
"36832","2152058798096","1845222480168","1845222621650","14.31","14.148200000000001","0.1618","15.7537","3.4944","False","18.1965","14.3324","18.189500000000002","6.475700000000001","20.623900000000003","8","1","1","False","0"
"36832","2152058798096","1845222623268","1845222810420","18.882099999999998","18.7152","0.16690000000000002","18.6782","3.2990000000000004","False","12.094100000000001","18.877000000000002","18.1965","5.7952","24.5104","8","1","1","False","0"
"36832","2152058798096","1845222812089","1845222949458","13.881","13.7369","0.1441","12.424800000000001","1.8168000000000002","False","30.332500000000003","13.9038","12.094100000000001","3.9855","17.7224","8","1","1","False","0"
"36832","2152058798096","1845222950899","1845223205894","25.654700000000002","25.4995","0.1552","26.9965","3.1704000000000003","False","18.1776","25.643600000000003","30.332500000000003","8.6744","34.1739","8","1","1","False","0"
"36832","2152058798096","1845223207446","1845223413638","20.7771","20.6192","0.1579","20.845799999999997","3.2446","False","24.249100000000002","20.7744","18.1776","6.0776","26.6968","8","1","1","False","0"
"36832","2152058798096","1845223415217","1845223633914","22.1169","21.8697","0.2472","21.839000000000002","2.998","False","18.210900000000002","22.0276","24.249100000000002","8.299100000000001","30.1688","8","1","1","False","0"
"36832","2152058798096","1845223636386","1845223818791","18.386400000000002","18.2405","0.1459","17.466900000000003","2.0411","False","18.1481","18.4877","18.210900000000002","8.0223","26.262800000000002","8","1","1","False","0"
"36832","2152058798096","1845223820250","1845224009275","19.0748","18.9025","0.1723","20.810100000000002","3.7928","False","18.1822","19.0484","18.1481","7.122000000000001","26.0245","8","1","1","False","0"
"36832","2152058798096","1845224010998","1845224202737","19.3248","19.1739","0.1509","18.6832","3.4658","False","18.1596","19.3462","18.1822","5.958","25.1319","8","1","1","False","0"
"36832","2152058798096","1845224204246","1845224404317","20.1533","20.0071","0.1462","18.8369","1.8231000000000002","False","24.2663","20.158","18.1596","3.9596","23.9667","8","1","1","False","0"
"36832","2152058798096","1845224405779","1845224619059","21.5033","21.328","0.1753","24.2393","4.566800000000001","False","18.1799","21.4742","24.2663","6.7517000000000005","28.079700000000003","8","1","1","False","0"
"36832","2152058798096","1845224620812","1845224809703","19.0468","18.889100000000003","0.1577","17.7379","3.2399","False","18.185200000000002","19.064400000000003","18.1799","5.8672","24.7563","8","1","1","False","0"
"36832","2152058798096","1845224811280","1845224996433","18.663899999999998","18.5153","0.1486","17.7956","2.3753","False","18.165100000000002","18.673000000000002","18.185200000000002","5.3794","23.8947","8","1","1","False","0"
"36832","2152058798096","1845224997919","1845225172694","17.6407","17.4775","0.1632","18.6386","3.3821000000000003","False","18.204","17.6261","18.165100000000002","5.9184","23.3959","8","1","1","False","0"
"36832","2152058798096","1845225174326","1845225337378","16.4554","16.3052","0.1502","14.9822","1.9018000000000002","False","12.0853","16.4684","18.204","7.654000000000001","23.959200000000003","8","1","1","False","0"
"36832","2152058798096","1845225338880","1845225511127","17.3867","17.224700000000002","0.162","17.4057","1.9164","False","24.2661","17.3749","12.0853","2.3644000000000003","19.589100000000002","8","1","1","False","0"
"36832","2152058798096","1845225512747","1845225709861","19.858900000000002","19.7114","0.14750000000000002","21.688000000000002","3.7501","False","18.1951","19.8734","24.2661","6.7571","26.468500000000002","8","1","1","False","0"
"36832","2152058798096","1845225711336","1845225882435","17.2774","17.1099","0.1675","15.3437","1.8324","False","12.1098","17.2574","18.1951","7.694800000000001","24.8047","8","1","1","False","0"
"36832","2152058798096","1845225884110","1845226006837","12.453000000000001","12.2727","0.18030000000000002","14.6925","4.0603","False","18.181900000000002","12.4402","12.1098","7.364400000000001","19.6371","8","1","1","False","0"
"36832","2152058798096","1845226008640","1845226179730","17.271800000000002","17.109","0.1628","15.459700000000002","2.2544","False","12.1103","17.2893","18.181900000000002","8.257","25.366","8","1","1","False","0"
"36832","2152058798096","1845226181358","1845226342222","16.209300000000002","16.0864","0.12290000000000001","15.7893","1.8109000000000002","False","18.1731","16.249200000000002","12.1103","4.1181","20.2045","8","1","1","False","0"
"36832","2152058798096","1845226343451","1845226528288","18.613500000000002","18.483700000000002","0.1298","18.8351","2.0355000000000003","False","18.1919","18.6066","18.1731","3.6846","22.168300000000002","8","1","1","False","0"
"36832","2152058798096","1845226529586","1845226671610","14.3445","14.2024","0.1421","17.6129","5.6185","False","18.2007","14.3322","18.1919","7.544300000000001","21.7467","8","1","1","False","0"
"36832","2152058798096","1845226673031","1845226850000","17.8504","17.6969","0.1535","14.403300000000002","1.8706","False","12.0911","17.839000000000002","18.2007","7.906000000000001","25.6029","8","1","1","False","0"
"36832","2152058798096","1845226851535","1845227027474","17.754800000000003","17.5939","0.16090000000000002","17.9028","2.019","False","24.279600000000002","17.747400000000003","12.0911","2.2497000000000003","19.843600000000002","8","1","1","False","0"
"36832","2152058798096","1845227029083","1845227212231","18.4752","18.3148","0.16040000000000001","18.518","2.0705","False","12.0923","18.4757","24.279600000000002","8.053600000000001","26.3684","8","1","1","False","0"
"36832","2152058798096","1845227213835","1845227358402","14.6323","14.456700000000001","0.1756","15.936800000000002","3.3697000000000004","False","18.1837","14.6171","12.0923","5.5288","19.985500000000002","8","1","1","False","0"
"36832","2152058798096","1845227360158","1845227552162","19.322400000000002","19.200400000000002","0.12200000000000001","17.8189","1.8459","False","18.175","19.376","18.1837","4.3365","23.536900000000003","8","1","1","False","0"
"36832","2152058798096","1845227553382","1845227712288","16.0496","15.890600000000001","0.159","17.7803","3.5906000000000002","False","12.105","16.0126","18.175","6.4989","22.3895","8","1","1","False","0"
"36832","2152058798096","1845227713878","1845227859662","14.7411","14.5784","0.1627","12.9808","1.8467","False","18.1796","14.737400000000001","12.105","3.8665000000000003","18.4449","8","1","1","False","0"
"36832","2152058798096","1845227861289","1845228015412","15.5988","15.4123","0.1865","18.512900000000002","4.752000000000001","False","18.2237","15.575000000000001","18.1796","6.471100000000001","21.8834","8","1","1","False","0"
"36832","2152058798096","1845228017277","1845228189000","17.3316","17.1723","0.1593","16.335","3.7568","False","12.1119","17.358800000000002","18.2237","7.336","24.508300000000002","8","1","1","False","0"
"36832","2152058798096","1845228190593","1845228329348","14.020000000000001","13.8755","0.14450000000000002","12.7135","2.4394","False","18.1722","14.0348","12.1119","5.4131","19.288600000000002","8","1","1","False","0"
"36832","2152058798096","1845228330793","1845228498464","17.005399999999998","16.7671","0.2383","17.980900000000002","3.4831000000000003","False","12.1003","16.9116","18.1722","6.6737","23.4408","8","1","1","False","0"
"36832","2152058798096","1845228500847","1845228654066","15.461200000000002","15.321900000000001","0.1393","13.930200000000001","1.8745","False","18.1776","15.5602","12.1003","3.2138","18.535700000000002","8","1","1","False","0"
"36832","2152058798096","1845228655459","1845228826112","17.2015","17.0653","0.13620000000000002","18.102700000000002","2.7794000000000003","False","18.1982","17.2046","18.1776","4.1868","21.252100000000002","8","1","1","False","0"
"36832","2152058798096","1845228827474","1845229017686","19.1534","19.0212","0.1322","19.439","3.0635000000000003","False","18.1923","19.157400000000003","18.1982","3.2276000000000002","22.248800000000003","8","1","1","False","0"
"36832","2152058798096","1845229019008","1845229164351","14.7245","14.5343","0.1902","14.989500000000001","3.3574","False","12.1478","14.666500000000001","18.1923","6.7534","21.2877","8","1","1","False","0"
"36832","2152058798096","1845229166253","1845229322695","15.7565","15.644200000000001","0.11230000000000001","14.201500000000001","2.0496000000000003","False","18.1404","15.8344","12.1478","3.0668","18.711000000000002","8","1","1","False","0"
"36832","2152058798096","1845229323818","1845229495093","17.2586","17.1275","0.1311","18.6812","3.1927000000000003","False","18.180500000000002","17.239800000000002","18.1404","3.9674","21.094900000000003","8","1","1","False","0"
"36832","2152058798096","1845229496404","1845229671296","17.6162","17.4892","0.127","17.5735","3.1523000000000003","False","18.217100000000002","17.6203","18.180500000000002","4.5276000000000005","22.0168","8","1","1","False","0"
"36832","2152058798096","1845229672566","1845229824330","15.366700000000002","15.176400000000001","0.1903","14.0172","1.8282","False","18.1755","15.3034","18.217100000000002","7.4413","22.617700000000003","8","1","1","False","0"
"36832","2152058798096","1845229826233","1845230006540","18.1924","18.0307","0.1617","20.0726","3.6996","False","18.159100000000002","18.221","18.1755","7.3958","25.4265","8","1","1","False","0"
"36832","2152058798096","1845230008157","1845230179069","17.2108","17.0912","0.11960000000000001","18.2029","4.6675","False","12.132200000000001","17.2529","18.159100000000002","8.302","25.3932","8","1","1","False","0"
"36832","2152058798096","1845230180265","1845230330784","15.1677","15.0519","0.1158","12.8955","2.3947000000000003","False","18.1892","15.1715","12.132200000000001","5.262700000000001","20.314600000000002","8","1","1","False","0"
"36832","2152058798096","1845230331942","1845230486805","15.6511","15.4863","0.1648","14.997400000000003","1.7572","False","12.1033","15.6021","18.1892","7.8498","23.336100000000002","8","1","1","False","0"
"36832","2152058798096","1845230488453","1845230625360","13.848100000000002","13.690700000000001","0.1574","15.5861","3.5022","False","18.1997","13.855500000000001","12.1033","6.0976","19.7883","8","1","1","False","0"
"36832","2152058798096","1845230626934","1845230793395","16.7999","16.6461","0.15380000000000002","15.1066","1.8073000000000001","False","12.1095","16.8035","18.1997","7.4938","24.1399","8","1","1","False","0"
"36832","2152058798096","1845230794933","1845230944828","15.123800000000001","14.989500000000001","0.1343","14.959000000000001","1.6332","False","18.1903","15.1433","12.1095","4.46","19.4495","8","1","1","False","0"
"36832","2152058798096","1845230946171","1845231117225","17.2571","17.1054","0.1517","17.9205","2.3000000000000003","False","18.166800000000002","17.2397","18.1903","5.4106000000000005","22.516000000000002","8","1","1","False","0"
"36832","2152058798096","1845231118742","1845231269653","15.226","15.0911","0.13490000000000002","18.8288","5.8992","False","12.1071","15.2428","18.166800000000002","8.3346","23.425700000000003","8","1","1","False","0"
"36832","2152058798096","1845231271002","1845231434175","16.4435","16.3173","0.1262","12.354199999999999","1.8037","False","18.198700000000002","16.4522","12.1071","3.9895","20.306800000000003","8","1","1","False","0"
"36832","2152058798096","1845231435437","1845231605859","17.1523","17.0422","0.1101","18.4453","3.3953","False","12.108500000000001","17.168400000000002","18.198700000000002","5.0198","22.062","8","1","1","False","0"
"36832","2152058798096","1845231606960","1845231747600","14.2259","14.064","0.16190000000000002","13.3231","2.2030000000000003","False","18.1885","14.174100000000001","12.108500000000001","2.9542","17.0182","8","1","1","False","0"
"36832","2152058798096","1845231749219","1845231909843","16.1895","16.0624","0.12710000000000002","17.1405","3.1429","False","12.1094","16.2243","18.1885","4.9184","20.980800000000002","8","1","1","False","0"
"36832","2152058798096","1845231911114","1845232050691","14.097800000000001","13.9577","0.1401","12.7847","1.8409","False","24.2601","14.084800000000001","12.1094","2.943","16.9007","8","1","1","False","0"
"36832","2152058798096","1845232052092","1845232260684","21.0241","20.8592","0.16490000000000002","24.5467","5.3632","False","12.115400000000001","20.9993","24.2601","6.2038","27.063000000000002","8","1","1","False","0"
"36832","2152058798096","1845232262333","1845232421669","16.0817","15.9336","0.1481","12.5545","1.8427","False","18.2087","16.0985","12.115400000000001","2.2207","18.1543","8","1","1","False","0"
"36832","2152058798096","1845232423150","1845232555531","13.4091","13.238100000000001","0.171","15.249600000000001","3.6905","False","18.1586","13.3862","18.2087","7.043200000000001","20.2813","8","1","1","False","0"
"36832","2152058798096","1845232557241","1845232736995","18.1358","17.9754","0.16040000000000001","18.4222","3.9718","False","12.1213","18.1464","18.1586","7.055400000000001","25.030800000000003","8","1","1","False","0"
"36832","2152058798096","1845232738599","1845232897940","16.090500000000002","15.9341","0.1564","14.153","2.0206","False","18.1815","16.0945","12.1213","3.0822000000000003","19.0163","8","1","1","False","0"
"36832","2152058798096","1845232899504","1845233073556","17.5308","17.4052","0.12560000000000002","17.335900000000002","1.8219","False","18.199","17.561600000000002","18.1815","3.7021","21.107300000000002","8","1","1","False","0"
"36832","2152058798096","1845233074812","1845233226128","15.286000000000001","15.1316","0.1544","17.002200000000002","3.5548","False","18.1875","15.257200000000001","18.199","6.6439","21.7755","8","1","1","False","0"
"36832","2152058798096","1845233227672","1845233392159","16.594400000000004","16.448700000000002","0.1457","15.1971","2.1523000000000003","False","12.1117","16.6031","18.1875","8.2283","24.677","8","1","1","False","0"
"36832","2152058798096","1845233393616","1845233549677","15.760100000000001","15.606100000000001","0.154","15.352300000000001","1.7265000000000001","False","18.1688","15.751800000000001","12.1117","4.5882000000000005","20.194300000000002","8","1","1","False","0"
"36832","2152058798096","1845233551217","1845233708097","15.859200000000001","15.688","0.17120000000000002","17.9958","3.8922000000000003","False","18.200200000000002","15.842","18.1688","6.915","22.603","8","1","1","False","0"
"36832","2152058798096","1845233709809","1845233871130","16.265","16.1321","0.13290000000000002","17.9246","5.532100000000001","False","12.1012","16.3033","18.200200000000002","8.8119","24.944000000000003","8","1","1","False","0"
"36832","2152058798096","1845233872459","1845234028187","15.6788","15.5728","0.10600000000000001","12.7299","2.8604000000000003","False","18.209400000000002","15.7057","12.1012","5.2074","20.7802","8","1","1","False","0"
"36832","2152058798096","1845234029247","1845234177098","14.9355","14.7851","0.1504","14.622300000000001","2.2706","False","12.0793","14.891100000000002","18.209400000000002","8.5257","23.3108","8","1","1","False","0"
"36832","2152058798096","1845234178602","1845234355422","17.820700000000002","17.682000000000002","0.13870000000000002","17.7087","2.1629","False","18.1868","17.8324","12.0793","2.7726","20.4546","8","1","1","False","0"
"36832","2152058798096","1845234356809","1845234521365","16.590700000000002","16.4556","0.1351","16.997400000000003","2.567","False","18.178900000000002","16.5943","18.1868","4.3651","20.820700000000002","8","1","1","False","0"
"36832","2152058798096","1845234522716","1845234709791","18.8406","18.7075","0.1331","19.2254","2.9479","False","24.2725","18.8426","18.178900000000002","3.7014","22.408900000000003","8","1","1","False","0"
"36832","2152058798096","1845234711122","1845234921126","21.163400000000003","21.000400000000003","0.163","21.7965","3.5909","False","18.1983","21.1335","24.2725","6.840400000000001","27.8408","8","1","1","False","0"
"36832","2152058798096","1845234922756","1845235094785","17.3467","17.2029","0.1438","15.4999","1.7458","False","18.1739","17.3659","18.1983","7.6728000000000005","24.875700000000002","8","1","1","False","0"
"36832","2152058798096","1845235096223","1845235267723","17.2863","17.150000000000002","0.1363","21.4754","5.9317","False","18.1846","17.2938","18.1739","8.552900000000001","25.7029","8","1","1","False","0"
"36832","2152058798096","1845235269086","1845235455217","18.776899999999998","18.6131","0.1638","14.679400000000001","1.8476000000000001","False","18.1771","18.7494","18.1846","7.9881","26.601200000000002","8","1","1","False","0"
"36832","2152058798096","1845235456855","1845235636263","18.1021","17.9408","0.1613","18.223200000000002","1.9546000000000001","False","12.105500000000001","18.1046","18.1771","8.0606","26.0014","8","1","1","False","0"
"36832","2152058798096","1845235637876","1845235767197","13.0873","12.9321","0.1552","15.039100000000001","3.9117","False","18.1752","13.0934","12.105500000000001","7.0727","20.0048","8","1","1","False","0"
"36832","2152058798096","1845235768749","1845235952566","18.539600000000004","18.381700000000002","0.1579","19.43","4.803","False","18.2282","18.5369","18.1752","6.711","25.0927","8","1","1","False","0"
"36832","2152058798096","1845235954145","1845236122768","17.002000000000002","16.8623","0.13970000000000002","14.327100000000002","2.1177","False","18.163","17.0202","18.2282","7.9190000000000005","24.7813","8","1","1","False","0"
"36832","2152058798096","1845236124165","1845236308190","18.5687","18.4025","0.16620000000000001","18.272799999999997","1.8285","False","12.0951","18.5422","18.163","7.5398000000000005","25.9423","8","1","1","False","0"
"36832","2152058798096","1845236309852","1845236457797","14.932400000000001","14.794500000000001","0.1379","14.8872","1.7829000000000002","False","18.1796","14.960700000000001","12.0951","4.6742","19.468700000000002","8","1","1","False","0"
"36832","2152058798096","1845236459176","1845236627405","16.9817","16.8229","0.1588","18.526400000000002","3.3339000000000003","False","18.1953","16.960800000000003","18.1796","5.893000000000001","22.7159","8","1","1","False","0"
"36832","2152058798096","1845236628993","1845236798948","17.1117","16.9955","0.11620000000000001","17.2732","3.7576","False","12.103","17.1543","18.1953","6.934","23.9295","8","1","1","False","0"
"36832","2152058798096","1845236800110","1845236960547","16.203400000000002","16.0437","0.1597","14.6315","1.9143000000000001","False","18.197100000000002","16.1599","12.103","2.8771","18.9208","8","1","1","False","0"
"36832","2152058798096","1845236962144","1845237125943","16.5088","16.3799","0.12890000000000001","16.2038","1.6046","False","18.1747","16.5396","18.197100000000002","4.5346","20.9145","8","1","1","False","0"
"36832","2152058798096","1845237127232","1845237285609","15.9873","15.8377","0.1496","18.640700000000002","4.2655","False","12.1274","15.966600000000001","18.1747","6.7427","22.5804","8","1","1","False","0"
"36832","2152058798096","1845237287105","1845237428628","14.2889","14.1523","0.1366","11.773100000000001","1.7442","False","18.1795","14.3019","12.1274","4.5682","18.7205","8","1","1","False","0"
"36832","2152058798096","1845237429994","1845237604283","17.640900000000002","17.428900000000002","0.21200000000000002","17.967200000000002","2.0900000000000003","False","18.1999","17.5655","18.1795","5.1822","22.6111","8","1","1","False","0"
"36832","2152058798096","1845237606403","1845237758713","15.3931","15.231","0.1621","15.2127","1.9094","False","18.1519","15.443000000000001","18.1999","7.939100000000001","23.1701","8","1","1","False","0"
"36832","2152058798096","1845237760334","1845237949405","19.0218","18.9071","0.11470000000000001","22.117800000000003","4.9751","False","12.1113","19.069200000000002","18.1519","7.021800000000001","25.928900000000002","8","1","1","False","0"
"36832","2152058798096","1845237950552","1845238100367","15.1105","14.9815","0.129","11.9535","1.8270000000000002","False","24.268800000000002","15.096200000000001","12.1113","4.0369","19.0184","8","1","1","False","0"
"36832","2152058798096","1845238101657","1845238296027","19.6046","19.437","0.1676","20.6503","2.8762000000000003","False","12.1303","19.566000000000003","24.268800000000002","8.739700000000001","28.1767","8","1","1","False","0"
"36832","2152058798096","1845238297703","1845238427089","13.0745","12.938600000000001","0.1359","12.0672","1.8672000000000002","False","12.102400000000001","13.106200000000001","12.1303","7.763800000000001","20.7024","8","1","1","False","0"
"36832","2152058798096","1845238428448","1845238577378","15.0149","14.893","0.12190000000000001","15.0981","1.9442000000000002","False","18.168","15.0289","12.102400000000001","4.8373","19.7303","8","1","1","False","0"
"36832","2152058798096","1845238578597","1845238759865","18.2459","18.1268","0.11910000000000001","19.62","3.315","False","12.1111","18.2487","18.168","4.756600000000001","22.8834","8","1","1","False","0"
"36832","2152058798096","1845238761056","1845238902359","14.2747","14.1303","0.1444","13.286200000000001","2.3173","False","24.265900000000002","14.249400000000001","12.1111","2.6183","16.7486","8","1","1","False","0"
"36832","2152058798096","1845238903803","1845239079257","17.665100000000002","17.5454","0.1197","20.651500000000002","5.3192","False","12.127600000000001","17.6898","24.265900000000002","9.1944","26.739800000000002","8","1","1","False","0"
"36832","2152058798096","1845239080454","1845239226520","14.7233","14.6066","0.11670000000000001","12.9831","3.8663000000000003","False","18.1984","14.7263","12.127600000000001","6.5957","21.2023","8","1","1","False","0"
"36832","2152058798096","1845239227687","1845239402706","17.6494","17.5019","0.14750000000000002","18.1048","4.0417000000000005","False","12.106","17.6186","18.1984","7.1755","24.677400000000002","8","1","1","False","0"
"36832","2152058798096","1845239404181","1845239543554","14.1343","13.9373","0.197","13.277800000000001","3.2310000000000003","False","24.2242","14.084800000000001","12.106","5.1967","19.134","8","1","1","False","0"
"36832","2152058798096","1845239545524","1845239808108","26.404400000000003","26.2584","0.14600000000000002","25.6084","2.3876","False","24.274900000000002","26.4554","24.2242","2.9655","29.2239","8","1","1","False","0"
"36832","2152058798096","1845239809568","1845239999164","19.110400000000002","18.959600000000002","0.15080000000000002","19.049500000000002","2.3295","False","18.1513","19.105600000000003","24.274900000000002","8.1348","27.0944","8","1","1","False","0"
"36832","2152058798096","1845240000672","1845240190943","19.2622","19.0271","0.2351","20.5079","3.6031","False","12.1319","19.1779","18.1513","7.1082","26.1353","8","1","1","False","0"
"36832","2152058798096","1845240193294","1845240313195","12.1489","11.9901","0.1588","14.253900000000002","5.6865000000000006","False","18.1709","12.225200000000001","12.1319","7.0149","19.005000000000003","8","1","1","False","0"
"36832","2152058798096","1845240314783","1845240485972","17.2734","17.1189","0.1545","13.6133","2.0214000000000003","False","36.359300000000005","17.2777","18.1709","7.9081","25.027","8","1","1","False","0"
"36832","2152058798096","1845240487517","1845240798255","31.249200000000002","31.073800000000002","0.1754","36.0326","6.8068","False","6.068700000000001","31.2283","36.359300000000005","13.039100000000001","44.1129","8","1","1","False","0"
"36832","2152058798096","1845240800009","1845240957472","15.910100000000002","15.746300000000002","0.1638","11.497900000000001","2.398","False","12.122200000000001","15.921700000000001","6.068700000000001","3.1861","18.9324","8","1","1","False","0"
"36832","2152058798096","1845240959110","1845241064744","10.684199999999999","10.5634","0.1208","11.683","3.3728000000000002","False","12.122300000000001","10.7272","12.122200000000001","4.5811","15.1445","8","1","1","False","0"
"36832","2152058798096","1845241065952","1845241172221","10.7954","10.626900000000001","0.1685","12.6149","5.2195","False","12.1392","10.7477","12.122300000000001","5.9557","16.5826","8","1","1","False","0"
"36832","2152058798096","1845241173906","1845241315643","14.3139","14.1737","0.14020000000000002","10.5119","1.3944","False","12.124400000000001","14.3422","12.1392","3.7527000000000004","17.9264","8","1","1","False","0"
"36832","2152058798096","1845241317045","1845241442524","12.6782","12.5479","0.1303","12.8926","1.6111","False","12.084200000000001","12.6881","12.124400000000001","3.189","15.7369","8","1","1","False","0"
"36832","2152058798096","1845241443827","1845241555240","11.256300000000001","11.141300000000001","0.115","11.276","1.6222","False","18.2242","11.271600000000001","12.084200000000001","4.0016","15.142900000000001","8","1","1","False","0"
"36832","2152058798096","1845241556390","1845241682132","12.694300000000002","12.574200000000001","0.12010000000000001","14.6141","3.8375000000000004","False","6.0482000000000005","12.689200000000001","18.2242","9.5366","22.1108","8","1","1","False","0"
"36832","2152058798096","1845241683333","1845241802808","12.0813","11.9475","0.1338","10.110000000000001","1.5816000000000001","False","12.090100000000001","12.0676","6.0482000000000005","3.5172000000000003","15.4647","8","1","1","False","0"
"36832","2152058798096","1845241804146","1845241918199","11.5304","11.4053","0.12510000000000002","11.641300000000001","1.6873","False","18.2031","11.539100000000001","12.090100000000001","4.0682","15.473500000000001","8","1","1","False","0"
"36832","2152058798096","1845241919450","1845242094018","17.6045","17.4568","0.1477","18.802400000000002","2.8828","False","12.1296","17.5819","18.2031","4.6894","22.1462","8","1","1","False","0"
"36832","2152058798096","1845242095495","1845242232346","13.8295","13.6851","0.1444","12.627","1.6960000000000002","False","12.123700000000001","13.8328","12.1296","2.9862","16.671300000000002","8","1","1","False","0"
"36832","2152058798096","1845242233790","1845242349951","11.749600000000001","11.616100000000001","0.1335","11.549600000000002","1.4843000000000002","False","12.1015","11.7605","12.123700000000001","3.3494","14.9655","8","1","1","False","0"
"36832","2152058798096","1845242351286","1845242455821","10.5747","10.4535","0.1212","11.5736","2.4815","False","12.120800000000001","10.587","12.1015","4.8639","15.317400000000001","8","1","1","False","0"
"36832","2152058798096","1845242457033","1845242603538","14.797400000000001","14.650500000000001","0.1469","14.2111","1.9044","False","12.119900000000001","14.771700000000001","12.120800000000001","2.213","16.863500000000002","8","1","1","False","0"
"36832","2152058798096","1845242605007","1845242723376","11.9938","11.8369","0.1569","11.664","1.5790000000000002","False","12.1434","11.9838","12.119900000000001","2.3491","14.186","8","1","1","False","0"
"36832","2152058798096","1845242724945","1845242829416","10.5593","10.4471","0.11220000000000001","10.728100000000001","1.7297","False","12.113000000000001","10.604000000000001","12.1434","3.8885","14.335600000000001","8","1","1","False","0"
"36832","2152058798096","1845242830538","1845242963972","13.4854","13.3434","0.14200000000000002","13.2247","1.4803000000000002","False","12.1289","13.4556","12.113000000000001","2.5459","15.8893","8","1","1","False","0"
"36832","2152058798096","1845242965392","1845243058737","9.467","9.3345","0.1325","12.9185","4.9305","False","12.119","9.4765","12.1289","5.198300000000001","14.5328","8","1","1","False","0"
"36832","2152058798096","1845243060062","1845243193342","13.4556","13.328000000000001","0.12760000000000002","10.1015","1.5725","False","12.116200000000001","13.460500000000001","12.119","3.8568000000000002","17.1848","8","1","1","False","0"
"36832","2152058798096","1845243194618","1845243295378","10.2407","10.076","0.1647","12.004100000000001","3.357","False","12.129100000000001","10.2036","12.116200000000001","5.7694","15.845400000000001","8","1","1","False","0"
"36832","2152058798096","1845243297025","1845243402460","10.7194","10.5435","0.1759","11.8443","4.4762","False","12.1165","10.7082","12.129100000000001","7.190300000000001","17.733800000000002","8","1","1","False","0"
"36832","2152058798096","1845243404219","1845243527645","12.509200000000002","12.342600000000001","0.1666","12.517900000000001","4.4908","False","12.142700000000001","12.518500000000001","12.1165","6.7883000000000004","19.1309","8","1","1","False","0"
"36832","2152058798096","1845243529311","1845243637099","10.9377","10.7788","0.1589","8.314300000000001","1.8674000000000002","False","12.1096","10.945400000000001","12.142700000000001","7.985600000000001","18.764400000000002","8","1","1","False","0"
"36832","2152058798096","1845243638688","1845243785661","14.8275","14.6973","0.1302","15.804300000000001","2.8232","False","12.104700000000001","14.856200000000001","12.1096","5.239","19.9363","8","1","1","False","0"
"36832","2152058798096","1845243786963","1845243931914","14.629100000000001","14.4951","0.134","13.735100000000001","1.9318000000000002","False","12.1308","14.625300000000001","12.104700000000001","2.7184","17.2135","8","1","1","False","0"
"36832","2152058798096","1845243933254","1845244043632","11.181600000000001","11.0378","0.1438","11.0809","1.8225","False","12.1302","11.171800000000001","12.1308","3.6774","14.715200000000001","8","1","1","False","0"
"36832","2152058798096","1845244045070","1845244161157","11.7286","11.6087","0.1199","11.514700000000001","1.608","False","12.102400000000001","11.752500000000001","12.1302","4.0551","15.6638","8","1","1","False","0"
"36832","2152058798096","1845244162356","1845244280835","11.957","11.847900000000001","0.1091","14.1323","4.0675","False","12.129100000000001","11.9678","12.102400000000001","4.1897","16.0376","8","1","1","False","0"
"36832","2152058798096","1845244281926","1845244390815","11.035800000000002","10.888900000000001","0.1469","10.3602","3.1267","False","12.1341","10.998000000000001","12.129100000000001","5.3208","16.2097","8","1","1","False","0"
"36832","2152058798096","1845244392284","1845244520407","12.926400000000001","12.8123","0.11410000000000001","12.0801","2.2598000000000003","False","12.0868","12.959200000000001","12.1341","4.4957","17.308","8","1","1","False","0"
"36832","2152058798096","1845244521548","1845244656433","13.6842","13.4885","0.1957","14.161200000000001","2.7895000000000003","False","18.2061","13.6026","12.0868","2.9799","16.4684","8","1","1","False","0"
"36832","2152058798096","1845244658390","1845244785608","12.874","12.7218","0.1522","12.5554","2.4373","False","6.0467","12.9175","18.2061","8.2685","20.9903","8","1","1","False","0"
"36832","2152058798096","1845244787130","1845244896243","11.0418","10.9113","0.1305","11.489500000000001","2.8702","False","18.1686","11.063500000000001","6.0467","3.2517","14.163","8","1","1","False","0"
"36832","2152058798096","1845244897548","1845245035742","13.9796","13.8194","0.1602","12.7042","1.6161","False","6.0609","13.949900000000001","18.1686","7.470400000000001","21.2898","8","1","1","False","0"
"36832","2152058798096","1845245037344","1845245141872","10.5899","10.4528","0.1371","10.9572","1.9733","False","18.1966","10.613000000000001","6.0609","2.9183000000000003","13.3711","8","1","1","False","0"
"36832","2152058798096","1845245143243","1845245306171","16.4259","16.2928","0.1331","17.6922","3.2214","False","12.1332","16.4299","18.1966","4.6850000000000005","20.977800000000002","8","1","1","False","0"
"36832","2152058798096","1845245307502","1845245419215","11.3321","11.1713","0.1608","11.6537","3.573","False","12.119800000000001","11.304400000000001","12.1332","5.513800000000001","16.685100000000002","8","1","1","False","0"
"36832","2152058798096","1845245420823","1845245559579","14.0299","13.8756","0.15430000000000002","11.9489","1.4857","False","12.096400000000001","14.0364","12.119800000000001","3.5972","17.4728","8","1","1","False","0"
"36832","2152058798096","1845245561122","1845245667296","10.7469","10.6174","0.1295","13.379000000000001","4.1121","False","12.1509","10.771700000000001","12.096400000000001","4.9219","15.5393","8","1","1","False","0"
"36832","2152058798096","1845245668591","1845245785962","11.8719","11.7371","0.1348","9.786800000000001","2.0262000000000002","False","12.113100000000001","11.8666","12.1509","5.2062","16.9433","8","1","1","False","0"
"36832","2152058798096","1845245787310","1845245913072","12.7301","12.5762","0.1539","12.2971","1.595","False","12.1287","12.711","12.113100000000001","4.6083","17.1845","8","1","1","False","0"
"36832","2152058798096","1845245914611","1845246017277","10.4292","10.2666","0.1626","11.978200000000001","3.1548000000000003","False","12.120700000000001","10.4205","12.1287","6.3165000000000004","16.5831","8","1","1","False","0"
"36832","2152058798096","1845246018903","1845246160568","14.3062","14.166500000000001","0.13970000000000002","12.8176","1.6563","False","12.1083","14.3291","12.120700000000001","4.1081","18.2746","8","1","1","False","0"
"36832","2152058798096","1845246161965","1845246280477","11.977400000000001","11.8512","0.1262","12.9021","2.5701","False","12.1012","11.9909","12.1083","4.2255","16.076700000000002","8","1","1","False","0"
"36832","2152058798096","1845246281739","1845246425318","14.506400000000001","14.3579","0.14850000000000002","13.3086","1.7324000000000002","False","12.1357","14.484100000000002","12.1012","1.8426","16.2005","8","1","1","False","0"
"36832","2152058798096","1845246426803","1845246536252","11.1068","10.9449","0.16190000000000002","11.7314","2.0066","False","18.1907","11.0934","12.1357","2.8849","13.8298","8","1","1","False","0"
"36832","2152058798096","1845246537871","1845246657409","12.1095","11.953800000000001","0.1557","16.085900000000002","5.998200000000001","False","6.048500000000001","12.1157","18.1907","8.959900000000001","20.913700000000002","8","1","1","False","0"
"36832","2152058798096","1845246658966","1845246788139","13.068200000000001","12.917300000000001","0.1509","8.682","1.6037000000000001","False","18.194300000000002","13.073","6.048500000000001","1.9354","14.8527","8","1","1","False","0"
"36832","2152058798096","1845246789648","1845246929771","14.202500000000002","14.012300000000002","0.1902","15.8452","3.2644","False","12.100800000000001","14.163200000000002","18.194300000000002","5.9665","19.9788","8","1","1","False","0"
"36832","2152058798096","1845246931673","1845247062175","13.1809","13.0502","0.1307","13.8215","3.8716000000000004","False","12.129000000000001","13.240400000000001","12.100800000000001","4.8269","17.877100000000002","8","1","1","False","0"
"36832","2152058798096","1845247063482","1845247202550","14.0678","13.9068","0.161","12.2207","2.0343","False","18.1783","14.037500000000001","12.129000000000001","2.9184","16.825200000000002","8","1","1","False","0"
"36832","2152058798096","1845247204160","1845247343171","14.055100000000001","13.901100000000001","0.154","16.6914","4.6778","False","12.1394","14.062100000000001","18.1783","7.0346","20.9357","8","1","1","False","0"
"36832","2152058798096","1845247344711","1845247477698","13.4724","13.2987","0.17370000000000002","11.506","2.72","False","18.1826","13.4527","12.1394","5.7213","19.02","8","1","1","False","0"
"36832","2152058798096","1845247479435","1845247645926","16.813000000000002","16.6491","0.16390000000000002","17.8837","3.7858","False","12.1338","16.8228","18.1826","7.0811","23.7302","8","1","1","False","0"
"36832","2152058798096","1845247647565","1845247782134","13.6569","13.456900000000001","0.2","12.8167","2.9657","False","12.1058","13.620800000000001","12.1338","5.5941","19.051000000000002","8","1","1","False","0"
"36832","2152058798096","1845247784134","1845247916083","13.337900000000001","13.1949","0.14300000000000002","12.0248","1.6287","False","12.1187","13.3949","12.1058","4.305000000000001","17.4999","8","1","1","False","0"
"36832","2152058798096","1845247917513","1845248044087","12.797600000000001","12.6574","0.14020000000000002","12.911999999999999","1.7351","False","18.1571","12.8004","12.1187","3.6233","16.2807","8","1","1","False","0"
"36832","2152058798096","1845248045489","1845248203230","15.931500000000002","15.7741","0.1574","17.3068","3.1211","False","18.2175","15.9143","18.1571","5.8661","21.6402","8","1","1","False","0"
"36832","2152058798096","1845248204804","1845248396071","19.2821","19.1267","0.1554","18.799","2.6267","False","12.127500000000001","19.284100000000002","18.2175","4.7995","23.9262","8","1","1","False","0"
"36832","2152058798096","1845248397625","1845248512447","11.625900000000001","11.4822","0.1437","11.1484","2.1605000000000003","False","12.104700000000001","11.6376","12.127500000000001","5.2894000000000005","16.7716","8","1","1","False","0"
"36832","2152058798096","1845248513884","1845248652927","14.042200000000001","13.904300000000001","0.1379","13.665700000000001","1.7732","False","18.1793","14.048","12.104700000000001","3.3461000000000003","17.2504","8","1","1","False","0"
"36832","2152058798096","1845248654306","1845248814264","16.1141","15.995800000000001","0.1183","17.1294","3.0942000000000003","False","12.1295","16.1337","18.1793","5.3917","21.3875","8","1","1","False","0"
"36832","2152058798096","1845248815447","1845248932200","11.8876","11.6753","0.21230000000000002","12.0999","3.0549","False","12.101700000000001","11.793600000000001","12.1295","5.727600000000001","17.402900000000002","8","1","1","False","0"
"36832","2152058798096","1845248934323","1845249075029","14.247","14.0706","0.1764","13.8338","2.6003000000000003","False","18.1792","14.282900000000001","12.101700000000001","3.5464","17.617","8","1","1","False","0"
"36832","2152058798096","1845249076793","1845249256912","18.1568","18.0119","0.1449","17.2881","1.7215","False","30.334000000000003","18.1883","18.1792","3.5373","21.549200000000003","8","1","1","False","0"
"36832","2152058798096","1845249258361","1845249534370","27.780300000000004","27.600900000000003","0.1794","30.040200000000002","3.9997000000000003","False","18.1837","27.745800000000003","30.334000000000003","6.125500000000001","33.7264","8","1","1","False","0"
"36832","2152058798096","1845249536164","1845249705815","17.1717","16.9651","0.2066","16.4033","3.2349","False","12.116000000000001","17.1445","18.1837","7.164700000000001","24.1298","8","1","1","False","0"
"36832","2152058798096","1845249707881","1845249853303","14.691300000000002","14.542200000000001","0.1491","13.134","1.6497000000000002","False","12.0949","14.748800000000001","12.116000000000001","4.5319","19.0741","8","1","1","False","0"
"36832","2152058798096","1845249854794","1845249995057","14.178","14.0263","0.1517","14.4755","1.9582000000000002","False","24.2729","14.175400000000002","12.0949","2.4514","16.477700000000002","8","1","1","False","0"
"36832","2152058798096","1845249996574","1845250191633","19.7102","19.5059","0.2043","21.383899999999997","3.6592000000000002","False","12.1114","19.657600000000002","24.2729","7.0667","26.5726","8","1","1","False","0"
"36832","2152058798096","1845250193676","1845250329966","13.784900000000002","13.629000000000001","0.1559","12.3863","2.2243","False","12.107700000000001","13.833300000000001","12.1114","5.3448","18.9738","8","1","1","False","0"
"36832","2152058798096","1845250331525","1845250467099","13.7033","13.557400000000001","0.1459","13.105","1.6327","False","12.1301","13.7133","12.107700000000001","3.7392000000000003","17.2966","8","1","1","False","0"
"36832","2152058798096","1845250468558","1845250583506","11.6343","11.4948","0.1395","11.707600000000001","1.7034","False","18.2046","11.6407","12.1301","4.2286","15.723400000000002","8","1","1","False","0"
"36832","2152058798096","1845250584901","1845250742619","15.9213","15.7718","0.1495","17.6626","3.4495","False","12.083300000000001","15.9113","18.2046","6.5219000000000005","22.2937","8","1","1","False","0"
"36832","2152058798096","1845250744114","1845250870863","12.846","12.674900000000001","0.1711","13.1784","3.7760000000000002","False","12.1447","12.8244","12.083300000000001","5.7808","18.4557","8","1","1","False","0"
"36832","2152058798096","1845250872574","1845251012941","14.165500000000002","14.036700000000002","0.1288","12.1228","1.7256","False","12.122100000000001","14.2078","12.1447","3.7177000000000002","17.7544","8","1","1","False","0"
"36832","2152058798096","1845251014229","1845251139682","12.664800000000001","12.545300000000001","0.11950000000000001","12.6178","1.9952","False","18.1841","12.674100000000001","12.122100000000001","3.1657","15.711","8","1","1","False","0"
"36832","2152058798096","1845251140877","1845251303354","16.4171","16.247700000000002","0.1694","16.5379","1.8248","False","12.1159","16.3672","18.1841","4.982600000000001","21.2303","8","1","1","False","0"
"36832","2152058798096","1845251305048","1845251434129","13.0601","12.908100000000001","0.152","13.0081","1.7678","False","18.175","13.0775","12.1159","4.021","16.929100000000002","8","1","1","False","0"
"36832","2152058798096","1845251435649","1845251608187","17.4017","17.253800000000002","0.1479","18.2792","2.6241000000000003","False","12.115400000000001","17.4058","18.175","4.7902000000000005","22.044","8","1","1","False","0"
"36832","2152058798096","1845251609666","1845251743387","13.503400000000001","13.372100000000001","0.1313","12.8521","1.9778","False","18.1978","13.520000000000001","12.115400000000001","3.3856","16.7577","8","1","1","False","0"
"36832","2152058798096","1845251744700","1845251912052","16.871100000000002","16.735200000000003","0.1359","16.5892","1.6931","False","12.1094","16.866500000000002","18.1978","4.7169","21.4521","8","1","1","False","0"
"36832","2152058798096","1845251913411","1845252040847","12.8832","12.7436","0.1396","12.9223","1.7385000000000002","False","18.201800000000002","12.8795","12.1094","3.9468","16.6904","8","1","1","False","0"
"36832","2152058798096","1845252042243","1845252186559","14.606800000000002","14.431600000000001","0.1752","14.492500000000001","1.6325","False","12.1074","14.571200000000001","18.201800000000002","7.577400000000001","22.009","8","1","1","False","0"
"36832","2152058798096","1845252188311","1845252339218","15.2447","15.0907","0.154","15.0967","1.4848000000000001","False","12.117600000000001","15.2659","12.1074","4.4189","19.509600000000002","8","1","1","False","0"
"36832","2152058798096","1845252340758","1845252461355","12.186200000000001","12.059700000000001","0.1265","12.3126","1.598","False","18.1556","12.213700000000001","12.117600000000001","4.3228","16.3825","8","1","1","False","0"
"36832","2152058798096","1845252462620","1845252626610","16.6038","16.399","0.2048","17.9949","3.0372000000000003","False","18.1975","16.5255","18.1556","5.9529000000000005","22.3519","8","1","1","False","0"
"36832","2152058798096","1845252628658","1845252829993","20.2882","20.1335","0.1547","19.793300000000002","2.4948","False","18.194200000000002","20.3383","18.1975","3.8121","23.945600000000002","8","1","1","False","0"
"36832","2152058798096","1845252831540","1845252982967","15.309000000000001","15.142700000000001","0.1663","16.3455","3.5489","False","18.178900000000002","15.297400000000001","18.194200000000002","6.708900000000001","21.8516","8","1","1","False","0"
"36832","2152058798096","1845252984630","1845253171528","18.8658","18.6898","0.17600000000000002","18.523500000000002","3.2106000000000003","False","12.1114","18.8561","18.178900000000002","6.031700000000001","24.721500000000002","8","1","1","False","0"
"36832","2152058798096","1845253173288","1845253320053","14.830100000000002","14.6765","0.15360000000000001","13.6052","1.9814","False","18.178900000000002","14.852500000000001","12.1114","3.2906","17.967100000000002","8","1","1","False","0"
"36832","2152058798096","1845253321589","1845253455183","13.529300000000001","13.3594","0.1699","17.4297","5.8763000000000005","False","12.1354","13.513","18.178900000000002","7.9565","21.315900000000003","8","1","1","False","0"
"36832","2152058798096","1845253456882","1845253595417","14.0272","13.8535","0.17370000000000002","11.030100000000001","3.2546","False","12.1018","14.0234","12.1354","6.0685","19.922","8","1","1","False","0"
"36832","2152058798096","1845253597154","1845253753931","15.864900000000002","15.677700000000002","0.1872","14.7392","1.7698","False","18.209300000000002","15.8514","12.1018","2.3189","17.9966","8","1","1","False","0"
"36832","2152058798096","1845253755803","1845253891008","13.7014","13.5205","0.1809","15.512","3.5775","False","12.109300000000001","13.7077","18.209300000000002","6.8205","20.341","8","1","1","False","0"
"36832","2152058798096","1845253892817","1845254012714","12.163300000000001","11.989700000000001","0.1736","11.9955","3.3949000000000003","False","12.1059","12.1706","12.109300000000001","6.759200000000001","18.748900000000003","8","1","1","False","0"
"36832","2152058798096","1845254014450","1845254166718","15.352300000000001","15.2268","0.1255","13.984900000000001","2.012","False","12.132200000000001","15.400400000000001","12.1059","3.4647","18.6915","8","1","1","False","0"
"36832","2152058798096","1845254167973","1845254290371","12.3969","12.2398","0.15710000000000002","11.929400000000001","1.5561","False","18.184900000000003","12.365300000000001","12.132200000000001","3.2316000000000003","15.471400000000001","8","1","1","False","0"
"36832","2152058798096","1845254291942","1845254445829","15.5377","15.3887","0.149","17.3225","3.3418","False","12.1331","15.545800000000002","18.184900000000003","5.8707","21.2594","8","1","1","False","0"
"36832","2152058798096","1845254447319","1845254579256","13.3127","13.1937","0.11900000000000001","11.6365","1.6515000000000002","False","18.2076","13.3427","12.1331","4.6611","17.8548","8","1","1","False","0"
"36832","2152058798096","1845254580446","1845254730877","15.212800000000001","15.0431","0.16970000000000002","15.242700000000001","1.7001000000000002","False","12.0701","15.1621","18.2076","7.706600000000001","22.7497","8","1","1","False","0"
"36832","2152058798096","1845254732574","1845254878258","14.725900000000001","14.5684","0.1575","16.2529","3.2361","False","24.2563","14.738100000000001","12.0701","5.038600000000001","19.607","8","1","1","False","0"
"36832","2152058798096","1845254879833","1845255053872","17.6127","17.4039","0.2088","19.9085","5.552300000000001","False","12.1318","17.561400000000003","24.2563","11.733500000000001","29.137400000000003","8","1","1","False","0"
"36832","2152058798096","1845255055960","1845255223626","16.9606","16.7666","0.194","15.0172","3.5923000000000003","False","12.097000000000001","16.9754","12.1318","6.8899","23.6565","8","1","1","False","0"
"36832","2152058798096","1845255225566","1845255384005","16.0169","15.843900000000001","0.17300000000000001","14.3725","1.9484000000000001","False","18.198800000000002","16.0379","12.097000000000001","2.9490000000000003","18.7929","8","1","1","False","0"
"36832","2152058798096","1845255385735","1845255537949","15.347800000000001","15.221400000000001","0.1264","16.334600000000002","3.2121","False","18.1949","15.394400000000001","18.198800000000002","5.7534","20.974800000000002","8","1","1","False","0"
"36832","2152058798096","1845255539213","1845255711438","17.3873","17.2225","0.1648","17.695","3.2359","False","18.1815","17.3489","18.1949","6.5994","23.8219","8","1","1","False","0"
"36832","2152058798096","1845255713086","1845255890102","17.868299999999998","17.7016","0.16670000000000001","18.1366","3.4888000000000003","False","12.1018","17.866400000000002","18.1815","6.9145","24.6161","8","1","1","False","0"
"36832","2152058798096","1845255891769","1845256023696","13.3435","13.1927","0.15080000000000002","13.027000000000001","3.1751","False","12.097100000000001","13.3594","12.1018","5.6569","18.849600000000002","8","1","1","False","0"
"36832","2152058798096","1845256025204","1845256163843","13.991000000000001","13.863900000000001","0.12710000000000002","12.559000000000001","1.7336","False","18.2143","14.014700000000001","12.097100000000001","3.7393","17.6032","8","1","1","False","0"
"36832","2152058798096","1845256165114","1845256332644","16.8853","16.753","0.1323","18.1198","2.9627000000000003","False","18.1643","16.880100000000002","18.2143","5.0735","21.8265","8","1","1","False","0"
"36832","2152058798096","1845256333967","1845256532202","19.9833","19.8235","0.1598","19.1267","2.1219","False","18.2099","19.9558","18.1643","3.282","23.105500000000003","8","1","1","False","0"
"36832","2152058798096","1845256533800","1845256674597","14.2322","14.0797","0.1525","16.5581","4.4518","False","18.1838","14.239500000000001","18.2099","7.252400000000001","21.3321","8","1","1","False","0"
"36832","2152058798096","1845256676122","1845256847865","17.311300000000003","17.174300000000002","0.137","14.7353","1.8651","False","12.107800000000001","17.326800000000002","18.1838","8.1094","25.2837","8","1","1","False","0"
"36832","2152058798096","1845256849235","1845257020191","17.226300000000002","17.0956","0.1307","17.224600000000002","1.8606","False","18.186700000000002","17.2326","12.107800000000001","2.9846000000000004","20.0802","8","1","1","False","0"
"36832","2152058798096","1845257021498","1845257176585","15.690900000000001","15.508700000000001","0.1822","16.174400000000002","2.3621000000000003","False","18.179100000000002","15.6394","18.186700000000002","5.5319","21.0406","8","1","1","False","0"
"36832","2152058798096","1845257178407","1845257340658","16.3886","16.2251","0.1635","17.5629","3.5381","False","18.1915","16.4073","18.179100000000002","7.3037","23.5288","8","1","1","False","0"
"36832","2152058798096","1845257342293","1845257523756","18.3024","18.1463","0.15610000000000002","17.8369","3.0709","False","12.080400000000001","18.3098","18.1915","7.1854000000000005","25.3317","8","1","1","False","0"
"36832","2152058798096","1845257525317","1845257692420","16.8645","16.7103","0.1542","15.1948","1.4031","False","18.2042","16.866400000000002","12.080400000000001","2.3994","19.1097","8","1","1","False","0"
"36832","2152058798096","1845257693962","1845257843311","15.0656","14.9349","0.1307","16.3461","2.9705000000000004","False","18.192500000000003","15.0891","18.2042","5.5145","20.4494","8","1","1","False","0"
"36832","2152058798096","1845257844618","1845258011771","16.8594","16.7153","0.1441","17.526400000000002","3.3373000000000004","False","12.0891","16.846","18.192500000000003","6.861000000000001","23.5763","8","1","1","False","0"
"36832","2152058798096","1845258013212","1845258158503","14.670800000000002","14.529100000000001","0.14170000000000002","12.7062","1.375","False","18.2316","14.673200000000001","12.0891","4.2769","18.806","8","1","1","False","0"
"36832","2152058798096","1845258159920","1845258322099","16.376","16.2179","0.15810000000000002","19.103","4.1066","False","18.151","16.3596","18.2316","6.1489","22.3668","8","1","1","False","0"
"36832","2152058798096","1845258323680","1845258506800","18.497400000000003","18.312","0.1854","18.5274","4.1385000000000005","False","18.1935","18.470100000000002","18.151","5.8298000000000005","24.1418","8","1","1","False","0"
"36832","2152058798096","1845258508654","1845258666119","15.8785","15.746500000000001","0.132","16.6792","4.9261","False","12.0853","15.9319","18.1935","8.0914","23.8379","8","1","1","False","0"
"36832","2152058798096","1845258667439","1845258832760","16.6696","16.5321","0.1375","13.4162","1.675","False","24.283900000000003","16.6641","12.0853","3.5126000000000004","20.044700000000002","8","1","1","False","0"
"36832","2152058798096","1845258834135","1845259023057","19.038600000000002","18.892200000000003","0.1464","20.1509","2.7936","False","12.1249","19.029700000000002","24.283900000000003","8.7668","27.659000000000002","8","1","1","False","0"
"36832","2152058798096","1845259024521","1845259156980","13.4137","13.2459","0.1678","14.123000000000001","3.5026","False","12.0776","13.3923","12.1249","7.4994000000000005","20.7453","8","1","1","False","0"
"36832","2152058798096","1845259158658","1845259325879","16.8642","16.7221","0.1421","15.396500000000001","2.0303","False","18.1869","16.8899","12.0776","2.6871","19.409200000000002","8","1","1","False","0"
"36832","2152058798096","1845259327300","1845259499687","17.3822","17.2387","0.14350000000000002","18.2587","2.9069000000000003","False","18.1781","17.3808","18.1869","3.4932000000000003","20.7319","8","1","1","False","0"
"36832","2152058798096","1845259501122","1845259657524","15.8067","15.6402","0.1665","18.511200000000002","5.622800000000001","False","18.2175","15.783700000000001","18.1781","5.8876","21.527800000000003","8","1","1","False","0"
"36832","2152058798096","1845259659189","1845259841603","18.405600000000003","18.241400000000002","0.1642","16.0048","3.2131000000000003","False","18.1811","18.4079","18.2175","5.6972000000000005","23.9386","8","1","1","False","0"
"36832","2152058798096","1845259843245","1845260013467","17.135800000000003","17.0222","0.1136","16.9901","3.3443","False","12.1453","17.186400000000003","18.1811","6.6919","23.714100000000002","8","1","1","False","0"
"36832","2152058798096","1845260014603","1845260158886","14.558","14.4283","0.1297","13.1874","1.6896","False","18.1154","14.5419","12.1453","4.2953","18.7236","8","1","1","False","0"
"36832","2152058798096","1845260160183","1845260323974","16.5699","16.3791","0.1908","18.8581","4.0156","False","18.2075","16.5088","18.1154","5.9019","22.281000000000002","8","1","1","False","0"
"36832","2152058798096","1845260325882","1845260495949","17.1824","17.006700000000002","0.1757","17.4576","4.2599","False","18.1938","17.1975","18.2075","6.9119","23.9186","8","1","1","False","0"
"36832","2152058798096","1845260497706","1845260682562","18.6426","18.4856","0.157","17.7345","3.3561","False","12.1515","18.6613","18.1938","6.4444","24.93","8","1","1","False","0"
"36832","2152058798096","1845260684132","1845260834400","15.190000000000001","15.026800000000001","0.1632","13.6164","1.7722","False","18.1116","15.183800000000002","12.1515","3.4121","18.4389","8","1","1","False","0"
"36832","2152058798096","1845260836032","1845260992282","15.7965","15.625","0.1715","18.4056","4.3931000000000004","False","18.2137","15.788200000000002","18.1116","5.7355","21.360500000000002","8","1","1","False","0"
"36832","2152058798096","1845260993997","1845261171898","17.963900000000002","17.790100000000002","0.1738","17.8869","4.3284","False","18.196","17.9616","18.2137","5.9876000000000005","23.7777","8","1","1","False","0"
"36832","2152058798096","1845261173636","1845261340619","16.8459","16.6983","0.1476","15.831900000000001","3.2985","False","12.0852","16.8721","18.196","7.3115000000000006","24.009800000000002","8","1","1","False","0"
"36832","2152058798096","1845261342095","1845261505858","16.5147","16.3763","0.1384","15.050799999999999","1.8266","False","18.1859","16.5239","12.0852","2.8728000000000002","19.249100000000002","8","1","1","False","0"
"36832","2152058798096","1845261507242","1845261666759","16.1081","15.9517","0.1564","18.530900000000003","4.253","False","18.2014","16.0901","18.1859","4.9686","20.9203","8","1","1","False","0"
"36832","2152058798096","1845261668323","1845261829622","16.295199999999998","16.1299","0.1653","15.657900000000001","3.6288","False","18.1978","16.2863","18.2014","6.8837","23.0136","8","1","1","False","0"
"36832","2152058798096","1845261831275","1845262004992","17.5275","17.3717","0.1558","17.5543","3.6528","False","12.1399","17.537000000000003","18.1978","7.5445","24.9162","8","1","1","False","0"
"36832","2152058798096","1845262006550","1845262170046","16.469700000000003","16.349600000000002","0.12010000000000001","14.7702","2.2189","False","24.1838","16.5054","12.1399","3.1790000000000003","19.5286","8","1","1","False","0"
"36832","2152058798096","1845262171247","1845262362436","19.2737","19.1189","0.15480000000000002","20.447300000000002","3.1177","False","24.26","19.239","24.1838","8.123800000000001","27.242700000000003","8","1","1","False","0"
"36832","2152058798096","1845262363984","1845262634546","27.194","27.0562","0.1378","27.457","3.3770000000000002","False","18.186","27.211000000000002","24.26","5.1728000000000005","32.229","8","1","1","False","0"
"36832","2152058798096","1845262635924","1845262802799","16.8254","16.6875","0.1379","17.3033","3.8563","False","12.1205","16.825300000000002","18.186","6.5335","23.221","8","1","1","False","0"
"36832","2152058798096","1845262804178","1845262933198","13.065100000000001","12.902000000000001","0.1631","12.569500000000001","3.3633","False","12.1233","13.039900000000001","12.1205","5.6141000000000005","18.5161","8","1","1","False","0"
"36832","2152058798096","1845262934829","1845263077903","14.461800000000002","14.307400000000001","0.1544","13.266","2.1830000000000003","False","12.1019","14.470500000000001","12.1233","3.2669","17.5743","8","1","1","False","0"
"36832","2152058798096","1845263079447","1845263205069","12.6913","12.5622","0.1291","12.691200000000002","2.1611000000000002","False","18.1959","12.716600000000001","12.1019","2.6522","15.214400000000001","8","1","1","False","0"
"36832","2152058798096","1845263206360","1845263366097","16.1258","15.973700000000001","0.1521","16.8233","2.869","False","12.2157","16.102800000000002","18.1959","4.7453","20.719","8","1","1","False","0"
"36832","2152058798096","1845263367618","1845263494136","12.8183","12.651800000000001","0.1665","11.8167","1.8672000000000002","False","18.0731","12.8039","12.2157","4.1571","16.8089","8","1","1","False","0"
"36832","2152058798096","1845263495801","1845263679195","18.4802","18.3394","0.1408","19.698700000000002","3.076","False","18.203400000000002","18.5059","18.0731","3.7243000000000004","22.0637","8","1","1","False","0"
"36832","2152058798096","1845263680603","1845263851574","17.218700000000002","17.0971","0.1216","15.874199999999998","1.729","False","18.192600000000002","17.2379","18.203400000000002","4.6898","21.786900000000003","8","1","1","False","0"
"36832","2152058798096","1845263852790","1845264003574","15.2293","15.0784","0.1509","15.237","1.7494","False","12.073","15.200000000000001","18.192600000000002","7.6824","22.7608","8","1","1","False","0"
"36832","2152058798096","1845264005083","1845264163271","15.961400000000001","15.818800000000001","0.1426","16.1701","1.9435","False","18.2089","15.969700000000001","12.073","3.7857000000000003","19.6045","8","1","1","False","0"
"36832","2152058798096","1845264164697","1845264337957","17.4545","17.326","0.1285","18.226300000000002","3.136","False","18.2007","17.468600000000002","18.2089","4.526","21.852","8","1","1","False","0"
"36832","2152058798096","1845264339242","1845264506904","16.929100000000002","16.7662","0.16290000000000002","17.5886","3.3957","False","18.1771","16.8947","18.2007","5.832","22.598200000000002","8","1","1","False","0"
"36832","2152058798096","1845264508533","1845264667728","16.058400000000002","15.919500000000001","0.1389","17.4981","4.8234","False","12.084200000000001","16.0824","18.1771","7.9267","23.8462","8","1","1","False","0"
"36832","2152058798096","1845264669117","1845264832800","16.5229","16.3683","0.15460000000000002","13.5221","1.8227","False","18.2023","16.5072","12.084200000000001","3.5037000000000003","19.872","8","1","1","False","0"
"36832","2152058798096","1845264834346","1845264995259","16.2526","16.0913","0.1613","18.005100000000002","3.5796","False","18.200300000000002","16.245900000000002","18.2023","5.460100000000001","21.5514","8","1","1","False","0"
"36832","2152058798096","1845264996872","1845265156956","16.1596","16.0084","0.1512","16.4333","3.8554000000000004","False","18.1772","16.169700000000002","18.200300000000002","7.4907","23.499100000000002","8","1","1","False","0"
"36832","2152058798096","1845265158468","1845265350558","19.391","19.209","0.182","18.8476","3.3213000000000004","False","18.198600000000003","19.360200000000003","18.1772","6.3077000000000005","25.5167","8","1","1","False","0"
"36832","2152058798096","1845265352378","1845265514784","16.4087","16.2406","0.1681","15.255200000000002","2.1566","False","12.0866","16.4226","18.198600000000003","8.0837","24.3243","8","1","1","False","0"
"36832","2152058798096","1845265516465","1845265666197","15.0977","14.9732","0.1245","16.6388","3.6904000000000003","False","18.1855","15.141300000000001","12.0866","5.029","20.002200000000002","8","1","1","False","0"
"36832","2152058798096","1845265667442","1845265841330","17.5442","17.3888","0.1554","17.5224","3.6752000000000002","False","12.0899","17.5133","18.1855","5.7012","23.09","8","1","1","False","0"
"36832","2152058798096","1845265842884","1845265996016","15.4857","15.3132","0.17250000000000001","13.9573","2.1472","False","24.2984","15.4686","12.0899","2.3225000000000002","17.6357","8","1","1","False","0"
"36832","2152058798096","1845265997741","1845266171231","17.4921","17.349","0.1431","18.506600000000002","3.1567000000000003","False","30.2804","17.5215","24.2984","9.099400000000001","26.448400000000003","8","1","1","False","0"
"36832","2152058798096","1845266172662","1845266512307","34.0662","33.9645","0.1017","34.112700000000004","3.4716","False","18.1915","34.107600000000005","30.2804","5.272200000000001","39.2367","8","1","1","False","0"
"36832","2152058798096","1845266513324","1845266682506","17.098000000000003","16.918200000000002","0.17980000000000002","17.3941","3.5115000000000003","False","12.0908","17.0199","18.1915","6.4438","23.362000000000002","8","1","1","False","0"
"36832","2152058798096","1845266684304","1845266846050","16.319000000000003","16.1746","0.1444","14.6403","1.8224","False","18.2044","16.354400000000002","12.0908","2.1802","18.3548","8","1","1","False","0"
"36832","2152058798096","1845266847494","1845267001293","15.509300000000001","15.379900000000001","0.12940000000000002","16.6752","2.9796","False","18.1815","15.5243","18.2044","4.8603000000000005","20.2402","8","1","1","False","0"
"36832","2152058798096","1845267002587","1845267159002","15.807500000000001","15.6415","0.166","16.7112","3.9106","False","18.1704","15.770900000000001","18.1815","7.2709","22.9124","8","1","1","False","0"
"36832","2152058798096","1845267160662","1845267374258","21.5026","21.3596","0.14300000000000002","19.466900000000003","1.8456000000000001","False","12.1166","21.5256","18.1704","3.9157","25.2753","8","1","1","False","0"
"36832","2152058798096","1845267375688","1845267507553","13.3175","13.1865","0.131","13.283000000000001","1.8165","False","18.1822","13.329500000000001","12.1166","2.7028000000000003","15.8893","8","1","1","False","0"
"36832","2152058798096","1845267508863","1845267683641","17.6294","17.477800000000002","0.1516","18.5361","2.7293000000000003","False","18.195700000000002","17.608800000000002","18.1822","3.2762000000000002","20.754","8","1","1","False","0"
"36832","2152058798096","1845267685157","1845267859860","17.6353","17.4703","0.165","16.6569","1.7578","False","12.1059","17.6219","18.195700000000002","3.85","21.3203","8","1","1","False","0"
"36832","2152058798096","1845267861510","1845267985088","12.488100000000001","12.357800000000001","0.1303","12.8848","2.1394","False","18.1833","12.5228","12.1059","3.4331","15.7909","8","1","1","False","0"
"36832","2152058798096","1845267986391","1845268161386","17.6396","17.4995","0.1401","18.3751","2.8792","False","18.189500000000002","17.6298","18.1833","3.9866","21.4861","8","1","1","False","0"
"36832","2152058798096","1845268162787","1845268329192","16.7984","16.6405","0.1579","17.3173","3.4049","False","18.2091","16.7806","18.189500000000002","5.3955","22.036","8","1","1","False","0"
"36832","2152058798096","1845268330771","1845268495309","16.616","16.4538","0.1622","16.3458","3.4730000000000003","False","18.177400000000002","16.6117","18.2091","6.992900000000001","23.4467","8","1","1","False","0"
"36832","2152058798096","1845268496931","1845268657306","16.177400000000002","16.0375","0.1399","18.8226","5.774100000000001","False","12.1379","16.1997","18.177400000000002","8.970600000000001","25.008100000000002","8","1","1","False","0"
"36832","2152058798096","1845268658705","1845268835393","17.7958","17.6688","0.127","13.8747","1.8473000000000002","False","18.1429","17.8087","12.1379","3.2998000000000003","20.968600000000002","8","1","1","False","0"
"36832","2152058798096","1845268836663","1845269007314","17.1877","17.0651","0.1226","18.1598","2.8193","False","18.194000000000003","17.1921","18.1429","4.2506","21.3157","8","1","1","False","0"
"36832","2152058798096","1845269008540","1845269155733","14.892900000000001","14.7193","0.1736","15.659300000000002","3.5987","False","18.1964","14.8419","18.194000000000003","7.6027000000000005","22.322000000000003","8","1","1","False","0"
"36832","2152058798096","1845269157469","1845269338422","18.282700000000002","18.0953","0.1874","16.4827","1.8264","False","12.086500000000001","18.268900000000002","18.1964","7.530200000000001","25.625500000000002","8","1","1","False","0"
"36832","2152058798096","1845269340296","1845269502691","16.3675","16.2395","0.128","16.401600000000002","1.8208000000000002","False","18.1844","16.4269","12.086500000000001","3.1898","19.4293","8","1","1","False","0"
"36832","2152058798096","1845269503971","1845269658175","15.5945","15.4204","0.1741","18.310200000000002","4.5582","False","18.189","15.5484","18.1844","5.8258","21.2462","8","1","1","False","0"
"36832","2152058798096","1845269659916","1845269854817","19.652500000000003","19.4901","0.16240000000000002","17.8797","2.7746","False","18.2116","19.6642","18.189","4.3506","23.840700000000002","8","1","1","False","0"
"36832","2152058798096","1845269856441","1845270004573","14.9644","14.8132","0.1512","13.993500000000001","1.8028000000000002","False","18.1588","14.9756","18.2116","7.586600000000001","22.399800000000003","8","1","1","False","0"
"36832","2152058798096","1845270006085","1845270207401","20.3332","20.131600000000002","0.2016","22.2058","3.7351","False","12.1157","20.2828","18.1588","5.4626","25.5942","8","1","1","False","0"
"36832","2152058798096","1845270209417","1845270330401","12.244","12.0984","0.1456","11.0137","2.4447","False","18.1936","12.3","12.1157","5.278300000000001","17.3767","8","1","1","False","0"
"36832","2152058798096","1845270331857","1845270522783","19.216900000000003","19.0926","0.12430000000000001","18.0884","1.601","False","18.1754","19.238200000000003","18.1936","4.2337","23.3263","8","1","1","False","0"
"36832","2152058798096","1845270524026","1845270668877","14.626800000000001","14.485100000000001","0.14170000000000002","18.418400000000002","5.1037","False","12.1826","14.6094","18.1754","7.7997000000000005","22.2848","8","1","1","False","0"
"36832","2152058798096","1845270670294","1845270825866","15.6826","15.5572","0.1254","12.4123","1.8274000000000001","False","24.200200000000002","15.6989","12.1826","4.2834","19.840600000000002","8","1","1","False","0"
"36832","2152058798096","1845270827120","1845271027006","20.1243","19.9886","0.13570000000000002","21.1614","2.8687","False","12.1029","20.114","24.200200000000002","8.3696","28.3582","8","1","1","False","0"
"36832","2152058798096","1845271028363","1845271168231","14.1837","13.9868","0.19690000000000002","14.943000000000001","3.656","False","18.1688","14.1225","12.1029","6.3500000000000005","20.3368","8","1","1","False","0"
"36832","2152058798096","1845271170200","1845271356223","18.7805","18.6023","0.1782","18.499100000000002","3.3672","False","24.265800000000002","18.799200000000003","18.1688","5.719600000000001","24.3219","8","1","1","False","0"
"36832","2152058798096","1845271358005","1845271575003","21.8508","21.6998","0.151","21.627000000000002","3.1303","False","18.163800000000002","21.878","24.265800000000002","8.1074","29.8072","8","1","1","False","0"
"36832","2152058798096","1845271576513","1845271793723","21.8739","21.721","0.1529","20.3256","1.5732000000000002","False","24.255000000000003","21.872","18.163800000000002","4.3992","26.1202","8","1","1","False","0"
"36832","2152058798096","1845271795252","1845272007882","21.4069","21.263","0.1439","23.6732","3.8458","False","18.1731","21.4159","24.255000000000003","7.238300000000001","28.5013","8","1","1","False","0"
"36832","2152058798096","1845272009321","1845272222352","21.4267","21.3031","0.1236","19.459","1.8645","False","18.160600000000002","21.447000000000003","18.1731","3.9644000000000004","25.267500000000002","8","1","1","False","0"
"36832","2152058798096","1845272223588","1845272418686","19.683500000000002","19.509800000000002","0.17370000000000002","19.7518","1.9482000000000002","False","24.286900000000003","19.6334","18.160600000000002","2.4916","22.0014","8","1","1","False","0"
"36832","2152058798096","1845272420423","1845272622030","20.319200000000002","20.160700000000002","0.1585","21.890600000000003","3.524","False","18.174400000000002","20.334400000000002","24.286900000000003","6.444100000000001","26.6048","8","1","1","False","0"
"36832","2152058798096","1845272623615","1845272830166","20.8013","20.6551","0.1462","19.127000000000002","1.8493000000000002","False","18.1508","20.8136","18.174400000000002","3.8049000000000004","24.46","8","1","1","False","0"
"36832","2152058798096","1845272831628","1845273027585","19.8122","19.5957","0.2165","19.3597","1.8663","False","24.271900000000002","19.7419","18.1508","2.2138","21.8095","8","1","1","False","0"
"36832","2152058798096","1845273029750","1845273212662","18.4726","18.2912","0.1814","19.0528","1.9897","False","18.192800000000002","18.5077","24.271900000000002","7.978000000000001","26.2692","8","1","1","False","0"
"36832","2152058798096","1845273214476","1845273396887","18.420099999999998","18.2411","0.17900000000000002","18.5847","2.1508000000000003","False","12.0905","18.4225","18.192800000000002","7.7483","25.9894","8","1","1","False","0"
"36832","2152058798096","1845273398677","1845273556298","15.9014","15.7621","0.1393","15.539800000000001","1.7719","False","24.2784","15.9411","12.0905","3.8977000000000004","19.6598","8","1","1","False","0"
"36832","2152058798096","1845273557691","1845273748194","19.208","19.0503","0.1577","20.383900000000004","2.9459","False","18.160800000000002","19.189600000000002","24.2784","8.986500000000001","28.036800000000003","8","1","1","False","0"
"36832","2152058798096","1845273749771","1845273971994","22.3536","22.2223","0.1313","21.2515","1.8385","False","12.102","22.380000000000003","18.160800000000002","4.7673000000000005","26.989600000000003","8","1","1","False","0"
"36832","2152058798096","1845273973307","1845274116088","14.4167","14.2781","0.1386","14.7584","2.1844","False","24.2784","14.409400000000002","12.102","2.4599","16.738","8","1","1","False","0"
"36832","2152058798096","1845274117474","1845274303546","18.7815","18.607200000000002","0.1743","18.4483","1.869","False","18.180300000000003","18.7458","24.2784","7.992500000000001","26.599700000000002","8","1","1","False","0"
"36832","2152058798096","1845274305289","1845274484716","18.073400000000003","17.942700000000002","0.1307","18.140900000000002","1.9116000000000002","False","12.0943","18.117","18.180300000000003","8.0558","25.9985","8","1","1","False","0"
"36832","2152058798096","1845274486023","1845274629068","14.471300000000001","14.3045","0.1668","15.9327","3.3958000000000004","False","24.2392","14.4352","12.0943","5.7149","20.0194","8","1","1","False","0"
"36832","2152058798096","1845274630736","1845274898525","26.9392","26.7789","0.1603","25.3965","1.8424","False","30.335600000000003","26.945700000000002","24.2392","3.0084","29.787300000000002","8","1","1","False","0"
"36832","2152058798096","1845274900128","1845275155517","25.703300000000002","25.5389","0.16440000000000002","26.0426","2.1892","False","18.163800000000002","25.6992","30.335600000000003","7.6448","33.1837","8","1","1","False","0"
"36832","2152058798096","1845275157161","1845275364980","20.9269","20.7819","0.14500000000000002","20.668300000000002","1.9282000000000001","False","18.1961","20.9463","18.163800000000002","4.8623","25.6442","8","1","1","False","0"
"36832","2152058798096","1845275366430","1845275518238","15.389500000000002","15.180800000000001","0.2087","15.0806","2.0929","False","18.1691","15.325800000000001","18.1961","7.732600000000001","22.9134","8","1","1","False","0"
"36832","2152058798096","1845275520325","1845275704731","18.6103","18.4406","0.16970000000000002","20.8551","3.8711","False","12.0861","18.6493","18.1691","7.252400000000001","25.693","8","1","1","False","0"
"36832","2152058798096","1845275706428","1845275873656","16.9024","16.7228","0.1796","15.1301","2.1281","False","24.277","16.892500000000002","12.0861","2.446","19.1688","8","1","1","False","0"
"36832","2152058798096","1845275875452","1845276076414","20.2804","20.0962","0.1842","21.8476","3.6782000000000004","False","12.093900000000001","20.2758","24.277","6.4472000000000005","26.543400000000002","8","1","1","False","0"
"36832","2152058798096","1845276078256","1845276236798","16.0293","15.8542","0.1751","14.250300000000001","1.8802","False","18.2135","16.0384","12.093900000000001","2.5027","18.3569","8","1","1","False","0"
"36832","2152058798096","1845276238549","1845276396429","15.9474","15.788","0.15940000000000001","15.886700000000001","1.8152000000000001","False","24.2407","15.9631","18.2135","4.7531","20.5411","8","1","1","False","0"
"36832","2152058798096","1845276398023","1845276615189","21.8678","21.7166","0.1512","23.9646","3.9128000000000003","False","12.0845","21.876","24.2407","7.1178","28.834400000000002","8","1","1","False","0"
"36832","2152058798096","1845276616701","1845276781429","16.6467","16.4728","0.1739","14.926200000000001","2.1976","False","18.214000000000002","16.624000000000002","12.0845","2.5783","19.0511","8","1","1","False","0"
"36832","2152058798096","1845276783168","1845276917490","13.5802","13.4322","0.14800000000000002","15.299200000000003","3.9127","False","12.1097","13.606100000000001","18.214000000000002","7.1862","20.6184","8","1","1","False","0"
"36832","2152058798096","1845276918970","1845277061006","14.323500000000001","14.203600000000002","0.1199","13.498000000000001","3.0686","False","24.2609","14.351600000000001","12.1097","4.9443","19.1479","8","1","1","False","0"
"36832","2152058798096","1845277062205","1845277259400","19.9472","19.7195","0.2277","20.1717","3.3600000000000003","False","18.1692","19.8394","24.2609","9.3658","29.0853","8","1","1","False","0"
"36832","2152058798096","1845277261677","1845277448499","18.906100000000002","18.6822","0.22390000000000002","21.873","6.3163","False","18.1891","18.9099","18.1692","8.6251","27.3073","8","1","1","False","0"
"36832","2152058798096","1845277450738","1845277662578","21.339100000000002","21.184","0.15510000000000002","18.5809","3.5238","False","24.236600000000003","21.4079","18.1891","5.4063","26.590300000000003","8","1","1","False","0"
"36832","2152058798096","1845277664129","1845277917465","25.479200000000002","25.3336","0.1456","23.234700000000004","1.5983","False","42.4254","25.4887","24.236600000000003","4.1542","29.4878","8","1","1","False","0"
"36832","2152058798096","1845277918921","1845278332556","41.5096","41.3635","0.1461","43.4014","3.1557","False","36.362100000000005","41.509100000000004","42.4254","5.0705","46.434000000000005","8","1","1","False","0"
"36832","2152058798096","1845278334017","1845278689357","35.7142","35.534","0.1802","35.926100000000005","3.3921","False","24.2467","35.6801","36.362100000000005","5.7525","41.286500000000004","8","1","1","False","0"
"36832","2152058798096","1845278691159","1845278916827","22.768900000000002","22.5668","0.2021","23.1687","3.8199","False","24.2408","22.747","24.2467","7.2522","29.819000000000003","8","1","1","False","0"
"36832","2152058798096","1845278918848","1845279163677","24.6751","24.4829","0.1922","25.5559","4.6713000000000005","False","24.247700000000002","24.685000000000002","24.2408","6.808000000000001","31.2909","8","1","1","False","0"
"36832","2152058798096","1845279165599","1845279399308","23.551700000000004","23.370900000000002","0.18080000000000002","22.7584","3.8901000000000003","False","18.184900000000003","23.563100000000002","24.247700000000002","7.4926","30.863500000000002","8","1","1","False","0"
"36832","2152058798096","1845279401116","1845279599357","19.992600000000003","19.8241","0.1685","19.337400000000002","3.2201","False","18.1551","20.0049","18.184900000000003","5.6726","25.4967","8","1","1","False","0"
"36832","2152058798096","1845279601042","1845279780185","18.1098","17.9143","0.1955","17.985200000000003","3.0972","False","30.2722","18.082800000000002","18.1551","5.7449","23.659200000000002","8","1","1","False","0"
"36832","2152058798096","1845279782140","1845279967982","18.7194","18.5842","0.13520000000000001","32.5317","16.887800000000002","False","6.1021","18.779700000000002","30.2722","17.2374","35.821600000000004","8","1","1","False","0"
"36832","2152058798096","1845279969334","1845280172029","20.4387","20.2695","0.16920000000000002","3.9461000000000004","0.4172","False","24.2422","20.404700000000002","6.1021","2.9348","23.2043","8","1","1","False","0"
"36832","2152058798096","1845280173721","1845280403645","23.1501","22.9924","0.1577","23.032400000000003","0.2866","False","24.2588","23.1616","24.2422","4.0154000000000005","27.0078","8","1","1","False","0"
"36832","2152058798096","1845280405222","1845280628695","22.5004","22.3473","0.1531","22.5149","0.3045","False","18.1671","22.505000000000003","24.2588","5.7692000000000005","28.116500000000002","8","1","1","False","0"
"36832","2152058798096","1845280630226","1845280831023","20.212600000000002","20.079700000000003","0.13290000000000002","20.2284","0.3124","False","18.1886","20.2328","18.1671","3.7035","23.7832","8","1","1","False","0"
"36832","2152058798096","1845280832352","1845280985500","15.5166","15.3148","0.2018","15.5356","0.3668","False","18.1822","15.447700000000001","18.1886","6.4444","21.7592","8","1","1","False","0"
"36832","2152058798096","1845280987518","1845281181696","19.5445","19.4178","0.1267","19.5016","0.28500000000000003","False","18.1446","19.619600000000002","18.1822","5.007000000000001","24.4248","8","1","1","False","0"
"36832","2152058798096","1845281182963","1845281403271","22.179100000000002","22.030800000000003","0.14830000000000002","22.0744","0.45070000000000005","False","24.2714","22.157500000000002","18.1446","0.9941000000000001","23.024900000000002","8","1","1","False","0"
"36832","2152058798096","1845281404754","1845281622586","21.9417","21.7832","0.1585","22.1921","0.4359","False","18.1686","21.9315","24.2714","3.334","25.1172","8","1","1","False","0"
"36832","2152058798096","1845281624171","1845281814306","19.1626","19.0135","0.1491","19.044800000000002","0.3252","False","18.183","19.172","18.1686","2.3306","21.3441","8","1","1","False","0"
"36832","2152058798096","1845281815797","1845282003329","18.8843","18.7532","0.1311","18.8852","0.3118","False","18.1689","18.9023","18.183","1.6113000000000002","20.3645","8","1","1","False","0"
"36832","2152058798096","1845282004640","1845282189207","18.5885","18.4567","0.1318","18.6313","0.3584","False","18.186600000000002","18.5878","18.1689","1.1924000000000001","19.6491","8","1","1","False","0"
"36832","2152058798096","1845282190525","1845282377092","18.8256","18.6567","0.1689","18.7921","0.3341","False","24.2716","18.788500000000003","18.186600000000002","0.5905","19.2472","8","1","1","False","0"
"36832","2152058798096","1845282378781","1845282566332","18.947000000000003","18.755100000000002","0.19190000000000002","18.8941","0.3083","False","30.299200000000003","18.924","24.2716","5.9381","24.6932","8","1","1","False","0"
"36832","2152058798096","1845282568251","1845282862747","29.6445","29.4496","0.19490000000000002","29.7974","0.4617","False","24.227400000000003","29.6415","30.299200000000003","6.5958000000000006","36.0454","8","1","1","False","0"
"36832","2152058798096","1845282864696","1845283138521","27.5507","27.3825","0.16820000000000002","27.4386","0.3295","False","30.319200000000002","27.5774","24.227400000000003","3.2458","30.628300000000003","8","1","1","False","0"
"36832","2152058798096","1845283140203","1845283418662","28.0531","27.8459","0.20720000000000002","27.9983","0.3105","False","24.2466","28.014100000000003","30.319200000000002","5.5509","33.3968","8","1","1","False","0"
"36832","2152058798096","1845283420734","1845283663577","24.4582","24.2843","0.1739","24.574","0.4132","False","24.2251","24.491500000000002","24.2466","5.306","29.590300000000003","8","1","1","False","0"
"36832","2152058798096","1845283665316","1845283925870","26.207500000000003","26.055400000000002","0.1521","26.1465","0.3244","False","24.2281","26.229300000000002","24.2251","3.3018","29.357200000000002","8","1","1","False","0"
"36832","2152058798096","1845283927391","1845284186532","26.0879","25.9141","0.1738","26.080000000000002","0.3254","False","24.2662","26.066200000000002","24.2281","1.4637","27.3778","8","1","1","False","0"
"36832","2152058798096","1845284188270","1845284409778","22.307100000000002","22.1508","0.1563","22.306800000000003","0.30820000000000003","False","30.3017","22.3246","24.2662","3.4053","25.5561","8","1","1","False","0"
"36832","2152058798096","1845284411341","1845284681762","27.294900000000002","27.0421","0.2528","27.2359","0.3331","False","36.3661","27.198400000000003","30.3017","6.5086","33.5507","8","1","1","False","0"
"36832","2152058798096","1845284684290","1845285052040","36.939099999999996","36.775","0.1641","36.8878","0.35550000000000004","False","36.357800000000005","37.0278","36.3661","5.846900000000001","42.621900000000004","8","1","1","False","0"
"36832","2152058798096","1845285053681","1845285412368","36.040600000000005","35.868700000000004","0.1719","36.1417","0.3129","False","24.239600000000003","36.0328","36.357800000000005","6.1719","42.040600000000005","8","1","1","False","0"
"36832","2152058798096","1845285414087","1845285683580","27.1136","26.9493","0.1643","27.1258","0.31170000000000003","False","24.207900000000002","27.1212","24.239600000000003","3.2903000000000002","30.239600000000003","8","1","1","False","0"
"36832","2152058798096","1845285685223","1845285953036","26.9764","26.7813","0.1951","26.976200000000002","0.3375","False","24.2636","26.945600000000002","24.207900000000002","0.5526","27.3339","8","1","1","False","0"
"36832","2152058798096","1845285954987","1845286185411","23.2081","23.0424","0.16570000000000001","23.2892","0.4007","False","24.2421","23.2375","24.2636","1.5787","24.621100000000002","8","1","1","False","0"
"36832","2152058798096","1845286187068","1845286423610","23.8687","23.6542","0.21450000000000002","23.7816","0.3297","False","24.2315","23.8199","24.2421","2.0009","25.6551","8","1","1","False","0"
"36832","2152058798096","1845286425755","1845286677780","25.3839","25.2025","0.1814","25.3987","0.3402","False","24.2386","25.417","24.2315","0.8154","26.0179","8","1","1","False","0"
"36832","2152058798096","1845286679594","1845286917164","23.9354","23.757","0.1784","23.907400000000003","0.316","False","30.3431","23.9384","24.2386","1.1156000000000001","24.872600000000002","8","1","1","False","0"
"36832","2152058798096","1845286918948","1845287178878","26.161800000000003","25.993000000000002","0.1688","26.2527","0.39","False","18.1334","26.171400000000002","30.3431","5.2873","31.2803","8","1","1","False","0"
"36832","2152058798096","1845287180566","1845287403645","22.4832","22.3079","0.1753","22.494300000000003","0.4083","False","24.3079","22.4767","18.1334","0.9440000000000001","23.251900000000003","8","1","1","False","0"
"36832","2152058798096","1845287405398","1845287622070","21.8545","21.6672","0.18730000000000002","21.8475","0.40650000000000003","False","24.209300000000002","21.8425","24.3079","3.4094","25.076600000000003","8","1","1","False","0"
"36832","2152058798096","1845287623943","1845287868672","24.6794","24.472900000000003","0.20650000000000002","24.6019","0.3309","False","24.249000000000002","24.6602","24.209300000000002","2.9585000000000004","27.4314","8","1","1","False","0"
"36832","2152058798096","1845287870737","1845288104719","23.531600000000005","23.398200000000003","0.13340000000000002","23.42","0.3501","False","24.265600000000003","23.6047","24.249000000000002","3.6028000000000002","27.001","8","1","1","False","0"
"36832","2152058798096","1845288106053","1845288330356","22.582600000000003","22.430300000000003","0.15230000000000002","22.7655","0.39440000000000003","False","24.2249","22.5637","24.265600000000003","5.3047","27.735000000000003","8","1","1","False","0"
"36832","2152058798096","1845288331879","1845288578310","24.817","24.6431","0.1739","24.834100000000003","0.40190000000000003","False","18.1433","24.7954","24.2249","4.7342","29.3773","8","1","1","False","0"
"36832","2152058798096","1845288580049","1845288801064","22.285600000000002","22.1015","0.1841","22.1639","0.3063","False","24.273200000000003","22.2754","18.1433","0.6021000000000001","22.7036","8","1","1","False","0"
"36832","2152058798096","1845288802905","1845289022545","22.143300000000004","21.964000000000002","0.17930000000000001","22.2784","0.4329","False","24.2509","22.1481","24.273200000000003","2.7272000000000003","24.691200000000002","8","1","1","False","0"
"36832","2152058798096","1845289024338","1845289230527","20.8468","20.6189","0.22790000000000002","20.7865","0.399","False","24.247700000000002","20.7982","24.2509","6.1799","26.7988","8","1","1","False","0"
"36832","2152058798096","1845289232806","1845289494194","26.3104","26.1388","0.1716","26.235100000000003","0.30960000000000004","False","24.212400000000002","26.3667","24.247700000000002","4.0609","30.1997","8","1","1","False","0"
"36832","2152058798096","1845289495910","1845289751903","25.825599999999998","25.5993","0.2263","25.841900000000003","0.3007","False","24.231","25.7709","24.212400000000002","2.5024","28.1017","8","1","1","False","0"
"36832","2152058798096","1845289754166","1845290011810","26.036600000000004","25.764400000000002","0.2722","25.9926","0.49420000000000003","False","24.2639","25.9907","24.231","0.7427","26.5071","8","1","1","False","0"
"36832","2152058798096","1845290014532","1845290247219","23.5054","23.268700000000003","0.23670000000000002","23.6313","0.4137","False","18.1558","23.5409","24.2639","1.4657","24.7344","8","1","1","False","0"
"36832","2152058798096","1845290249586","1845290431595","18.4008","18.2009","0.19990000000000002","18.3488","0.3246","False","24.2878","18.4376","18.1558","1.1839","19.384800000000002","8","1","1","False","0"
"36832","2152058798096","1845290433594","1845290636510","20.477000000000004","20.291600000000003","0.1854","20.4841","0.35600000000000004","False","24.257900000000003","20.491500000000002","24.2878","4.9802","25.271800000000002","8","1","1","False","0"
"36832","2152058798096","1845290638364","1845290876246","24.0365","23.7882","0.24830000000000002","24.1214","0.4481","False","18.1536","23.9736","24.257900000000003","5.2645","29.0527","8","1","1","False","0"
"36832","2152058798096","1845290878729","1845291089472","21.2972","21.0743","0.22290000000000001","21.032400000000003","0.34140000000000004","False","18.1985","21.3226","18.1536","2.0955","23.169800000000002","8","1","1","False","0"
"36832","2152058798096","1845291091701","1845291257486","16.814100000000003","16.578500000000002","0.2356","16.9037","0.2995","False","18.1489","16.8014","18.1985","3.4926000000000004","20.0711","8","1","1","False","0"
"36832","2152058798096","1845291259842","1845291462321","20.489900000000002","20.2479","0.24200000000000002","20.6372","0.4318","False","18.1949","20.4835","18.1489","1.1580000000000001","21.405900000000003","8","1","1","False","0"
"36832","2152058798096","1845291464741","1845291644582","18.239900000000002","17.9841","0.2558","18.1228","0.31320000000000003","False","18.1677","18.226100000000002","18.1949","1.1268","19.1109","8","1","1","False","0"
"36832","2152058798096","1845291647140","1845291828002","18.2817","18.0862","0.1955","18.3261","0.33230000000000004","False","24.2608","18.342000000000002","18.1677","0.9525","19.038700000000002","8","1","1","False","0"
"36832","2152058798096","1845291829957","1845292016155","18.881500000000003","18.6198","0.2617","18.9267","0.40750000000000003","False","24.2575","18.8153","24.2608","6.398000000000001","25.0178","8","1","1","False","0"
"36832","2152058798096","1845292018772","1845292261782","24.636400000000002","24.301000000000002","0.33540000000000003","24.605700000000002","0.4082","False","18.1762","24.5627","24.2575","6.0928","30.393800000000002","8","1","1","False","0"
"36832","2152058798096","1845292265136","1845292448634","18.5943","18.349800000000002","0.24450000000000002","18.518","0.30410000000000004","False","18.1826","18.685200000000002","18.1762","5.5838","23.933600000000002","8","1","1","False","0"
"36832","2152058798096","1845292451079","1845292643599","19.479900000000004","19.252000000000002","0.22790000000000002","19.458000000000002","0.2616","False","18.1705","19.4965","18.1826","4.2699","23.521900000000002","8","1","1","False","0"
"36832","2152058798096","1845292645878","1845292849440","20.546200000000002","20.3562","0.19","20.6463","0.34840000000000004","False","18.1976","20.5841","18.1705","1.8563","22.212500000000002","8","1","1","False","0"
"36832","2152058798096","1845292851340","1845293032958","18.3711","18.1618","0.2093","18.3307","0.3054","False","24.2499","18.3518","18.1976","1.7021000000000002","19.8639","8","1","1","False","0"
"36832","2152058798096","1845293035051","1845293237544","20.4831","20.2493","0.2338","20.575400000000002","0.4303","False","18.177500000000002","20.4586","24.2499","5.4934","25.742700000000003","8","1","1","False","0"
"36832","2152058798096","1845293239882","1845293419367","18.2157","17.9485","0.2672","18.1094","0.33540000000000003","False","12.093900000000001","18.1823","18.177500000000002","5.4886","23.4371","8","1","1","False","0"
"36832","2152058798096","1845293422039","1845293583663","16.3804","16.1624","0.218","16.3824","0.31770000000000004","False","18.168400000000002","16.4296","12.093900000000001","1.1529","17.3153","8","1","1","False","0"
"36832","2152058798096","1845293585843","1845293765219","18.2298","17.9376","0.2922","18.0816","0.4746","False","24.2848","18.1556","18.168400000000002","1.1657","19.1033","8","1","1","False","0"
"36832","2152058798096","1845293768141","1845293959268","19.3631","19.1127","0.2504","19.4801","0.3055","False","18.1833","19.4049","24.2848","6.0456","25.1583","8","1","1","False","0"
"36832","2152058798096","1845293961772","1845294136700","17.7569","17.492800000000003","0.2641","17.8015","0.35810000000000003","False","18.177300000000002","17.7432","18.1833","6.4857000000000005","23.9785","8","1","1","False","0"
"36832","2152058798096","1845294139341","1845294333745","19.6277","19.4404","0.18730000000000002","19.579700000000003","0.2515","False","18.1528","19.7045","18.177300000000002","4.9585","24.3989","8","1","1","False","0"
"36832","2152058798096","1845294335618","1845294541640","20.7616","20.6022","0.15940000000000001","20.8307","0.313","False","24.2676","20.7895","18.1528","2.3218","22.924","8","1","1","False","0"
"36832","2152058798096","1845294543234","1845294744490","20.379900000000003","20.125600000000002","0.2543","20.3154","0.29650000000000004","False","12.0881","20.285","24.2676","6.3044","26.43","8","1","1","False","0"
"36832","2152058798096","1845294747033","1845294918140","17.335","17.1107","0.2243","17.381800000000002","0.2975","False","18.168200000000002","17.365000000000002","12.0881","1.0275","18.1382","8","1","1","False","0"
"36832","2152058798096","1845294920383","1845295104595","18.662300000000002","18.421200000000002","0.2411","18.6369","0.30670000000000003","False","24.2897","18.645500000000002","18.168200000000002","0.5502","18.9714","8","1","1","False","0"
"36832","2152058798096","1845295107006","1845295301725","19.6631","19.4719","0.1912","19.733","0.368","False","18.1861","19.713","24.2897","5.1269","24.5988","8","1","1","False","0"
"36832","2152058798096","1845295303637","1845295477100","17.5304","17.3463","0.1841","17.4725","0.28390000000000004","False","18.1751","17.5375","18.1861","5.7755","23.1218","8","1","1","False","0"
"36832","2152058798096","1845295478941","1845295666088","18.9117","18.7147","0.197","18.8996","0.2766","False","12.0808","18.8988","18.1751","5.0518","23.7665","8","1","1","False","0"
"36832","2152058798096","1845295668058","1845295815327","14.9258","14.7269","0.19890000000000002","14.989600000000001","0.3491","False","18.2069","14.923900000000001","12.0808","2.2087","16.9356","8","1","1","False","0"
"36832","2152058798096","1845295817316","1845295977985","16.2179","16.0669","0.151","16.2695","0.377","False","18.1687","16.265800000000002","18.2069","4.1498","20.2167","8","1","1","False","0"
"36832","2152058798096","1845295979495","1845296173065","19.569","19.357","0.21200000000000002","19.458000000000002","0.2921","False","18.2061","19.508000000000003","18.1687","2.8105","22.1675","8","1","1","False","0"
"36832","2152058798096","1845296175185","1845296352153","17.9038","17.6968","0.20700000000000002","17.8584","0.26630000000000004","False","18.140700000000002","17.9088","18.2061","3.1078","20.8046","8","1","1","False","0"
"36832","2152058798096","1845296354223","1845296525242","17.2982","17.1019","0.1963","17.330000000000002","0.27440000000000003","False","24.2937","17.3089","18.140700000000002","3.9396","21.041500000000003","8","1","1","False","0"
"36832","2152058798096","1845296527205","1845296755525","22.965700000000002","22.832","0.1337","23.1838","0.7267","False","12.103100000000001","23.0283","24.2937","5.205","28.037000000000003","8","1","1","False","0"
"36832","2152058798096","1845296756862","1845296891991","13.7306","13.5129","0.2177","13.5174","0.2995","False","18.1908","13.646600000000001","12.103100000000001","3.6615","17.174400000000002","8","1","1","False","0"
"36832","2152058798096","1845296894168","1845297069395","17.6938","17.5227","0.1711","17.702600000000004","0.2843","False","12.079","17.7404","18.1908","4.1119","21.634600000000002","8","1","1","False","0"
"36832","2152058798096","1845297071106","1845297226018","15.7103","15.491200000000001","0.21910000000000002","15.7239","0.315","False","18.186400000000003","15.6623","12.079","0.5286000000000001","16.0198","8","1","1","False","0"
"36832","2152058798096","1845297228209","1845297393061","16.730300000000003","16.485200000000003","0.2451","16.7325","0.3673","False","18.224800000000002","16.7043","18.186400000000003","2.0107","18.495900000000002","8","1","1","False","0"
"36832","2152058798096","1845297395512","1845297531385","13.8246","13.5873","0.2373","13.813400000000001","0.3297","False","12.084100000000001","13.8324","18.224800000000002","6.4031","19.9904","8","1","1","False","0"
"36832","2152058798096","1845297533758","1845297691884","16.020300000000002","15.812600000000002","0.20770000000000002","16.0095","0.3014","False","18.1863","16.0499","12.084100000000001","2.4373","18.2499","8","1","1","False","0"
"36832","2152058798096","1845297693961","1845297885785","19.4097","19.1824","0.2273","19.4978","0.38870000000000005","False","18.191300000000002","19.3901","18.1863","1.2335","20.4159","8","1","1","False","0"
"36832","2152058798096","1845297888058","1845298059926","17.378500000000003","17.1868","0.1917","17.2969","0.2882","False","18.198900000000002","17.4141","18.191300000000002","2.0107","19.1975","8","1","1","False","0"
"36832","2152058798096","1845298061843","1845298229231","17.002200000000002","16.7388","0.2634","16.9668","0.3085","False","12.0943","16.930500000000002","18.198900000000002","3.2791","20.0179","8","1","1","False","0"
"36832","2152058798096","1845298231865","1845298370290","14.0875","13.842500000000001","0.24500000000000002","14.126000000000001","0.3221","False","18.1979","14.1059","12.0943","1.2675","15.110000000000001","8","1","1","False","0"
"36832","2152058798096","1845298372740","1845298534384","16.3851","16.1644","0.2207","16.3534","0.28600000000000003","False","12.0951","16.4094","18.1979","3.056","19.2204","8","1","1","False","0"
"36832","2152058798096","1845298536591","1845298679366","14.5485","14.2775","0.271","14.551400000000001","0.2998","False","24.3414","14.4982","12.0951","0.6529","14.9304","8","1","1","False","0"
"36832","2152058798096","1845298682076","1845298914955","23.431","23.2879","0.1431","23.349400000000003","0.4736","False","18.0854","23.5589","24.3414","1.4354","24.723300000000002","8","1","1","False","0"
"36832","2152058798096","1845298916386","1845299099842","18.590300000000003","18.3456","0.2447","18.7821","0.4035","False","18.177300000000002","18.4887","18.0854","1.0321","19.3777","8","1","1","False","0"
"36832","2152058798096","1845299102289","1845299281799","18.218600000000002","17.951","0.2676","18.23","0.41650000000000004","False","24.290000000000003","18.195700000000002","18.177300000000002","1.0137","18.9647","8","1","1","False","0"
"36832","2152058798096","1845299284475","1845299469889","18.7978","18.5414","0.2564","18.777","0.4126","False","12.077300000000001","18.809","24.290000000000003","6.4947","25.0361","8","1","1","False","0"
"36832","2152058798096","1845299472453","1845299623372","15.3062","15.0919","0.21430000000000002","15.199100000000001","0.27030000000000004","False","18.2297","15.3483","12.077300000000001","3.2237","18.3156","8","1","1","False","0"
"36832","2152058798096","1845299625515","1845299807896","18.436999999999998","18.2381","0.19890000000000002","18.5435","0.3775","False","18.1415","18.4524","18.2297","3.0010000000000003","21.2391","8","1","1","False","0"
"36832","2152058798096","1845299809885","1845300001744","19.4552","19.1859","0.26930000000000004","19.4712","0.41090000000000004","False","18.2177","19.384800000000002","18.1415","1.7577","20.9436","8","1","1","False","0"
"36832","2152058798096","1845300004437","1845300163977","16.1625","15.954","0.20850000000000002","16.0705","0.3007","False","12.1386","16.223300000000002","18.2177","3.7521","19.7061","8","1","1","False","0"
"36832","2152058798096","1845300166062","1845300297690","13.3718","13.1628","0.20900000000000002","13.399500000000002","0.3294","False","18.1144","13.371300000000002","12.1386","2.5194","15.6822","8","1","1","False","0"
"36832","2152058798096","1845300299780","1845300464971","16.7026","16.5191","0.1835","16.7737","0.38020000000000004","False","18.212500000000002","16.7281","18.1144","3.9057000000000004","20.4248","8","1","1","False","0"
"36832","2152058798096","1845300466806","1845300638848","17.4109","17.2042","0.20670000000000002","17.4133","0.3925","False","18.2044","17.387700000000002","18.212500000000002","4.7305","21.9347","8","1","1","False","0"
"36832","2152058798096","1845300640915","1845300811800","17.2949","17.0885","0.2064","17.180300000000003","0.3025","False","12.127600000000001","17.2952","18.2044","5.6397","22.7282","8","1","1","False","0"
"36832","2152058798096","1845300813864","1845300969068","15.7437","15.5204","0.2233","15.7742","0.3236","False","18.1369","15.7268","12.127600000000001","2.0405","17.5609","8","1","1","False","0"
"36832","2152058798096","1845300971301","1845301123492","15.405700000000001","15.219100000000001","0.18660000000000002","15.2743","0.4318","False","18.2012","15.442400000000001","18.1369","4.735","19.9541","8","1","1","False","0"
"36832","2152058798096","1845301125358","1845301319580","19.5911","19.4222","0.1689","19.8089","0.37370000000000003","False","12.0801","19.608800000000002","18.2012","3.3274000000000004","22.7496","8","1","1","False","0"
"36832","2152058798096","1845301321269","1845301441971","12.2288","12.0702","0.15860000000000002","12.174900000000001","0.3164","False","24.288600000000002","12.2391","12.0801","3.1684","15.2386","8","1","1","False","0"
"36832","2152058798096","1845301443557","1845301650231","20.8185","20.6674","0.1511","20.939","0.442","False","12.1682","20.826","24.288600000000002","6.631","27.2984","8","1","1","False","0"
"36832","2152058798096","1845301651742","1845301792889","14.273000000000001","14.114700000000001","0.1583","14.1254","0.2997","False","18.1145","14.2658","12.1682","4.5334","18.6481","8","1","1","False","0"
"36832","2152058798096","1845301794472","1845301985117","19.265300000000003","19.064500000000002","0.2008","19.319100000000002","0.3658","False","18.2059","19.2228","18.1145","3.4251","22.4896","8","1","1","False","0"
"36832","2152058798096","1845301987125","1845302161630","17.6122","17.4505","0.1617","17.5576","0.3039","False","12.1411","17.6513","18.2059","3.9797000000000002","21.430200000000003","8","1","1","False","0"
"36832","2152058798096","1845302163247","1845302293833","13.279","13.0586","0.2204","13.2737","0.3277","False","18.1297","13.2203","12.1411","2.9005","15.959100000000001","8","1","1","False","0"
"36832","2152058798096","1845302296037","1845302468526","17.438900000000004","17.248900000000003","0.19","17.4966","0.3689","False","12.098600000000001","17.4693","18.1297","3.5609","20.809800000000003","8","1","1","False","0"
"36832","2152058798096","1845302470426","1845302617471","14.966000000000001","14.704500000000001","0.2615","15.1171","0.5375","False","18.1936","14.8945","12.098600000000001","0.765","15.4695","8","1","1","False","0"
"36832","2152058798096","1845302620086","1845302790531","17.3017","17.0445","0.25720000000000004","17.493000000000002","0.729","False","18.1861","17.306","18.1936","1.6526","18.697100000000002","8","1","1","False","0"
"36832","2152058798096","1845302793103","1845302934318","14.365100000000002","14.121500000000001","0.2436","14.7141","1.0846","False","18.2137","14.3787","18.1861","5.46","19.581500000000002","8","1","1","False","0"
"36832","2152058798096","1845302936754","1845303114233","18.0133","17.7479","0.2654","18.0231","1.0978","False","18.1634","17.991500000000002","18.2137","5.6822","23.4301","8","1","1","False","0"
"36832","2152058798096","1845303116887","1845303322300","20.7977","20.5413","0.2564","20.2271","0.4998","False","30.2904","20.8067","18.1634","3.0389","23.5802","8","1","1","False","0"
"36832","2152058798096","1845303324864","1845303622793","30.051900000000003","29.792900000000003","0.259","30.2588","0.7367","False","18.2102","30.049300000000002","30.2904","3.2800000000000002","33.072900000000004","8","1","1","False","0"
"36832","2152058798096","1845303625383","1845303788028","16.4024","16.2645","0.1379","16.1934","0.6863","False","18.1766","16.523500000000002","18.2102","4.9667","21.2312","8","1","1","False","0"
"36832","2152058798096","1845303789407","1845303991364","20.536600000000004","20.195700000000002","0.34090000000000004","20.5093","0.5318","False","24.2775","20.3336","18.1766","2.8097000000000003","23.0054","8","1","1","False","0"
"36832","2152058798096","1845303994773","1845304198676","20.5583","20.3903","0.168","20.618100000000002","0.5138","False","12.0656","20.7312","24.2775","6.356","26.7463","8","1","1","False","0"
"36832","2152058798096","1845304200356","1845304364924","16.6204","16.4568","0.1636","16.6153","0.5056","False","24.2789","16.6248","12.0656","1.7968000000000002","18.253600000000002","8","1","1","False","0"
"36832","2152058798096","1845304366560","1845304573885","20.8944","20.7325","0.16190000000000002","20.894000000000002","0.5063","False","18.1695","20.8961","24.2789","5.179600000000001","25.912100000000002","8","1","1","False","0"
"36832","2152058798096","1845304575504","1845304766259","19.2922","19.0755","0.2167","19.3122","0.5411","False","18.1994","19.2374","18.1695","4.1117","23.1872","8","1","1","False","0"
"36832","2152058798096","1845304768426","1845304937081","17.0139","16.8655","0.1484","17.1137","0.6217","False","18.180500000000002","17.0822","18.1994","5.2289","22.0944","8","1","1","False","0"
"36832","2152058798096","1845304938565","1845305114393","17.845000000000002","17.582800000000002","0.2622","17.697200000000002","0.5321","False","12.0784","17.7312","18.180500000000002","5.6782","23.261000000000003","8","1","1","False","0"
"36832","2152058798096","1845305117015","1845305268898","15.431","15.1883","0.2427","15.437100000000001","0.5251","False","24.2593","15.4505","12.0784","2.3061000000000003","17.494400000000002","8","1","1","False","0"
"36832","2152058798096","1845305271325","1845305483951","21.462400000000002","21.262600000000003","0.1998","21.7454","0.7902","False","24.2621","21.505300000000002","24.2593","5.0601","26.3227","8","1","1","False","0"
"36832","2152058798096","1845305485949","1845305720662","23.7126","23.4713","0.24130000000000001","24.6676","1.7813","False","18.16","23.671100000000003","24.2621","5.6511000000000005","29.122400000000003","8","1","1","False","0"
"36832","2152058798096","1845305723075","1845305923083","20.148500000000002","20.0008","0.1477","18.956500000000002","0.5182","False","24.2619","20.2421","18.16","3.569","23.5698","8","1","1","False","0"
"36832","2152058798096","1845305924560","1845306137357","21.5531","21.279700000000002","0.27340000000000003","22.503800000000002","1.5514000000000001","False","18.1398","21.427400000000002","24.2619","6.4035","27.683200000000003","8","1","1","False","0"
"36832","2152058798096","1845306140091","1845306375174","23.747000000000003","23.508300000000002","0.23870000000000002","22.7817","0.5487000000000001","False","30.340300000000003","23.7817","18.1398","0.7616","24.2699","8","1","1","False","0"
"36832","2152058798096","1845306377561","1845306616345","24.166600000000003","23.878400000000003","0.2882","24.448600000000003","0.8471000000000001","False","18.18","24.1171","30.340300000000003","6.9848","30.863200000000003","8","1","1","False","0"
"36832","2152058798096","1845306619227","1845306807673","19.0737","18.8446","0.2291","18.582800000000002","0.6763","False","18.180300000000003","19.1328","18.18","6.032","24.8766","8","1","1","False","0"
"36832","2152058798096","1845306809964","1845307035572","22.7389","22.5608","0.1781","23.0316","0.6082000000000001","False","18.1502","22.7899","18.180300000000003","1.4224","23.9832","8","1","1","False","0"
"36832","2152058798096","1845307037353","1845307206675","17.1853","16.9322","0.2531","17.1248","0.5830000000000001","False","30.3075","17.110300000000002","18.1502","2.4623","19.3945","8","1","1","False","0"
"36832","2152058798096","1845307209206","1845307510588","30.3607","30.1382","0.2225","30.6106","0.8011","False","24.25","30.3913","30.3075","2.3785000000000003","32.5167","8","1","1","False","0"
"36832","2152058798096","1845307512813","1845307748783","23.816300000000002","23.597","0.21930000000000002","23.8118","0.8186","False","24.2578","23.8195","24.25","2.809","26.406000000000002","8","1","1","False","0"
"36832","2152058798096","1845307750976","1845307954636","20.6554","20.366","0.2894","20.356","0.5547000000000001","False","18.1565","20.5853","24.2578","6.4815000000000005","26.8475","8","1","1","False","0"
"36832","2152058798096","1845307957530","1845308182059","22.724899999999998","22.4529","0.272","22.7579","0.5661","False","30.3262","22.7423","18.1565","1.8957000000000002","24.3486","8","1","1","False","0"
"36832","2152058798096","1845308184779","1845308471496","28.93","28.6717","0.25830000000000003","28.9537","0.5854","False","24.2432","28.9437","30.3262","3.2782","31.949900000000003","8","1","1","False","0"
"36832","2152058798096","1845308474079","1845308686759","21.539","21.268","0.271","21.4628","0.5386000000000001","False","18.146","21.526300000000003","24.2432","5.9951","27.2631","8","1","1","False","0"
"36832","2152058798096","1845308689469","1845308916416","22.968500000000002","22.6947","0.2738","23.116","0.66","False","30.351000000000003","22.965700000000002","18.146","1.1754","23.8701","8","1","1","False","0"
"36832","2152058798096","1845308919154","1845309166536","25.0999","24.738200000000003","0.3617","25.1979","0.869","False","18.1537","25.012","30.351000000000003","6.5144","31.2526","8","1","1","False","0"
"36832","2152058798096","1845309170153","1845309389288","22.207100000000004","21.913500000000003","0.2936","22.0397","0.6049","False","24.261300000000002","22.2752","18.1537","2.3929","24.3064","8","1","1","False","0"
"36832","2152058798096","1845309392224","1845309597559","20.8749","20.5335","0.34140000000000004","20.8553","0.6105","False","18.178800000000003","20.8271","24.261300000000002","5.827100000000001","26.3606","8","1","1","False","0"
"36832","2152058798096","1845309600973","1845309774198","17.4772","17.3225","0.1547","17.326700000000002","0.6377","False","30.317700000000002","17.6639","18.178800000000003","6.3420000000000005","23.6645","8","1","1","False","0"
"36832","2152058798096","1845309775745","1845310072956","29.8856","29.7211","0.1645","30.142200000000003","0.6303000000000001","False","24.238300000000002","29.8758","30.317700000000002","6.7839","36.505","8","1","1","False","0"
"36832","2152058798096","1845310074601","1845310317937","24.7046","24.3336","0.371","24.5941","0.5873","False","18.146800000000002","24.4981","24.238300000000002","6.524100000000001","30.8577","8","1","1","False","0"
"36832","2152058798096","1845310321647","1845310549559","23.0319","22.7912","0.24070000000000003","23.0682","0.6064","False","24.256700000000002","23.162200000000002","18.146800000000002","1.5087000000000002","24.2999","8","1","1","False","0"
"36832","2152058798096","1845310551966","1845310778023","22.888900000000003","22.605700000000002","0.2832","22.8763","0.6012000000000001","False","24.2605","22.846400000000003","24.256700000000002","2.919","25.524700000000003","8","1","1","False","0"
"36832","2152058798096","1845310780855","1845311002410","22.3347","22.1555","0.1792","22.3851","0.5916","False","24.234","22.4387","24.2605","4.7408","26.8963","8","1","1","False","0"
"36832","2152058798096","1845311004202","1845311233927","23.2569","22.9725","0.2844","23.886100000000003","1.2971000000000001","False","18.1481","23.1517","24.234","5.8231","28.7956","8","1","1","False","0"
"36832","2152058798096","1845311236771","1845311447222","21.258100000000002","21.0451","0.21300000000000002","20.6342","0.624","False","30.3438","21.3295","18.1481","2.6417","23.6868","8","1","1","False","0"
"36832","2152058798096","1845311449352","1845311729332","28.155800000000003","27.998","0.1578","28.4904","0.9264","False","18.168300000000002","28.211000000000002","30.3438","4.774500000000001","32.7725","8","1","1","False","0"
"36832","2152058798096","1845311730910","1845311928771","19.983800000000002","19.7861","0.19770000000000001","19.6548","0.6312","False","18.198700000000002","19.9439","18.168300000000002","2.9989000000000003","22.785","8","1","1","False","0"
"36832","2152058798096","1845311930748","1845312113706","18.509","18.2958","0.2132","18.486900000000002","0.6111","False","24.2387","18.4935","18.198700000000002","2.7041","20.9999","8","1","1","False","0"
"36832","2152058798096","1845312115838","1845312328500","21.5133","21.2662","0.24710000000000001","21.5069","0.6193000000000001","False","24.212200000000003","21.479400000000002","24.2387","5.4634","26.7296","8","1","1","False","0"
"36832","2152058798096","1845312330971","1845312556030","22.8108","22.5059","0.3049","22.9344","0.7742","False","18.2071","22.753","24.212200000000003","6.9226","29.4285","8","1","1","False","0"
"36832","2152058798096","1845312559079","1845312764961","20.8125","20.5882","0.2243","20.6945","0.6053000000000001","False","18.1654","20.8931","18.2071","4.2366","24.8248","8","1","1","False","0"
"36832","2152058798096","1845312767204","1845312966482","20.0851","19.9278","0.1573","19.9264","0.6653","False","18.1797","20.1521","18.1654","2.2499000000000002","22.1777","8","1","1","False","0"
"36832","2152058798096","1845312968055","1845313132722","16.64","16.4667","0.1733","16.813000000000002","0.599","False","18.1947","16.624000000000002","18.1797","3.8056","20.2723","8","1","1","False","0"
"36832","2152058798096","1845313134455","1845313333087","20.037000000000003","19.863200000000003","0.1738","20.12","0.6714","False","18.203500000000002","20.0365","18.1947","1.9638","21.827","8","1","1","False","0"
"36832","2152058798096","1845313334825","1845313507484","17.502100000000002","17.265900000000002","0.23620000000000002","17.4311","0.6261","False","36.3359","17.439700000000002","18.203500000000002","2.7276000000000002","19.9935","8","1","1","False","0"
"36832","2152058798096","1845313509846","1845313848151","34.0154","33.8305","0.1849","34.6986","1.2856","False","18.193","34.066700000000004","36.3359","4.9968","38.8273","8","1","1","False","0"
"36832","2152058798096","1845313850000","1845314034655","18.596600000000002","18.465500000000002","0.1311","18.0226","0.7057","False","18.154700000000002","18.6504","18.193","4.5394000000000005","23.004900000000003","8","1","1","False","0"
"36832","2152058798096","1845314035966","1845314220217","18.6025","18.4251","0.1774","18.523500000000002","0.6361","False","24.2585","18.5562","18.154700000000002","4.1379","22.563000000000002","8","1","1","False","0"
"36832","2152058798096","1845314221991","1845314440294","22.137","21.8303","0.30670000000000003","22.8595","1.4101000000000001","False","18.1722","22.0077","24.2585","6.3887","28.219","8","1","1","False","0"
"36832","2152058798096","1845314443361","1845314641099","19.933600000000002","19.7738","0.1598","19.1993","0.6303000000000001","False","18.1648","20.0805","18.1722","4.4804","24.2542","8","1","1","False","0"
"36832","2152058798096","1845314642697","1845314855873","21.579300000000003","21.317600000000002","0.2617","21.5558","0.6358","False","24.2668","21.4774","18.1648","1.1678","22.485400000000002","8","1","1","False","0"
"36832","2152058798096","1845314858490","1845315086892","23.2152","22.8402","0.375","24.0612","1.5142","False","18.201800000000002","23.1019","24.2668","2.3327","25.172900000000002","8","1","1","False","0"
"36832","2152058798096","1845315090642","1845315257762","16.8552","16.712","0.1432","16.6289","1.2136","False","24.218600000000002","17.087","18.201800000000002","3.4475000000000002","20.1595","8","1","1","False","0"
"36832","2152058798096","1845315259194","1845315521182","26.3926","26.198800000000002","0.1938","26.302400000000002","1.1337000000000002","False","24.2692","26.342000000000002","24.218600000000002","1.3241","27.5229","8","1","1","False","0"
"36832","2152058798096","1845315523120","1845315731162","21.015400000000003","20.8042","0.2112","21.104200000000002","1.2491","False","18.1507","20.998","24.2692","4.5953","25.3995","8","1","1","False","0"
"36832","2152058798096","1845315733274","1845315938504","20.7568","20.523","0.2338","20.642","1.1502000000000001","False","24.2731","20.7342","18.1507","2.0118","22.5348","8","1","1","False","0"
"36832","2152058798096","1845315940842","1845316146492","20.7943","20.565","0.2293","22.723100000000002","3.548","False","24.2332","20.7988","24.2731","5.4861","26.0511","8","1","1","False","0"
"36832","2152058798096","1845316148785","1845316407598","26.0672","25.8813","0.1859","24.0879","1.0743","False","24.2883","26.1106","24.2332","3.6087000000000002","29.490000000000002","8","1","1","False","0"
"36832","2152058798096","1845316409457","1845316613792","20.631000000000004","20.433500000000002","0.1975","20.7325","1.1783000000000001","False","18.1236","20.619400000000002","24.2883","7.2776000000000005","27.711100000000002","8","1","1","False","0"
"36832","2152058798096","1845316615767","1845316845958","23.3078","23.0191","0.2887","23.1076","0.9966","False","24.2691","23.2166","18.1236","2.1846","25.2037","8","1","1","False","0"
"36832","2152058798096","1845316848845","1845317064091","21.7277","21.5246","0.2031","22.2997","1.5423","False","24.2344","21.8133","24.2691","4.6404000000000005","26.165000000000003","8","1","1","False","0"
"36832","2152058798096","1845317066122","1845317303079","23.884000000000004","23.695700000000002","0.1883","23.4911","1.1497","False","24.224500000000003","23.8988","24.2344","4.976","28.6717","8","1","1","False","0"
"36832","2152058798096","1845317304962","1845317577949","27.5822","27.2987","0.28350000000000003","27.3903","1.0030000000000001","False","30.3337","27.487000000000002","24.224500000000003","1.7135","29.0122","8","1","1","False","0"
"36832","2152058798096","1845317580784","1845317831957","25.3935","25.1173","0.2762","27.2883","2.9055","False","24.237000000000002","25.4008","30.3337","6.646400000000001","31.7637","8","1","1","False","0"
"36832","2152058798096","1845317834719","1845318068604","23.6752","23.3885","0.2867","21.8166","0.9778","False","18.171400000000002","23.6647","24.237000000000002","7.2187","30.607200000000002","8","1","1","False","0"
"36832","2152058798096","1845318071471","1845318288250","21.9545","21.6779","0.2766","22.259800000000002","1.3298","False","18.174500000000002","21.9646","18.171400000000002","3.4255","25.1034","8","1","1","False","0"
"36832","2152058798096","1845318291016","1845318469922","18.0291","17.8906","0.1385","18.0261","1.2747000000000002","False","18.183400000000002","18.1672","18.174500000000002","3.4328000000000003","21.3234","8","1","1","False","0"
"36832","2152058798096","1845318471307","1845318642144","17.2572","17.0837","0.17350000000000002","17.1907","1.2289","False","18.1832","17.2222","18.183400000000002","4.394","21.477700000000002","8","1","1","False","0"
"36832","2152058798096","1845318643879","1845318821618","17.9353","17.7739","0.16140000000000002","17.8781","1.1500000000000001","False","18.1847","17.947400000000002","18.1832","4.6298","22.4037","8","1","1","False","0"
"36832","2152058798096","1845318823232","1845318985667","16.4965","16.2435","0.253","17.0774","2.1588000000000003","False","18.1932","16.4049","18.1847","6.4096","22.653100000000002","8","1","1","False","0"
"36832","2152058798096","1845318988197","1845319164042","17.899700000000003","17.584500000000002","0.31520000000000004","18.0531","1.9629","False","12.0837","17.837500000000002","18.1932","6.765300000000001","24.349800000000002","8","1","1","False","0"
"36832","2152058798096","1845319167194","1845319339418","17.447","17.2224","0.22460000000000002","16.469","0.9325","False","18.193","17.5376","12.0837","1.3114000000000001","18.5338","8","1","1","False","0"
"36832","2152058798096","1845319341664","1845319512620","17.2985","17.0956","0.2029","17.782399999999996","1.4154","False","30.306800000000003","17.3202","18.193","2.1842","19.2798","8","1","1","False","0"
"36832","2152058798096","1845319514649","1845319776517","26.3686","26.1868","0.18180000000000002","27.2837","2.3161","False","18.192600000000002","26.3897","30.306800000000003","6.1013","32.2881","8","1","1","False","0"
"36832","2152058798096","1845319778335","1845319960653","18.426","18.2318","0.1942","17.8459","1.7528000000000001","False","18.1856","18.413600000000002","18.192600000000002","5.8803","24.1121","8","1","1","False","0"
"36832","2152058798096","1845319962595","1845320129356","16.9186","16.6761","0.24250000000000002","16.2321","1.0695000000000001","False","18.172900000000002","16.8703","18.1856","7.195600000000001","23.8717","8","1","1","False","0"
"36832","2152058798096","1845320131781","1845320344826","21.494","21.3045","0.1895","21.566100000000002","1.1409","False","18.157500000000002","21.547","18.172900000000002","3.8215000000000003","25.126","8","1","1","False","0"
"36832","2152058798096","1845320346721","1845320549398","20.561500000000002","20.2677","0.2938","20.4859","1.0803","False","18.2255","20.4572","18.157500000000002","1.5218","21.7895","8","1","1","False","0"
"36832","2152058798096","1845320552336","1845320702931","15.2211","15.0595","0.16160000000000002","15.2057","1.0255","False","18.175800000000002","15.3533","18.2255","4.394","19.453500000000002","8","1","1","False","0"
"36832","2152058798096","1845320704547","1845320881928","17.8754","17.7381","0.1373","18.53","1.6686","False","18.1492","17.8997","18.175800000000002","4.670100000000001","22.4082","8","1","1","False","0"
"36832","2152058798096","1845320883301","1845321081750","20.0328","19.844900000000003","0.1879","19.701700000000002","1.3577000000000001","False","18.2616","19.982200000000002","18.1492","2.8371","22.682000000000002","8","1","1","False","0"
"36832","2152058798096","1845321083629","1845321262347","18.0384","17.8718","0.1666","18.2595","1.5783","False","18.1039","18.0597","18.2616","3.039","20.910800000000002","8","1","1","False","0"
"36832","2152058798096","1845321264013","1845321454356","19.249100000000002","19.0343","0.21480000000000002","19.279500000000002","1.6069","False","18.206300000000002","19.2009","18.1039","1.9420000000000002","20.976300000000002","8","1","1","False","0"
"36832","2152058798096","1845321456504","1845321627990","17.2783","17.148600000000002","0.1297","16.8794","1.6123","False","18.169900000000002","17.363400000000002","18.206300000000002","2.7849","19.933500000000002","8","1","1","False","0"
"36832","2152058798096","1845321629287","1845321802521","17.4805","17.3234","0.15710000000000002","17.524","1.2461","False","18.175900000000002","17.4531","18.169900000000002","3.5017","20.825100000000003","8","1","1","False","0"
"36832","2152058798096","1845321804092","1845321992349","18.983700000000002","18.8257","0.158","19.1672","1.4112","False","18.1829","18.9828","18.175900000000002","2.6948000000000003","21.520500000000002","8","1","1","False","0"
"36832","2152058798096","1845321993929","1845322142900","15.1439","14.8971","0.24680000000000002","18.3179","4.6552","False","18.185100000000002","15.055100000000001","18.1829","5.8226","20.7197","8","1","1","False","0"
"36832","2152058798096","1845322145368","1845322340667","19.643500000000003","19.5299","0.1136","17.601200000000002","2.5418000000000003","False","18.158","19.7767","18.185100000000002","4.231","23.7609","8","1","1","False","0"
"36832","2152058798096","1845322341803","1845322496690","15.661200000000001","15.488700000000001","0.17250000000000001","15.820500000000001","2.7342","False","24.2843","15.602300000000001","18.158","6.786700000000001","22.2754","8","1","1","False","0"
"36832","2152058798096","1845322498415","1845322736393","23.978700000000003","23.797800000000002","0.1809","24.584100000000003","3.3235","False","12.100200000000001","23.9703","24.2843","7.100700000000001","30.898500000000002","8","1","1","False","0"
"36832","2152058798096","1845322738202","1845322897918","16.1327","15.9716","0.16110000000000002","14.2849","1.484","False","18.1951","16.1525","12.100200000000001","3.0484","19.02","8","1","1","False","0"
"36832","2152058798096","1845322899529","1845323063865","16.585800000000003","16.433600000000002","0.1522","16.4769","1.3628","False","18.172900000000002","16.5947","18.1951","4.6488000000000005","21.0824","8","1","1","False","0"
"36832","2152058798096","1845323065387","1845323227343","16.413700000000002","16.195600000000002","0.21810000000000002","19.7907","4.7818000000000005","False","18.164","16.3478","18.172900000000002","6.4739","22.6695","8","1","1","False","0"
"36832","2152058798096","1845323229524","1845323407292","17.9459","17.7768","0.1691","15.5728","2.3704","False","24.264000000000003","17.9949","18.164","6.643000000000001","24.419800000000002","8","1","1","False","0"
"36832","2152058798096","1845323408983","1845323644175","23.738300000000002","23.5192","0.21910000000000002","25.206300000000006","3.8483","False","12.1157","23.6883","24.264000000000003","7.2187","30.7379","8","1","1","False","0"
"36832","2152058798096","1845323646366","1845323806605","16.2206","16.0239","0.1967","13.9588","1.6078000000000001","False","18.194300000000002","16.243000000000002","12.1157","3.0914","19.1153","8","1","1","False","0"
"36832","2152058798096","1845323808572","1845323976153","16.880900000000004","16.758100000000002","0.1228","16.4277","1.4126","False","18.1564","16.954800000000002","18.194300000000002","4.330900000000001","21.089000000000002","8","1","1","False","0"
"36832","2152058798096","1845323977381","1845324132527","15.673700000000002","15.514600000000002","0.15910000000000002","16.7513","2.2058","False","24.2466","15.637400000000001","18.1564","6.849900000000001","22.3645","8","1","1","False","0"
"36832","2152058798096","1845324134118","1845324410392","27.8135","27.6274","0.18610000000000002","27.4087","1.8155000000000001","False","18.2076","27.7865","24.2466","3.31","30.9374","8","1","1","False","0"
"36832","2152058798096","1845324412253","1845324572230","16.1863","15.9977","0.18860000000000002","15.825700000000001","1.4583000000000002","False","18.181900000000002","16.1838","18.2076","5.3338","21.331500000000002","8","1","1","False","0"
"36832","2152058798096","1845324574116","1845324734696","16.2814","16.058","0.22340000000000002","17.2022","2.3890000000000002","False","12.1114","16.2466","18.181900000000002","7.269100000000001","23.3271","8","1","1","False","0"
"36832","2152058798096","1845324736930","1845324889824","15.507100000000001","15.2894","0.2177","14.3323","1.2172","False","18.1799","15.5128","12.1114","3.8677","19.1571","8","1","1","False","0"
"36832","2152058798096","1845324892001","1845325062673","17.2838","17.0672","0.21660000000000001","17.2807","1.2073","False","12.1232","17.2849","18.1799","4.762700000000001","21.829900000000002","8","1","1","False","0"
"36832","2152058798096","1845325064839","1845325194423","13.098700000000001","12.958400000000001","0.1403","13.373800000000001","1.4372","False","18.1918","13.175","12.1232","3.7109","16.6693","8","1","1","False","0"
"36832","2152058798096","1845325195826","1845325352315","15.803700000000001","15.648900000000001","0.15480000000000002","16.4387","2.0911","False","12.0929","15.789200000000001","18.1918","6.1135","21.7624","8","1","1","False","0"
"36832","2152058798096","1845325353863","1845325502032","15.0198","14.8169","0.2029","14.657","1.7401","False","18.1991","14.9717","12.0929","3.2347","18.0516","8","1","1","False","0"
"36832","2152058798096","1845325504061","1845325677903","17.5874","17.3842","0.20320000000000002","17.642300000000002","1.8145","False","18.2146","17.5871","18.1991","3.8467000000000002","21.230900000000002","8","1","1","False","0"
"36832","2152058798096","1845325679935","1845325830589","15.297600000000001","15.0654","0.23220000000000002","17.7468","4.2535","False","24.212","15.268600000000001","18.2146","6.7927","21.8581","8","1","1","False","0"
"36832","2152058798096","1845325832911","1845326072003","24.1719","23.909200000000002","0.2627","24.8415","4.9431","False","18.192","24.1414","24.212","6.863300000000001","30.7725","8","1","1","False","0"
"36832","2152058798096","1845326074630","1845326260014","19.147199999999998","18.5384","0.6088","16.2489","2.1287000000000003","False","12.1262","18.8011","18.192","6.2542","24.7926","8","1","1","False","0"
"36832","2152058798096","1845326266102","1845326411601","14.7149","14.549900000000001","0.165","13.973600000000001","1.5922","False","18.171200000000002","15.158700000000001","12.1262","3.2217000000000002","17.7716","8","1","1","False","0"
"36832","2152058798096","1845326413251","1845326580972","16.9689","16.772100000000002","0.1968","17.387900000000002","1.7058","False","18.186400000000003","16.9371","18.171200000000002","4.4558","21.2279","8","1","1","False","0"
"36832","2152058798096","1845326582940","1845326752653","17.1555","16.9713","0.1842","17.1344","1.6607","False","12.0922","17.168100000000003","18.186400000000003","5.4741","22.4454","8","1","1","False","0"
"36832","2152058798096","1845326754495","1845326896288","14.3641","14.179300000000001","0.18480000000000002","14.1182","1.4332","False","18.197200000000002","14.3635","12.0922","3.2028000000000003","17.3821","8","1","1","False","0"
"36832","2152058798096","1845326898136","1845327080922","18.4516","18.2786","0.17300000000000001","18.349700000000002","1.3242","False","18.1764","18.4634","18.197200000000002","2.9366000000000003","21.2152","8","1","1","False","0"
"36832","2152058798096","1845327082652","1845327223593","14.2629","14.094100000000001","0.1688","18.442600000000002","5.4995","False","18.1921","14.267100000000001","18.1764","6.8459","20.94","8","1","1","False","0"
"36832","2152058798096","1845327225281","1845327395924","17.3649","17.0643","0.30060000000000003","13.3984","1.5426","False","12.0988","17.2331","18.1921","7.8049","24.869200000000003","8","1","1","False","0"
"36832","2152058798096","1845327398930","1845327532265","13.4692","13.3335","0.13570000000000002","17.5226","5.5699000000000005","False","24.262700000000002","13.6341","12.0988","6.2696000000000005","19.6031","8","1","1","False","0"
"36832","2152058798096","1845327533622","1845327791559","25.9644","25.7937","0.17070000000000002","23.303","2.9299","False","18.171200000000002","25.9294","24.262700000000002","4.6029","30.396600000000003","8","1","1","False","0"
"36832","2152058798096","1845327793266","1845327959683","16.774","16.6417","0.1323","18.7911","4.9195","False","12.1042","16.8124","18.171200000000002","5.9617","22.6034","8","1","1","False","0"
"36832","2152058798096","1845327961006","1845328120594","16.1628","15.9588","0.20400000000000001","12.972700000000001","1.7525000000000002","False","18.194000000000003","16.0911","12.1042","1.9748","17.933600000000002","8","1","1","False","0"
"36832","2152058798096","1845328122634","1845328298446","17.797000000000004","17.581200000000003","0.21580000000000002","17.7145","1.6891","False","18.1807","17.7852","18.194000000000003","2.3836","19.9648","8","1","1","False","0"
"36832","2152058798096","1845328300604","1845328435912","13.6719","13.530800000000001","0.1411","16.697200000000002","4.6792","False","12.1491","13.7466","18.1807","6.8177","20.3485","8","1","1","False","0"
"36832","2152058798096","1845328437323","1845328576090","14.038800000000002","13.876700000000001","0.1621","10.5669","1.6464","False","18.1736","14.017800000000001","12.1491","4.949","18.8257","8","1","1","False","0"
"36832","2152058798096","1845328577711","1845328735309","16.0372","15.7598","0.27740000000000004","17.608800000000002","2.8449","False","12.0861","15.9219","18.1736","7.2007","22.9605","8","1","1","False","0"
"36832","2152058798096","1845328738083","1845328871842","13.613000000000001","13.375900000000001","0.2371","12.8436","2.0427","False","18.191100000000002","13.6533","12.0861","5.633500000000001","19.0094","8","1","1","False","0"
"36832","2152058798096","1845328874213","1845329084849","21.3476","21.0636","0.28400000000000003","20.856","1.5975000000000001","False","18.186400000000003","21.300700000000003","18.191100000000002","2.5239000000000003","23.587500000000002","8","1","1","False","0"
"36832","2152058798096","1845329087689","1845329268449","18.3142","18.076","0.23820000000000002","18.4692","1.6995","False","24.264200000000002","18.36","18.186400000000003","2.3503000000000003","20.4263","8","1","1","False","0"
"36832","2152058798096","1845329270831","1845329476461","20.820300000000003","20.563000000000002","0.25730000000000003","21.2131","2.1168","False","18.1656","20.8012","24.264200000000002","5.8133","26.3763","8","1","1","False","0"
"36832","2152058798096","1845329479034","1845329689053","21.2326","21.001900000000003","0.23070000000000002","20.6197","1.4956","False","24.2423","21.2592","18.1656","2.7197","23.721600000000002","8","1","1","False","0"
"36832","2152058798096","1845329691360","1845329920968","23.1841","22.960800000000003","0.2233","23.6767","1.9817","False","24.274","23.1915","24.2423","3.7705","26.7313","8","1","1","False","0"
"36832","2152058798096","1845329923201","1845330126210","20.5455","20.300900000000002","0.2446","20.535600000000002","1.9852","False","18.1762","20.5242","24.274","7.520300000000001","27.8212","8","1","1","False","0"
"36832","2152058798096","1845330128656","1845330330864","20.4346","20.2208","0.21380000000000002","20.0565","1.5768","False","18.1493","20.465400000000002","18.1762","5.2311000000000005","25.451900000000002","8","1","1","False","0"
"36832","2152058798096","1845330333002","1845330536575","20.618900000000004","20.357300000000002","0.2616","20.747400000000003","1.7386000000000001","False","24.2876","20.5711","18.1493","2.8093000000000004","23.166600000000003","8","1","1","False","0"
"36832","2152058798096","1845330539191","1845330738899","20.1975","19.9708","0.2267","22.3217","3.8523","False","18.137","20.232400000000002","24.2876","6.8645000000000005","26.8353","8","1","1","False","0"
"36832","2152058798096","1845330741166","1845330962739","22.3798","22.1573","0.2225","20.2252","1.6884000000000001","False","18.184900000000003","22.384","18.137","2.6175","24.774800000000003","8","1","1","False","0"
"36832","2152058798096","1845330964964","1845331148276","18.537800000000004","18.331200000000003","0.2066","17.925","1.5039","False","18.1687","18.5537","18.184900000000003","2.2487","20.579900000000002","8","1","1","False","0"
"36832","2152058798096","1845331150342","1845331322074","17.3264","17.1732","0.1532","17.7376","1.4573","False","36.3694","17.3798","18.1687","3.0376000000000003","20.210800000000003","8","1","1","False","0"
"36832","2152058798096","1845331323606","1845331684374","36.3009","36.0768","0.22410000000000002","37.1972","2.4001","False","18.2077","36.230000000000004","36.3694","3.177","39.253800000000005","8","1","1","False","0"
"36832","2152058798096","1845331686615","1845331859971","17.5347","17.3356","0.1991","16.439","1.2776","False","24.2622","17.5597","18.2077","3.825","21.160600000000002","8","1","1","False","0"
"36832","2152058798096","1845331861962","1845332082107","22.227200000000003","22.0145","0.2127","23.339000000000002","2.4085","False","18.172","22.2136","24.2622","5.873600000000001","27.8881","8","1","1","False","0"
"36832","2152058798096","1845332084234","1845332266652","18.4858","18.2418","0.24400000000000002","18.1068","2.0298000000000003","False","18.1461","18.4545","18.172","5.5911","23.832900000000002","8","1","1","False","0"
"36832","2152058798096","1845332269092","1845332446404","17.997600000000002","17.7312","0.2664","19.5042","3.5545","False","36.3889","17.9752","18.1461","5.7620000000000005","23.4932","8","1","1","False","0"
"36832","2152058798096","1845332449068","1845332819634","37.2167","37.0566","0.16010000000000002","35.466","1.741","False","18.1811","37.323","36.3889","4.8279000000000005","41.8845","8","1","1","False","0"
"36832","2152058798096","1845332821235","1845332985525","16.622200000000003","16.429000000000002","0.1932","17.224","2.3664","False","18.1572","16.589100000000002","18.1811","6.4199","22.8489","8","1","1","False","0"
"36832","2152058798096","1845332987457","1845333213921","22.8538","22.6464","0.2074","21.9479","1.461","False","18.189","22.8396","18.1572","1.7375","24.3839","8","1","1","False","0"
"36832","2152058798096","1845333215995","1845333394558","18.090600000000002","17.8563","0.2343","18.0499","1.4317","False","30.3292","18.0637","18.189","1.8628","19.7191","8","1","1","False","0"
"36832","2152058798096","1845333396901","1845333661675","26.683500000000002","26.477400000000003","0.2061","27.7345","2.4925","False","24.247500000000002","26.7117","30.3292","5.480300000000001","31.957700000000003","8","1","1","False","0"
"36832","2152058798096","1845333663736","1845333889681","22.7653","22.5945","0.1708","24.1353","3.8289","False","18.1658","22.800600000000003","24.247500000000002","6.9272","29.521700000000003","8","1","1","False","0"
"36832","2152058798096","1845333891389","1845334101138","21.2161","20.9749","0.2412","18.701900000000002","1.832","False","24.258200000000002","21.1457","18.1658","3.9473000000000003","24.9222","8","1","1","False","0"
"36832","2152058798096","1845334103550","1845334328536","22.7091","22.4986","0.21050000000000002","23.627499999999998","2.2705","False","24.2253","22.739800000000002","24.258200000000002","5.4657","27.9643","8","1","1","False","0"
"36832","2152058798096","1845334330641","1845334586175","25.7632","25.5534","0.20980000000000001","25.084500000000002","1.5614000000000001","False","18.1585","25.7639","24.2253","3.9271000000000003","29.480500000000003","8","1","1","False","0"
"36832","2152058798096","1845334588273","1845334786010","20.0592","19.7737","0.28550000000000003","19.8091","1.3632","False","18.1822","19.9835","18.1585","2.1021","21.8758","8","1","1","False","0"
"36832","2152058798096","1845334788865","1845334963631","17.7042","17.4766","0.22760000000000002","17.837400000000002","1.4733","False","24.2496","17.7621","18.1822","2.5222","19.9988","8","1","1","False","0"
"36832","2152058798096","1845334965907","1845335194643","23.0219","22.8736","0.14830000000000002","23.5779","1.9886000000000001","False","24.271800000000002","23.101200000000002","24.2496","3.6706000000000003","26.5442","8","1","1","False","0"
"36832","2152058798096","1845335196126","1845335409058","21.516000000000002","21.293200000000002","0.2228","22.6235","3.1238","False","18.1662","21.4415","24.271800000000002","6.500900000000001","27.7941","8","1","1","False","0"
"36832","2152058798096","1845335411286","1845335609646","20.040300000000002","19.836000000000002","0.2043","18.1274","1.2032","False","18.1604","20.0588","18.1662","4.6083","24.444300000000002","8","1","1","False","0"
"36832","2152058798096","1845335611689","1845335817792","20.792600000000004","20.610300000000002","0.18230000000000002","21.0226","1.4232","False","30.3426","20.814600000000002","18.1604","1.9541000000000002","22.564400000000003","8","1","1","False","0"
"36832","2152058798096","1845335819615","1845336065518","24.8729","24.590300000000003","0.2826","26.2333","2.8337000000000003","False","18.1924","24.7726","30.3426","7.524100000000001","32.1144","8","1","1","False","0"
"36832","2152058798096","1845336068344","1845336246695","17.9982","17.8351","0.1631","18.886100000000003","3.6626000000000003","False","12.089500000000001","18.1177","18.1924","7.598800000000001","25.4339","8","1","1","False","0"
"36832","2152058798096","1845336248326","1845336413510","16.6806","16.5184","0.1622","14.435300000000002","1.4128","False","18.1711","16.6815","12.089500000000001","3.0068","19.5252","8","1","1","False","0"
"36832","2152058798096","1845336415132","1845336608256","19.4833","19.3124","0.1709","19.5788","1.5163","False","18.1918","19.474600000000002","18.1711","1.7033","21.015700000000002","8","1","1","False","0"
"36832","2152058798096","1845336609965","1845336769919","16.1723","15.9954","0.1769","16.6108","1.9462000000000002","False","18.1999","16.1663","18.1918","3.7288","19.7242","8","1","1","False","0"
"36832","2152058798096","1845336771688","1845336947629","17.7394","17.5941","0.1453","16.7803","1.3847","False","24.248800000000003","17.771","18.1999","4.1577","21.7518","8","1","1","False","0"
"36832","2152058798096","1845336949082","1845337159288","21.2402","21.0206","0.21960000000000002","23.002000000000002","2.7844","False","12.0798","21.1659","24.248800000000003","7.240600000000001","28.261200000000002","8","1","1","False","0"
"36832","2152058798096","1845337161484","1845337328233","16.825200000000002","16.6749","0.15030000000000002","15.4929","1.4195","False","18.204900000000002","16.8945","12.0798","2.4259","19.1008","8","1","1","False","0"
"36832","2152058798096","1845337329736","1845337491830","16.364","16.209400000000002","0.15460000000000002","16.6702","1.7278","False","18.1565","16.3597","18.204900000000002","4.271100000000001","20.4805","8","1","1","False","0"
"36832","2152058798096","1845337493376","1845337698207","20.7452","20.4831","0.2621","20.2207","1.2621","False","24.2768","20.637700000000002","18.1565","1.7899","22.273","8","1","1","False","0"
"36832","2152058798096","1845337700828","1845337894677","19.718300000000003","19.384900000000002","0.33340000000000003","21.3455","2.8979","False","12.0969","19.647000000000002","24.2768","6.419700000000001","25.8046","8","1","1","False","0"
"36832","2152058798096","1845337898011","1845338046898","15.0531","14.8887","0.16440000000000002","14.524000000000001","2.2941000000000003","False","24.2772","15.222100000000001","12.0969","3.2945","18.1832","8","1","1","False","0"
"36832","2152058798096","1845338048542","1845338238370","19.218","18.9828","0.23520000000000002","22.583000000000002","5.7053","False","18.191300000000002","19.1472","24.2772","8.4245","27.407300000000003","8","1","1","False","0"
"36832","2152058798096","1845338240722","1845338445791","20.791500000000003","20.5069","0.2846","17.1845","2.1361","False","18.1512","20.7421","18.191300000000002","5.8737","26.3806","8","1","1","False","0"
"36832","2152058798096","1845338448637","1845338642734","19.605600000000003","19.4097","0.19590000000000002","19.666900000000002","2.1305","False","24.2696","19.694300000000002","18.1512","4.3306000000000004","23.7403","8","1","1","False","0"
"36832","2152058798096","1845338644693","1845338843563","20.0337","19.887","0.1467","22.4185","4.505","False","24.209600000000002","20.082900000000002","24.2696","8.5173","28.404300000000003","8","1","1","False","0"
"36832","2152058798096","1845338845030","1845339116134","27.4156","27.110400000000002","0.3052","25.8453","3.0306","False","18.1784","27.2571","24.209600000000002","5.4698","32.580200000000005","8","1","1","False","0"
"36832","2152058798096","1845339119186","1845339323359","20.6143","20.4173","0.197","18.9143","1.2494","False","24.257900000000003","20.7225","18.1784","2.9257","23.343","8","1","1","False","0"
"36832","2152058798096","1845339325329","1845339560676","23.7411","23.5347","0.2064","24.2314","1.7459","False","24.2239","23.7317","24.257900000000003","3.4519","26.986600000000003","8","1","1","False","0"
"36832","2152058798096","1845339562740","1845339790175","22.915000000000003","22.7435","0.1715","25.0685","3.8956000000000004","False","30.3307","22.9499","24.2239","4.7259","27.4694","8","1","1","False","0"
"36832","2152058798096","1845339791890","1845340022854","23.371900000000004","23.096400000000003","0.2755","25.6764","6.2286","False","12.0896","23.2679","30.3307","11.7887","34.8851","8","1","1","False","0"
"36832","2152058798096","1845340025609","1845340193096","16.9572","16.7487","0.20850000000000002","11.737","1.4253","False","18.191200000000002","17.0242","12.0896","6.854100000000001","23.602800000000002","8","1","1","False","0"
"36832","2152058798096","1845340195181","1845340425739","23.217200000000002","23.0558","0.16140000000000002","23.6631","1.4115","False","30.3226","23.264300000000002","18.191200000000002","1.7810000000000001","24.8368","8","1","1","False","0"
"36832","2152058798096","1845340427353","1845340659491","23.497500000000002","23.213800000000003","0.2837","25.395","3.3579000000000003","False","18.176000000000002","23.3752","30.3226","8.7284","31.942200000000003","8","1","1","False","0"
"36832","2152058798096","1845340662328","1845340857128","19.6627","19.48","0.1827","17.5518","1.2136","False","18.1784","19.7637","18.176000000000002","7.140700000000001","26.620700000000003","8","1","1","False","0"
"36832","2152058798096","1845340858955","1845341062687","20.5284","20.3732","0.1552","22.3716","3.0401000000000002","False","24.2436","20.5559","18.1784","4.7632","25.136400000000002","8","1","1","False","0"
"36832","2152058798096","1845341064239","1845341309568","24.680300000000003","24.5329","0.1474","22.8851","1.2305000000000001","False","24.2548","24.688100000000002","24.2436","4.318700000000001","28.8516","8","1","1","False","0"
"36832","2152058798096","1845341311042","1845341525107","21.6767","21.4065","0.2702","24.1822","3.8137000000000003","False","18.165300000000002","21.553900000000002","24.2548","7.0196000000000005","28.4261","8","1","1","False","0"
"36832","2152058798096","1845341527809","1845341719277","19.448700000000002","19.146800000000002","0.3019","20.142300000000002","4.5198","False","18.1673","19.417","18.165300000000002","5.7679","24.9147","8","1","1","False","0"
"36832","2152058798096","1845341722296","1845341895062","17.48","17.276600000000002","0.2034","18.1863","5.1736","False","42.4283","17.578500000000002","18.1673","6.3567","23.633300000000002","8","1","1","False","0"
"36832","2152058798096","1845341897096","1845342303061","40.888799999999996","40.5965","0.2923","37.5505","1.8732000000000002","False","18.2112","40.7999","42.4283","7.9851","48.5816","8","1","1","False","0"
"36832","2152058798096","1845342305984","1845342516708","21.2986","21.072400000000002","0.2262","20.785700000000002","1.2913000000000001","False","18.1991","21.364700000000003","18.2112","4.8316","25.904","8","1","1","False","0"
"36832","2152058798096","1845342518970","1845342672853","15.606100000000001","15.388300000000001","0.21780000000000002","15.682","1.4206","False","18.1657","15.614500000000001","18.1991","7.416200000000001","22.8045","8","1","1","False","0"
"36832","2152058798096","1845342675031","1845342861385","18.852800000000002","18.6354","0.2174","21.1129","3.6662000000000003","False","18.1767","18.8532","18.1657","6.7287","25.3641","8","1","1","False","0"
"36832","2152058798096","1845342863559","1845343049575","18.9466","18.6016","0.34500000000000003","19.2496","4.6827000000000005","False","18.183600000000002","18.819000000000003","18.1767","6.0864","24.688000000000002","8","1","1","False","0"
"36832","2152058798096","1845343053025","1845343216770","16.693900000000003","16.3745","0.3194","14.126900000000001","1.456","False","12.098600000000001","16.7195","18.183600000000002","7.5505","23.925","8","1","1","False","0"
"36832","2152058798096","1845343219964","1845343380368","16.317600000000002","16.0404","0.2772","16.1721","1.2635","False","18.1753","16.3598","12.098600000000001","3.2893000000000003","19.329700000000003","8","1","1","False","0"
"36832","2152058798096","1845343383140","1845343539087","15.831400000000002","15.594700000000001","0.23670000000000002","16.704800000000002","2.1446","False","24.2834","15.8719","18.1753","5.592700000000001","21.1874","8","1","1","False","0"
"36832","2152058798096","1845343541454","1845343774691","23.794100000000004","23.323700000000002","0.47040000000000004","24.3209","2.8494","False","12.0714","23.5604","24.2834","6.3157000000000005","29.639400000000002","8","1","1","False","0"
"36832","2152058798096","1845343779395","1845343934603","15.753800000000002","15.520800000000001","0.233","14.8367","1.7592","False","24.276600000000002","15.991200000000001","12.0714","2.3959","17.916700000000002","8","1","1","False","0"
"36832","2152058798096","1845343936933","1845344109192","17.4741","17.2259","0.2482","18.9127","3.2187","False","24.259600000000002","17.4589","24.276600000000002","9.2136","26.439500000000002","8","1","1","False","0"
"36832","2152058798096","1845344111674","1845344394000","28.4383","28.2326","0.20570000000000002","26.89","1.624","False","18.1396","28.480800000000002","24.259600000000002","4.9924","33.225","8","1","1","False","0"
"36832","2152058798096","1845344396057","1845344575783","18.1512","17.9726","0.1786","20.4414","3.9242000000000004","False","24.2685","18.1783","18.1396","4.9537","22.9263","8","1","1","False","0"
"36832","2152058798096","1845344577569","1845344788852","21.820999999999998","21.1283","0.6927","19.3017","1.4303000000000001","False","18.1649","21.306900000000002","24.2685","7.9153","29.0436","8","1","1","False","0"
"36832","2152058798096","1845344795779","1845345001697","20.7729","20.5918","0.1811","22.985","3.5847","False","18.1722","21.2845","18.1649","4.7957","25.387500000000003","8","1","1","False","0"
"36832","2152058798096","1845345003508","1845345175343","17.448300000000003","17.183500000000002","0.26480000000000004","18.6594","4.8586","False","18.195700000000002","17.3646","18.1722","5.6033","22.7868","8","1","1","False","0"
"36832","2152058798096","1845345177991","1845345372000","19.632","19.4009","0.2311","17.8652","3.0669","False","18.1815","19.6657","18.195700000000002","4.1333","23.534200000000002","8","1","1","False","0"
"36832","2152058798096","1845345374311","1845345555891","18.452","18.158","0.29400000000000004","17.4836","2.1011","False","30.289900000000003","18.3891","18.1815","3.9257","22.0837","8","1","1","False","0"
"36832","2152058798096","1845345558831","1845345876470","31.934600000000003","31.763900000000003","0.17070000000000002","31.4006","1.5304","False","24.245","32.057900000000004","30.289900000000003","2.1577","33.921600000000005","8","1","1","False","0"
"36832","2152058798096","1845345878177","1845346070850","19.4415","19.267300000000002","0.17420000000000002","23.029","5.4527","False","18.180500000000002","19.438000000000002","24.245","6.964700000000001","26.232000000000003","8","1","1","False","0"
"36832","2152058798096","1845346072592","1845346264493","19.424","19.1901","0.23390000000000002","18.6891","4.4053","False","18.1754","19.3643","18.180500000000002","5.7809","24.971","8","1","1","False","0"
"36832","2152058798096","1845346266832","1845346459077","19.376700000000003","19.224500000000003","0.1522","18.7496","3.7406","False","18.2038","19.4584","18.1754","4.4979000000000005","23.7224","8","1","1","False","0"
"36832","2152058798096","1845346460599","1845346625305","16.7421","16.4706","0.2715","16.776","3.8355","False","18.159200000000002","16.6228","18.2038","6.0789","22.549500000000002","8","1","1","False","0"
"36832","2152058798096","1845346628020","1845346810468","18.5395","18.2448","0.2947","16.8181","2.1016","False","30.3258","18.5163","18.159200000000002","5.7218","23.9666","8","1","1","False","0"
"36832","2152058798096","1845346813415","1845347093780","28.3273","28.0365","0.2908","28.1239","1.9169","False","12.138100000000001","28.331200000000003","30.3258","7.7164","35.752900000000004","8","1","1","False","0"
"36832","2152058798096","1845347096688","1845347223988","12.8896","12.73","0.15960000000000002","15.8628","4.8322","False","30.292","13.020800000000001","12.138100000000001","6.8337","19.5637","8","1","1","False","0"
"36832","2152058798096","1845347225584","1845347514364","29.0686","28.878","0.19060000000000002","26.4266","2.2006","False","12.0738","29.0376","30.292","8.0881","36.966100000000004","8","1","1","False","0"
"36832","2152058798096","1845347516270","1845347695781","18.1807","17.9511","0.2296","17.761300000000002","1.8015","False","18.2068","18.1417","12.0738","2.0202","19.9713","8","1","1","False","0"
"36832","2152058798096","1845347698077","1845347862070","16.5472","16.3993","0.1479","17.890800000000002","3.1152","False","30.293200000000002","16.6289","18.2068","3.5981","19.997400000000003","8","1","1","False","0"
"36832","2152058798096","1845347863549","1845348150902","28.892300000000002","28.735300000000002","0.157","29.977900000000005","4.7798","False","24.244600000000002","28.883200000000002","30.293200000000002","5.008100000000001","33.7434","8","1","1","False","0"
"36832","2152058798096","1845348152472","1845348368425","21.7315","21.5953","0.13620000000000002","19.024900000000002","1.4956","False","18.1938","21.7523","24.244600000000002","7.5004","29.0957","8","1","1","False","0"
"36832","2152058798096","1845348369787","1845348557781","18.974400000000003","18.799400000000002","0.17500000000000002","20.184","2.7244","False","12.119200000000001","18.9356","18.1938","6.7586","25.558","8","1","1","False","0"
"36832","2152058798096","1845348559531","1845348695810","13.820500000000001","13.6279","0.19260000000000002","14.4245","3.3107","False","12.1186","13.802900000000001","12.119200000000001","5.0749","18.7028","8","1","1","False","0"
"36832","2152058798096","1845348697736","1845348841595","14.5501","14.385900000000001","0.1642","12.3823","1.5785","False","18.2279","14.5785","12.1186","2.615","17.0009","8","1","1","False","0"
"36832","2152058798096","1845348843237","1845348976077","13.442","13.284","0.158","17.479","5.1917","False","24.1962","13.4482","18.2279","7.3947","20.678700000000003","8","1","1","False","0"
"36832","2152058798096","1845348977657","1845349262914","28.6646","28.5257","0.1389","25.4161","1.9255","False","18.1798","28.6837","24.1962","2.9072","31.4329","8","1","1","False","0"
"36832","2152058798096","1845349264303","1845349434850","17.195","17.0547","0.1403","18.0338","2.7528","False","18.19","17.1936","18.1798","3.8934","20.9481","8","1","1","False","0"
"36832","2152058798096","1845349436253","1845349614822","17.9936","17.8569","0.13670000000000002","16.5382","1.3106","False","18.195","17.9972","18.19","4.0862","21.9431","8","1","1","False","0"
"36832","2152058798096","1845349616189","1845349766074","15.187","14.9885","0.1985","17.0923","3.2434000000000003","False","12.0914","15.125200000000001","18.195","7.156000000000001","22.1445","8","1","1","False","0"
"36832","2152058798096","1845349768059","1845349932755","16.6341","16.4696","0.1645","15.105600000000003","1.6978","False","18.2089","16.6681","12.0914","2.5793","19.0489","8","1","1","False","0"
"36832","2152058798096","1845349934400","1845350085926","15.403800000000002","15.152600000000001","0.25120000000000003","16.3095","2.6377","False","18.1762","15.3171","18.2089","5.4711","20.6237","8","1","1","False","0"
"36832","2152058798096","1845350088438","1845350267623","18.0944","17.9185","0.1759","18.1022","2.6351","False","12.1196","18.169700000000002","18.1762","5.477600000000001","23.3961","8","1","1","False","0"
"36832","2152058798096","1845350269382","1845350408330","14.0387","13.8948","0.1439","12.960700000000001","1.5283","False","18.1886","14.0707","12.1196","3.5265","17.421300000000002","8","1","1","False","0"
"36832","2152058798096","1845350409769","1845350580456","17.186799999999998","17.0687","0.11810000000000001","17.0471","1.368","False","18.163800000000002","17.212600000000002","18.1886","4.5025","21.5712","8","1","1","False","0"
"36832","2152058798096","1845350581637","1845350737433","15.7444","15.579600000000001","0.1648","17.8027","3.4447","False","30.335900000000002","15.697700000000001","18.163800000000002","6.9686","22.5482","8","1","1","False","0"
"36832","2152058798096","1845350739081","1845351056641","31.9051","31.756","0.1491","31.198900000000002","2.7322","False","12.082500000000001","31.9208","30.335900000000002","5.3837","37.139700000000005","8","1","1","False","0"
"36832","2152058798096","1845351058132","1845351212223","15.6241","15.4091","0.215","14.341000000000001","1.4897","False","24.271","15.558200000000001","12.082500000000001","1.9080000000000001","17.3171","8","1","1","False","0"
"36832","2152058798096","1845351214373","1845351403002","19.0466","18.8629","0.1837","18.657400000000003","1.4991","False","12.1288","19.0779","24.271","7.101100000000001","25.964000000000002","8","1","1","False","0"
"36832","2152058798096","1845351404839","1845351549866","14.692300000000001","14.5027","0.18960000000000002","14.9257","1.3482","False","12.075800000000001","14.6864","12.1288","4.5435","19.046200000000002","8","1","1","False","0"
"36832","2152058798096","1845351551762","1845351695946","14.5737","14.4184","0.1553","14.942400000000001","1.6606","False","18.2134","14.608","12.075800000000001","2.0113000000000003","16.4297","8","1","1","False","0"
"36832","2152058798096","1845351697499","1845351854384","15.9151","15.688500000000001","0.22660000000000002","16.2345","2.0341","False","18.1845","15.8438","18.2134","4.3809000000000005","20.0694","8","1","1","False","0"
"36832","2152058798096","1845351856650","1845352010517","15.554400000000001","15.386700000000001","0.16770000000000002","16.664","3.0982000000000003","False","12.146500000000001","15.6133","18.1845","6.952100000000001","22.338800000000003","8","1","1","False","0"
"36832","2152058798096","1845352012194","1845352157602","14.737","14.5408","0.1962","12.82","1.1707","False","18.1628","14.7085","12.146500000000001","4.3901","18.9309","8","1","1","False","0"
"36832","2152058798096","1845352159564","1845352328934","17.0917","16.937","0.1547","18.2411","2.335","False","18.1968","17.133200000000002","18.1628","5.419700000000001","22.3567","8","1","1","False","0"
"36832","2152058798096","1845352330481","1845352494325","16.6105","16.3844","0.22610000000000002","15.8566","1.6107","False","12.080400000000001","16.5391","18.1968","7.0774","23.4618","8","1","1","False","0"
"36832","2152058798096","1845352496586","1845352629768","13.5182","13.318200000000001","0.2","14.703","2.7763","False","24.2378","13.5443","12.080400000000001","5.6135","18.9317","8","1","1","False","0"
"36832","2152058798096","1845352631768","1845352904287","27.391400000000004","27.251900000000003","0.1395","26.4847","1.8490000000000002","False","24.271900000000002","27.451900000000002","24.2378","2.3994","29.651300000000003","8","1","1","False","0"
"36832","2152058798096","1845352905682","1845353107608","20.334000000000003","20.192600000000002","0.1414","21.4619","2.9765","False","12.114600000000001","20.3321","24.271900000000002","6.3392","26.5318","8","1","1","False","0"
"36832","2152058798096","1845353109022","1845353256168","14.939100000000002","14.7146","0.2245","13.667200000000001","1.7333","False","18.1771","14.856","12.114600000000001","3.5978000000000003","18.3124","8","1","1","False","0"
"36832","2152058798096","1845353258413","1845353412317","15.544100000000002","15.390400000000001","0.1537","16.9134","3.0757000000000003","False","12.1311","15.6149","18.1771","6.16","21.5504","8","1","1","False","0"
"36832","2152058798096","1845353413854","1845353551887","13.916","13.8033","0.11270000000000001","11.974","1.4144","False","18.185100000000002","13.957","12.1311","4.3341","18.1374","8","1","1","False","0"
"36832","2152058798096","1845353553014","1845353727494","17.5649","17.448","0.1169","18.2331","1.7845","False","18.1771","17.5607","18.185100000000002","4.9585","22.4065","8","1","1","False","0"
"36832","2152058798096","1845353728663","1845353909909","18.2605","18.1246","0.1359","18.1858","1.7114","False","18.191200000000002","18.241500000000002","18.1771","4.8941","23.018700000000003","8","1","1","False","0"
"36832","2152058798096","1845353911268","1845354071626","16.1776","16.035800000000002","0.1418","17.8845","3.4321","False","18.1685","16.1717","18.191200000000002","6.913600000000001","22.9494","8","1","1","False","0"
"36832","2152058798096","1845354073044","1845354254953","18.3818","18.1909","0.19090000000000001","17.5272","2.6065","False","12.1255","18.3327","18.1685","6.7494000000000005","24.9403","8","1","1","False","0"
"36832","2152058798096","1845354256862","1845354382740","12.752100000000002","12.587800000000001","0.1643","12.7325","2.5708","False","12.098600000000001","12.7787","12.1255","6.0962000000000005","18.684","8","1","1","False","0"
"36832","2152058798096","1845354384383","1845354528225","14.5487","14.3842","0.1645","13.656600000000001","1.6784000000000001","False","18.2016","14.5485","12.098600000000001","3.6463","18.0305","8","1","1","False","0"
"36832","2152058798096","1845354529870","1845354675976","14.798700000000002","14.610600000000002","0.18810000000000002","14.741000000000001","1.6441000000000001","False","12.1354","14.7751","18.2016","7.0728","21.683400000000002","8","1","1","False","0"
"36832","2152058798096","1845354677857","1845354799122","12.293","12.1265","0.1665","13.3369","2.6659","False","12.0729","12.3146","12.1354","6.8936","19.0201","8","1","1","False","0"
"36832","2152058798096","1845354800787","1845354959524","16.0124","15.873700000000001","0.13870000000000002","14.7604","1.4011","False","18.1861","16.040200000000002","12.0729","2.9263000000000003","18.8","8","1","1","False","0"
"36832","2152058798096","1845354960911","1845355143943","18.4555","18.3032","0.15230000000000002","18.7982","1.7418","False","18.207900000000002","18.4419","18.1861","2.6705","20.9737","8","1","1","False","0"
"36832","2152058798096","1845355145466","1845355288947","14.5036","14.3481","0.1555","15.4062","2.6569000000000003","False","12.1193","14.5004","18.207900000000002","6.378","20.726100000000002","8","1","1","False","0"
"36832","2152058798096","1845355290502","1845355424533","13.5274","13.4031","0.12430000000000001","12.3872","1.4965000000000002","False","12.0949","13.5586","12.1193","4.9387","18.3418","8","1","1","False","0"
"36832","2152058798096","1845355425776","1845355569246","14.495500000000002","14.347000000000001","0.14850000000000002","14.6859","1.7017","False","18.207800000000002","14.471300000000001","12.0949","2.5623","16.9093","8","1","1","False","0"
"36832","2152058798096","1845355570731","1845355712536","14.4228","14.1805","0.24230000000000002","15.514300000000002","2.8471","False","12.1175","14.329","18.207800000000002","6.4411000000000005","20.6216","8","1","1","False","0"
"36832","2152058798096","1845355714959","1845355832911","11.919100000000002","11.795200000000001","0.12390000000000001","12.408100000000001","3.5714","False","12.100800000000001","12.037500000000001","12.1175","6.521100000000001","18.316300000000002","8","1","1","False","0"
"36832","2152058798096","1845355834150","1845355998200","16.5397","16.405","0.13470000000000001","14.764100000000001","1.4984000000000002","False","18.207","16.5289","12.100800000000001","2.093","18.498","8","1","1","False","0"
"36832","2152058798096","1845355999547","1845356157341","15.915000000000001","15.7794","0.1356","15.8087","1.3908","False","12.1095","15.914100000000001","18.207","4.3859","20.165300000000002","8","1","1","False","0"
"36832","2152058798096","1845356158697","1845356289665","13.2313","13.0968","0.1345","13.5517","1.7127000000000001","False","12.1094","13.2324","12.1095","3.2630000000000003","16.3598","8","1","1","False","0"
"36832","2152058798096","1845356291010","1845356418375","12.889100000000001","12.736500000000001","0.1526","12.527800000000001","1.3541","False","18.2028","12.871","12.1094","2.5014000000000003","15.237900000000002","8","1","1","False","0"
"36832","2152058798096","1845356419901","1845356573599","15.5606","15.369800000000001","0.1908","15.940800000000001","1.7855","False","18.1858","15.522400000000001","18.2028","5.1818","20.5516","8","1","1","False","0"
"36832","2152058798096","1845356575507","1845356753420","17.9412","17.7913","0.1499","17.916900000000002","1.7198","False","12.1242","17.982100000000003","18.1858","5.3855","23.1768","8","1","1","False","0"
"36832","2152058798096","1845356754919","1845356882162","12.883500000000002","12.724300000000001","0.1592","12.5708","1.4149","False","12.089","12.8742","12.1242","4.6355","17.3598","8","1","1","False","0"
"36832","2152058798096","1845356883754","1845357026557","14.597900000000001","14.2803","0.3176","14.606100000000001","1.4904000000000002","False","12.1102","14.4395","12.089","2.285","16.5653","8","1","1","False","0"
"36832","2152058798096","1845357029733","1845357152329","12.401100000000001","12.2596","0.14150000000000001","12.623600000000001","1.6274000000000002","False","18.2147","12.577200000000001","12.1102","1.818","14.0776","8","1","1","False","0"
"36832","2152058798096","1845357153744","1845357295208","14.3051","14.1464","0.1587","15.243300000000001","2.5740000000000003","False","12.1064","14.2879","18.2147","5.744800000000001","19.8912","8","1","1","False","0"
"36832","2152058798096","1845357296795","1845357439824","14.441300000000002","14.302900000000001","0.1384","13.608","1.7333","False","18.195700000000002","14.4616","12.1064","3.3896","17.692500000000003","8","1","1","False","0"
"36832","2152058798096","1845357441208","1845357603536","16.4052","16.2328","0.1724","16.4067","1.7429000000000001","False","12.134400000000001","16.3712","18.195700000000002","5.2141","21.4469","8","1","1","False","0"
"36832","2152058798096","1845357605260","1845357730093","12.6075","12.4833","0.1242","12.3328","1.4502000000000002","False","12.093300000000001","12.655700000000001","12.134400000000001","4.6928","17.1761","8","1","1","False","0"
"36832","2152058798096","1845357731335","1845357882567","15.2324","15.1232","0.1092","14.9687","1.4692","False","18.189700000000002","15.2474","12.093300000000001","1.5387000000000002","16.6619","8","1","1","False","0"
"36832","2152058798096","1845357883659","1845358024805","14.262900000000002","14.114600000000001","0.14830000000000002","16.3016","3.2484","False","12.1127","14.2238","18.189700000000002","5.5046","19.6192","8","1","1","False","0"
"36832","2152058798096","1845358026288","1845358168839","14.4144","14.2551","0.1593","12.9574","1.7886000000000002","False","12.1257","14.403400000000001","12.1127","3.2139","17.469","8","1","1","False","0"
"36832","2152058798096","1845358170432","1845358289626","12.075000000000001","11.919400000000001","0.15560000000000002","12.0884","1.7883","False","18.1842","12.078700000000001","12.1257","3.2609000000000004","15.1803","8","1","1","False","0"
"36832","2152058798096","1845358291182","1845358475640","18.596400000000003","18.445800000000002","0.1506","18.244600000000002","1.4462000000000002","False","18.195600000000002","18.6014","18.1842","2.8437","21.2895","8","1","1","False","0"
"36832","2152058798096","1845358477146","1845358609207","13.3481","13.206100000000001","0.14200000000000002","13.516200000000001","1.61","False","12.1224","13.3567","18.195600000000002","7.682600000000001","20.8887","8","1","1","False","0"
"36832","2152058798096","1845358610627","1845358762443","15.319500000000001","15.181600000000001","0.1379","15.1804","1.462","False","12.0922","15.3236","12.1224","4.4814","19.663","8","1","1","False","0"
"36832","2152058798096","1845358763822","1845358905745","14.350200000000001","14.192300000000001","0.1579","14.302800000000001","1.4204","False","36.4007","14.330200000000001","12.0922","2.2434000000000003","16.4357","8","1","1","False","0"
"36832","2152058798096","1845358907324","1845359211884","30.596700000000002","30.456000000000003","0.14070000000000002","31.286","2.1093","False","12.111600000000001","30.6139","36.4007","8.0302","38.486200000000004","8","1","1","False","0"
"36832","2152058798096","1845359213291","1845359359532","14.823","14.6241","0.19890000000000002","14.688300000000002","2.024","False","12.0984","14.764800000000001","12.111600000000001","5.377000000000001","20.0011","8","1","1","False","0"
"36832","2152058798096","1845359361521","1845359508725","14.9037","14.720400000000001","0.18330000000000002","14.689300000000001","1.7790000000000001","False","18.1999","14.919300000000002","12.0984","2.5561000000000003","17.276500000000002","8","1","1","False","0"
"36832","2152058798096","1845359510558","1845359659604","15.099400000000001","14.9046","0.1948","15.9283","2.6212","False","12.1292","15.087900000000001","18.1999","5.6681","20.5727","8","1","1","False","0"
"36832","2152058798096","1845359661552","1845359793298","13.2778","13.1746","0.1032","11.945400000000001","1.5175","False","18.177400000000002","13.3694","12.1292","4.4279","17.6025","8","1","1","False","0"
"36832","2152058798096","1845359794330","1845359947494","15.502400000000002","15.316400000000002","0.186","17.1951","2.9719","False","12.1265","15.4196","18.177400000000002","7.185700000000001","22.502100000000002","8","1","1","False","0"
"36832","2152058798096","1845359949354","1845360100610","15.3213","15.1256","0.1957","13.8528","1.506","False","18.1755","15.3116","12.1265","4.0006","19.1262","8","1","1","False","0"
"36832","2152058798096","1845360102567","1845360259505","15.829900000000002","15.693800000000001","0.1361","17.197300000000002","2.8467000000000002","False","12.1234","15.8895","18.1755","6.2866","21.9804","8","1","1","False","0"
"36832","2152058798096","1845360260866","1845360385290","12.6071","12.442400000000001","0.1647","12.5615","2.8149","False","18.1578","12.5785","12.1234","5.8315","18.2739","8","1","1","False","0"
"36832","2152058798096","1845360386937","1845360552437","16.7378","16.55","0.18780000000000002","16.8956","2.9742","False","18.2006","16.7147","18.1578","7.2746","23.8246","8","1","1","False","0"
"36832","2152058798096","1845360554315","1845360760398","20.7962","20.6083","0.1879","20.028000000000002","2.2097","False","12.094100000000001","20.796100000000003","18.2006","4.6791","25.2874","8","1","1","False","0"
"36832","2152058798096","1845360762277","1845360911649","15.0929","14.9372","0.1557","14.0701","1.1812","False","18.1932","15.125100000000002","12.094100000000001","1.6481000000000001","16.5853","8","1","1","False","0"
"36832","2152058798096","1845360913206","1845361058683","14.675500000000001","14.5477","0.1278","17.4739","3.9581000000000004","False","12.1346","14.7034","18.1932","5.1379","19.6856","8","1","1","False","0"
"36832","2152058798096","1845361059961","1845361189481","13.079","12.952","0.127","10.9151","1.7937","False","18.1883","13.0798","12.1346","4.1927","17.1447","8","1","1","False","0"
"36832","2152058798096","1845361190751","1845361333327","14.41","14.2576","0.1524","14.4372","1.8293000000000001","False","12.1264","14.3846","18.1883","7.9964","22.254","8","1","1","False","0"
"36832","2152058798096","1845361334851","1845361474685","14.136700000000001","13.983400000000001","0.15330000000000002","15.1044","2.8061000000000003","False","12.102500000000001","14.135800000000001","12.1264","5.987","19.9704","8","1","1","False","0"
"36832","2152058798096","1845361476218","1845361619187","14.4022","14.2969","0.1053","13.001000000000001","1.6618000000000002","False","12.106100000000001","14.4502","12.102500000000001","3.6393","17.9362","8","1","1","False","0"
"36832","2152058798096","1845361620240","1845361753559","13.531400000000001","13.331900000000001","0.1995","13.6279","1.5344","False","12.124","13.4372","12.106100000000001","2.3082000000000003","15.6401","8","1","1","False","0"
"36832","2152058798096","1845361755554","1845361876931","12.276100000000001","12.1377","0.1384","12.3606","1.582","False","18.198800000000002","12.337200000000001","12.124","2.095","14.232700000000001","8","1","1","False","0"
"36832","2152058798096","1845361878315","1845362014348","13.829300000000002","13.6033","0.226","16.1599","3.9515000000000002","False","12.128200000000001","13.7417","18.198800000000002","6.5521","20.1554","8","1","1","False","0"
"36832","2152058798096","1845362016608","1845362142669","12.767000000000001","12.606100000000001","0.16090000000000002","10.5426","1.6941000000000002","False","12.114500000000001","12.8321","12.128200000000001","5.8482","18.4543","8","1","1","False","0"
"36832","2152058798096","1845362144278","1845362288895","14.596300000000001","14.4617","0.1346","14.7659","1.8572000000000002","False","18.178","14.6226","12.114500000000001","3.3401","17.8018","8","1","1","False","0"
"36832","2152058798096","1845362290241","1845362469563","18.0648","17.9322","0.1326","17.9902","1.7773","False","12.101","18.0668","18.178","3.4513000000000003","21.3835","8","1","1","False","0"
"36832","2152058798096","1845362470889","1845362605877","13.7253","13.498800000000001","0.2265","13.4221","1.5196","False","12.1217","13.631400000000001","12.101","1.9209","15.4197","8","1","1","False","0"
"36832","2152058798096","1845362608142","1845362723113","11.636400000000002","11.497100000000001","0.1393","11.928600000000001","1.7703","False","18.2118","11.723600000000001","12.1217","2.319","13.8161","8","1","1","False","0"
"36832","2152058798096","1845362724506","1845362878660","15.5665","15.4154","0.1511","16.1828","2.395","False","12.0952","15.5547","18.2118","4.976100000000001","20.3915","8","1","1","False","0"
"36832","2152058798096","1845362880171","1845363025664","14.6851","14.5493","0.1358","13.9679","1.6665","False","18.2182","14.7004","12.0952","2.3709000000000002","16.9202","8","1","1","False","0"
"36832","2152058798096","1845363027022","1845363153851","12.8337","12.6829","0.15080000000000002","13.0028","1.8439","False","12.085600000000001","12.8187","18.2182","7.7704","20.453300000000002","8","1","1","False","0"
"36832","2152058798096","1845363155359","1845363299220","14.528","14.3861","0.1419","14.643600000000001","1.9448","False","24.270300000000002","14.536900000000001","12.085600000000001","5.319100000000001","19.7052","8","1","1","False","0"
"36832","2152058798096","1845363300639","1845363521696","22.2573","22.105700000000002","0.1516","23.0879","2.7909","False","12.0989","22.247600000000002","24.270300000000002","7.3418","29.4475","8","1","1","False","0"
"36832","2152058798096","1845363523212","1845363677423","15.5713","15.421100000000001","0.1502","14.278500000000001","1.5055","False","36.376400000000004","15.572700000000001","12.0989","3.8680000000000003","19.2891","8","1","1","False","0"
"36832","2152058798096","1845363678925","1845363998253","32.0992","31.9328","0.16640000000000002","32.6742","2.4461","False","6.048500000000001","32.083","36.376400000000004","8.1614","40.0942","8","1","1","False","0"
"36832","2152058798096","1845363999917","1845364116427","11.797699999999999","11.651","0.1467","11.5302","1.8014000000000001","False","18.1998","11.817400000000001","6.048500000000001","2.3925","14.0435","8","1","1","False","0"
"36832","2152058798096","1845364117894","1845364246938","13.068200000000001","12.9044","0.1638","13.4448","2.1931000000000003","False","6.0388","13.0511","18.1998","7.541200000000001","20.445600000000002","8","1","1","False","0"
"36832","2152058798096","1845364248576","1845364364270","11.7029","11.5694","0.1335","11.0242","1.4914","False","18.2148","11.7332","6.0388","1.8468","13.4162","8","1","1","False","0"
"36832","2152058798096","1845364365605","1845364519518","15.535000000000002","15.391300000000001","0.1437","16.2469","2.2123","False","12.0988","15.5248","18.2148","4.5368","19.9281","8","1","1","False","0"
"36832","2152058798096","1845364520955","1845364640146","12.0592","11.9191","0.1401","12.229299999999999","2.3738","False","18.1962","12.062800000000001","12.0988","4.5728","16.4919","8","1","1","False","0"
"36832","2152058798096","1845364641547","1845364797591","15.7497","15.6044","0.1453","16.2525","2.8832","False","12.1121","15.7445","18.1962","7.024500000000001","22.6289","8","1","1","False","0"
"36832","2152058798096","1845364799044","1845364918716","12.1088","11.9672","0.1416","10.4234","1.1973","False","12.1197","12.1125","12.1121","7.024100000000001","18.991300000000003","8","1","1","False","0"
"36832","2152058798096","1845364920132","1845365074237","15.583200000000001","15.4105","0.17270000000000002","15.9379","1.5702","False","12.1004","15.552100000000001","12.1197","3.5917000000000003","19.002200000000002","8","1","1","False","0"
"36832","2152058798096","1845365075964","1845365207735","13.392500000000002","13.177100000000001","0.2154","13.5525","1.7387000000000001","False","18.1965","13.3498","12.1004","2.3423000000000003","15.519400000000001","8","1","1","False","0"
"36832","2152058798096","1845365209889","1845365354841","14.6529","14.4952","0.1577","15.6034","2.6759","False","12.134500000000001","14.710600000000001","18.1965","5.828200000000001","20.3234","8","1","1","False","0"
"36832","2152058798096","1845365356418","1845365484721","12.9562","12.830300000000001","0.1259","12.0425","1.7388000000000001","False","18.1798","12.988000000000001","12.134500000000001","4.9747","17.805","8","1","1","False","0"
"36832","2152058798096","1845365485980","1845365625806","14.110000000000001","13.982600000000001","0.1274","17.707900000000002","5.3386000000000005","False","24.2472","14.108500000000001","18.1798","9.046000000000001","23.0286","8","1","1","False","0"
"36832","2152058798096","1845365627080","1845365904927","27.9204","27.7847","0.13570000000000002","24.953400000000002","2.7227","False","12.098600000000001","27.912100000000002","24.2472","5.3811","33.165800000000004","8","1","1","False","0"
"36832","2152058798096","1845365906284","1845366030523","12.548","12.4239","0.1241","13.4662","3.2869","False","12.1113","12.559600000000001","12.098600000000001","4.920100000000001","17.344","8","1","1","False","0"
"36832","2152058798096","1845366031764","1845366180080","14.9797","14.8316","0.1481","13.251700000000001","1.5731000000000002","False","18.2144","14.9557","12.1113","2.0757","16.9073","8","1","1","False","0"
"36832","2152058798096","1845366181561","1845366316292","13.6402","13.4731","0.1671","15.0892","3.0258000000000003","False","12.1007","13.6212","18.2144","6.668900000000001","20.142","8","1","1","False","0"
"36832","2152058798096","1845366317963","1845366483585","16.7188","16.5622","0.15660000000000002","15.291500000000001","1.5905","False","12.1318","16.729300000000002","12.1007","2.0403000000000002","18.6025","8","1","1","False","0"
"36832","2152058798096","1845366485151","1845366607364","12.3716","12.221300000000001","0.15030000000000002","12.3835","1.6103","False","18.1844","12.3779","12.1318","1.7942","14.015500000000001","8","1","1","False","0"
"36832","2152058798096","1845366608867","1845366739787","13.251800000000001","13.092","0.1598","14.5275","2.8888000000000003","False","12.1751","13.2423","18.1844","6.7363","19.828300000000002","8","1","1","False","0"
"36832","2152058798096","1845366741385","1845366861002","12.0975","11.9617","0.1358","12.251100000000001","3.0307","False","24.1877","12.121500000000001","12.1751","6.7899","18.7516","8","1","1","False","0"
"36832","2152058798096","1845366862360","1845367095642","23.489400000000003","23.328200000000002","0.1612","23.8059","3.3489","False","12.1287","23.464000000000002","24.1877","7.5136","30.841800000000003","8","1","1","False","0"
"36832","2152058798096","1845367097254","1845367228982","13.312000000000001","13.1728","0.13920000000000002","12.8088","2.8429","False","12.0995","13.334000000000001","12.1287","6.3083","19.4811","8","1","1","False","0"
"36832","2152058798096","1845367230374","1845367379246","15.0661","14.8872","0.1789","14.1054","1.9074","False","12.132000000000001","15.0264","12.0995","3.3814","18.2686","8","1","1","False","0"
"36832","2152058798096","1845367381035","1845367494335","11.4584","11.33","0.12840000000000001","11.1813","1.6104","False","18.186700000000002","11.5089","12.132000000000001","4.0045","15.3345","8","1","1","False","0"
"36832","2152058798096","1845367495619","1845367635136","14.062000000000001","13.9517","0.11030000000000001","16.7584","4.5731","False","12.1326","14.0801","18.186700000000002","8.1111","22.0628","8","1","1","False","0"
"36832","2152058798096","1845367636239","1845367764402","12.9779","12.8163","0.16160000000000002","11.961199999999998","3.2915","False","12.111","12.9266","12.1326","7.3171","20.1334","8","1","1","False","0"
"36832","2152058798096","1845367766018","1845367910335","14.5859","14.431700000000001","0.1542","12.893500000000001","1.5911000000000002","False","12.1034","14.593300000000001","12.111","4.8348","19.2665","8","1","1","False","0"
"36832","2152058798096","1845367911877","1845368047390","13.6957","13.551300000000001","0.1444","13.5823","1.4815","False","12.1188","13.7055","12.1034","3.2327000000000004","16.784000000000002","8","1","1","False","0"
"36832","2152058798096","1845368048834","1845368172149","12.4808","12.3315","0.14930000000000002","12.869100000000001","1.8832","False","12.124500000000001","12.475900000000001","12.1188","2.8756","15.2071","8","1","1","False","0"
"36832","2152058798096","1845368173642","1845368298448","12.6171","12.4806","0.1365","12.631","1.8835000000000002","False","18.1924","12.629900000000001","12.124500000000001","2.3702","14.850800000000001","8","1","1","False","0"
"36832","2152058798096","1845368299813","1845368428885","13.0652","12.907200000000001","0.158","16.0573","4.876","False","12.153","13.043700000000001","18.1924","7.5189","20.4261","8","1","1","False","0"
"36832","2152058798096","1845368430465","1845368552478","12.3469","12.2013","0.1456","9.1506","1.6809","False","12.0891","12.359300000000001","12.153","7.312600000000001","19.5139","8","1","1","False","0"
"36832","2152058798096","1845368553934","1845368702125","14.9536","14.8191","0.1345","14.8244","1.55","False","12.1201","14.9647","12.0891","4.437","19.2561","8","1","1","False","0"
"36832","2152058798096","1845368703470","1845368828966","12.6758","12.5496","0.1262","12.7485","1.6178000000000001","False","12.1202","12.6841","12.1201","3.873","16.4226","8","1","1","False","0"
"36832","2152058798096","1845368830228","1845368958648","12.9955","12.842","0.1535","12.993400000000001","1.6177000000000001","False","12.0996","12.968200000000001","12.1202","3.0250000000000004","15.867","8","1","1","False","0"
"36832","2152058798096","1845368960183","1845369091867","13.3103","13.1684","0.1419","13.3229","1.6345","False","18.2212","13.321900000000001","12.0996","1.8027000000000002","14.9711","8","1","1","False","0"
"36832","2152058798096","1845369093286","1845369207387","11.5463","11.4101","0.13620000000000002","12.348","2.4329","False","6.0221","11.552000000000001","18.2212","8.4719","19.882","8","1","1","False","0"
"36832","2152058798096","1845369208749","1845369327033","11.9618","11.8284","0.13340000000000002","11.366","1.8342","False","18.2289","11.9646","6.0221","2.5294000000000003","14.357800000000001","8","1","1","False","0"
"36832","2152058798096","1845369328367","1845369460146","13.318200000000001","13.177900000000001","0.1403","14.5481","3.3968000000000003","False","12.0995","13.311300000000001","18.2289","7.447","20.6249","8","1","1","False","0"
"36832","2152058798096","1845369461549","1845369591865","13.206000000000001","13.031600000000001","0.1744","13.084600000000002","2.9538","False","6.0356000000000005","13.1719","12.0995","6.3746","19.406200000000002","8","1","1","False","0"
"36832","2152058798096","1845369593609","1845369691258","9.891300000000001","9.7649","0.1264","8.8553","1.9009","False","18.1967","9.939300000000001","6.0356000000000005","2.4709000000000003","12.235800000000001","8","1","1","False","0"
"36832","2152058798096","1845369692522","1845369821660","13.1323","12.9138","0.2185","16.527900000000002","5.3748000000000005","False","12.152000000000001","13.0402","18.1967","7.627400000000001","20.5412","8","1","1","False","0"
"36832","2152058798096","1845369823845","1845369943769","12.1394","11.9924","0.14700000000000002","8.7231","1.8919000000000001","False","6.018800000000001","12.2109","12.152000000000001","7.5685","19.5609","8","1","1","False","0"
"36832","2152058798096","1845369945239","1845370047842","10.406400000000001","10.2603","0.1461","10.4136","1.9024","False","18.2103","10.407300000000001","6.018800000000001","3.18","13.4403","8","1","1","False","0"
"36832","2152058798096","1845370049303","1845370203740","15.640400000000001","15.443700000000002","0.1967","16.4963","2.7614","False","12.0954","15.5898","18.2103","5.8005","21.2442","8","1","1","False","0"
"36832","2152058798096","1845370205707","1845370355495","15.115200000000002","14.978800000000001","0.1364","14.2682","1.9068","False","12.1296","15.175500000000001","12.0954","2.7204","17.6992","8","1","1","False","0"
"36832","2152058798096","1845370356859","1845370465110","10.9459","10.8251","0.1208","10.642100000000001","1.5924","False","12.126100000000001","10.961500000000001","12.1296","3.8885","14.713600000000001","8","1","1","False","0"
"36832","2152058798096","1845370466318","1845370582381","11.729000000000001","11.606300000000001","0.1227","11.717","1.5833000000000002","False","12.112400000000001","11.7271","12.126100000000001","4.2875000000000005","15.8938","8","1","1","False","0"
"36832","2152058798096","1845370583608","1845370697914","11.5595","11.4306","0.12890000000000001","11.752600000000001","1.7773","False","12.1125","11.5533","12.112400000000001","4.8466000000000005","16.2772","8","1","1","False","0"
"36832","2152058798096","1845370699203","1845370828026","13.0256","12.8823","0.1433","12.807300000000001","1.5749","False","12.1346","13.0112","12.1125","3.9479","16.8302","8","1","1","False","0"
"36832","2152058798096","1845370829459","1845370950181","12.2314","12.0722","0.1592","13.1363","2.4665","False","12.103800000000001","12.2155","12.1346","3.867","15.939200000000001","8","1","1","False","0"
"36832","2152058798096","1845370951773","1845371071397","12.0617","11.9624","0.0993","13.048300000000001","3.7133000000000003","False","12.142100000000001","12.1216","12.103800000000001","3.8492","15.8116","8","1","1","False","0"
"36832","2152058798096","1845371072390","1845371174851","10.4131","10.2461","0.167","9.9821","3.039","False","12.1277","10.3454","12.142100000000001","5.6459","15.892000000000001","8","1","1","False","0"
"36832","2152058798096","1845371176521","1845371284786","10.980500000000001","10.826500000000001","0.154","11.4814","3.5321000000000002","False","6.043200000000001","10.993500000000001","12.1277","6.7801","17.6066","8","1","1","False","0"
"36832","2152058798096","1845371286326","1845371389769","10.4975","10.3443","0.1532","8.5783","1.6093000000000002","False","12.1279","10.4983","6.043200000000001","2.325","12.6693","8","1","1","False","0"
"36832","2152058798096","1845371391301","1845371493873","10.4153","10.257200000000001","0.15810000000000002","11.271500000000001","2.4643","False","12.108500000000001","10.410400000000001","12.1279","4.0425","14.299700000000001","8","1","1","False","0"
"36832","2152058798096","1845371495454","1845371611295","11.719100000000001","11.584100000000001","0.135","11.6235","2.3669000000000002","False","12.22","11.7422","12.108500000000001","4.4088","15.9929","8","1","1","False","0"
"36832","2152058798096","1845371612645","1845371730466","11.9308","11.7821","0.1487","11.8621","2.3085","False","12.0233","11.917100000000001","12.22","4.7117","16.4938","8","1","1","False","0"
"36832","2152058798096","1845371731953","1845371856805","12.637300000000002","12.4852","0.1521","12.6461","2.3072","False","12.1148","12.6339","12.0233","4.101100000000001","16.5863","8","1","1","False","0"
"36832","2152058798096","1845371858326","1845371978890","12.193","12.0564","0.1366","12.3544","2.4669000000000003","False","12.1318","12.2085","12.1148","4.0074000000000005","16.0638","8","1","1","False","0"
"36832","2152058798096","1845371980256","1845372100627","12.1838","12.0371","0.1467","12.1283","2.4074","False","12.129100000000001","12.1737","12.1318","3.9655","16.0026","8","1","1","False","0"
"36832","2152058798096","1845372102094","1845372203590","10.320900000000002","10.149600000000001","0.1713","10.952","3.061","False","12.1369","10.2963","12.129100000000001","5.7983","15.9479","8","1","1","False","0"
"36832","2152058798096","1845372205303","1845372330343","12.648500000000002","12.504000000000001","0.14450000000000002","11.7425","2.1426000000000003","False","12.1095","12.6753","12.1369","5.2599","17.7639","8","1","1","False","0"
"36832","2152058798096","1845372331788","1845372456546","12.616100000000001","12.475800000000001","0.1403","12.0687","1.5817","False","12.1462","12.6203","12.1095","4.7491","17.2249","8","1","1","False","0"
"36832","2152058798096","1845372457949","1845372578933","12.2217","12.0984","0.1233","12.1835","1.5457","False","12.122900000000001","12.238700000000001","12.1462","4.6566","16.755000000000003","8","1","1","False","0"
"36832","2152058798096","1845372580166","1845372670833","9.233500000000001","9.0667","0.1668","9.5416","1.8824","False","6.027","9.190000000000001","12.122900000000001","7.5895","16.656200000000002","8","1","1","False","0"
"36832","2152058798096","1845372672501","1845372772736","10.1446","10.0235","0.1211","9.5126","1.5182","False","12.1432","10.1903","6.027","3.4262","13.4497","8","1","1","False","0"
"36832","2152058798096","1845372773947","1845372877505","10.481","10.3558","0.1252","11.081000000000001","1.8229000000000002","False","12.1163","10.4769","12.1432","5.0925","15.448300000000001","8","1","1","False","0"
"36832","2152058798096","1845372878757","1845372985766","10.8726","10.7009","0.17170000000000002","12.358500000000001","3.3314000000000004","False","6.0421000000000005","10.8261","12.1163","6.382700000000001","17.0836","8","1","1","False","0"
"36832","2152058798096","1845372987483","1845373075769","8.9673","8.8286","0.13870000000000002","6.9289000000000005","1.2756","False","12.1548","9.000300000000001","6.0421000000000005","3.4245","12.2531","8","1","1","False","0"
"36832","2152058798096","1845373077156","1845373187762","11.2474","11.0606","0.18680000000000002","12.051300000000001","2.1161000000000003","False","12.0972","11.199300000000001","12.1548","4.38","15.4406","8","1","1","False","0"
"36832","2152058798096","1845373189630","1845373301039","11.2689","11.1409","0.128","11.9406","2.7474000000000003","False","12.1311","11.3277","12.0972","5.149500000000001","16.2904","8","1","1","False","0"
"36832","2152058798096","1845373302319","1845373419903","11.9352","11.7584","0.1768","10.8553","1.6838000000000002","False","12.1172","11.8864","12.1311","5.3942000000000005","17.1526","8","1","1","False","0"
"36832","2152058798096","1845373421671","1845373527187","10.733","10.5516","0.1814","12.4097","3.3765","False","6.1193","10.7284","12.1172","6.783","17.334600000000002","8","1","1","False","0"
"36832","2152058798096","1845373529001","1845373620341","9.261000000000001","9.134","0.127","7.5032000000000005","1.5853000000000002","False","12.037700000000001","9.3154","6.1193","3.5869","12.7209","8","1","1","False","0"
"36832","2152058798096","1845373621611","1845373726855","10.6502","10.5244","0.1258","10.8","1.7364000000000002","False","12.1323","10.6514","12.037700000000001","4.9732","15.4976","8","1","1","False","0"
"36832","2152058798096","1845373728113","1845373851465","12.4608","12.3352","0.12560000000000002","13.3061","2.5762","False","12.1349","12.461","12.1323","4.6445","16.9797","8","1","1","False","0"
"36832","2152058798096","1845373852721","1845373961388","11.0449","10.8667","0.1782","11.3132","2.8637","False","6.0376","10.9923","12.1349","5.787100000000001","16.6538","8","1","1","False","0"
"36832","2152058798096","1845373963170","1845374045195","8.488000000000001","8.2025","0.28550000000000003","8.0165","2.525","False","12.1773","8.380700000000001","6.0376","3.444","11.646500000000001","8","1","1","False","0"
"36832","2152058798096","1845374048050","1845374158444","11.1765","11.0394","0.1371","10.3599","1.5714000000000001","False","12.087800000000001","11.324900000000001","12.1773","4.2964","15.3358","8","1","1","False","0"
"36832","2152058798096","1845374159815","1845374271633","11.321800000000001","11.1818","0.14","12.387400000000001","2.6305","False","12.131400000000001","11.318900000000001","12.087800000000001","5.065300000000001","16.2471","8","1","1","False","0"
"36832","2152058798096","1845374273033","1845374394771","12.3005","12.1738","0.1267","11.4825","1.8133000000000001","False","12.112","12.3138","12.131400000000001","4.8829","17.0567","8","1","1","False","0"
"36832","2152058798096","1845374396038","1845374499604","10.5184","10.3566","0.1618","11.7964","3.103","False","6.104900000000001","10.4833","12.112","6.5116000000000005","16.8682","8","1","1","False","0"
"36832","2152058798096","1845374501222","1845374592172","9.2481","9.095","0.1531","7.3834","1.2255","False","12.0446","9.2568","6.104900000000001","3.3597","12.4547","8","1","1","False","0"
"36832","2152058798096","1845374593703","1845374704518","11.2085","11.0815","0.127","11.5515","1.566","False","12.1414","11.2346","12.0446","4.169700000000001","15.2512","8","1","1","False","0"
"36832","2152058798096","1845374705788","1845374823134","11.8703","11.7346","0.13570000000000002","12.6106","2.2943000000000002","False","12.152700000000001","11.861600000000001","12.1414","4.4495000000000005","16.1841","8","1","1","False","0"
"36832","2152058798096","1845374824491","1845374927081","10.400500000000001","10.259","0.14150000000000001","11.1503","3.3688000000000002","False","6.0209","10.3947","12.152700000000001","6.2075000000000005","16.4665","8","1","1","False","0"
"36832","2152058798096","1845374928496","1845375015191","8.809400000000002","8.669500000000001","0.1399","7.155200000000001","1.4093","False","12.1193","8.811","6.0209","3.4174","12.0869","8","1","1","False","0"
"36832","2152058798096","1845375016590","1845375134918","11.984200000000001","11.8328","0.1514","12.4182","1.8463","False","12.1163","11.972700000000001","12.1193","3.564","15.3968","8","1","1","False","0"
"36832","2152058798096","1845375136432","1845375248481","11.3678","11.2049","0.16290000000000002","12.2818","2.7628","False","12.1424","11.356300000000001","12.1163","4.324","15.5289","8","1","1","False","0"
"36832","2152058798096","1845375250110","1845375362086","11.333900000000002","11.197600000000001","0.1363","11.285899999999998","2.7076000000000002","False","12.1203","11.3605","12.1424","5.1059","16.3035","8","1","1","False","0"
"36832","2152058798096","1845375363449","1845375465036","10.3354","10.1587","0.1767","10.9867","3.3756000000000004","False","6.1013","10.295","12.1203","6.9312000000000005","17.0899","8","1","1","False","0"
"36832","2152058798096","1845375466803","1845375562254","9.6813","9.5451","0.13620000000000002","8.0611","1.7341","False","12.0821","9.7218","6.1013","3.3107","12.8558","8","1","1","False","0"
"36832","2152058798096","1845375563616","1845375669676","10.7376","10.606","0.1316","10.591700000000001","1.5892000000000002","False","12.1324","10.7422","12.0821","4.6506","15.2566","8","1","1","False","0"
"36832","2152058798096","1845375670992","1845375769536","10.0173","9.8544","0.16290000000000002","11.8358","3.422","False","6.0248","9.986","12.1324","6.797000000000001","16.651400000000002","8","1","1","False","0"
"36832","2152058798096","1845375771165","1845375863912","9.4654","9.274700000000001","0.1907","7.8833","1.8623","False","12.1172","9.4376","6.0248","3.3842000000000003","12.658900000000001","8","1","1","False","0"
"36832","2152058798096","1845375865819","1845375973733","10.9257","10.791400000000001","0.1343","10.5104","1.411","False","12.1494","10.9821","12.1172","4.5193","15.3107","8","1","1","False","0"
"36832","2152058798096","1845375975076","1845376100096","12.6805","12.502","0.17850000000000002","13.5243","2.2996000000000003","False","12.142100000000001","12.6363","12.1494","4.0324","16.5344","8","1","1","False","0"
"36832","2152058798096","1845376101881","1845376208529","10.814000000000002","10.664800000000001","0.1492","10.601700000000001","2.0373","False","12.1151","10.843300000000001","12.142100000000001","5.3312","15.996","8","1","1","False","0"
"36832","2152058798096","1845376210021","1845376315169","10.6843","10.514800000000001","0.1695","11.4793","2.855","False","12.119200000000001","10.664","12.1151","6.7823","17.2971","8","1","1","False","0"
"36832","2152058798096","1845376316864","1845376433709","11.8645","11.6845","0.18000000000000002","11.8626","2.8583000000000003","False","6.1159","11.854000000000001","12.119200000000001","7.0475","18.732","8","1","1","False","0"
"36832","2152058798096","1845376435509","1845376529438","9.5394","9.392900000000001","0.14650000000000002","8.1125","1.4040000000000001","False","12.061300000000001","9.5729","6.1159","3.5905","12.983400000000001","8","1","1","False","0"
"36832","2152058798096","1845376530903","1845376643030","11.3592","11.2127","0.14650000000000002","11.9795","2.0135","False","12.109200000000001","11.359200000000001","12.061300000000001","4.2926","15.5053","8","1","1","False","0"
"36832","2152058798096","1845376644495","1845376764594","12.1352","12.0099","0.1253","11.6744","1.5652000000000001","False","12.134","12.156400000000001","12.109200000000001","4.2454","16.255300000000002","8","1","1","False","0"
"36832","2152058798096","1845376765847","1845376868306","10.415700000000001","10.2459","0.1698","11.7065","2.8757","False","12.130600000000001","10.3712","12.134","6.0082","16.2541","8","1","1","False","0"
"36832","2152058798096","1845376870004","1845376976574","10.8643","10.657","0.2073","9.276900000000001","1.6458000000000002","False","12.1201","10.8268","12.130600000000001","7.312","17.969","8","1","1","False","0"
"36832","2152058798096","1845376978647","1845377075380","9.810900000000002","9.673300000000001","0.1376","12.053600000000001","3.5146","False","6.0521","9.880600000000001","12.1201","9.5515","19.224800000000002","8","1","1","False","0"
"36832","2152058798096","1845377076756","1845377199327","12.397100000000002","12.257100000000001","0.14","10.2467","1.3577000000000001","False","12.123000000000001","12.3947","6.0521","3.2089000000000003","15.466000000000001","8","1","1","False","0"
"36832","2152058798096","1845377200727","1845377300041","10.0663","9.9314","0.13490000000000002","10.724","2.0191","False","12.134","10.0714","12.123000000000001","5.2605","15.1919","8","1","1","False","0"
"36832","2152058798096","1845377301390","1845377397998","9.8597","9.6608","0.19890000000000002","9.4756","1.6846","False","6.0742","9.7957","12.134","7.598800000000001","17.259600000000002","8","1","1","False","0"
"36832","2152058798096","1845377399987","1845377500928","10.234900000000001","10.094100000000001","0.1408","9.9213","1.3252000000000002","False","18.1554","10.293000000000001","6.0742","3.3800000000000003","13.4741","8","1","1","False","0"
"36832","2152058798096","1845377502336","1845377621842","12.080400000000001","11.950600000000001","0.1298","14.711500000000001","3.9480000000000004","False","6.047000000000001","12.0914","18.1554","9.444","21.3946","8","1","1","False","0"
"36832","2152058798096","1845377623140","1845377742263","12.0935","11.9123","0.1812","9.6129","1.4887000000000001","False","6.046600000000001","12.042100000000001","6.047000000000001","3.4489","15.3612","8","1","1","False","0"
"36832","2152058798096","1845377744075","1845377804107","6.209700000000001","6.0032000000000005","0.20650000000000002","5.9252","1.2623","False","12.137","6.1844","6.046600000000001","3.3111","9.314300000000001","8","1","1","False","0"
"36832","2152058798096","1845377806172","1845377906886","10.2011","10.0714","0.1297","11.0441","2.0328","False","12.1226","10.2779","12.137","5.1702","15.2416","8","1","1","False","0"
"36832","2152058798096","1845377908183","1845378029535","12.291500000000001","12.135200000000001","0.1563","13.295300000000001","3.0564","False","12.118300000000001","12.2649","12.1226","5.0279","17.1631","8","1","1","False","0"
"36832","2152058798096","1845378031098","1845378135485","10.602200000000002","10.4387","0.1635","11.1301","3.579","False","6.0465","10.595","12.118300000000001","6.551200000000001","16.989900000000002","8","1","1","False","0"
"36832","2152058798096","1845378137120","1845378228022","9.219700000000001","9.090200000000001","0.1295","7.141","1.4825000000000002","False","12.204","9.2537","6.0465","3.3440000000000003","12.4342","8","1","1","False","0"
"36832","2152058798096","1845378229317","1845378342818","11.514600000000002","11.350100000000001","0.1645","11.5977","1.5759","False","12.038","11.479600000000001","12.204","4.0684000000000005","15.4185","8","1","1","False","0"
"36832","2152058798096","1845378344463","1845378458786","11.5666","11.4323","0.1343","12.391","2.3933","False","12.145000000000001","11.5968","12.038","4.5096","15.9419","8","1","1","False","0"
"36832","2152058798096","1845378460129","1845378575271","11.6546","11.5142","0.1404","11.2836","2.0107","False","12.1266","11.6485","12.145000000000001","5.0061","16.520300000000002","8","1","1","False","0"
"36832","2152058798096","1845378576675","1845378672098","9.7108","9.542300000000001","0.1685","9.280700000000001","1.614","False","12.0867","9.6827","12.1266","7.45","16.9923","8","1","1","False","0"
"36832","2152058798096","1845378673783","1845378812775","14.0807","13.8992","0.18150000000000002","17.0811","4.609100000000001","False","6.0719","14.0677","12.0867","5.469","19.3682","8","1","1","False","0"
"36832","2152058798096","1845378814590","1845378894423","8.1341","7.983300000000001","0.15080000000000002","4.8784","1.339","False","18.198800000000002","8.1648","6.0719","3.3761","11.3594","8","1","1","False","0"
"36832","2152058798096","1845378895931","1845379029304","13.507700000000002","13.3373","0.1704","16.8599","4.6952","False","6.074400000000001","13.488100000000001","18.198800000000002","8.0868","21.4241","8","1","1","False","0"
"36832","2152058798096","1845379031008","1845379134991","10.4961","10.3983","0.0978","7.210600000000001","1.6659000000000002","False","12.105","10.5687","6.074400000000001","3.5925000000000002","13.9908","8","1","1","False","0"
"36832","2152058798096","1845379135969","1845379241826","10.712800000000001","10.585700000000001","0.12710000000000002","11.9938","2.6815","False","6.0398000000000005","10.6835","12.105","5.014","15.5997","8","1","1","False","0"
"36832","2152058798096","1845379243097","1845379318440","7.6792","7.5343","0.1449","6.345400000000001","1.3528","False","12.1304","7.6614","6.0398000000000005","3.3924000000000003","10.9267","8","1","1","False","0"
"36832","2152058798096","1845379319889","1845379429314","11.0814","10.9425","0.1389","12.0197","2.2904","False","12.1224","11.0874","12.1304","4.4354000000000005","15.3779","8","1","1","False","0"
"36832","2152058798096","1845379430703","1845379560966","13.2437","13.0263","0.2174","12.8236","1.9161000000000001","False","12.1342","13.1652","12.1224","3.3926000000000003","16.4189","8","1","1","False","0"
"36832","2152058798096","1845379563140","1845379669028","10.731200000000001","10.5888","0.1424","10.5088","1.6415000000000002","False","12.1248","10.8062","12.1342","4.7206","15.3094","8","1","1","False","0"
"36832","2152058798096","1845379670452","1845379774519","10.581900000000001","10.4067","0.1752","12.1157","3.2023","False","6.1218","10.549100000000001","12.1248","6.2963000000000005","16.703","8","1","1","False","0"
"36832","2152058798096","1845379776271","1845379864867","9.0046","8.8596","0.14500000000000002","7.3169","1.4966000000000002","False","12.028500000000001","9.0348","6.1218","3.3833","12.2429","8","1","1","False","0"
"36832","2152058798096","1845379866317","1845379973675","10.875000000000002","10.735800000000001","0.13920000000000002","11.7432","2.363","False","18.221500000000002","10.8808","12.028500000000001","4.531000000000001","15.2668","8","1","1","False","0"
"36832","2152058798096","1845379975067","1845380111838","13.8152","13.677100000000001","0.1381","14.3376","2.8843","False","6.0514","13.8163","18.221500000000002","8.936200000000001","22.613300000000002","8","1","1","False","0"
"36832","2152058798096","1845380113219","1845380227672","11.658500000000002","11.445300000000001","0.2132","10.2935","1.5444","False","6.0263","11.583400000000001","6.0514","3.4042000000000003","14.8495","8","1","1","False","0"
"36832","2152058798096","1845380229804","1845380303937","7.5680000000000005","7.4133000000000004","0.1547","7.6219","1.5799","False","12.1942","7.6265","6.0263","1.804","9.2173","8","1","1","False","0"
"36832","2152058798096","1845380305484","1845380402824","9.901","9.734","0.167","10.935","2.6237","False","12.0479","9.8887","12.1942","4.109500000000001","13.8435","8","1","1","False","0"
"36832","2152058798096","1845380404494","1845380523459","12.032900000000001","11.896500000000001","0.1364","11.9509","2.5249","False","12.140500000000001","12.063500000000001","12.0479","4.0939000000000005","15.990400000000001","8","1","1","False","0"
"36832","2152058798096","1845380524823","1845380641780","11.824","11.6957","0.1283","12.2246","2.9179","False","12.134500000000001","11.8321","12.140500000000001","4.4023","16.098000000000003","8","1","1","False","0"
"36832","2152058798096","1845380643063","1845380766906","12.525900000000002","12.384300000000001","0.1416","11.2682","1.6675","False","12.1255","12.5126","12.134500000000001","4.0242","16.4085","8","1","1","False","0"
"36832","2152058798096","1845380768322","1845380873400","10.688300000000002","10.507800000000001","0.18050000000000002","10.7543","1.7539","False","12.1263","10.6494","12.1255","5.5003","16.008100000000002","8","1","1","False","0"
"36832","2152058798096","1845380875205","1845380973942","10.042100000000001","9.873700000000001","0.16840000000000002","9.9425","1.651","False","6.0353","10.0542","12.1263","7.5724","17.4461","8","1","1","False","0"
"36832","2152058798096","1845380975626","1845381074673","10.0354","9.9047","0.1307","10.3474","1.9427","False","12.1434","10.0731","6.0353","3.5346","13.439300000000001","8","1","1","False","0"
"36832","2152058798096","1845381075980","1845381177293","10.279100000000001","10.131300000000001","0.14780000000000001","10.738100000000001","2.4131","False","12.113800000000001","10.262","12.1434","5.416","15.5473","8","1","1","False","0"
"36832","2152058798096","1845381178771","1845381304189","12.6743","12.5418","0.1325","12.1978","1.9301000000000001","False","6.0318000000000005","12.6896","12.113800000000001","4.8402","17.382","8","1","1","False","0"
"36832","2152058798096","1845381305514","1845381381028","7.6712","7.5514","0.1198","6.956800000000001","1.6141","False","12.1475","7.6839","6.0318000000000005","3.1881","10.739500000000001","8","1","1","False","0"
"36832","2152058798096","1845381382226","1845381493194","11.2465","11.0968","0.1497","11.8012","1.7639","False","12.1217","11.2166","12.1475","4.119","15.215800000000002","8","1","1","False","0"
"36832","2152058798096","1845381494691","1845381603931","11.048100000000002","10.924000000000001","0.1241","11.412300000000002","2.1261","False","12.136700000000001","11.0737","12.1217","5.167","16.091","8","1","1","False","0"
"36832","2152058798096","1845381605172","1845381713370","11.011000000000001","10.8198","0.1912","12.195300000000003","3.3455000000000004","False","6.0239","10.943900000000001","12.136700000000001","6.3598","17.1796","8","1","1","False","0"
"36832","2152058798096","1845381715282","1845381802466","8.867500000000001","8.7184","0.1491","7.0627","1.5209000000000001","False","12.135900000000001","8.909600000000001","6.0239","3.4741","12.1925","8","1","1","False","0"
"36832","2152058798096","1845381803957","1845381922045","11.9455","11.8088","0.13670000000000002","12.4845","2.0531","False","12.129000000000001","11.9579","12.135900000000001","3.6521000000000003","15.4609","8","1","1","False","0"
"36832","2152058798096","1845381923412","1845382022963","10.1314","9.9551","0.1763","11.319600000000001","3.2543","False","12.1318","10.091800000000001","12.129000000000001","5.6893","15.644400000000001","8","1","1","False","0"
"36832","2152058798096","1845382024726","1845382140795","11.821500000000002","11.606900000000001","0.2146","11.8001","3.2516000000000003","False","12.1231","11.7832","12.1318","6.0379000000000005","17.6448","8","1","1","False","0"
"36832","2152058798096","1845382142941","1845382244818","10.3358","10.187700000000001","0.1481","8.8659","1.7533","False","6.0351","10.4023","12.1231","7.7587","17.9464","8","1","1","False","0"
"36832","2152058798096","1845382246299","1845382349867","10.4889","10.3568","0.1321","10.1465","1.4026","False","18.198900000000002","10.504900000000001","6.0351","3.2889000000000004","13.645700000000001","8","1","1","False","0"
"36832","2152058798096","1845382351188","1845382483512","13.364","13.2324","0.1316","14.048300000000001","2.0864000000000003","False","6.050000000000001","13.364500000000001","18.198900000000002","8.1233","21.355700000000002","8","1","1","False","0"
"36832","2152058798096","1845382484828","1845382589620","10.632200000000001","10.4792","0.153","10.207500000000003","1.6718000000000002","False","12.1403","10.610800000000001","6.050000000000001","3.5625","14.0417","8","1","1","False","0"
"36832","2152058798096","1845382591150","1845382664732","7.5217","7.3582","0.1635","7.9131","2.0669","False","6.0319","7.5112000000000005","12.1403","8.191600000000001","15.549800000000001","8","1","1","False","0"
"36832","2152058798096","1845382666367","1845382779858","11.5144","11.3491","0.1653","11.1574","1.7056","False","12.1531","11.5126","6.0319","2.7109","14.06","8","1","1","False","0"
"36832","2152058798096","1845382781511","1845382881752","10.1569","10.0241","0.1328","10.0103","1.5551000000000001","False","12.1083","10.189400000000001","12.1531","4.6746","14.6987","8","1","1","False","0"
"36832","2152058798096","1845382883080","1845383007842","12.6533","12.4762","0.1771","12.8048","1.7451","False","12.129100000000001","12.609","12.1083","4.173900000000001","16.650100000000002","8","1","1","False","0"
"36832","2152058798096","1845383009613","1845383119183","11.089400000000001","10.957","0.13240000000000002","11.4062","2.0203","False","12.0989","11.1341","12.129100000000001","5.1689","16.1259","8","1","1","False","0"
"36832","2152058798096","1845383120507","1845383233008","11.414299999999999","11.2501","0.1642","13.2409","3.8601","False","6.0503","11.3825","12.0989","5.8853","17.1354","8","1","1","False","0"
"36832","2152058798096","1845383234650","1845383321353","8.8162","8.670300000000001","0.1459","6.689900000000001","1.7248","False","12.1217","8.8345","6.0503","3.1011","11.7714","8","1","1","False","0"
"36832","2152058798096","1845383322812","1845383430295","10.9185","10.7483","0.17020000000000002","10.5814","1.387","False","12.132100000000001","10.8942","12.1217","4.3286","15.0769","8","1","1","False","0"
"36832","2152058798096","1845383431997","1845383555284","12.462700000000002","12.328700000000001","0.134","13.7352","2.6577","False","12.128","12.4989","12.132100000000001","3.9618","16.2905","8","1","1","False","0"
"36832","2152058798096","1845383556624","1845383662572","10.728000000000002","10.594800000000001","0.1332","10.9191","3.1626000000000003","False","12.138","10.7288","12.128","5.361000000000001","15.9558","8","1","1","False","0"
"36832","2152058798096","1845383663904","1845383758946","9.678400000000002","9.5042","0.17420000000000002","8.8475","2.0405","False","6.0216","9.637400000000001","12.138","7.8616","17.3658","8","1","1","False","0"
"36832","2152058798096","1845383760688","1845383862157","10.294500000000001","10.1469","0.1476","10.042","1.7752000000000001","False","12.1468","10.321100000000001","6.0216","3.5621","13.709000000000001","8","1","1","False","0"
"36832","2152058798096","1845383863633","1845383969447","10.7254","10.5814","0.14400000000000002","10.7774","1.8112000000000001","False","12.1205","10.729000000000001","12.1468","4.979900000000001","15.561300000000001","8","1","1","False","0"
"36832","2152058798096","1845383970887","1845384104250","13.473300000000002","13.336300000000001","0.137","13.6546","2.0002","False","12.092400000000001","13.480300000000002","12.1205","3.6201000000000003","16.956400000000002","8","1","1","False","0"
"36832","2152058798096","1845384105620","1845384230631","12.6812","12.501100000000001","0.1801","13.546800000000001","2.8873","False","12.1743","12.638100000000001","12.092400000000001","3.0744000000000002","15.5755","8","1","1","False","0"
"36832","2152058798096","1845384232432","1845384314283","8.3511","8.1851","0.166","8.6232","3.1503","False","6.0224","8.3652","12.1743","6.883500000000001","15.0686","8","1","1","False","0"
"36832","2152058798096","1845384315943","1845384408636","9.430100000000001","9.269300000000001","0.1608","7.968800000000001","1.6767","False","12.1066","9.4353","6.0224","3.4706","12.7399","8","1","1","False","0"
"36832","2152058798096","1845384410244","1845384526281","11.7732","11.6037","0.1695","11.799900000000001","1.7303000000000002","False","12.122900000000001","11.7645","12.1066","3.8127","15.416400000000001","8","1","1","False","0"
"36832","2152058798096","1845384527976","1845384654215","12.791300000000001","12.6239","0.16740000000000002","13.9183","2.8346","False","18.1996","12.7934","12.122900000000001","3.1422000000000003","15.766100000000002","8","1","1","False","0"
"36832","2152058798096","1845384655889","1845384797439","14.330800000000002","14.155000000000001","0.1758","16.351200000000002","4.8687000000000005","False","6.057","14.3224","18.1996","7.0194","21.174400000000002","8","1","1","False","0"
"36832","2152058798096","1845384799197","1845384892725","9.5737","9.3528","0.2209","6.2064","1.5701","False","12.127","9.5286","6.057","3.5478","12.9006","8","1","1","False","0"
"36832","2152058798096","1845384894934","1845385007055","11.340200000000001","11.212100000000001","0.12810000000000002","11.5814","1.7188","False","12.1342","11.433","12.127","4.2418000000000005","15.4539","8","1","1","False","0"
"36832","2152058798096","1845385008336","1845385122762","11.575000000000001","11.4426","0.13240000000000002","11.546100000000001","1.7001000000000002","False","12.117600000000001","11.5707","12.1342","4.8053","16.2479","8","1","1","False","0"
"36832","2152058798096","1845385124086","1845385234682","11.248099999999999","11.0596","0.1885","12.195500000000001","2.6666000000000003","False","12.119200000000001","11.192","12.117600000000001","5.7309","16.7905","8","1","1","False","0"
"36832","2152058798096","1845385236567","1845385367239","13.196400000000002","13.067200000000001","0.1292","12.150300000000001","1.5933000000000002","False","12.1257","13.255700000000001","12.119200000000001","4.5944","17.6616","8","1","1","False","0"
"36832","2152058798096","1845385368531","1845385467856","10.103900000000001","9.932500000000001","0.1714","12.1161","3.6237000000000004","False","12.1189","10.0617","12.1257","6.6584","16.5909","8","1","1","False","0"
"36832","2152058798096","1845385469570","1845385601149","13.327200000000001","13.157900000000001","0.1693","12.779799999999998","3.0872","False","18.1892","13.3293","12.1189","5.448","18.605900000000002","8","1","1","False","0"
"36832","2152058798096","1845385602842","1845385761341","16.0261","15.8499","0.1762","14.9349","1.9948000000000001","False","18.1949","16.0192","18.1892","7.618","23.4679","8","1","1","False","0"
"36832","2152058798096","1845385763103","1845385941739","18.0396","17.8636","0.17600000000000002","18.1171","2.0573","False","18.1594","18.0398","18.1949","7.7731","25.6367","8","1","1","False","0"
"36832","2152058798096","1845385943499","1845386149038","20.695200000000003","20.553900000000002","0.1413","20.9012","2.2579000000000002","False","24.2578","20.7299","18.1594","5.2026","25.756500000000003","8","1","1","False","0"
"36832","2152058798096","1845386150451","1845386375705","22.7241","22.5254","0.19870000000000002","23.9804","3.5428","False","18.1601","22.666700000000002","24.2578","6.7937","29.319100000000002","8","1","1","False","0"
"36832","2152058798096","1845386377692","1845386559465","18.3714","18.177300000000002","0.19410000000000002","18.253700000000002","3.4035","False","12.1323","18.376","18.1601","6.577800000000001","24.755100000000002","8","1","1","False","0"
"36832","2152058798096","1845386561406","1845386708371","14.8354","14.6965","0.1389","13.130500000000001","1.6856","False","18.188200000000002","14.890600000000001","12.1323","3.8195","18.516000000000002","8","1","1","False","0"
"36832","2152058798096","1845386709760","1845386854806","14.6883","14.5046","0.1837","14.4174","1.7682","False","12.106900000000001","14.643500000000001","18.188200000000002","7.3642","21.8688","8","1","1","False","0"
"36832","2152058798096","1845386856643","1845386991854","13.710600000000001","13.5211","0.1895","15.549900000000001","3.2892","False","12.1173","13.7048","12.106900000000001","5.7663","19.2874","8","1","1","False","0"
"36832","2152058798096","1845386993749","1845387114328","12.2702","12.0579","0.21230000000000002","12.2817","3.3201","False","12.1277","12.2474","12.1173","5.6362000000000005","17.694100000000002","8","1","1","False","0"
"36832","2152058798096","1845387116451","1845387234320","11.9541","11.786900000000001","0.16720000000000002","11.5855","2.9101000000000004","False","12.098600000000001","11.9992","12.1277","5.7647","17.5516","8","1","1","False","0"
"36832","2152058798096","1845387235992","1845387387063","15.242","15.1071","0.13490000000000002","14.2759","1.9281000000000001","False","18.2045","15.2743","12.098600000000001","2.589","17.6961","8","1","1","False","0"
"36832","2152058798096","1845387388412","1845387520100","13.314300000000001","13.168800000000001","0.14550000000000002","15.89","4.5115","False","12.0996","13.303700000000001","18.2045","7.489800000000001","20.6586","8","1","1","False","0"
"36832","2152058798096","1845387521555","1845387650837","13.0921","12.9282","0.16390000000000002","12.8128","4.2519","False","12.1127","13.0737","12.0996","6.515700000000001","19.4439","8","1","1","False","0"
"36832","2152058798096","1845387652476","1845387785763","13.475200000000001","13.328700000000001","0.14650000000000002","12.714","3.4581","False","12.1219","13.492600000000001","12.1127","5.135800000000001","18.4645","8","1","1","False","0"
"36832","2152058798096","1845387787228","1845387907398","12.185","12.017000000000001","0.168","10.751700000000001","2.0706","False","18.18","12.1635","12.1219","5.0942","17.1112","8","1","1","False","0"
"36832","2152058798096","1845387909078","1845388127773","22.0547","21.869500000000002","0.1852","20.3185","0.32220000000000004","False","18.1738","22.0375","18.18","1.2367000000000001","23.1062","8","1","1","False","0"
"36832","2152058798096","1845388129625","1845388313090","18.5222","18.346500000000002","0.1757","18.563200000000002","0.36410000000000003","False","18.2221","18.5317","18.1738","0.8788","19.2253","8","1","1","False","0"
"36832","2152058798096","1845388314847","1845388458480","14.507000000000001","14.3633","0.1437","14.5295","0.35550000000000004","False","12.113000000000001","14.539000000000001","18.2221","4.5619000000000005","18.9252","8","1","1","False","0"
"36832","2152058798096","1845388459917","1845388583145","12.453600000000002","12.3228","0.1308","12.3694","0.27540000000000003","False","12.1041","12.4665","12.113000000000001","4.2084","16.531200000000002","8","1","1","False","0"
"36832","2152058798096","1845388584453","1845388725269","14.230599999999999","14.0816","0.149","14.244000000000002","0.2924","False","12.1425","14.2124","12.1041","2.1001000000000003","16.1817","8","1","1","False","0"
"36832","2152058798096","1845388726759","1845388823353","9.7828","9.6594","0.12340000000000001","9.776900000000001","0.2798","False","18.1901","9.8084","12.1425","4.434200000000001","14.0936","8","1","1","False","0"
"36832","2152058798096","1845388824587","1845388988528","16.587400000000002","16.3941","0.1933","16.6259","0.3655","False","6.0262","16.517500000000002","18.1901","6.106800000000001","22.5009","8","1","1","False","0"
"36832","2152058798096","1845388990461","1845389074524","8.5375","8.4063","0.1312","8.4803","0.2615","False","12.139800000000001","8.5996","6.0262","3.5334000000000003","11.9397","8","1","1","False","0"
"36832","2152058798096","1845389075836","1845389206305","13.2033","13.0469","0.1564","13.257200000000001","0.3255","False","12.1175","13.1781","12.139800000000001","2.4951000000000003","15.542000000000002","8","1","1","False","0"
"36832","2152058798096","1845389207869","1845389327445","12.1056","11.957600000000001","0.14800000000000002","12.072700000000001","0.2983","False","12.125300000000001","12.114","12.1175","2.4986","14.4562","8","1","1","False","0"
"36832","2152058798096","1845389328925","1845389426224","9.853900000000001","9.7299","0.124","9.8538","0.28140000000000004","False","12.139700000000001","9.8779","12.125300000000001","4.746","14.475900000000001","8","1","1","False","0"
"36832","2152058798096","1845389427464","1845389531207","10.5516","10.3743","0.1773","10.5486","0.301","False","6.0049","10.4983","12.139700000000001","6.3874","16.7617","8","1","1","False","0"
"36832","2152058798096","1845389532980","1845389645182","11.3894","11.2202","0.16920000000000002","11.42","0.31870000000000004","False","12.129100000000001","11.3975","6.0049","0.9948","12.215","8","1","1","False","0"
"36832","2152058798096","1845389646874","1845389740070","9.5242","9.319600000000001","0.2046","9.5359","0.3801","False","12.1156","9.488800000000001","12.129100000000001","3.6351","12.9547","8","1","1","False","0"
"36832","2152058798096","1845389742116","1845389891584","15.097400000000002","14.946800000000001","0.1506","15.178500000000001","0.4121","False","12.1453","15.1514","12.1156","0.5993","15.546100000000001","8","1","1","False","0"
"36832","2152058798096","1845389893090","1845389971890","8.012500000000001","7.880000000000001","0.1325","7.9675","0.3599","False","12.135900000000001","8.0306","12.1453","4.714","12.594000000000001","8","1","1","False","0"
"36832","2152058798096","1845389973215","1845390085280","11.3617","11.2065","0.1552","11.291400000000001","0.30110000000000003","False","6.087000000000001","11.339","12.135900000000001","5.5109","16.7174","8","1","1","False","0"
"36832","2152058798096","1845390086832","1845390186311","10.1486","9.9479","0.20070000000000002","10.1418","0.31220000000000003","False","12.0701","10.103100000000001","6.087000000000001","1.4948000000000001","11.4427","8","1","1","False","0"
"36832","2152058798096","1845390188318","1845390305124","11.88","11.6806","0.19940000000000002","11.9579","0.3816","False","12.1304","11.881300000000001","12.0701","1.6836","13.3642","8","1","1","False","0"
"36832","2152058798096","1845390307118","1845390399372","9.363100000000001","9.2254","0.13770000000000002","9.3869","0.38620000000000004","False","12.136000000000001","9.424800000000001","12.1304","4.3892","13.614600000000001","8","1","1","False","0"
"36832","2152058798096","1845390400749","1845390508477","10.9128","10.7728","0.14","10.707600000000001","0.3441","False","12.1393","10.9105","12.136000000000001","5.6147","16.3875","8","1","1","False","0"
"36832","2152058798096","1845390509877","1845390623352","11.6563","11.3475","0.3088","11.6826","0.3552","False","6.0139000000000005","11.4875","12.1393","6.266500000000001","17.614","8","1","1","False","0"
"36832","2152058798096","1845390626440","1845390712731","8.8253","8.629100000000001","0.1962","8.91","0.3078","False","12.2127","8.9379","6.0139000000000005","3.3425000000000002","11.9716","8","1","1","False","0"
"36832","2152058798096","1845390714693","1845390829644","11.643500000000001","11.4951","0.1484","11.656300000000002","0.3106","False","12.046100000000001","11.6913","12.2127","3.8639","15.359","8","1","1","False","0"
"36832","2152058798096","1845390831128","1845390968606","13.9094","13.7478","0.16160000000000002","14.0046","0.4016","False","12.141200000000001","13.8962","12.046100000000001","2.0138000000000003","15.761600000000001","8","1","1","False","0"
"36832","2152058798096","1845390970222","1845391064983","9.611","9.4761","0.13490000000000002","9.491100000000001","0.2858","False","6.017","9.6377","12.141200000000001","4.5173000000000005","13.993400000000001","8","1","1","False","0"
"36832","2152058798096","1845391066332","1845391162457","9.8024","9.6125","0.1899","9.8018","0.3049","False","12.128200000000001","9.7474","6.017","0.7869","10.3994","8","1","1","False","0"
"36832","2152058798096","1845391164356","1845391279104","11.6628","11.4748","0.188","11.7696","0.40900000000000003","False","12.1898","11.6647","12.128200000000001","1.2504","12.725200000000001","8","1","1","False","0"
"36832","2152058798096","1845391280984","1845391370993","9.1604","9.0009","0.1595","9.1599","0.39630000000000004","False","12.0882","9.1889","12.1898","4.2513000000000005","13.2522","8","1","1","False","0"
"36832","2152058798096","1845391372588","1845391500010","12.8975","12.7422","0.1553","12.8751","0.3645","False","12.1068","12.9017","12.0882","3.4378","16.18","8","1","1","False","0"
"36832","2152058798096","1845391501563","1845391610315","11.007100000000001","10.875200000000001","0.13190000000000002","10.966700000000001","0.3181","False","6.0638000000000005","11.0305","12.1068","4.5141","15.3893","8","1","1","False","0"
"36832","2152058798096","1845391611634","1845391709616","10.1072","9.798200000000001","0.309","10.0921","0.4027","False","12.119200000000001","9.930100000000001","6.0638000000000005","0.6478","10.446","8","1","1","False","0"
"36832","2152058798096","1845391712706","1845391823397","11.322600000000001","11.0691","0.2535","11.381","0.4252","False","12.1182","11.3781","12.119200000000001","1.3889","12.458","8","1","1","False","0"
"36832","2152058798096","1845391825932","1845391919181","9.483400000000001","9.324900000000001","0.1585","9.4456","0.35100000000000003","False","12.1308","9.5784","12.1182","3.9287","13.2536","8","1","1","False","0"
"36832","2152058798096","1845391920766","1845392036572","11.715300000000001","11.5806","0.13470000000000001","11.6897","0.29660000000000003","False","12.09","11.7391","12.1308","4.3204","15.901000000000002","8","1","1","False","0"
"36832","2152058798096","1845392037919","1845392162100","12.5858","12.4181","0.16770000000000002","12.5428","0.2728","False","12.1666","12.552800000000001","12.09","3.8576","16.2757","8","1","1","False","0"
"36832","2152058798096","1845392163777","1845392273540","11.1138","10.9763","0.1375","11.201600000000001","0.3478","False","12.0912","11.144","12.1666","4.8802","15.8565","8","1","1","False","0"
"36832","2152058798096","1845392274915","1845392406139","13.251100000000001","13.1224","0.1287","13.1826","0.27740000000000004","False","6.0394000000000005","13.2599","12.0912","3.7115","16.8339","8","1","1","False","0"
"36832","2152058798096","1845392407426","1845392495927","9.014000000000001","8.850100000000001","0.16390000000000002","9.0424","0.3174","False","12.128","8.9788","6.0394000000000005","0.7721","9.622200000000001","8","1","1","False","0"
"36832","2152058798096","1845392497566","1845392608536","11.272700000000002","11.097000000000001","0.1757","11.3289","0.3809","False","12.1249","11.260900000000001","12.128","1.6392","12.7362","8","1","1","False","0"
"36832","2152058798096","1845392610293","1845392712362","10.373700000000001","10.206900000000001","0.1668","10.4068","0.3997","False","12.1424","10.3826","12.1249","3.3815","13.5884","8","1","1","False","0"
"36832","2152058798096","1845392714030","1845392820339","10.7657","10.6309","0.1348","10.7352","0.3714","False","6.042000000000001","10.7977","12.1424","4.7262","15.3571","8","1","1","False","0"
"36832","2152058798096","1845392821687","1845392913283","9.337700000000002","9.159600000000001","0.1781","9.2657","0.3133","False","12.109900000000001","9.294400000000001","6.042000000000001","1.4738","10.6334","8","1","1","False","0"
"36832","2152058798096","1845392915064","1845393031996","11.8297","11.693200000000001","0.1365","11.7181","0.4334","False","12.136800000000001","11.8713","12.109900000000001","1.7124000000000001","13.405600000000002","8","1","1","False","0"
"36832","2152058798096","1845393033361","1845393125500","9.348","9.2139","0.1341","9.5302","0.3647","False","12.1354","9.3504","12.136800000000001","4.4988","13.7127","8","1","1","False","0"
"36832","2152058798096","1845393126841","1845393246713","12.1468","11.987200000000001","0.15960000000000002","12.1358","0.3713","False","12.1334","12.1213","12.1354","4.5129","16.5001","8","1","1","False","0"
"36832","2152058798096","1845393248309","1845393360669","11.382900000000001","11.236","0.1469","11.317300000000001","0.2836","False","6.0163","11.3956","12.1334","5.2507","16.4867","8","1","1","False","0"
"36832","2152058798096","1845393362138","1845393458412","9.7982","9.6274","0.1708","9.7848","0.2912","False","12.1303","9.7743","6.0163","1.4927000000000001","11.1201","8","1","1","False","0"
"36832","2152058798096","1845393460120","1845393549130","9.0392","8.901","0.13820000000000002","9.150500000000001","0.38930000000000003","False","12.1364","9.0718","12.1303","4.551200000000001","13.452200000000001","8","1","1","False","0"
"36832","2152058798096","1845393550512","1845393670271","12.127500000000001","11.975900000000001","0.1516","12.1053","0.3784","False","12.1592","12.1141","12.1364","4.5735","16.549400000000002","8","1","1","False","0"
"36832","2152058798096","1845393671787","1845393781162","11.1212","10.9375","0.1837","11.033100000000001","0.2993","False","6.0065","11.0891","12.1592","5.6436","16.5811","8","1","1","False","0"
"36832","2152058798096","1845393782999","1845393879469","9.8262","9.647","0.1792","9.8621","0.3315","False","12.1119","9.8307","6.0065","1.8194000000000001","11.4664","8","1","1","False","0"
"36832","2152058798096","1845393881261","1845393974929","9.5253","9.3668","0.1585","9.5829","0.3694","False","12.158100000000001","9.546000000000001","12.1119","4.3853","13.7521","8","1","1","False","0"
"36832","2152058798096","1845393976514","1845394097210","12.202000000000002","12.069600000000001","0.13240000000000002","12.194500000000001","0.3607","False","12.123800000000001","12.228100000000001","12.158100000000001","4.315300000000001","16.384900000000002","8","1","1","False","0"
"36832","2152058798096","1845394098534","1845394204644","10.791300000000001","10.611","0.18030000000000002","10.7119","0.3025","False","6.0223","10.743400000000001","12.123800000000001","5.6957","16.3067","8","1","1","False","0"
"36832","2152058798096","1845394206447","1845394312573","10.7908","10.6126","0.1782","10.7936","0.3024","False","12.1219","10.792900000000001","6.0223","0.9251","11.537700000000001","8","1","1","False","0"
"36832","2152058798096","1845394314355","1845394407868","9.5135","9.3513","0.1622","9.606200000000001","0.389","False","12.1293","9.5295","12.1219","3.5175","12.8688","8","1","1","False","0"
"36832","2152058798096","1845394409490","1845394518417","11.131100000000002","10.892700000000001","0.2384","11.0836","0.3921","False","12.1266","11.0549","12.1293","4.5919","15.4846","8","1","1","False","0"
"36832","2152058798096","1845394520801","1845394640363","12.095600000000001","11.9562","0.1394","12.1247","0.35500000000000004","False","12.135100000000001","12.194600000000001","12.1266","4.5239","16.4801","8","1","1","False","0"
"36832","2152058798096","1845394641757","1845394771379","13.0996","12.962200000000001","0.1374","13.0344","0.2934","False","12.1333","13.101600000000001","12.135100000000001","3.5574000000000003","16.5196","8","1","1","False","0"
"36832","2152058798096","1845394772753","1845394870660","9.957300000000002","9.790700000000001","0.1666","9.933900000000001","0.28300000000000003","False","6.023700000000001","9.9281","12.1333","5.7626","15.5533","8","1","1","False","0"
"36832","2152058798096","1845394872326","1845394979602","10.9015","10.7276","0.1739","10.9425","0.3294","False","12.1922","10.8942","6.023700000000001","0.8921","11.6197","8","1","1","False","0"
"36832","2152058798096","1845394981341","1845395083251","10.3521","10.191","0.16110000000000002","10.4322","0.40390000000000004","False","12.055900000000001","10.3649","12.1922","2.7194000000000003","12.910400000000001","8","1","1","False","0"
"36832","2152058798096","1845395084862","1845395197835","11.4439","11.2973","0.1466","11.4132","0.3683","False","12.118500000000001","11.458400000000001","12.055900000000001","3.3169","14.6142","8","1","1","False","0"
"36832","2152058798096","1845395199301","1845395314157","11.651","11.4856","0.16540000000000002","11.6791","0.3941","False","12.1585","11.632200000000001","12.118500000000001","3.8032000000000004","15.2888","8","1","1","False","0"
"36832","2152058798096","1845395315811","1845395439483","12.5405","12.3672","0.1733","12.4962","0.36910000000000004","False","12.097700000000001","12.5326","12.1585","3.4291","15.7963","8","1","1","False","0"
"36832","2152058798096","1845395441216","1845395574623","13.4719","13.3407","0.1312","13.308300000000001","0.34140000000000004","False","12.1547","13.514000000000001","12.097700000000001","2.0128","15.3535","8","1","1","False","0"
"36832","2152058798096","1845395575935","1845395668216","9.347800000000001","9.228100000000001","0.1197","9.464500000000001","0.2914","False","12.077900000000001","9.359300000000001","12.1547","4.8082","14.0363","8","1","1","False","0"
"36832","2152058798096","1845395669413","1845395806894","13.894100000000002","13.7481","0.14600000000000002","13.962100000000001","0.36960000000000004","False","12.108500000000001","13.8678","12.077900000000001","3.0183","16.7664","8","1","1","False","0"
"36832","2152058798096","1845395808354","1845395945588","13.9351","13.7234","0.2117","13.9304","0.3981","False","24.239800000000002","13.8694","12.108500000000001","1.2574","14.9808","8","1","1","False","0"
"36832","2152058798096","1845395947705","1845396152637","20.628500000000003","20.4932","0.1353","20.654700000000002","0.3859","False","12.1273","20.704900000000002","24.239800000000002","4.7923","25.285500000000003","8","1","1","False","0"
"36832","2152058798096","1845396153990","1845396303356","15.1083","14.9366","0.17170000000000002","15.1225","0.4163","False","18.1855","15.071900000000001","12.1273","1.8477000000000001","16.7843","8","1","1","False","0"
"36832","2152058798096","1845396305073","1845396485901","18.265100000000004","18.082800000000002","0.18230000000000002","18.2606","0.41040000000000004","False","24.2725","18.2545","18.1855","1.7787000000000002","19.8615","8","1","1","False","0"
"36832","2152058798096","1845396487724","1845396694892","21.181100000000004","20.716800000000003","0.46430000000000005","21.205000000000002","0.6822","False","24.2678","20.8991","24.2725","5.1521","25.8689","8","1","1","False","0"
"36832","2152058798096","1845396699535","1845396936209","24.0122","23.6674","0.3448","23.9738","0.5428000000000001","False","24.212500000000002","24.131700000000002","24.2678","5.288200000000001","28.9556","8","1","1","False","0"
"36832","2152058798096","1845396939657","1845397174571","23.849600000000002","23.491400000000002","0.3582","23.6807","0.3183","False","18.1616","23.8362","24.212500000000002","5.6645","29.155900000000003","8","1","1","False","0"
"36832","2152058798096","1845397178153","1845397363516","18.6763","18.5363","0.14","18.76","0.29700000000000004","False","12.1087","18.8945","18.1616","4.9316","23.4679","8","1","1","False","0"
"36832","2152058798096","1845397364916","1845397521872","15.960500000000001","15.6956","0.2649","15.909","0.311","False","24.2955","15.835600000000001","12.1087","1.2047","16.9003","8","1","1","False","0"
"36832","2152058798096","1845397524521","1845397728197","20.580199999999998","20.3676","0.2126","20.713800000000003","0.40340000000000004","False","18.1404","20.6325","24.2955","4.8677","25.235300000000002","8","1","1","False","0"
"36832","2152058798096","1845397730323","1845397923099","19.4449","19.2776","0.1673","19.323600000000003","0.2756","False","12.133700000000001","19.4902","18.1404","3.5179","22.7955","8","1","1","False","0"
"36832","2152058798096","1845397924772","1845398051855","12.8732","12.708300000000001","0.16490000000000002","12.7782","0.4217","False","24.2482","12.8756","12.133700000000001","2.7760000000000002","15.484300000000001","8","1","1","False","0"
"36832","2152058798096","1845398053504","1845398293173","24.169000000000004","23.966900000000003","0.2021","24.35","0.3779","False","18.1663","24.131800000000002","24.2482","2.8924000000000003","26.8593","8","1","1","False","0"
"36832","2152058798096","1845398295194","1845398461588","16.8301","16.639400000000002","0.1907","16.835","0.3618","False","24.2922","16.8415","18.1663","4.2172","20.8566","8","1","1","False","0"
"36832","2152058798096","1845398463495","1845398716980","25.529300000000003","25.3485","0.18080000000000002","25.5229","0.36050000000000004","False","18.1295","25.5392","24.2922","2.9702","28.3187","8","1","1","False","0"
"36832","2152058798096","1845398718788","1845398909972","19.339100000000002","19.1184","0.2207","19.35","0.3906","False","24.2326","19.299200000000003","18.1295","1.8005","20.9189","8","1","1","False","0"
"36832","2152058798096","1845398912179","1845399146891","23.6981","23.4712","0.22690000000000002","23.7529","0.4217","False","24.277800000000003","23.6919","24.2326","2.3412","25.8124","8","1","1","False","0"
"36832","2152058798096","1845399149160","1845399353673","20.7136","20.4513","0.26230000000000003","20.6405","0.3844","False","18.1772","20.6782","24.277800000000003","5.9408","26.392100000000003","8","1","1","False","0"
"36832","2152058798096","1845399356296","1845399562332","20.7522","20.6036","0.1486","20.733900000000002","0.3184","False","18.167","20.8659","18.1772","3.2521","23.855700000000002","8","1","1","False","0"
"36832","2152058798096","1845399563818","1845399758083","19.633","19.4265","0.20650000000000002","19.5933","0.2985","False","24.273200000000003","19.575100000000003","18.167","1.844","21.270500000000002","8","1","1","False","0"
"36832","2152058798096","1845399760148","1845399961748","20.4069","20.16","0.2469","20.376900000000003","0.30920000000000003","False","12.092400000000001","20.366500000000002","24.273200000000003","5.7507","25.910700000000002","8","1","1","False","0"
"36832","2152058798096","1845399964217","1845400122549","16.022100000000002","15.833200000000001","0.1889","16.0912","0.3322","False","30.3369","16.0801","12.092400000000001","1.7630000000000001","17.5962","8","1","1","False","0"
"36832","2152058798096","1845400124438","1845400378763","25.7007","25.4325","0.2682","25.7236","0.39080000000000004","False","18.171400000000002","25.6214","30.3369","6.4785","31.911","8","1","1","False","0"
"36832","2152058798096","1845400381445","1845400567271","18.8953","18.5826","0.31270000000000003","18.8149","0.3065","False","18.1462","18.8508","18.171400000000002","5.7991","24.381700000000002","8","1","1","False","0"
"36832","2152058798096","1845400570398","1845400789375","22.0744","21.8977","0.1767","21.982400000000002","0.33280000000000004","False","24.279400000000003","22.2104","18.1462","1.7349","23.6326","8","1","1","False","0"
"36832","2152058798096","1845400791142","1845401003508","21.456799999999998","21.2366","0.2202","21.6481","0.3791","False","18.1564","21.4133","24.279400000000003","4.601","25.837600000000002","8","1","1","False","0"
"36832","2152058798096","1845401005710","1845401193728","19.0101","18.8018","0.2083","18.9384","0.3135","False","24.2806","19.022000000000002","18.1564","3.7354000000000003","22.537200000000002","8","1","1","False","0"
"36832","2152058798096","1845401195811","1845401423878","23.012500000000003","22.806700000000003","0.2058","23.0885","0.3766","False","18.1708","23.015","24.2806","5.001","27.8077","8","1","1","False","0"
"36832","2152058798096","1845401425936","1845401591590","16.776600000000002","16.5654","0.2112","16.6985","0.3083","False","12.0868","16.7712","18.1708","6.400600000000001","22.966","8","1","1","False","0"
"36832","2152058798096","1845401593702","1845401761723","17.0875","16.8021","0.2854","17.0872","0.32680000000000003","False","24.259600000000002","17.0133","12.0868","1.4741","18.2762","8","1","1","False","0"
"36832","2152058798096","1845401764577","1845401971980","20.9041","20.7403","0.1638","20.935100000000002","0.32830000000000004","False","18.1831","21.0257","24.259600000000002","4.708","25.4483","8","1","1","False","0"
"36832","2152058798096","1845401973618","1845402148539","17.6824","17.4921","0.1903","17.724500000000003","0.37360000000000004","False","18.1855","17.655900000000003","18.1831","5.2352","22.7273","8","1","1","False","0"
"36832","2152058798096","1845402150442","1845402341688","19.2772","19.1246","0.1526","19.2251","0.31320000000000003","False","18.186500000000002","19.3149","18.1855","4.1058","23.2304","8","1","1","False","0"
"36832","2152058798096","1845402343214","1845402527882","18.5929","18.4668","0.12610000000000002","18.558400000000006","0.2599","False","18.1812","18.619400000000002","18.186500000000002","3.6729000000000003","22.1397","8","1","1","False","0"
"36832","2152058798096","1845402529143","1845402696992","16.9476","16.7849","0.1627","16.9513","0.2837","False","18.1724","16.911","18.1812","4.9431","21.728","8","1","1","False","0"
"36832","2152058798096","1845402698619","1845402872167","17.631700000000002","17.3548","0.27690000000000003","17.6248","0.3144","False","18.154600000000002","17.517500000000002","18.1724","5.598","22.9528","8","1","1","False","0"
"36832","2152058798096","1845402874936","1845403071737","19.910999999999998","19.6801","0.23090000000000002","19.8758","0.2917","False","18.212500000000002","19.957","18.154600000000002","3.7956000000000003","23.4757","8","1","1","False","0"
"36832","2152058798096","1845403074046","1845403250067","17.7676","17.6021","0.1655","17.880300000000002","0.3578","False","18.1632","17.833000000000002","18.212500000000002","4.1751000000000005","21.7772","8","1","1","False","0"
"36832","2152058798096","1845403251722","1845403459706","20.988","20.7984","0.18960000000000002","20.796","0.3321","False","18.1992","20.963900000000002","18.1632","1.3744","22.172800000000002","8","1","1","False","0"
"36832","2152058798096","1845403461602","1845403637157","17.741600000000002","17.555500000000002","0.18610000000000002","17.9065","0.3229","False","18.1891","17.7451","18.1992","1.8285","19.384","8","1","1","False","0"
"36832","2152058798096","1845403639018","1845403772413","13.597800000000001","13.339500000000001","0.25830000000000003","13.6591","0.4288","False","12.0912","13.5256","18.1891","6.492","19.831500000000002","8","1","1","False","0"
"36832","2152058798096","1845403774996","1845403951340","17.864","17.6344","0.2296","17.752000000000002","0.306","False","18.1826","17.8927","12.0912","0.6905","18.3249","8","1","1","False","0"
"36832","2152058798096","1845403953636","1845404111307","16.003500000000003","15.767100000000001","0.2364","16.1033","0.39990000000000003","False","18.2221","15.9967","18.1826","2.8764000000000003","18.6435","8","1","1","False","0"
"36832","2152058798096","1845404113671","1845404293652","18.2297","17.9981","0.2316","18.1961","0.377","False","18.1434","18.2345","18.2221","2.8640000000000003","20.8621","8","1","1","False","0"
"36832","2152058798096","1845404295968","1845404456838","16.242","16.087","0.155","16.2313","0.33","False","18.1737","16.3186","18.1434","4.6888000000000005","20.7758","8","1","1","False","0"
"36832","2152058798096","1845404458388","1845404642211","18.5247","18.3823","0.1424","18.5656","0.3583","False","18.1837","18.537300000000002","18.1737","4.325200000000001","22.7075","8","1","1","False","0"
"36832","2152058798096","1845404643635","1845404823764","18.232000000000003","18.012900000000002","0.21910000000000002","18.1872","0.3592","False","18.1992","18.1553","18.1837","4.3536","22.366500000000002","8","1","1","False","0"
"36832","2152058798096","1845404825955","1845405004826","18.0513","17.8871","0.1642","18.0898","0.37060000000000004","False","18.1979","18.1062","18.1992","4.4466","22.3337","8","1","1","False","0"
"36832","2152058798096","1845405006468","1845405166150","16.2418","15.968200000000001","0.2736","16.21","0.39230000000000004","False","12.0911","16.1324","18.1979","6.5121","22.4803","8","1","1","False","0"
"36832","2152058798096","1845405168886","1845405311809","14.427700000000002","14.292300000000001","0.13540000000000002","14.3626","0.25730000000000003","False","18.209","14.565900000000001","12.0911","4.0373","18.3296","8","1","1","False","0"
"36832","2152058798096","1845405313163","1845405474259","16.4233","16.1096","0.31370000000000003","16.4836","0.3941","False","18.1703","16.245","18.209","6.0013000000000005","22.1109","8","1","1","False","0"
"36832","2152058798096","1845405477396","1845405676989","20.126800000000003","19.959300000000002","0.1675","20.0773","0.2842","False","18.1945","20.273","18.1703","3.8986","23.8579","8","1","1","False","0"
"36832","2152058798096","1845405678664","1845405849319","17.2168","17.0655","0.15130000000000002","17.208000000000002","0.2662","False","12.089400000000001","17.233","18.1945","4.8601","21.9256","8","1","1","False","0"
"36832","2152058798096","1845405850832","1845406012177","16.3005","16.1345","0.166","16.2249","0.3577","False","18.2326","16.285800000000002","12.089400000000001","0.6637000000000001","16.7982","8","1","1","False","0"
"36832","2152058798096","1845406013837","1845406184578","17.3043","17.0741","0.23020000000000002","17.5318","0.444","False","18.1494","17.2401","18.2326","1.6562000000000001","18.7303","8","1","1","False","0"
"36832","2152058798096","1845406186880","1845406348523","16.3316","16.1643","0.1673","16.2667","0.3612","False","18.188000000000002","16.3945","18.1494","3.4111000000000002","19.575400000000002","8","1","1","False","0"
"36832","2152058798096","1845406350196","1845406524480","17.5671","17.4284","0.13870000000000002","17.4704","0.2526","False","18.1903","17.5957","18.188000000000002","4.0034","21.431800000000003","8","1","1","False","0"
"36832","2152058798096","1845406525867","1845406688862","16.572100000000002","16.299500000000002","0.2726","16.5826","0.3073","False","18.1709","16.438200000000002","18.1903","5.7555000000000005","22.055","8","1","1","False","0"
"36832","2152058798096","1845406691588","1845406883578","19.3853","19.199","0.18630000000000002","19.393","0.2994","False","18.175700000000003","19.471600000000002","18.1709","4.4548000000000005","23.6538","8","1","1","False","0"
"36832","2152058798096","1845406885441","1845407055730","17.2291","17.0289","0.20020000000000002","17.2199","0.30310000000000004","False","12.1074","17.2152","18.175700000000003","5.4153","22.444200000000002","8","1","1","False","0"
"36832","2152058798096","1845407057732","1845407219457","16.3623","16.1725","0.1898","16.380200000000002","0.3014","False","24.2695","16.372700000000002","12.1074","1.1500000000000001","17.3225","8","1","1","False","0"
"36832","2152058798096","1845407221355","1845407406874","18.7912","18.5519","0.2393","19.0015","0.5281","False","12.090900000000001","18.7417","24.2695","6.6778","25.2297","8","1","1","False","0"
"36832","2152058798096","1845407409267","1845407585684","17.8015","17.6417","0.1598","17.627100000000002","0.3236","False","18.183600000000002","17.881","12.090900000000001","0.8877","18.529400000000003","8","1","1","False","0"
"36832","2152058798096","1845407587282","1845407759917","17.5077","17.2635","0.2442","17.567600000000002","0.4111","False","18.1825","17.4233","18.183600000000002","1.6480000000000001","18.9115","8","1","1","False","0"
"36832","2152058798096","1845407762359","1845407930595","17.018000000000004","16.823600000000003","0.19440000000000002","17.0152","0.393","False","18.2053","17.067800000000002","18.1825","2.7627","19.5863","8","1","1","False","0"
"36832","2152058798096","1845407932539","1845408095816","16.5486","16.3277","0.2209","16.5535","0.4035","False","18.177300000000002","16.522100000000002","18.2053","4.4459","20.773600000000002","8","1","1","False","0"
"36832","2152058798096","1845408098025","1845408298091","20.201600000000003","20.006600000000002","0.195","19.9891","0.37310000000000004","False","18.1802","20.227500000000003","18.177300000000002","2.3957","22.4023","8","1","1","False","0"
"36832","2152058798096","1845408300041","1845408473995","17.5909","17.395400000000002","0.1955","17.7085","0.306","False","18.1934","17.590400000000002","18.1802","2.9855","20.3809","8","1","1","False","0"
"36832","2152058798096","1845408475950","1845408620348","14.6868","14.4398","0.24700000000000003","14.6936","0.34850000000000003","False","12.079600000000001","14.6353","18.1934","6.5436000000000005","20.9834","8","1","1","False","0"
"36832","2152058798096","1845408622818","1845408766335","14.5797","14.351700000000001","0.228","14.567200000000001","0.3104","False","18.216900000000003","14.598700000000001","12.079600000000001","4.024500000000001","18.3762","8","1","1","False","0"
"36832","2152058798096","1845408768615","1845408924256","15.768200000000002","15.564100000000002","0.2041","15.892800000000001","0.43270000000000003","False","18.169900000000002","15.792100000000001","18.216900000000003","6.4493","22.0134","8","1","1","False","0"
"36832","2152058798096","1845408926297","1845409122881","19.8701","19.6584","0.2117","19.7393","0.29960000000000003","False","18.1762","19.8625","18.169900000000002","4.7567","24.415100000000002","8","1","1","False","0"
"36832","2152058798096","1845409124998","1845409312117","18.865099999999998","18.7119","0.1532","18.983800000000002","0.37","False","18.1922","18.9236","18.1762","4.0093000000000005","22.7212","8","1","1","False","0"
"36832","2152058798096","1845409313649","1845409473103","16.1953","15.945400000000001","0.2499","16.0655","0.3125","False","12.0944","16.0986","18.1922","6.1029","22.0483","8","1","1","False","0"
"36832","2152058798096","1845409475602","1845409638687","16.4825","16.308500000000002","0.17400000000000002","16.535","0.3245","False","18.2483","16.558400000000002","12.0944","1.6389","17.947400000000002","8","1","1","False","0"
"36832","2152058798096","1845409640427","1845409802674","16.376400000000004","16.224700000000002","0.1517","16.4665","0.4043","False","18.125500000000002","16.3987","18.2483","3.4885","19.7132","8","1","1","False","0"
"36832","2152058798096","1845409804191","1845409974208","17.2285","17.0017","0.2268","17.1602","0.38420000000000004","False","18.195700000000002","17.1534","18.125500000000002","4.4606","21.462300000000003","8","1","1","False","0"
"36832","2152058798096","1845409976476","1845410179099","20.461","20.2623","0.19870000000000002","20.488300000000002","0.3931","False","18.1554","20.4891","18.195700000000002","2.1672000000000002","22.4295","8","1","1","False","0"
"36832","2152058798096","1845410181086","1845410378357","19.8404","19.7271","0.11330000000000001","19.675","0.33130000000000004","False","18.2198","19.925800000000002","18.1554","0.39680000000000004","20.123900000000003","8","1","1","False","0"
"36832","2152058798096","1845410379490","1845410524490","14.7064","14.5","0.2064","14.857000000000001","0.36920000000000003","False","24.2052","14.6133","18.2198","4.0033","18.5033","8","1","1","False","0"
"36832","2152058798096","1845410526554","1845410801407","27.766000000000002","27.485300000000002","0.2807","27.669600000000003","0.33690000000000003","False","24.2683","27.6917","24.2052","0.5168","28.002100000000002","8","1","1","False","0"
"36832","2152058798096","1845410804214","1845411036339","23.480800000000002","23.212500000000002","0.26830000000000004","23.621100000000002","0.4554","False","24.2197","23.4932","24.2683","1.2919","24.5044","8","1","1","False","0"
"36832","2152058798096","1845411039022","1845411268910","23.1951","22.9888","0.2063","23.070700000000002","0.2833","False","30.3381","23.2571","24.2197","2.2545","25.2433","8","1","1","False","0"
"36832","2152058798096","1845411270973","1845411534533","26.5729","26.356","0.2169","26.6858","0.4083","False","18.1602","26.5623","30.3381","6.0303","32.3863","8","1","1","False","0"
"36832","2152058798096","1845411536702","1845411767452","23.368000000000002","23.075000000000003","0.29300000000000004","23.2375","0.31570000000000004","False","24.258100000000002","23.291900000000002","18.1602","0.8986000000000001","23.9736","8","1","1","False","0"
"36832","2152058798096","1845411770382","1845411999188","23.1249","22.8806","0.24430000000000002","23.144000000000002","0.3115","False","18.160500000000003","23.1736","24.258100000000002","1.9831","24.8637","8","1","1","False","0"
"36832","2152058798096","1845412001631","1845412190366","19.1033","18.8735","0.2298","19.127100000000002","0.33340000000000003","False","24.238400000000002","19.117800000000003","18.160500000000003","1.0258","19.8993","8","1","1","False","0"
"36832","2152058798096","1845412192664","1845412426017","23.6025","23.3353","0.2672","23.581300000000002","0.31820000000000004","False","24.2561","23.5651","24.238400000000002","1.6991","25.0344","8","1","1","False","0"
"36832","2152058798096","1845412428689","1845412664901","23.829","23.6212","0.2078","24.0332","0.5019","False","24.273600000000002","23.8884","24.2561","2.0668","25.688000000000002","8","1","1","False","0"
"36832","2152058798096","1845412666979","1845412867625","20.287200000000002","20.064600000000002","0.22260000000000002","20.273500000000002","0.501","False","24.2501","20.2724","24.273600000000002","6.0680000000000005","26.1326","8","1","1","False","0"
"36832","2152058798096","1845412869851","1845413130660","26.3962","26.0809","0.3153","26.3791","0.5185000000000001","False","18.1462","26.3035","24.2501","4.014600000000001","30.0955","8","1","1","False","0"
"36832","2152058798096","1845413133813","1845413338688","20.749100000000002","20.4875","0.2616","20.781100000000002","0.5285000000000001","False","30.329500000000003","20.8028","18.1462","1.358","21.8455","8","1","1","False","0"
"36832","2152058798096","1845413341304","1845413615900","27.623500000000003","27.459600000000002","0.16390000000000002","27.4712","0.7186","False","24.233900000000002","27.7212","30.329500000000003","3.9663000000000004","31.425900000000002","8","1","1","False","0"
"36832","2152058798096","1845413617539","1845413834792","22.041800000000002","21.7253","0.3165","22.1503","0.5116","False","18.2067","21.889200000000002","24.233900000000002","6.311","28.0363","8","1","1","False","0"
"36832","2152058798096","1845413837957","1845414019108","18.402700000000003","18.1151","0.2876","18.4328","0.5182","False","12.0687","18.4316","18.2067","6.0861","24.2012","8","1","1","False","0"
"36832","2152058798096","1845414021984","1845414192084","17.205900000000003","17.01","0.19590000000000002","17.245","0.5172","False","18.188000000000002","17.2976","12.0687","0.8572000000000001","17.8672","8","1","1","False","0"
"36832","2152058798096","1845414194043","1845414366419","17.451","17.2376","0.2134","17.672700000000003","0.746","False","30.3278","17.433500000000002","18.188000000000002","1.6117000000000001","18.8493","8","1","1","False","0"
"36832","2152058798096","1845414368553","1845414636011","26.942800000000002","26.745800000000003","0.197","26.663500000000003","0.4611","False","30.2973","26.959200000000003","30.3278","4.980300000000001","31.726100000000002","8","1","1","False","0"
"36832","2152058798096","1845414637981","1845414937661","30.2113","29.968","0.24330000000000002","30.2999","0.5869","False","24.2133","30.165000000000003","30.2973","5.1126000000000005","35.080600000000004","8","1","1","False","0"
"36832","2152058798096","1845414940094","1845415196624","25.902500000000003","25.653000000000002","0.2495","25.855","0.5474","False","24.305500000000002","25.8963","24.2133","3.4296","29.082600000000003","8","1","1","False","0"
"36832","2152058798096","1845415199119","1845415442566","24.5098","24.3447","0.1651","24.5094","0.49100000000000005","False","24.2145","24.5942","24.305500000000002","3.1409000000000002","27.4856","8","1","1","False","0"
"36832","2152058798096","1845415444217","1845415664625","22.2021","22.0408","0.1613","22.6893","0.9749000000000001","False","18.1719","22.2059","24.2145","5.149500000000001","27.1903","8","1","1","False","0"
"36832","2152058798096","1845415666238","1845415856800","19.2213","19.0562","0.1651","18.7346","0.4954","False","18.1572","19.2175","18.1719","4.1039","23.1601","8","1","1","False","0"
"36832","2152058798096","1845415858451","1845416061684","20.5995","20.3233","0.2762","20.5895","0.5334","False","24.2804","20.488400000000002","18.1572","1.7727000000000002","22.096","8","1","1","False","0"
"36832","2152058798096","1845416064446","1845416273742","21.0789","20.9296","0.14930000000000002","21.0865","0.48350000000000004","False","18.1794","21.2058","24.2804","4.847300000000001","25.7769","8","1","1","False","0"
"36832","2152058798096","1845416275235","1845416452500","17.8896","17.7265","0.1631","18.125","0.7235","False","18.177","17.8758","18.1794","5.1509","22.8774","8","1","1","False","0"
"36832","2152058798096","1845416454131","1845416629247","17.7239","17.5116","0.21230000000000002","18.182100000000002","1.4163000000000001","False","18.1749","17.6747","18.177","5.6532","23.1648","8","1","1","False","0"
"36832","2152058798096","1845416631370","1845416812338","18.2926","18.0968","0.1958","17.819200000000002","0.7298","False","12.0958","18.3091","18.1749","5.519","23.6158","8","1","1","False","0"
"36832","2152058798096","1845416814296","1845416946031","13.352500000000001","13.1735","0.17900000000000002","13.131400000000001","0.5055000000000001","False","24.2693","13.3693","12.0958","4.2455","17.419","8","1","1","False","0"
"36832","2152058798096","1845416947821","1845417182369","23.630300000000002","23.454800000000002","0.17550000000000002","23.9054","0.7637","False","12.0928","23.6338","24.2693","4.881","28.335800000000003","8","1","1","False","0"
"36832","2152058798096","1845417184124","1845417343050","16.0838","15.892600000000002","0.1912","15.878400000000001","0.5627","False","24.281000000000002","16.0681","12.0928","0.9057000000000001","16.7983","8","1","1","False","0"
"36832","2152058798096","1845417344962","1845417561883","21.9534","21.6921","0.26130000000000003","22.172800000000002","0.8055","False","24.2081","21.883300000000002","24.281000000000002","3.3034000000000003","24.9955","8","1","1","False","0"
"36832","2152058798096","1845417564496","1845417810642","24.804700000000004","24.614600000000003","0.19010000000000002","24.540000000000003","0.5278","False","24.2514","24.8759","24.2081","2.6356","27.2502","8","1","1","False","0"
"36832","2152058798096","1845417812543","1845418059109","24.878500000000003","24.6566","0.22190000000000001","25.138","0.786","False","24.2669","24.846700000000002","24.2514","2.0403000000000002","26.696900000000003","8","1","1","False","0"
"36832","2152058798096","1845418061328","1845418259899","20.045900000000003","19.857100000000003","0.1888","19.770300000000002","0.523","False","24.245800000000003","20.079","24.2669","6.2282","26.0853","8","1","1","False","0"
"36832","2152058798096","1845418261787","1845418500822","24.0606","23.9035","0.15710000000000002","24.105700000000002","0.5401","False","18.1772","24.0923","24.245800000000003","6.3817","30.2852","8","1","1","False","0"
"36832","2152058798096","1845418502393","1845418702472","20.174699999999998","20.0079","0.1668","20.1402","0.5045000000000001","False","18.1542","20.165000000000003","18.1772","4.3939","24.4018","8","1","1","False","0"
"36832","2152058798096","1845418704140","1845418916439","21.485300000000002","21.2299","0.2554","21.5192","0.5888","False","24.282500000000002","21.396700000000003","18.1542","1.1514","22.3813","8","1","1","False","0"
"36832","2152058798096","1845418918993","1845419134802","21.7746","21.5809","0.1937","21.768800000000002","0.5502","False","18.1663","21.8363","24.282500000000002","3.5976000000000004","25.1785","8","1","1","False","0"
"36832","2152058798096","1845419136739","1845419308228","17.297900000000002","17.1489","0.149","17.3113","0.5341","False","18.160600000000002","17.3426","18.1663","4.4213000000000005","21.5702","8","1","1","False","0"
"36832","2152058798096","1845419309718","1845419491274","18.3073","18.1556","0.1517","18.0914","0.631","False","18.1659","18.3046","18.160600000000002","4.2773","22.4329","8","1","1","False","0"
"36832","2152058798096","1845419492791","1845419704696","21.4427","21.1905","0.25220000000000004","21.8547","0.789","False","24.250400000000003","21.342200000000002","18.1659","1.101","22.291500000000003","8","1","1","False","0"
"36832","2152058798096","1845419707218","1845419945991","24.167","23.8773","0.2897","24.1862","0.8465","False","24.2836","24.1295","24.250400000000003","1.2219","25.0992","8","1","1","False","0"
"36832","2152058798096","1845419948888","1845420154900","20.767000000000003","20.601200000000002","0.1658","20.789","0.7922","False","18.1433","20.890900000000002","24.2836","4.6146","25.2158","8","1","1","False","0"
"36832","2152058798096","1845420156558","1845420365607","21.0913","20.9049","0.1864","20.816200000000002","0.5327000000000001","False","24.2699","21.070700000000002","18.1433","1.6872","22.592100000000002","8","1","1","False","0"
"36832","2152058798096","1845420367471","1845420577954","21.2007","21.0483","0.1524","21.2494","0.5442","False","18.1798","21.2347","24.2699","4.7224","25.7707","8","1","1","False","0"
"36832","2152058798096","1845420579478","1845420756235","17.8024","17.6757","0.1267","17.883300000000002","0.6241","False","18.155","17.8281","18.1798","5.0741000000000005","22.7498","8","1","1","False","0"
"36832","2152058798096","1845420757502","1845420948898","19.4019","19.1396","0.26230000000000003","19.297","0.5597","False","24.268","19.2663","18.155","3.9628","23.1024","8","1","1","False","0"
"36832","2152058798096","1845420951521","1845421178796","22.896800000000002","22.727500000000003","0.1693","22.9529","0.5871000000000001","False","24.246000000000002","22.989800000000002","24.268","5.2410000000000005","27.968500000000002","8","1","1","False","0"
"36832","2152058798096","1845421180489","1845421410232","23.2431","22.9743","0.26880000000000004","23.1473","0.5609000000000001","False","24.2524","23.143600000000003","24.246000000000002","6.3434","29.317700000000002","8","1","1","False","0"
"36832","2152058798096","1845421412920","1845421660639","24.984700000000004","24.771900000000002","0.21280000000000002","25.431700000000003","0.9687","False","18.1764","25.0407","24.2524","5.5551","30.327","8","1","1","False","0"
"36832","2152058798096","1845421662767","1845421861444","20.083199999999998","19.8677","0.2155","19.7259","0.6016","False","18.1747","20.0805","18.1764","3.6510000000000002","23.518700000000003","8","1","1","False","0"
"36832","2152058798096","1845421863599","1845422030817","16.9143","16.7218","0.1925","16.9055","0.6086","False","24.2542","16.9373","18.1747","4.8884","21.610200000000003","8","1","1","False","0"
"36832","2152058798096","1845422032742","1845422256759","22.660400000000003","22.4017","0.2587","22.6291","0.5624","False","18.1706","22.5942","24.2542","6.5484","28.950100000000003","8","1","1","False","0"
"36832","2152058798096","1845422259346","1845422460680","20.3714","20.1334","0.23800000000000002","20.3331","0.5314","False","18.1555","20.3921","18.1706","4.3269","24.4603","8","1","1","False","0"
"36832","2152058798096","1845422463060","1845422670375","20.8873","20.7315","0.1558","20.956400000000002","0.5747","False","18.1869","20.9695","18.1555","1.5129000000000001","22.244400000000002","8","1","1","False","0"
"36832","2152058798096","1845422671933","1845422842994","17.2587","17.1061","0.1526","17.2573","0.5723","False","18.161","17.2619","18.1869","2.4379","19.544","8","1","1","False","0"
"36832","2152058798096","1845422844520","1845423040552","19.7479","19.6032","0.1447","19.5696","0.6269","False","18.1916","19.7558","18.161","0.8431000000000001","20.4463","8","1","1","False","0"
"36832","2152058798096","1845423041999","1845423203372","16.2961","16.1373","0.1588","16.779","0.8774000000000001","False","24.2544","16.282","18.1916","2.7527","18.89","8","1","1","False","0"
"36832","2152058798096","1845423204960","1845423406258","20.4073","20.1298","0.2775","20.3868","0.9019","False","18.214000000000002","20.288600000000002","24.2544","6.718500000000001","26.848300000000002","8","1","1","False","0"
"36832","2152058798096","1845423409033","1845423614779","20.783","20.5746","0.2084","20.491200000000003","0.5934","False","18.1404","20.8521","18.214000000000002","4.0804","24.655","8","1","1","False","0"
"36832","2152058798096","1845423616863","1845423813331","19.884800000000002","19.646800000000002","0.23800000000000002","19.906200000000002","0.6191","False","24.2739","19.8552","18.1404","2.3656","22.0124","8","1","1","False","0"
"36832","2152058798096","1845423815711","1845424035002","22.117","21.929100000000002","0.1879","22.0986","0.5743","False","18.174500000000002","22.1671","24.2739","4.4724","26.401500000000002","8","1","1","False","0"
"36832","2152058798096","1845424036881","1845424221446","18.605400000000003","18.456500000000002","0.1489","18.6004","0.5636","False","24.2191","18.6444","18.174500000000002","4.0025","22.459","8","1","1","False","0"
"36832","2152058798096","1845424222935","1845424436481","21.553700000000003","21.3546","0.1991","21.6219","0.6434000000000001","False","18.1776","21.503500000000003","24.2191","6.718100000000001","28.0727","8","1","1","False","0"
"36832","2152058798096","1845424438472","1845424676052","24.040300000000002","23.758000000000003","0.2823","24","0.6451","False","24.278000000000002","23.9571","18.1776","0.9386","24.6966","8","1","1","False","0"
"36832","2152058798096","1845424678875","1845424878580","20.1356","19.9705","0.1651","20.4557","0.9177000000000001","False","18.1375","20.2528","24.278000000000002","4.9638","24.9343","8","1","1","False","0"
"36832","2152058798096","1845424880231","1845425100073","22.3154","21.9842","0.3312","21.978","0.6294000000000001","False","30.342200000000002","22.1493","18.1375","0.9520000000000001","22.9362","8","1","1","False","0"
"36832","2152058798096","1845425103385","1845425369341","26.831400000000002","26.5956","0.2358","27.1689","0.9416","False","24.262500000000003","26.9268","30.342200000000002","4.3674","30.963","8","1","1","False","0"
"36832","2152058798096","1845425371699","1845425587211","21.767100000000003","21.5512","0.2159","21.5072","0.6699","False","18.1537","21.787000000000003","24.262500000000003","6.8429","28.3941","8","1","1","False","0"
"36832","2152058798096","1845425589370","1845425806126","21.8864","21.6756","0.21080000000000002","21.622300000000003","0.6397","False","18.166600000000003","21.8915","18.1537","3.1051","24.7807","8","1","1","False","0"
"36832","2152058798096","1845425808234","1845425998139","19.2412","18.9905","0.25070000000000003","19.4546","0.6398","False","18.1793","19.2013","18.166600000000003","2.0704000000000002","21.0609","8","1","1","False","0"
"36832","2152058798096","1845426000646","1845426167506","16.8813","16.686","0.1953","16.8505","0.5937","False","30.3349","16.936700000000002","18.1793","3.313","19.999000000000002","8","1","1","False","0"
"36832","2152058798096","1845426169459","1845426442642","27.6019","27.3183","0.2836","29.0267","2.0334000000000003","False","18.1872","27.5136","30.3349","6.1343000000000005","33.452600000000004","8","1","1","False","0"
"36832","2152058798096","1845426445478","1845426632721","18.8899","18.7243","0.1656","17.7791","0.8849","False","18.1571","19.0079","18.1872","5.3136","24.0379","8","1","1","False","0"
"36832","2152058798096","1845426634377","1845426842999","21.091800000000003","20.8622","0.2296","20.7816","0.6035","False","24.2744","21.027800000000003","18.1571","2.4429000000000003","23.3051","8","1","1","False","0"
"36832","2152058798096","1845426845295","1845427077607","23.464100000000002","23.2312","0.23290000000000002","23.4871","0.6324000000000001","False","24.2228","23.460800000000003","24.2744","3.2565","26.4877","8","1","1","False","0"
"36832","2152058798096","1845427079936","1845427308519","23.0394","22.8583","0.1811","23.0359","0.6024","False","24.2487","23.0912","24.2228","4.3881000000000006","27.2464","8","1","1","False","0"
"36832","2152058798096","1845427310330","1845427527859","22.0076","21.7529","0.25470000000000004","22.0185","0.6455000000000001","False","24.2349","21.934","24.2487","6.702800000000001","28.4557","8","1","1","False","0"
"36832","2152058798096","1845427530406","1845427793850","26.5627","26.3444","0.21830000000000002","26.555500000000002","0.6209","False","24.232200000000002","26.5991","24.2349","4.3386000000000005","30.683","8","1","1","False","0"
"36832","2152058798096","1845427796033","1845428053975","26.0217","25.7942","0.2275","26.0161","0.6234000000000001","False","18.1738","26.012500000000003","24.232200000000002","2.5583","28.352500000000003","8","1","1","False","0"
"36832","2152058798096","1845428056250","1845428232769","17.878800000000002","17.6519","0.22690000000000002","17.9142","0.6605000000000001","False","18.172900000000002","17.8794","18.1738","2.8527","20.5046","8","1","1","False","0"
"36832","2152058798096","1845428235038","1845428410545","17.7291","17.5507","0.1784","18.0486","0.9438000000000001","False","24.2561","17.7776","18.172900000000002","3.248","20.7987","8","1","1","False","0"
"36832","2152058798096","1845428412329","1845428656992","24.6703","24.4663","0.20400000000000001","24.6462","0.9602","False","18.1685","24.6447","24.2561","2.8594","27.3257","8","1","1","False","0"
"36832","2152058798096","1845428659032","1845428825381","16.777500000000003","16.634900000000002","0.1426","16.5596","0.9613","False","18.2066","16.838900000000002","18.1685","4.189","20.823900000000002","8","1","1","False","0"
"36832","2152058798096","1845428826807","1845429014390","18.9404","18.758300000000002","0.1821","19.476200000000002","1.2411","False","18.1715","18.9009","18.2066","3.4947000000000004","22.253","8","1","1","False","0"
"36832","2152058798096","1845429016211","1845429193564","17.9355","17.735300000000002","0.20020000000000002","17.9067","1.2354","False","24.2465","17.9174","18.1715","3.7488","21.4841","8","1","1","False","0"
"36832","2152058798096","1845429195566","1845429414941","22.1877","21.9375","0.25020000000000003","24.405800000000003","3.483","False","18.184900000000003","22.137700000000002","24.2465","5.857600000000001","27.7951","8","1","1","False","0"
"36832","2152058798096","1845429417443","1845429627372","21.2725","20.992900000000002","0.2796","19.0246","1.2041","False","18.17","21.243100000000002","18.184900000000003","2.7994000000000003","23.7923","8","1","1","False","0"
"36832","2152058798096","1845429630168","1845429804014","17.557800000000004","17.384600000000002","0.17320000000000002","18.040200000000002","1.6789","False","24.2713","17.6642","18.17","3.3052","20.6898","8","1","1","False","0"
"36832","2152058798096","1845429805746","1845430003355","19.941499999999998","19.7609","0.1806","19.846600000000002","1.578","False","18.1507","19.9341","24.2713","7.6424","27.4033","8","1","1","False","0"
"36832","2152058798096","1845430005161","1845430217579","21.4893","21.2418","0.24750000000000003","22.221","2.3125","False","18.1802","21.4224","18.1507","4.3707","25.6125","8","1","1","False","0"
"36832","2152058798096","1845430220054","1845430419336","20.1796","19.9282","0.2514","19.2677","1.4493","False","24.2819","20.175700000000003","18.1802","2.3752","22.3034","8","1","1","False","0"
"36832","2152058798096","1845430421850","1845430614689","19.5487","19.2839","0.26480000000000004","19.4283","1.3162","False","12.0794","19.5353","24.2819","7.1218","26.4057","8","1","1","False","0"
"36832","2152058798096","1845430617337","1845430763486","14.8035","14.6149","0.18860000000000002","14.713000000000001","1.1966","False","18.1766","14.879700000000001","12.0794","4.3215","18.936400000000003","8","1","1","False","0"
"36832","2152058798096","1845430765372","1845430970927","20.844800000000003","20.555500000000002","0.2893","20.9171","1.3295000000000001","False","30.319300000000002","20.7441","18.1766","1.754","22.3095","8","1","1","False","0"
"36832","2152058798096","1845430973820","1845431228071","25.6918","25.4251","0.2667","27.756600000000002","3.3633","False","12.123000000000001","25.7144","30.319300000000002","6.3589","31.784000000000002","8","1","1","False","0"
"36832","2152058798096","1845431230738","1845431352232","12.3806","12.1494","0.23120000000000002","11.0363","2.0159000000000002","False","18.226200000000002","12.4161","12.123000000000001","6.0658","18.2152","8","1","1","False","0"
"36832","2152058798096","1845431354544","1845431546143","19.2983","19.1599","0.1384","18.5421","1.538","False","18.1215","19.3911","18.226200000000002","4.9009","24.0608","8","1","1","False","0"
"36832","2152058798096","1845431547527","1845431748399","20.298","20.0872","0.21080000000000002","20.5834","1.4965000000000002","False","18.1854","20.2256","18.1215","2.7968","22.884","8","1","1","False","0"
"36832","2152058798096","1845431750507","1845431908501","16.003800000000002","15.7994","0.2044","17.4453","2.9726000000000004","False","18.181800000000003","16.0102","18.1854","4.972","20.7714","8","1","1","False","0"
"36832","2152058798096","1845431910545","1845432086930","17.8572","17.6385","0.2187","18.1795","3.2793","False","18.1841","17.8429","18.181800000000003","5.3109","22.9494","8","1","1","False","0"
"36832","2152058798096","1845432089117","1845432266645","18.0649","17.7528","0.3121","19.2761","4.5381","False","24.2696","17.971500000000002","18.1841","5.5235","23.276300000000003","8","1","1","False","0"
"36832","2152058798096","1845432269766","1845432519860","25.1654","25.009400000000003","0.156","22.011200000000002","1.3178","False","18.1715","25.3215","24.2696","4.4716000000000005","29.481","8","1","1","False","0"
"36832","2152058798096","1845432521420","1845432700152","18.0533","17.8732","0.1801","18.3354","1.5844","False","18.1781","18.0292","18.1715","4.6139","22.4871","8","1","1","False","0"
"36832","2152058798096","1845432701953","1845432859800","15.988800000000001","15.7847","0.2041","18.721700000000002","4.3466000000000005","False","12.1091","15.9648","18.1781","6.8272","22.611900000000002","8","1","1","False","0"
"36832","2152058798096","1845432861841","1845433009802","15.031","14.796100000000001","0.2349","12.7988","2.1432","False","24.270100000000003","15.000200000000001","12.1091","3.9361","18.732200000000002","8","1","1","False","0"
"36832","2152058798096","1845433012151","1845433226316","21.6593","21.416500000000003","0.24280000000000002","23.313500000000005","3.8025","False","18.173000000000002","21.651400000000002","24.270100000000003","6.5548","27.971300000000003","8","1","1","False","0"
"36832","2152058798096","1845433228744","1845433405965","17.9841","17.7221","0.262","18.6343","4.4736","False","18.1749","17.9649","18.173000000000002","6.7629","24.485","8","1","1","False","0"
"36832","2152058798096","1845433408585","1845433621483","21.4883","21.2898","0.1985","18.4131","1.3090000000000002","False","18.1838","21.5518","18.1749","3.386","24.675800000000002","8","1","1","False","0"
"36832","2152058798096","1845433623468","1845433774716","15.3952","15.1248","0.27040000000000003","18.3212","4.314","False","18.194000000000003","15.323300000000001","18.1838","6.2465","21.3713","8","1","1","False","0"
"36832","2152058798096","1845433777420","1845433965133","18.9711","18.7713","0.1998","16.150000000000002","1.4336","False","12.1384","19.041700000000002","18.194000000000003","5.3988000000000005","24.1701","8","1","1","False","0"
"36832","2152058798096","1845433967131","1845434114938","15.100100000000001","14.780700000000001","0.3194","14.802500000000002","1.1886","False","24.2043","14.980500000000001","12.1384","2.5567","17.337400000000002","8","1","1","False","0"
"36832","2152058798096","1845434118132","1845434313457","19.768200000000004","19.532500000000002","0.23570000000000002","19.5557","1.3245","False","18.1978","19.8519","24.2043","6.9091000000000005","26.4416","8","1","1","False","0"
"36832","2152058798096","1845434315814","1845434534240","21.9816","21.8426","0.139","22.1503","1.0917000000000001","False","18.1816","22.078300000000002","18.1978","3.0286","24.8712","8","1","1","False","0"
"36832","2152058798096","1845434535630","1845434686479","15.340200000000001","15.084900000000001","0.2553","15.943700000000002","1.7590000000000001","False","24.238200000000003","15.2239","18.1816","5.9863","21.0712","8","1","1","False","0"
"36832","2152058798096","1845434689032","1845434926898","24.125","23.7866","0.33840000000000003","24.1982","1.8389","False","18.1857","24.041900000000002","24.238200000000003","6.1826","29.9692","8","1","1","False","0"
"36832","2152058798096","1845434930282","1845435103324","17.506600000000002","17.3042","0.2024","18.449","2.7407","False","12.0906","17.6426","18.1857","6.725700000000001","24.0299","8","1","1","False","0"
"36832","2152058798096","1845435105348","1845435252294","14.847700000000001","14.694600000000001","0.1531","13.565100000000001","1.4336","False","18.2101","14.897","12.0906","3.9193000000000002","18.6139","8","1","1","False","0"
"36832","2152058798096","1845435253825","1845435431389","17.9181","17.7564","0.1617","18.5078","2.0227","False","18.175","17.9095","18.2101","4.2199","21.976300000000002","8","1","1","False","0"
"36832","2152058798096","1845435433006","1845435594561","16.4004","16.1555","0.2449","18.854100000000003","4.5082","False","18.1885","16.3172","18.175","6.0777","22.2332","8","1","1","False","0"
"36832","2152058798096","1845435597010","1845435782158","18.716","18.5148","0.20120000000000002","17.2854","3.071","False","12.120700000000001","18.759700000000002","18.1885","5.5065","24.0213","8","1","1","False","0"
"36832","2152058798096","1845435784170","1845435933253","15.0403","14.9083","0.132","13.144300000000001","1.1382","False","24.264400000000002","15.1095","12.120700000000001","2.5177","17.426000000000002","8","1","1","False","0"
"36832","2152058798096","1845435934573","1845436130513","19.8245","19.594","0.2305","20.165200000000002","1.534","False","18.1431","19.726000000000003","24.264400000000002","7.056100000000001","26.650100000000002","8","1","1","False","0"
"36832","2152058798096","1845436132818","1845436328145","19.7401","19.532700000000002","0.2074","21.212","3.0088000000000004","False","18.2088","19.7632","18.1431","5.436","24.968700000000002","8","1","1","False","0"
"36832","2152058798096","1845436330219","1845436518644","18.972900000000003","18.8425","0.13040000000000002","17.2496","1.2223000000000002","False","12.0828","19.0499","18.2088","4.5949","23.4374","8","1","1","False","0"
"36832","2152058798096","1845436519948","1845436665708","14.791","14.576","0.215","14.747800000000002","1.2196","False","30.340200000000003","14.7064","12.0828","1.9713","16.5473","8","1","1","False","0"
"36832","2152058798096","1845436667858","1845436926101","26.108700000000002","25.8243","0.2844","29.0744","4.2121","False","18.1768","26.0393","30.340200000000003","6.272200000000001","32.0965","8","1","1","False","0"
"36832","2152058798096","1845436928945","1845437124677","19.7206","19.5732","0.1474","17.0526","1.8097","False","18.191100000000002","19.8576","18.1768","4.5914","24.1646","8","1","1","False","0"
"36832","2152058798096","1845437126151","1845437283722","15.912300000000002","15.757100000000001","0.1552","17.9799","3.5609","False","18.142300000000002","15.9045","18.191100000000002","6.878","22.6351","8","1","1","False","0"
"36832","2152058798096","1845437285274","1845437473337","19.0002","18.8063","0.19390000000000002","19.4063","3.9895","False","18.174300000000002","18.9615","18.142300000000002","6.058800000000001","24.8651","8","1","1","False","0"
"36832","2152058798096","1845437475276","1845437623440","14.980900000000002","14.816400000000002","0.1645","14.161200000000001","3.1425","False","36.3965","15.0103","18.174300000000002","9.222800000000001","24.0392","8","1","1","False","0"
"36832","2152058798096","1845437625085","1845438035388","41.23500000000001","41.030300000000004","0.20470000000000002","39.656800000000004","1.5947","False","24.309800000000003","41.1948","36.3965","4.4245","45.4548","8","1","1","False","0"
"36832","2152058798096","1845438037435","1845438227189","19.1746","18.9754","0.19920000000000002","21.3033","3.7045000000000003","False","5.9641","19.1801","24.309800000000003","9.5542","28.529600000000002","8","1","1","False","0"
"36832","2152058798096","1845438229181","1845438363685","13.741","13.4504","0.2906","11.3035","1.383","False","36.4127","13.649600000000001","5.9641","1.8687","15.3191","8","1","1","False","0"
"36832","2152058798096","1845438366591","1845438667814","30.355600000000003","30.122300000000003","0.2333","30.9939","1.9385000000000001","False","12.094700000000001","30.4129","36.4127","7.8685","37.9908","8","1","1","False","0"
"36832","2152058798096","1845438670147","1845438835285","16.7966","16.5138","0.2828","16.404500000000002","1.5468000000000002","False","18.162100000000002","16.7471","12.094700000000001","3.2161","19.7299","8","1","1","False","0"
"36832","2152058798096","1845438838113","1845439015050","17.912","17.6937","0.21830000000000002","19.3403","2.97","False","24.2833","17.9765","18.162100000000002","3.4017","21.0954","8","1","1","False","0"
"36832","2152058798096","1845439017233","1845439222832","20.817400000000003","20.559900000000003","0.2575","20.9796","3.1597","False","18.1563","20.778200000000002","24.2833","6.9068000000000005","27.466700000000003","8","1","1","False","0"
"36832","2152058798096","1845439225407","1845439441856","21.8611","21.6449","0.2162","20.3173","1.5721","False","24.259800000000002","21.9024","18.1563","3.1607000000000003","24.805600000000002","8","1","1","False","0"
"36832","2152058798096","1845439444018","1845439637339","19.5041","19.3321","0.17200000000000001","19.6689","1.7313","False","12.1049","19.5483","24.259800000000002","7.8722","27.2043","8","1","1","False","0"
"36832","2152058798096","1845439639059","1845439800462","16.2835","16.1403","0.1432","15.8322","1.2599","False","24.2559","16.3123","12.1049","3.6648","19.8051","8","1","1","False","0"
"36832","2152058798096","1845439801894","1845440023154","22.278200000000002","22.126","0.1522","24.253100000000003","3.6409000000000002","False","12.0965","22.2692","24.2559","5.6515","27.7775","8","1","1","False","0"
"36832","2152058798096","1845440024676","1845440155459","13.224","13.0783","0.1457","12.1026","2.1027","False","24.270200000000003","13.230500000000001","12.0965","4.5175","17.5958","8","1","1","False","0"
"36832","2152058798096","1845440156916","1845440360954","20.6691","20.4038","0.26530000000000004","22.523600000000002","4.052700000000001","False","12.147","20.549500000000002","24.270200000000003","8.2382","28.642000000000003","8","1","1","False","0"
"36832","2152058798096","1845440363607","1845440519223","15.705400000000001","15.5616","0.1438","14.5137","2.7726","False","18.148","15.8269","12.147","4.5583","20.1199","8","1","1","False","0"
"36832","2152058798096","1845440520661","1845440696757","17.8466","17.6096","0.23700000000000002","18.220100000000002","3.1699","False","12.0969","17.7534","18.148","4.9529000000000005","22.5625","8","1","1","False","0"
"36832","2152058798096","1845440699127","1845440837371","13.988800000000001","13.8244","0.16440000000000002","12.1468","1.3233000000000001","False","18.1772","14.0614","12.0969","2.9884","16.8128","8","1","1","False","0"
"36832","2152058798096","1845440839015","1845441007128","16.999499999999998","16.8113","0.1882","18.7113","3.0582000000000003","False","18.186700000000002","16.9757","18.1772","4.189900000000001","21.0012","8","1","1","False","0"
"36832","2152058798096","1845441009010","1845441191281","18.4083","18.2271","0.1812","18.722","3.3637","False","18.2092","18.415300000000002","18.186700000000002","3.9613","22.1884","8","1","1","False","0"
"36832","2152058798096","1845441193093","1845441375951","18.439500000000002","18.285800000000002","0.1537","16.4835","1.3732","False","18.1937","18.467000000000002","18.2092","3.7035","21.9893","8","1","1","False","0"
"36832","2152058798096","1845441377488","1845441546829","17.1551","16.9341","0.221","16.9676","1.2193","False","18.1718","17.0878","18.1937","4.8094","21.7435","8","1","1","False","0"
"36832","2152058798096","1845441549039","1845441734877","18.779700000000002","18.5838","0.19590000000000002","18.786","1.2323","False","24.245800000000003","18.8048","18.1718","4.1764","22.7602","8","1","1","False","0"
"36832","2152058798096","1845441736836","1845441955264","22.0725","21.8428","0.22970000000000002","23.896","3.0382000000000002","False","12.124600000000001","22.038700000000002","24.245800000000003","6.383500000000001","28.226300000000002","8","1","1","False","0"
"36832","2152058798096","1845441957561","1845442078107","12.195300000000001","12.0546","0.14070000000000002","11.3358","2.4695","False","18.1906","12.2843","12.124600000000001","6.223800000000001","18.2784","8","1","1","False","0"
"36832","2152058798096","1845442079514","1845442252271","17.4842","17.2757","0.20850000000000002","18.1208","2.8318000000000003","False","18.1398","17.4164","18.1906","6.998","24.2737","8","1","1","False","0"
"36832","2152058798096","1845442254356","1845442451087","19.8256","19.6731","0.1525","21.021800000000002","4.0095","False","12.1157","19.881600000000002","18.1398","5.256200000000001","24.9293","8","1","1","False","0"
"36832","2152058798096","1845442452612","1845442574259","12.3356","12.1647","0.1709","10.2231","1.8831","False","18.194000000000003","12.3172","12.1157","5.0547","17.2194","8","1","1","False","0"
"36832","2152058798096","1845442575968","1845442752760","17.876","17.6792","0.1968","19.5241","3.5603000000000002","False","12.1125","17.8501","18.194000000000003","5.3986","23.0778","8","1","1","False","0"
"36832","2152058798096","1845442754728","1845442872042","11.9175","11.7314","0.18610000000000002","12.668199999999999","4.3038","False","18.2014","11.9282","12.1125","5.5829","17.3143","8","1","1","False","0"
"36832","2152058798096","1845442873903","1845443047953","17.6017","17.405","0.1967","19.2862","5.9904","False","18.175700000000003","17.5911","18.2014","6.1932","23.598200000000002","8","1","1","False","0"
"36832","2152058798096","1845443049920","1845443232198","18.493100000000002","18.227800000000002","0.26530000000000004","17.1259","4.6492","False","18.1894","18.424500000000002","18.175700000000003","5.9444","24.1722","8","1","1","False","0"
"36832","2152058798096","1845443234851","1845443424435","19.117900000000002","18.9584","0.1595","18.1769","3.6644","False","24.317600000000002","19.2237","18.1894","4.9101","23.8685","8","1","1","False","0"
"36832","2152058798096","1845443426030","1845443600725","17.6768","17.4695","0.2073","19.9373","5.9430000000000005","False","5.9954","17.629","24.317600000000002","11.598700000000001","29.0682","8","1","1","False","0"
"36832","2152058798096","1845443602798","1845443750118","14.959000000000001","14.732000000000001","0.227","10.3694","1.3676000000000001","False","24.2523","14.939300000000001","5.9954","2.6548000000000003","17.3868","8","1","1","False","0"
"36832","2152058798096","1845443752388","1845443945860","19.524","19.3472","0.1768","21.8748","3.6819","False","12.116800000000001","19.5742","24.2523","7.3329","26.680100000000003","8","1","1","False","0"
"36832","2152058798096","1845443947628","1845444103817","15.7331","15.6189","0.11420000000000001","13.457","1.6806","False","18.1441","15.7957","12.116800000000001","3.6540000000000004","19.2729","8","1","1","False","0"
"36832","2152058798096","1845444104959","1845444296657","19.4326","19.169800000000002","0.26280000000000003","19.6997","1.7099","False","24.2715","19.284000000000002","18.1441","2.5141","21.6839","8","1","1","False","0"
"36832","2152058798096","1845444299285","1845444497058","20.0573","19.7773","0.28","22.948900000000002","4.617100000000001","False","12.1232","20.040100000000002","24.2715","6.745500000000001","26.5228","8","1","1","False","0"
"36832","2152058798096","1845444499858","1845444638588","14.0531","13.873000000000001","0.1801","10.5862","1.111","False","18.1877","14.153","12.1232","4.7157","18.5887","8","1","1","False","0"
"36832","2152058798096","1845444640389","1845444836424","19.9145","19.6035","0.311","20.340400000000002","1.5551000000000001","False","24.246100000000002","19.7836","18.1877","3.1198","22.723300000000002","8","1","1","False","0"
"36832","2152058798096","1845444839534","1845445037652","20.0288","19.8118","0.217","22.3781","3.9112","False","18.1563","20.1228","24.246100000000002","7.2431","27.0549","8","1","1","False","0"
"36832","2152058798096","1845445039822","1845445224717","18.7659","18.4895","0.27640000000000003","19.4545","4.622","False","12.1454","18.706500000000002","18.1563","6.692900000000001","25.1824","8","1","1","False","0"
"36832","2152058798096","1845445227481","1845445380716","15.502600000000001","15.323500000000001","0.1791","12.0236","1.1068","False","18.1859","15.5999","12.1454","3.2384","18.5619","8","1","1","False","0"
"36832","2152058798096","1845445382507","1845445564090","18.3655","18.1583","0.20720000000000002","18.5183","1.2643","False","18.1962","18.337400000000002","18.1859","3.0869","21.2452","8","1","1","False","0"
"36832","2152058798096","1845445566162","1845445711532","14.7909","14.537","0.2539","15.986600000000001","2.4879000000000002","False","12.0577","14.744200000000001","18.1962","6.5389","21.0759","8","1","1","False","0"
"36832","2152058798096","1845445714071","1845445872739","16.088900000000002","15.866800000000001","0.22210000000000002","15.0287","1.3944","False","24.2708","16.1207","12.0577","2.4759","18.3427","8","1","1","False","0"
"36832","2152058798096","1845445874960","1845446093336","22.024700000000003","21.837600000000002","0.18710000000000002","23.715700000000002","3.0740000000000003","False","18.1739","22.0597","24.2708","4.687","26.5246","8","1","1","False","0"
"36832","2152058798096","1845446095207","1845446283721","19.0087","18.8514","0.1573","17.607200000000002","1.6623","False","18.2044","19.038500000000003","18.1739","3.8224","22.6738","8","1","1","False","0"
"36832","2152058798096","1845446285294","1845446430858","14.728","14.5564","0.1716","14.424700000000001","1.3663","False","18.177500000000002","14.713700000000001","18.2044","7.3131","21.869500000000002","8","1","1","False","0"
"36832","2152058798096","1845446432574","1845446596479","16.592","16.3905","0.2015","19.9968","5.2198","False","18.1673","16.5621","18.177500000000002","8.9285","25.319000000000003","8","1","1","False","0"
"36832","2152058798096","1845446598494","1845446815064","21.8156","21.657","0.15860000000000002","20.4663","3.4175","False","12.126000000000001","21.8585","18.1673","5.2373","26.8943","8","1","1","False","0"
"36832","2152058798096","1845446816650","1845446951754","13.671600000000002","13.5104","0.1612","11.998000000000001","1.7448000000000001","False","18.1963","13.669","12.126000000000001","3.6943","17.204700000000003","8","1","1","False","0"
"36832","2152058798096","1845446953366","1845447119729","16.8211","16.636300000000002","0.18480000000000002","17.8949","2.8221000000000003","False","18.1613","16.7975","18.1963","5.093100000000001","21.729400000000002","8","1","1","False","0"
"36832","2152058798096","1845447121577","1845447294743","17.544700000000002","17.3166","0.2281","18.421","3.7251000000000003","False","18.1793","17.5014","18.1613","5.753","23.0696","8","1","1","False","0"
"36832","2152058798096","1845447297024","1845447487168","19.169300000000003","19.014400000000002","0.1549","18.509900000000002","3.0303","False","18.1782","19.2425","18.1793","4.6898","23.7042","8","1","1","False","0"
"36832","2152058798096","1845447488717","1845447651871","16.519000000000002","16.3154","0.2036","18.5854","5.1272","False","12.134400000000001","16.4703","18.1782","6.3977","22.7131","8","1","1","False","0"
"36832","2152058798096","1845447653907","1845447794529","14.246","14.0622","0.18380000000000002","11.5897","2.4388","False","18.1595","14.2658","12.134400000000001","4.2663","18.328500000000002","8","1","1","False","0"
"36832","2152058798096","1845447796367","1845448006186","21.1192","20.9819","0.1373","19.697","1.0193","False","30.3353","21.1657","18.1595","1.2601","22.242","8","1","1","False","0"
"36832","2152058798096","1845448007559","1845448218692","21.2676","21.113300000000002","0.15430000000000002","24.582900000000002","4.332","False","12.1156","21.250600000000002","30.3353","10.344800000000001","31.4581","8","1","1","False","0"
"36832","2152058798096","1845448220235","1845448369979","15.191400000000002","14.974400000000001","0.217","15.4709","4.631200000000001","False","18.1782","15.1287","12.1156","7.3317000000000005","22.3061","8","1","1","False","0"
"36832","2152058798096","1845448372149","1845448556003","18.5603","18.3854","0.1749","19.474600000000002","5.532900000000001","False","18.1662","18.6024","18.1782","6.907500000000001","25.2929","8","1","1","False","0"
"36832","2152058798096","1845448557752","1845448768073","21.2459","21.0321","0.21380000000000002","19.148600000000002","3.455","False","12.117700000000001","21.207","18.1662","3.8667000000000002","24.8988","8","1","1","False","0"
"36832","2152058798096","1845448770211","1845448916401","14.7725","14.619000000000002","0.1535","12.2346","1.1601000000000001","False","18.1764","14.8328","12.117700000000001","1.1516","15.7706","8","1","1","False","0"
"36832","2152058798096","1845448917936","1845449083040","16.738400000000002","16.5104","0.228","17.9851","2.1731000000000003","False","18.2056","16.6639","18.1764","2.6641","19.174500000000002","8","1","1","False","0"
"36832","2152058798096","1845449085320","1845449232063","14.8934","14.6743","0.21910000000000002","14.534600000000001","1.844","False","30.3074","14.9023","18.2056","5.9674000000000005","20.6417","8","1","1","False","0"
"36832","2152058798096","1845449234254","1845449514730","28.282200000000003","28.047600000000003","0.2346","28.3363","2.2786","False","18.1569","28.2667","30.3074","8.0081","36.0557","8","1","1","False","0"
"36832","2152058798096","1845449517076","1845449711846","19.6661","19.477","0.18910000000000002","19.284200000000002","1.4646000000000001","False","12.1174","19.7116","18.1569","6.4534","25.930400000000002","8","1","1","False","0"
"36832","2152058798096","1845449713737","1845449867986","15.5553","15.424900000000001","0.13040000000000002","16.142","2.0298000000000003","False","24.235","15.614","12.1174","2.9568000000000003","18.381700000000002","8","1","1","False","0"
"36832","2152058798096","1845449869290","1845450067522","19.9998","19.8232","0.1766","20.822700000000005","2.8787000000000003","False","12.1462","19.9536","24.235","7.2382","27.061400000000003","8","1","1","False","0"
"36832","2152058798096","1845450069288","1845450190631","12.285600000000002","12.134300000000001","0.15130000000000002","10.4624","1.0396","False","12.1148","12.3109","12.1462","7.0735","19.207800000000002","8","1","1","False","0"
"36832","2152058798096","1845450192144","1845450353221","16.3155","16.1077","0.2078","16.5941","1.3294000000000001","False","18.1837","16.259","12.1148","2.9293","19.037000000000003","8","1","1","False","0"
"36832","2152058798096","1845450355299","1845450508936","15.504000000000001","15.363700000000001","0.1403","15.863100000000001","1.6773","False","12.1195","15.5715","18.1837","5.5415","20.9052","8","1","1","False","0"
"36832","2152058798096","1845450510339","1845450643424","13.429400000000001","13.3085","0.12090000000000001","14.2391","2.4716","False","12.101600000000001","13.4488","12.1195","4.2122","17.5207","8","1","1","False","0"
"36832","2152058798096","1845450644633","1845450785763","14.257900000000001","14.113000000000001","0.1449","13.1375","1.3708","False","18.2012","14.2339","12.101600000000001","2.0799000000000003","16.1929","8","1","1","False","0"
"36832","2152058798096","1845450787212","1845450939766","15.3795","15.2554","0.1241","15.7858","2.0746","False","18.1982","15.400300000000001","18.2012","4.8808","20.136200000000002","8","1","1","False","0"
"36832","2152058798096","1845450941007","1845451101351","16.1747","16.0344","0.1403","17.799300000000002","3.3922000000000003","False","12.130500000000001","16.1585","18.1982","6.9205000000000005","22.954900000000002","8","1","1","False","0"
"36832","2152058798096","1845451102754","1845451237576","13.6224","13.4822","0.14020000000000002","12.3262","2.0965000000000003","False","18.1672","13.6225","12.130500000000001","5.4285000000000005","18.910700000000002","8","1","1","False","0"
"36832","2152058798096","1845451238978","1845451426854","18.9052","18.7876","0.11760000000000001","18.6208","1.7989000000000002","False","12.162600000000001","18.9278","18.1672","4.6679","23.4555","8","1","1","False","0"
"36832","2152058798096","1845451428030","1845451548363","12.1639","12.0333","0.1306","11.5965","1.2311","False","18.1414","12.1509","12.162600000000001","4.679600000000001","16.7129","8","1","1","False","0"
"36832","2152058798096","1845451549669","1845451712415","16.429","16.2746","0.1544","18.7851","3.6085000000000003","False","12.1034","16.4052","18.1414","6.4158","22.6904","8","1","1","False","0"
"36832","2152058798096","1845451713959","1845451868046","15.535700000000002","15.408700000000001","0.127","13.4097","1.4694","False","18.2136","15.5631","12.1034","2.9561","18.364800000000002","8","1","1","False","0"
"36832","2152058798096","1845451869316","1845452001679","13.4042","13.2363","0.16790000000000002","15.2279","3.3188","False","12.099400000000001","13.3633","18.2136","7.8064","21.0427","8","1","1","False","0"
"36832","2152058798096","1845452003358","1845452158427","15.6393","15.5069","0.13240000000000002","13.356100000000001","1.0031","False","18.202","15.674800000000001","12.099400000000001","4.231","19.7379","8","1","1","False","0"
"36832","2152058798096","1845452159751","1845452318928","16.086","15.9177","0.1683","17.9735","2.918","False","12.1126","16.0501","18.202","6.3829","22.3006","8","1","1","False","0"
"36832","2152058798096","1845452320611","1845452458080","13.8754","13.7469","0.1285","12.1607","1.179","False","18.185200000000002","13.9152","12.1126","4.5803","18.3272","8","1","1","False","0"
"36832","2152058798096","1845452459365","1845452595601","13.795200000000001","13.623600000000001","0.1716","17.691300000000002","5.1119","False","12.116800000000001","13.7521","18.185200000000002","9.0134","22.637","8","1","1","False","0"
"36832","2152058798096","1845452597317","1845452776815","18.0703","17.9498","0.12050000000000001","14.0267","1.3217","False","12.0912","18.1214","12.116800000000001","3.0088000000000004","20.9586","8","1","1","False","0"
"36832","2152058798096","1845452778020","1845452903581","12.710600000000001","12.5561","0.1545","13.214","1.5464","False","18.189700000000002","12.6766","12.0912","2.4234","14.979500000000002","8","1","1","False","0"
"36832","2152058798096","1845452905126","1845453082942","17.9192","17.7816","0.1376","18.366400000000002","1.9869","False","18.2059","17.9361","18.189700000000002","2.677","20.4586","8","1","1","False","0"
"36832","2152058798096","1845453084318","1845453229837","14.7355","14.5519","0.1836","15.486799999999999","2.7748","False","12.1188","14.6895","18.2059","6.1934000000000005","20.7453","8","1","1","False","0"
"36832","2152058798096","1845453231673","1845453351455","12.159","11.978200000000001","0.18080000000000002","12.0165","2.611","False","18.1847","12.161800000000001","12.1188","6.1504","18.128600000000002","8","1","1","False","0"
"36832","2152058798096","1845453353263","1845453521874","17.0079","16.8611","0.1468","16.2616","1.8599","False","12.1067","17.041900000000002","18.1847","7.293200000000001","24.154300000000003","8","1","1","False","0"
"36832","2152058798096","1845453523342","1845453677947","15.595900000000002","15.460500000000001","0.13540000000000002","15.070400000000001","1.3283","False","18.2285","15.6073","12.1067","3.7926","19.2531","8","1","1","False","0"
"36832","2152058798096","1845453679301","1845453825143","14.755","14.584200000000001","0.1708","15.3659","1.9506000000000001","False","18.1573","14.719600000000002","18.2285","7.301500000000001","21.8857","8","1","1","False","0"
"36832","2152058798096","1845453826851","1845454004382","17.9335","17.7531","0.1804","20.2829","4.3024000000000004","False","12.101700000000001","17.9239","18.1573","7.5349","25.288","8","1","1","False","0"
"36832","2152058798096","1845454006186","1845454157167","15.2187","15.0981","0.1206","12.0463","1.1051","False","12.127500000000001","15.278500000000001","12.101700000000001","4.3581","19.456200000000003","8","1","1","False","0"
"36832","2152058798096","1845454158373","1845454279564","12.248600000000001","12.119100000000001","0.1295","12.156400000000001","1.0169000000000001","False","18.1691","12.239700000000001","12.127500000000001","4.2459","16.365000000000002","8","1","1","False","0"
"36832","2152058798096","1845454280859","1845454453656","17.425","17.279700000000002","0.1453","18.2209","1.8288","False","12.127500000000001","17.409200000000002","18.1691","5.0058","22.285500000000003","8","1","1","False","0"
"36832","2152058798096","1845454455109","1845454579283","12.5332","12.4174","0.1158","12.075700000000001","1.3513000000000002","False","12.1248","12.562700000000001","12.127500000000001","4.570600000000001","16.988","8","1","1","False","0"
"36832","2152058798096","1845454580441","1845454714490","13.5257","13.404900000000001","0.1208","13.4235","1.5379","False","18.197","13.520700000000001","12.1248","3.1747","16.5796","8","1","1","False","0"
"36832","2152058798096","1845454715698","1845454853738","13.962200000000001","13.804","0.1582","14.248800000000001","1.5535","False","12.0937","13.924800000000001","18.197","7.4469","21.2509","8","1","1","False","0"
"36832","2152058798096","1845454855320","1845454994822","14.0999","13.9502","0.1497","15.8739","3.3291","False","12.148000000000001","14.108400000000001","12.0937","5.4322","19.3824","8","1","1","False","0"
"36832","2152058798096","1845454996319","1845455118325","12.321700000000002","12.200600000000001","0.1211","10.764700000000001","1.7588000000000001","False","12.112200000000001","12.3503","12.148000000000001","5.229900000000001","17.430500000000002","8","1","1","False","0"
"36832","2152058798096","1845455119536","1845455247284","12.9115","12.7748","0.13670000000000002","12.2903","1.1323","False","12.1334","12.895900000000001","12.112200000000001","4.4462","17.221","8","1","1","False","0"
"36832","2152058798096","1845455248651","1845455370242","12.2759","12.1591","0.1168","12.201600000000001","1.0574000000000001","False","12.1255","12.2958","12.1334","4.2838","16.4429","8","1","1","False","0"
"36832","2152058798096","1845455371410","1845455471085","10.157000000000002","9.967500000000001","0.1895","11.7291","2.673","False","12.101600000000001","10.0843","12.1255","6.325","16.2925","8","1","1","False","0"
"36832","2152058798096","1845455472980","1845455587412","11.605300000000002","11.443200000000001","0.1621","12.3983","3.4426","False","6.0698","11.6327","12.101600000000001","6.793900000000001","18.2371","8","1","1","False","0"
"36832","2152058798096","1845455589033","1845455680568","9.294500000000001","9.153500000000001","0.14100000000000001","7.4124","1.5543","False","12.1288","9.3156","6.0698","3.5481000000000003","12.701600000000001","8","1","1","False","0"
"36832","2152058798096","1845455681978","1845455793529","11.3116","11.155100000000001","0.1565","10.770800000000001","1.0165","False","12.0846","11.296100000000001","12.1288","4.3808","15.535900000000002","8","1","1","False","0"
"36832","2152058798096","1845455795094","1845455930275","13.669500000000001","13.5181","0.1514","14.2765","1.6161","False","12.161900000000001","13.6746","12.0846","2.7908","16.3089","8","1","1","False","0"
"36832","2152058798096","1845455931789","1845456020974","9.0983","8.9185","0.17980000000000002","9.6372","2.1773000000000002","False","12.112","9.0699","12.161900000000001","5.8828000000000005","14.801300000000001","8","1","1","False","0"
"36832","2152058798096","1845456022772","1845456131974","11.090300000000001","10.920200000000001","0.1701","11.5169","2.6009","False","12.1144","11.1","12.112","6.8948","17.815","8","1","1","False","0"
"36832","2152058798096","1845456133675","1845456252108","11.993","11.843300000000001","0.1497","12.1774","2.7736","False","12.1204","12.0134","12.1144","6.9958","18.839100000000002","8","1","1","False","0"
"36832","2152058798096","1845456253605","1845456373701","12.209000000000001","12.0096","0.19940000000000002","11.0295","1.6251","False","6.0648","12.1593","12.1204","6.9569","18.9665","8","1","1","False","0"
"36832","2152058798096","1845456375695","1845456468399","9.4219","9.2704","0.1515","9.2707","1.4338","False","12.110000000000001","9.469800000000001","6.0648","3.5519000000000003","12.8223","8","1","1","False","0"
"36832","2152058798096","1845456469914","1845456577872","10.9532","10.7958","0.1574","10.617700000000001","1.1016000000000001","False","12.1288","10.9473","12.110000000000001","4.7146","15.5104","8","1","1","False","0"
"36832","2152058798096","1845456579446","1845456697366","11.9304","11.792","0.1384","11.936300000000001","1.1092","False","12.126100000000001","11.9494","12.1288","4.894","16.686","8","1","1","False","0"
"36832","2152058798096","1845456698750","1845456807038","10.994200000000001","10.828800000000001","0.16540000000000002","12.638100000000001","2.7648","False","12.113800000000001","10.9672","12.126100000000001","6.0529","16.881700000000002","8","1","1","False","0"
"36832","2152058798096","1845456808692","1845456915494","10.8489","10.680200000000001","0.16870000000000002","9.465","1.3824","False","6.0446","10.845600000000001","12.113800000000001","7.3211","18.0013","8","1","1","False","0"
"36832","2152058798096","1845456917181","1845457027582","11.184800000000001","11.0401","0.1447","10.978900000000001","1.1647","False","12.1349","11.2088","6.0446","2.1569000000000003","13.197000000000001","8","1","1","False","0"
"36832","2152058798096","1845457029029","1845457125445","9.7974","9.6416","0.1558","9.722100000000001","1.0865","False","12.1133","9.7863","12.1349","4.5055000000000005","14.1471","8","1","1","False","0"
"36832","2152058798096","1845457127003","1845457257873","13.2293","13.087","0.1423","13.5434","1.4078000000000002","False","12.135100000000001","13.2428","12.1133","3.3760000000000003","16.463","8","1","1","False","0"
"36832","2152058798096","1845457259296","1845457368298","11.0284","10.9002","0.1282","10.5791","0.9466","False","6.051200000000001","11.0425","12.135100000000001","4.4686","15.3688","8","1","1","False","0"
"36832","2152058798096","1845457369580","1845457438379","7.0281","6.8799","0.1482","7.194100000000001","1.1232","False","12.115400000000001","7.008100000000001","6.051200000000001","3.5117000000000003","10.3916","8","1","1","False","0"
"36832","2152058798096","1845457439861","1845457555992","11.765600000000001","11.613100000000001","0.1525","12.1826","1.5437","False","12.115400000000001","11.7613","12.115400000000001","3.8658","15.478900000000001","8","1","1","False","0"
"36832","2152058798096","1845457557517","1845457686808","13.0787","12.9291","0.1496","12.6371","1.0933000000000002","False","12.160300000000001","13.0816","12.115400000000001","2.8996","15.828700000000001","8","1","1","False","0"
"36832","2152058798096","1845457688304","1845457768487","8.2127","8.0183","0.19440000000000002","8.4425","1.3381","False","6.0045","8.167900000000001","12.160300000000001","6.892","14.910300000000001","8","1","1","False","0"
"36832","2152058798096","1845457770431","1845457880346","11.1641","10.9915","0.1726","11.273900000000001","1.4482000000000002","False","12.124500000000001","11.1859","6.0045","1.7106000000000001","12.7021","8","1","1","False","0"
"36832","2152058798096","1845457882072","1845457980066","9.9689","9.7994","0.1695","10.158900000000001","1.6315000000000002","False","12.150400000000001","9.972000000000001","12.124500000000001","3.8631","13.662500000000001","8","1","1","False","0"
"36832","2152058798096","1845457981761","1845458109718","12.9772","12.7957","0.18150000000000002","13.174100000000001","1.8331000000000002","False","12.1356","12.965200000000001","12.150400000000001","3.0483000000000002","15.844000000000001","8","1","1","False","0"
"36832","2152058798096","1845458111533","1845458205403","9.5634","9.387","0.1764","10.019","2.2884","False","12.1118","9.5685","12.1356","5.6154","15.002400000000002","8","1","1","False","0"
"36832","2152058798096","1845458207167","1845458315770","11.0349","10.8603","0.1746","12.0517","3.3084000000000002","False","6.0372","11.0367","12.1118","6.6905","17.550800000000002","8","1","1","False","0"
"36832","2152058798096","1845458317516","1845458422961","10.7354","10.544500000000001","0.19090000000000001","8.5213","1.1006","False","18.2014","10.719100000000001","6.0372","2.0086","12.5531","8","1","1","False","0"
"36832","2152058798096","1845458424870","1845458550844","12.7631","12.5974","0.16570000000000001","13.169500000000001","1.4964000000000002","False","6.0657000000000005","12.788300000000001","18.2014","7.4217","20.0191","8","1","1","False","0"
"36832","2152058798096","1845458552501","1845458652076","10.0912","9.957500000000001","0.1337","10.028300000000002","1.4188","False","12.1127","10.1232","6.0657000000000005","3.3642000000000003","13.3217","8","1","1","False","0"
"36832","2152058798096","1845458653413","1845458773606","12.154800000000002","12.019300000000001","0.1355","12.206","1.4714","False","12.1399","12.153","12.1127","3.3239","15.343200000000001","8","1","1","False","0"
"36832","2152058798096","1845458774961","1845458864944","9.271","8.9983","0.2727","9.412600000000001","1.7377","False","12.0968","9.1338","12.1399","6.33","15.3283","8","1","1","False","0"
"36832","2152058798096","1845458867671","1845458991279","12.554200000000002","12.360800000000001","0.19340000000000002","14.160300000000001","3.2447000000000004","False","12.1341","12.6335","12.0968","5.7933","18.1541","8","1","1","False","0"
"36832","2152058798096","1845458993213","1845459095324","10.3776","10.2111","0.1665","8.5954","1.4508","False","6.029800000000001","10.4045","12.1341","7.5229","17.734","8","1","1","False","0"
"36832","2152058798096","1845459096989","1845459197610","10.214400000000001","10.062100000000001","0.15230000000000002","9.6584","0.8862","False","18.2046","10.2286","6.029800000000001","3.3241","13.3862","8","1","1","False","0"
"36832","2152058798096","1845459199133","1845459345628","14.827700000000002","14.649500000000002","0.1782","15.8697","1.9381000000000002","False","6.0699000000000005","14.8018","18.2046","6.7269000000000005","21.3764","8","1","1","False","0"
"36832","2152058798096","1845459347410","1845459437128","9.1066","8.9718","0.1348","8.043700000000001","0.8586","False","12.1187","9.15","6.0699000000000005","3.6468000000000003","12.6186","8","1","1","False","0"
"36832","2152058798096","1845459438476","1845459546011","10.8937","10.7535","0.14020000000000002","11.3299","1.2986","False","12.1362","10.888300000000001","12.1187","4.8772","15.630700000000001","8","1","1","False","0"
"36832","2152058798096","1845459547413","1845459647187","10.1239","9.977400000000001","0.14650000000000002","10.1468","1.6396000000000002","False","6.0231","10.117600000000001","12.1362","6.8958","16.8732","8","1","1","False","0"
"36832","2152058798096","1845459648652","1845459743319","9.6209","9.466700000000001","0.1542","9.793800000000001","1.4996","False","18.204","9.6132","6.0231","3.3057000000000003","12.772400000000001","8","1","1","False","0"
"36832","2152058798096","1845459744861","1845459892177","14.8895","14.7316","0.1579","15.8575","2.4742","False","6.058400000000001","14.885800000000001","18.204","6.6239","21.3555","8","1","1","False","0"
"36832","2152058798096","1845459893756","1845459984994","9.2688","9.123800000000001","0.14500000000000002","7.921600000000001","1.1197000000000001","False","18.1785","9.2817","6.058400000000001","3.4006000000000003","12.5244","8","1","1","False","0"
"36832","2152058798096","1845459986444","1845460126366","14.145800000000001","13.9922","0.15360000000000001","14.5213","1.4958","False","6.0582","14.1372","18.1785","7.4419","21.4341","8","1","1","False","0"
"36832","2152058798096","1845460127902","1845460225658","9.9227","9.7756","0.1471","9.5242","1.0837","False","12.1477","9.9292","6.0582","3.5709","13.3465","8","1","1","False","0"
"36832","2152058798096","1845460227129","1845460334238","10.853900000000001","10.7109","0.14300000000000002","10.875","1.115","False","12.0861","10.858","12.1477","4.8606","15.5715","8","1","1","False","0"
"36832","2152058798096","1845460335668","1845460467788","13.3587","13.212000000000002","0.1467","13.6498","1.4042000000000001","False","12.1362","13.355","12.0861","3.5917000000000003","16.8037","8","1","1","False","0"
"36832","2152058798096","1845460469255","1845460576596","10.8674","10.7341","0.1333","10.6439","1.1775","False","12.1197","10.8808","12.1362","4.8471","15.5812","8","1","1","False","0"
"36832","2152058798096","1845460577929","1845460691002","11.4769","11.3073","0.1696","11.6683","1.3893","False","6.0577000000000005","11.4406","12.1197","5.5262","16.8335","8","1","1","False","0"
"36832","2152058798096","1845460692698","1845460771685","8.0822","7.898700000000001","0.1835","7.7823","1.0984","False","12.129000000000001","8.0683","6.0577000000000005","3.5156","11.4143","8","1","1","False","0"
"36832","2152058798096","1845460773520","1845460877384","10.5524","10.3864","0.166","10.648900000000001","1.1652","False","12.1111","10.5699","12.129000000000001","5.0747","15.4611","8","1","1","False","0"
"36832","2152058798096","1845460879044","1845460998202","12.0401","11.9158","0.12430000000000001","13.422","2.5433000000000003","False","12.1324","12.081800000000001","12.1111","5.104","17.0198","8","1","1","False","0"
"36832","2152058798096","1845460999445","1845461097006","9.9259","9.7561","0.1698","8.8168","1.4574","False","6.0341000000000005","9.8804","12.1324","7.356000000000001","17.1121","8","1","1","False","0"
"36832","2152058798096","1845461098704","1845461197661","10.048399999999999","9.8957","0.1527","9.4821","0.8788","False","12.1407","10.0655","6.0341000000000005","3.3246","13.2203","8","1","1","False","0"
"36832","2152058798096","1845461199188","1845461313459","11.558300000000001","11.427100000000001","0.1312","11.9762","1.2799","False","12.1148","11.5798","12.1407","3.8855000000000004","15.312600000000002","8","1","1","False","0"
"36832","2152058798096","1845461314771","1845461415188","10.2166","10.0417","0.1749","10.709800000000001","1.8024","False","12.1126","10.1729","12.1148","5.8274","15.869100000000001","8","1","1","False","0"
"36832","2152058798096","1845461416937","1845461562026","14.7279","14.5089","0.219","14.3047","1.4249","False","12.1403","14.683800000000002","12.1126","3.2562","17.7651","8","1","1","False","0"
"36832","2152058798096","1845461564216","1845461662928","10.0201","9.8712","0.1489","9.9971","1.3526","False","12.1316","10.090200000000001","12.1403","5.3063","15.1775","8","1","1","False","0"
"36832","2152058798096","1845461664417","1845461764609","10.1976","10.0192","0.1784","10.1197","1.2832000000000001","False","6.010400000000001","10.1681","12.1316","7.2698","17.289","8","1","1","False","0"
"36832","2152058798096","1845461766393","1845461882644","11.7871","11.6251","0.162","11.790000000000001","1.2741","False","12.139700000000001","11.803500000000001","6.010400000000001","1.4767000000000001","13.1018","8","1","1","False","0"
"36832","2152058798096","1845461884264","1845461975847","9.3011","9.1583","0.1428","9.273","1.2409000000000001","False","18.1996","9.3203","12.139700000000001","4.2961","13.454400000000001","8","1","1","False","0"
"36832","2152058798096","1845461977275","1845462131408","15.599100000000002","15.413300000000001","0.18580000000000002","17.1946","2.8467000000000002","False","12.1201","15.5561","18.1996","6.9396","22.3529","8","1","1","False","0"
"36832","2152058798096","1845462133266","1845462248660","11.686900000000001","11.5394","0.14750000000000002","10.2505","1.3989","False","6.0491","11.725200000000001","12.1201","7.3345","18.873900000000003","8","1","1","False","0"
"36832","2152058798096","1845462250135","1845462361115","11.249500000000001","11.098","0.1515","10.9757","1.1261","False","12.132000000000001","11.2455","6.0491","2.1381","13.2361","8","1","1","False","0"
"36832","2152058798096","1845462362630","1845462446822","8.5842","8.4192","0.165","8.8779","1.4261000000000001","False","12.1256","8.5707","12.132000000000001","5.699400000000001","14.1186","8","1","1","False","0"
"36832","2152058798096","1845462448472","1845462569089","12.2414","12.0617","0.1797","12.170900000000001","1.3732","False","12.129100000000001","12.226700000000001","12.1256","5.5983","17.66","8","1","1","False","0"
"36832","2152058798096","1845462570886","1845462694355","12.4739","12.3469","0.127","12.537700000000001","1.4031","False","6.0133","12.5266","12.129100000000001","5.2008","17.547700000000003","8","1","1","False","0"
"36832","2152058798096","1845462695625","1845462774531","8.0457","7.8906","0.15510000000000002","8.064","1.4280000000000002","False","12.163","8.0176","6.0133","3.1965000000000003","11.087100000000001","8","1","1","False","0"
"36832","2152058798096","1845462776082","1845462884563","11.0648","10.8481","0.2167","10.6584","1.0961","False","12.1111","11.0032","12.163","4.3563","15.204400000000001","8","1","1","False","0"
"36832","2152058798096","1845462886730","1845463001545","11.6163","11.4815","0.1348","12.66","2.0593","False","12.137","11.6982","12.1111","4.7692000000000005","16.250700000000002","8","1","1","False","0"
"36832","2152058798096","1845463002893","1845463108821","10.7643","10.5928","0.1715","10.2077","1.5258","False","6.036700000000001","10.7276","12.137","6.1786","16.7714","8","1","1","False","0"
"36832","2152058798096","1845463110536","1845463196305","8.721","8.5769","0.1441","8.082600000000001","0.8706","False","12.146700000000001","8.7484","6.036700000000001","3.4669000000000003","12.043800000000001","8","1","1","False","0"
"36832","2152058798096","1845463197746","1845463317298","12.096900000000002","11.955200000000001","0.14170000000000002","12.640600000000001","1.4151","False","12.0972","12.099300000000001","12.146700000000001","3.5143","15.4695","8","1","1","False","0"
"36832","2152058798096","1845463318715","1845463421459","10.4456","10.2744","0.17120000000000002","10.657","1.6357000000000002","False","12.1285","10.4161","12.0972","5.1954","15.469800000000001","8","1","1","False","0"
"36832","2152058798096","1845463423171","1845463555407","13.371","13.223600000000001","0.1474","13.087200000000001","1.3518000000000001","False","12.1422","13.3948","12.1285","3.9291","17.1527","8","1","1","False","0"
"36832","2152058798096","1845463556881","1845463661153","10.584900000000001","10.427200000000001","0.1577","10.585600000000001","1.3573000000000002","False","6.0246","10.5746","12.1422","5.496700000000001","15.923900000000001","8","1","1","False","0"
"36832","2152058798096","1845463662730","1845463744077","8.2858","8.1347","0.1511","8.0698","1.1327","False","18.218600000000002","8.2924","6.0246","3.2289000000000003","11.3636","8","1","1","False","0"
"36832","2152058798096","1845463745588","1845463880023","13.6012","13.4435","0.1577","14.2322","1.7654","False","6.0276000000000005","13.5946","18.218600000000002","7.8529","21.296400000000002","8","1","1","False","0"
"36832","2152058798096","1845463881600","1845463986163","10.604600000000001","10.4563","0.14830000000000002","9.9207","1.0683","False","12.1112","10.614","6.0276000000000005","3.2665","13.722800000000001","8","1","1","False","0"
"36832","2152058798096","1845463987646","1845464120820","13.476500000000001","13.317400000000001","0.15910000000000002","13.8609","1.4632","False","12.1417","13.4657","12.1112","1.9120000000000001","15.2294","8","1","1","False","0"
"36832","2152058798096","1845464122411","1845464218550","9.741000000000001","9.613900000000001","0.12710000000000002","9.290400000000002","1.0011","False","12.1303","9.773","12.1417","4.2807","13.8946","8","1","1","False","0"
"36832","2152058798096","1845464219821","1845464327340","10.920800000000002","10.751900000000001","0.1689","11.2879","1.3975","False","12.1294","10.879000000000001","12.1303","5.532","16.2839","8","1","1","False","0"
"36832","2152058798096","1845464329029","1845464433121","10.5942","10.4092","0.185","10.966000000000001","1.7796","False","6.0779000000000005","10.578100000000001","12.1294","7.0833","17.4925","8","1","1","False","0"
"36832","2152058798096","1845464434971","1845464531813","9.8213","9.6842","0.1371","9.4803","1.405","False","12.0953","9.869200000000001","6.0779000000000005","3.2920000000000003","12.9762","8","1","1","False","0"
"36832","2152058798096","1845464533184","1845464643137","11.1599","10.9953","0.1646","10.8315","1.0828","False","12.113100000000001","11.1324","12.0953","4.2549","15.250200000000001","8","1","1","False","0"
"36832","2152058798096","1845464644783","1845464782896","13.9524","13.811300000000001","0.1411","13.9917","1.1196000000000002","False","12.1263","13.975900000000001","12.113100000000001","2.3921","16.203400000000002","8","1","1","False","0"
"36832","2152058798096","1845464784307","1845464877861","9.483100000000002","9.355400000000001","0.1277","9.5241","1.1505","False","12.114500000000001","9.496500000000001","12.1263","5.0219000000000005","14.3773","8","1","1","False","0"
"36832","2152058798096","1845464879138","1845464993641","11.6229","11.4503","0.1726","12.9647","2.5134000000000003","False","12.1372","11.578000000000001","12.114500000000001","5.558400000000001","17.0087","8","1","1","False","0"
"36832","2152058798096","1845464995367","1845465098895","10.522400000000001","10.3528","0.1696","9.5838","1.5727","False","6.0347","10.525400000000001","12.1372","7.1702","17.523","8","1","1","False","0"
"36832","2152058798096","1845465100591","1845465195720","9.6713","9.5129","0.1584","8.9594","0.8651000000000001","False","18.1979","9.682500000000001","6.0347","3.5224","13.035300000000001","8","1","1","False","0"
"36832","2152058798096","1845465197304","1845465335160","13.942400000000001","13.7856","0.1568","14.6247","1.5294","False","6.0613","13.944","18.1979","7.7763","21.5619","8","1","1","False","0"
"36832","2152058798096","1845465336728","1845465436629","10.1227","9.9901","0.1326","9.715500000000002","1.181","False","12.1495","10.1469","6.0613","3.6907","13.680800000000001","8","1","1","False","0"
"36832","2152058798096","1845465437955","1845465522334","8.604500000000002","8.4379","0.1666","9.087","1.6176000000000001","False","6.0051000000000005","8.570500000000001","12.1495","7.2697","15.707600000000001","8","1","1","False","0"
"36832","2152058798096","1845465524000","1845465622764","10.0211","9.8764","0.1447","9.8991","1.4864000000000002","False","12.1654","10.043000000000001","6.0051000000000005","3.2318000000000002","13.1082","8","1","1","False","0"
"36832","2152058798096","1845465624211","1845465736464","11.3756","11.2253","0.15030000000000002","11.352300000000003","1.4676","False","12.088700000000001","11.370000000000001","12.1654","4.027200000000001","15.252500000000001","8","1","1","False","0"
"36832","2152058798096","1845465737967","1845465867049","13.069500000000001","12.9082","0.1613","13.1599","1.8779000000000001","False","12.140500000000001","13.0585","12.088700000000001","3.0574000000000003","15.9656","8","1","1","False","0"
"36832","2152058798096","1845465868662","1845465955128","8.8191","8.646600000000001","0.17250000000000001","9.090900000000001","1.8389","False","6.0356000000000005","8.8079","12.140500000000001","6.390000000000001","15.0366","8","1","1","False","0"
"36832","2152058798096","1845465956853","1845466044200","8.8979","8.7347","0.1632","8.459100000000001","1.4024","False","12.141300000000001","8.9072","6.0356000000000005","3.5184","12.2531","8","1","1","False","0"
"36832","2152058798096","1845466045832","1845466160586","11.6172","11.4754","0.1418","11.6059","1.373","False","12.1213","11.6386","12.141300000000001","4.021100000000001","15.496500000000001","8","1","1","False","0"
"36832","2152058798096","1845466162004","1845466273679","11.3002","11.1675","0.1327","11.004100000000001","1.0793000000000001","False","12.132100000000001","11.3093","12.1213","4.8331","16.000600000000002","8","1","1","False","0"
"36832","2152058798096","1845466275006","1845466397110","12.3398","12.2104","0.12940000000000002","12.2725","1.0024","False","12.107700000000001","12.3431","12.132100000000001","4.6221000000000005","16.8325","8","1","1","False","0"
"36832","2152058798096","1845466398404","1845466506835","11.0281","10.8431","0.185","11.4162","1.4140000000000001","False","12.133600000000001","10.9725","12.107700000000001","5.7573","16.6004","8","1","1","False","0"
"36832","2152058798096","1845466508685","1845466616185","10.9196","10.75","0.1696","11.462900000000001","1.9540000000000002","False","6.0259","10.935","12.133600000000001","6.955900000000001","17.7059","8","1","1","False","0"
"36832","2152058798096","1845466617881","1845466711244","9.484499999999999","9.3363","0.1482","8.974300000000001","1.4318","False","12.1394","9.5059","6.0259","3.4759","12.8122","8","1","1","False","0"
"36832","2152058798096","1845466712726","1845466822654","11.125","10.9928","0.1322","11.296700000000001","1.5991","False","12.133000000000001","11.141","12.1394","4.4743","15.4671","8","1","1","False","0"
"36832","2152058798096","1845466823976","1845466924490","10.3015","10.051400000000001","0.2501","10.978100000000001","2.3688000000000002","False","6.0299000000000005","10.1836","12.133000000000001","6.4237","16.4751","8","1","1","False","0"
"36832","2152058798096","1845466926991","1845467016473","9.0899","8.9482","0.14170000000000002","7.8727","1.0607","False","12.1164","9.1983","6.0299000000000005","3.2553","12.2035","8","1","1","False","0"
"36832","2152058798096","1845467017890","1845467119027","10.2872","10.1137","0.17350000000000002","10.655000000000001","1.439","False","12.118400000000001","10.2554","12.1164","5.1163","15.23","8","1","1","False","0"
"36832","2152058798096","1845467120762","1845467240607","12.1309","11.9845","0.1464","13.119700000000002","2.4097","False","12.1438","12.158000000000001","12.118400000000001","5.076700000000001","17.0612","8","1","1","False","0"
"36832","2152058798096","1845467242071","1845467360609","12.007100000000001","11.853800000000001","0.15330000000000002","11.4603","1.8845","False","12.1335","12.000200000000001","12.1438","5.2203","17.0741","8","1","1","False","0"
"36832","2152058798096","1845467362142","1845467459967","9.9379","9.7825","0.1554","9.4466","1.387","False","6.0548","9.9358","12.1335","7.418","17.2005","8","1","1","False","0"
"36832","2152058798096","1845467461521","1845467561659","10.1516","10.0138","0.1378","9.8687","1.0921","False","12.125200000000001","10.1692","6.0548","3.3036000000000003","13.317400000000001","8","1","1","False","0"
"36832","2152058798096","1845467563037","1845467655042","9.3733","9.2005","0.1728","9.7722","1.5111","False","6.0332","9.3383","12.125200000000001","6.0905000000000005","15.291","8","1","1","False","0"
"36832","2152058798096","1845467656770","1845467743544","8.8712","8.6774","0.1938","8.421800000000001","1.0855000000000001","False","12.119900000000001","8.850200000000001","6.0332","3.2735000000000003","11.9509","8","1","1","False","0"
"36832","2152058798096","1845467745482","1845467845529","10.1404","10.0047","0.13570000000000002","10.4939","1.3996000000000002","False","12.141200000000001","10.198500000000001","12.119900000000001","5.1949000000000005","15.1996","8","1","1","False","0"
"36832","2152058798096","1845467846886","1845467963323","11.8221","11.6437","0.1784","12.8186","2.4158","False","6.0391","11.7794","12.141200000000001","5.5567","17.200400000000002","8","1","1","False","0"
"36832","2152058798096","1845467965107","1845468062151","9.8592","9.7044","0.15480000000000002","8.890500000000001","1.4267","False","12.1152","9.882800000000001","6.0391","1.713","11.4174","8","1","1","False","0"
"36832","2152058798096","1845468063699","1845468172180","10.9961","10.8481","0.14800000000000002","11.043700000000001","1.4779","False","12.1841","11.0029","12.1152","2.8253","13.6734","8","1","1","False","0"
"36832","2152058798096","1845468173660","1845468275750","10.343","10.209","0.134","10.422","1.55","False","18.1978","10.357000000000001","12.1841","4.6524","14.861400000000001","8","1","1","False","0"
"36832","2152058798096","1845468277090","1845468463082","18.7453","18.5992","0.1461","18.6535","1.4565000000000001","False","18.2042","18.7332","18.1978","4.117","22.7162","8","1","1","False","0"
"36832","2152058798096","1845468464543","1845468617760","15.4967","15.3217","0.17500000000000002","16.918300000000002","2.9001","False","18.1503","15.4678","18.2042","6.853400000000001","22.1751","8","1","1","False","0"
"36832","2152058798096","1845468619510","1845468792957","17.5109","17.3447","0.16620000000000001","16.0855","1.4765000000000001","False","12.1058","17.5197","18.1503","7.484","24.8287","8","1","1","False","0"
"36832","2152058798096","1845468794619","1845468947972","15.4772","15.3353","0.1419","16.2283","2.2104","False","18.1266","15.5015","12.1058","4.0883","19.4236","8","1","1","False","0"
"36832","2152058798096","1845468949391","1845469112139","16.4668","16.2748","0.192","17.7412","3.4988","False","18.1886","16.416700000000002","18.1266","5.7982000000000005","22.073","8","1","1","False","0"
"36832","2152058798096","1845469114059","1845469291462","17.9157","17.7403","0.1754","18.0718","3.6412","False","12.120800000000001","17.9323","18.1886","6.0545","23.794800000000002","8","1","1","False","0"
"36832","2152058798096","1845469293216","1845469436839","14.6209","14.362300000000001","0.2586","13.468200000000001","2.6037","False","18.1783","14.537700000000001","12.120800000000001","3.6376000000000004","17.9999","8","1","1","False","0"
"36832","2152058798096","1845469439425","1845469610047","17.2041","17.0622","0.1419","16.8434","2.1333","False","24.262700000000002","17.320800000000002","18.1783","4.4951","21.5573","8","1","1","False","0"
"36832","2152058798096","1845469611466","1845469782341","17.282100000000003","17.087500000000002","0.19460000000000002","20.6465","5.5016","False","12.098600000000001","17.229400000000002","24.262700000000002","11.528400000000001","28.6159","8","1","1","False","0"
"36832","2152058798096","1845469784287","1845469954409","17.1818","17.0122","0.1696","14.558200000000003","2.8838","False","12.118400000000001","17.2068","12.098600000000001","6.4202","23.4324","8","1","1","False","0"
"36832","2152058798096","1845469956105","1845470094445","13.988100000000001","13.834000000000001","0.15410000000000001","13.2308","2.1226000000000003","False","18.1919","14.0036","12.118400000000001","4.535","18.369","8","1","1","False","0"
"36832","2152058798096","1845470095986","1845470279113","18.445999999999998","18.3127","0.1333","18.3103","1.9714","False","18.1734","18.4668","18.1919","4.2601","22.5728","8","1","1","False","0"
"36832","2152058798096","1845470280446","1845470440039","16.156200000000002","15.9593","0.19690000000000002","18.1384","3.9643","False","18.232300000000002","16.0926","18.1734","6.3409","22.3002","8","1","1","False","0"
"36832","2152058798096","1845470442008","1845470618517","17.8355","17.6509","0.18460000000000001","17.7132","3.8523","False","18.172","17.8478","18.232300000000002","6.7254000000000005","24.3763","8","1","1","False","0"
"36832","2152058798096","1845470620363","1845470797116","17.8557","17.6753","0.1804","17.3243","3.3196000000000003","False","12.0874","17.8599","18.172","7.0375000000000005","24.7128","8","1","1","False","0"
"36832","2152058798096","1845470798920","1845470942637","14.497300000000001","14.3717","0.12560000000000002","13.4516","2.2503","False","36.359100000000005","14.552100000000001","12.0874","4.5728","18.9445","8","1","1","False","0"
"36832","2152058798096","1845470943893","1845471290286","34.96","34.6393","0.32070000000000004","35.4456","2.7560000000000002","False","12.1288","34.764900000000004","36.359100000000005","6.167000000000001","40.8063","8","1","1","False","0"
"36832","2152058798096","1845471293493","1845471439167","14.718200000000001","14.567400000000001","0.15080000000000002","14.6685","2.6990000000000003","False","18.2136","14.888100000000001","12.1288","3.4077","17.9751","8","1","1","False","0"
"36832","2152058798096","1845471440675","1845471611490","17.225900000000003","17.081500000000002","0.1444","17.1761","2.6518","False","24.2281","17.232300000000002","18.2136","4.389","21.4705","8","1","1","False","0"
"36832","2152058798096","1845471612934","1845471783018","17.1854","17.0084","0.17700000000000002","19.9378","5.403300000000001","False","12.1326","17.1528","24.2281","11.4643","28.4727","8","1","1","False","0"
"36832","2152058798096","1845471784788","1845471959018","17.588600000000003","17.423000000000002","0.1656","15.1845","3.0059","False","18.197","17.6","12.1326","5.9969","23.419900000000002","8","1","1","False","0"
"36832","2152058798096","1845471960674","1845472125118","16.6107","16.4444","0.1663","17.274800000000003","3.6700000000000004","False","12.0638","16.61","18.197","7.583900000000001","24.0283","8","1","1","False","0"
"36832","2152058798096","1845472126781","1845472281563","15.6233","15.478200000000001","0.1451","14.2737","2.3126","False","18.188200000000002","15.6445","12.0638","4.0032000000000005","19.4814","8","1","1","False","0"
"36832","2152058798096","1845472283014","1845472447128","16.6155","16.4114","0.2041","17.855900000000002","3.5685000000000002","False","18.1823","16.5565","18.188200000000002","5.6349","22.046300000000002","8","1","1","False","0"
"36832","2152058798096","1845472449169","1845472619569","17.2132","17.04","0.17320000000000002","17.5963","3.9454000000000002","False","18.241300000000003","17.2441","18.1823","6.5731","23.613100000000003","8","1","1","False","0"
"36832","2152058798096","1845472621301","1845472785977","16.617900000000002","16.4676","0.15030000000000002","15.1498","2.4659","False","12.0672","16.640800000000002","18.241300000000003","8.1736","24.6412","8","1","1","False","0"
"36832","2152058798096","1845472787480","1845472942863","15.712900000000001","15.538300000000001","0.1746","15.413300000000001","2.2022","False","18.1717","15.688600000000001","12.0672","4.5522","20.090500000000002","8","1","1","False","0"
"36832","2152058798096","1845472944609","1845473111134","16.858999999999998","16.6525","0.20650000000000002","17.3916","2.713","False","18.1858","16.8271","18.1717","5.896800000000001","22.549300000000002","8","1","1","False","0"
"36832","2152058798096","1845473113199","1845473289170","17.7786","17.5971","0.18150000000000002","18.849","3.7869","False","12.1248","17.8036","18.1858","6.279","23.8761","8","1","1","False","0"
"36832","2152058798096","1845473290985","1845473437927","14.842600000000001","14.6942","0.1484","13.4838","2.4091","False","18.171","14.8757","12.1248","3.5281000000000002","18.2223","8","1","1","False","0"
"36832","2152058798096","1845473439411","1845473609190","17.1171","16.9779","0.13920000000000002","17.6006","2.8881","False","24.2669","17.1263","18.171","4.5728","21.550700000000003","8","1","1","False","0"
"36832","2152058798096","1845473610582","1845473783028","17.416800000000002","17.244600000000002","0.17220000000000002","20.0396","5.5215000000000005","False","12.101600000000001","17.3838","24.2669","11.4559","28.7005","8","1","1","False","0"
"36832","2152058798096","1845473784750","1845473951152","16.8165","16.6402","0.1763","14.264100000000001","2.9771","False","18.188100000000002","16.8124","12.101600000000001","6.745100000000001","23.3853","8","1","1","False","0"
"36832","2152058798096","1845473952915","1845474113515","16.210400000000003","16.060000000000002","0.1504","15.974200000000002","2.7318000000000002","False","18.2091","16.2363","18.188100000000002","8.696900000000001","24.7569","8","1","1","False","0"
"36832","2152058798096","1845474115019","1845474310507","19.7372","19.5488","0.1884","20.456500000000002","3.4666","False","12.0892","19.6992","18.2091","7.2068","26.7556","8","1","1","False","0"
"36832","2152058798096","1845474312391","1845474481634","17.077700000000004","16.924300000000002","0.1534","15.413200000000002","1.7988000000000002","False","18.1762","17.1127","12.0892","2.1833","19.1076","8","1","1","False","0"
"36832","2152058798096","1845474483168","1845474615476","13.3972","13.2308","0.16640000000000002","15.273100000000001","3.6658000000000004","False","18.175900000000002","13.3842","18.1762","6.975300000000001","20.2061","8","1","1","False","0"
"36832","2152058798096","1845474617140","1845474783839","16.828500000000002","16.669900000000002","0.15860000000000002","15.507900000000001","2.3432","False","12.1361","16.8363","18.175900000000002","8.3149","24.9848","8","1","1","False","0"
"36832","2152058798096","1845474785425","1845474942232","15.835700000000001","15.680700000000002","0.155","15.8853","2.3827000000000003","False","18.1796","15.839300000000001","12.1361","4.6117","20.2924","8","1","1","False","0"
"36832","2152058798096","1845474943782","1845475109834","16.784299999999998","16.6052","0.1791","18.3593","3.9787000000000003","False","18.183600000000002","16.7602","18.1796","6.0311","22.636300000000002","8","1","1","False","0"
"36832","2152058798096","1845475111625","1845475286361","17.6466","17.4736","0.17300000000000001","18.973300000000002","5.3011","False","12.1254","17.6527","18.183600000000002","6.562","24.035600000000002","8","1","1","False","0"
"36832","2152058798096","1845475288091","1845475435906","15.008300000000002","14.781500000000001","0.2268","12.506","2.8692","False","18.2153","14.954500000000001","12.1254","3.7329000000000003","18.514400000000002","8","1","1","False","0"
"36832","2152058798096","1845475438174","1845475616104","18.087799999999998","17.793","0.2948","17.5664","2.2982","False","18.145400000000002","18.0198","18.2153","3.9284000000000003","21.721400000000003","8","1","1","False","0"
"36832","2152058798096","1845475619052","1845475775069","15.7856","15.601700000000001","0.1839","17.5502","4.0547","False","18.230600000000003","15.896500000000001","18.145400000000002","6.177300000000001","21.779","8","1","1","False","0"
"36832","2152058798096","1845475776908","1845475952908","17.773300000000003","17.6","0.1733","18.0023","4.274","False","18.1263","17.7839","18.230600000000003","6.6240000000000006","24.224","8","1","1","False","0"
"36832","2152058798096","1845475954641","1845476121487","16.8814","16.6846","0.1968","16.4952","3.8832","False","12.1248","16.8579","18.1263","7.8924","24.577","8","1","1","False","0"
"36832","2152058798096","1845476123455","1845476273629","15.1788","15.0174","0.16140000000000002","13.808300000000001","2.4970000000000003","False","18.1826","15.2142","12.1248","4.803","19.8204","8","1","1","False","0"
"36832","2152058798096","1845476275243","1845476447463","17.401200000000003","17.222","0.1792","18.6094","3.7244","False","18.1793","17.3834","18.1826","5.6022","22.8242","8","1","1","False","0"
"36832","2152058798096","1845476449255","1845476606194","15.8526","15.693900000000001","0.1587","14.4478","2.3131","False","18.2195","15.8731","18.1793","7.9084","23.6023","8","1","1","False","0"
"36832","2152058798096","1845476607781","1845476783874","17.7897","17.6093","0.1804","18.164","2.685","False","12.074300000000001","17.768","18.2195","8.3599","25.9692","8","1","1","False","0"
"36832","2152058798096","1845476785678","1845476945636","16.150000000000002","15.995800000000001","0.1542","15.6447","2.5696000000000003","False","18.1914","16.1762","12.074300000000001","4.258","20.253800000000002","8","1","1","False","0"
"36832","2152058798096","1845476947178","1845477100915","15.5524","15.373700000000001","0.1787","17.7881","4.433","False","18.181","15.5279","18.1914","6.9215","22.2952","8","1","1","False","0"
"36832","2152058798096","1845477102702","1845477270776","16.9693","16.8074","0.16190000000000002","16.4799","3.9313000000000002","False","12.1178","16.9861","18.181","8.1164","24.9238","8","1","1","False","0"
"36832","2152058798096","1845477272395","1845477439400","16.867500000000003","16.7005","0.167","15.383000000000001","2.4450000000000003","False","18.238","16.8624","12.1178","3.3718000000000004","20.072300000000002","8","1","1","False","0"
"36832","2152058798096","1845477441070","1845477605941","16.6182","16.4871","0.1311","17.398300000000003","3.2103","False","24.226300000000002","16.6541","18.238","4.9557","21.442800000000002","8","1","1","False","0"
"36832","2152058798096","1845477607252","1845477785804","18.0346","17.8552","0.1794","20.0985","5.3129","False","12.082","17.9863","24.226300000000002","11.1957","29.050900000000002","8","1","1","False","0"
"36832","2152058798096","1845477787598","1845477944631","15.8591","15.7033","0.1558","12.1643","1.5901","False","18.1797","15.882700000000002","12.082","7.3950000000000005","23.098300000000002","8","1","1","False","0"
"36832","2152058798096","1845477946189","1845478129019","18.466700000000003","18.283","0.1837","21.2193","4.3428","False","12.1166","18.4388","18.1797","7.1359","25.4189","8","1","1","False","0"
"36832","2152058798096","1845478130856","1845478275675","14.623000000000001","14.481900000000001","0.1411","12.712900000000001","2.4289","False","18.1902","14.665600000000001","12.1166","4.5869","19.0688","8","1","1","False","0"
"36832","2152058798096","1845478277086","1845478455857","18.110300000000002","17.877100000000002","0.23320000000000002","18.1279","2.5407","False","18.177300000000002","18.0182","18.1902","4.758900000000001","22.636000000000003","8","1","1","False","0"
"36832","2152058798096","1845478458189","1845478612124","15.5545","15.393500000000001","0.161","16.7802","3.6791","False","12.1293","15.626700000000001","18.177300000000002","7.309500000000001","22.703","8","1","1","False","0"
"36832","2152058798096","1845478613734","1845478761669","14.948","14.7935","0.1545","13.667800000000003","2.3853","False","18.181","14.954500000000001","12.1293","4.4843","19.2778","8","1","1","False","0"
"36832","2152058798096","1845478763214","1845478932879","17.1484","16.9665","0.1819","18.678800000000003","3.9394","False","18.180300000000003","17.121000000000002","18.181","5.544300000000001","22.5108","8","1","1","False","0"
"36832","2152058798096","1845478934698","1845479103703","17.099700000000002","16.9005","0.19920000000000002","17.6251","4.4782","False","18.1816","17.0824","18.180300000000003","6.6422","23.5427","8","1","1","False","0"
"36832","2152058798096","1845479105695","1845479281999","17.827900000000003","17.6304","0.1975","17.448800000000002","4.0744","False","12.1239","17.8296","18.1816","6.9942","24.6246","8","1","1","False","0"
"36832","2152058798096","1845479283974","1845479442293","15.970500000000001","15.831900000000001","0.1386","14.675","2.77","False","18.2264","16.029400000000003","12.1239","3.0887000000000002","18.9206","8","1","1","False","0"
"36832","2152058798096","1845479443679","1845479612049","16.989","16.837","0.152","16.9034","2.6934","False","18.1797","16.9756","18.2264","4.3395","21.1765","8","1","1","False","0"
"36832","2152058798096","1845479613569","1845479766329","15.451100000000002","15.276000000000002","0.1751","16.761300000000002","4.0131000000000006","False","18.1278","15.428","18.1797","7.091200000000001","22.3672","8","1","1","False","0"
"36832","2152058798096","1845479768080","1845479935335","16.8985","16.7255","0.17300000000000001","16.9606","4.065300000000001","False","12.133700000000001","16.9006","18.1278","8.3184","25.0439","8","1","1","False","0"
"36832","2152058798096","1845479937065","1845480103759","16.8726","16.6694","0.20320000000000002","15.667900000000001","2.89","False","18.171200000000002","16.8424","12.133700000000001","3.6097","20.2791","8","1","1","False","0"
"36832","2152058798096","1845480105791","1845480270153","16.572599999999998","16.4362","0.1364","16.7433","3.023","False","18.1863","16.639400000000002","18.171200000000002","5.141500000000001","21.5777","8","1","1","False","0"
"36832","2152058798096","1845480271517","1845480451484","18.1246","17.9967","0.1279","18.133200000000002","3.0235000000000003","False","18.1875","18.133100000000002","18.1863","5.1947","23.1914","8","1","1","False","0"
"36832","2152058798096","1845480452763","1845480603343","15.234300000000001","15.058000000000002","0.1763","14.641200000000001","2.4464","False","18.1772","15.1859","18.1875","8.1963","23.2543","8","1","1","False","0"
"36832","2152058798096","1845480605106","1845480790849","18.739800000000002","18.5743","0.1655","23.0794","6.7918","False","12.160300000000001","18.750600000000002","18.1772","7.6229000000000005","26.197200000000002","8","1","1","False","0"
"36832","2152058798096","1845480792504","1845480935273","14.4501","14.276900000000001","0.17320000000000002","10.823500000000001","3.1710000000000003","False","18.1429","14.442400000000001","12.160300000000001","5.340800000000001","19.6177","8","1","1","False","0"
"36832","2152058798096","1845480937005","1845481110063","17.5713","17.3058","0.2655","18.4878","4.1673","False","18.186500000000002","17.479","18.1429","6.004700000000001","23.3105","8","1","1","False","0"
"36832","2152058798096","1845481112718","1845481297387","18.645100000000003","18.466900000000003","0.1782","17.782700000000002","3.2097","False","18.2457","18.732400000000002","18.186500000000002","5.4588","23.925700000000003","8","1","1","False","0"
"36832","2152058798096","1845481299169","1845481473160","17.5854","17.3991","0.18630000000000002","18.660500000000003","4.2948","False","12.056600000000001","17.5773","18.2457","6.1272","23.526300000000003","8","1","1","False","0"
"36832","2152058798096","1845481475023","1845481618560","14.502","14.3537","0.14830000000000002","12.8313","2.6153","False","24.270200000000003","14.540000000000001","12.056600000000001","3.6438","17.997500000000002","8","1","1","False","0"
"36832","2152058798096","1845481620043","1845481815647","19.7255","19.5604","0.1651","19.6694","2.5558","False","12.124","19.7087","24.270200000000003","8.205300000000001","27.765700000000002","8","1","1","False","0"
"36832","2152058798096","1845481817298","1845481958842","14.350900000000001","14.1544","0.1965","14.972100000000001","3.2159","False","18.143900000000002","14.319500000000001","12.124","6.0098","20.1642","8","1","1","False","0"
"36832","2152058798096","1845481960807","1845482155084","19.585600000000003","19.4277","0.1579","18.8621","2.4673000000000003","False","12.1647","19.624200000000002","18.143900000000002","4.5295000000000005","23.9572","8","1","1","False","0"
"36832","2152058798096","1845482156663","1845482273891","12.021400000000002","11.722800000000001","0.29860000000000003","12.193200000000001","2.6578","False","24.2211","11.880700000000001","12.1647","4.8135","16.5363","8","1","1","False","0"
"36832","2152058798096","1845482276877","1845482497758","22.325300000000002","22.0881","0.23720000000000002","24.312000000000005","4.6165","False","12.1088","22.3867","24.2211","6.6479","28.736","8","1","1","False","0"
"36832","2152058798096","1845482500130","1845482633850","13.4964","13.372","0.12440000000000001","11.1141","2.2073","False","18.1731","13.609200000000001","12.1088","5.1475","18.5195","8","1","1","False","0"
"36832","2152058798096","1845482635094","1845482815140","18.1412","18.0046","0.1366","19.0775","3.1557","False","18.2067","18.129","18.1731","5.1916","23.1962","8","1","1","False","0"
"36832","2152058798096","1845482816506","1845482986806","17.1593","17.03","0.1293","18.2496","4.5486","False","12.1044","17.166600000000003","18.2067","6.2317","23.2617","8","1","1","False","0"
"36832","2152058798096","1845482988099","1845483135633","14.925300000000002","14.753400000000001","0.1719","12.8298","2.1646","False","18.180600000000002","14.882700000000002","12.1044","3.4534000000000002","18.2068","8","1","1","False","0"
"36832","2152058798096","1845483137352","1845483306160","17.0062","16.8808","0.1254","17.5734","2.7155","False","18.178800000000003","17.0527","18.180600000000002","4.581300000000001","21.4621","8","1","1","False","0"
"36832","2152058798096","1845483307414","1845483466075","16.034000000000002","15.866100000000001","0.16790000000000002","18.1948","4.897200000000001","False","18.2087","15.9915","18.178800000000003","6.7686","22.634700000000002","8","1","1","False","0"
"36832","2152058798096","1845483467754","1845483637079","17.0987","16.9325","0.16620000000000001","15.0137","2.8214","False","12.0936","17.1004","18.2087","7.8769","24.8094","8","1","1","False","0"
"36832","2152058798096","1845483638741","1845483789067","15.1734","15.0326","0.1408","16.7755","4.3933","False","18.181900000000002","15.1988","12.0936","4.7717","19.8043","8","1","1","False","0"
"36832","2152058798096","1845483790475","1845483958569","16.9837","16.8094","0.1743","17.0987","4.5324","False","18.1786","16.950200000000002","18.181900000000002","6.0034","22.812800000000003","8","1","1","False","0"
"36832","2152058798096","1845483960312","1845484123080","16.447400000000002","16.2768","0.1706","16.2144","4.303","False","12.1647","16.4511","18.1786","7.7309","24.0077","8","1","1","False","0"
"36832","2152058798096","1845484124786","1845484279000","15.5873","15.4214","0.16590000000000002","14.1407","2.8408","False","18.1751","15.592","12.1647","4.3036","19.725","8","1","1","False","0"
"36832","2152058798096","1845484280659","1845484462137","18.2854","18.1478","0.1376","18.3301","2.8689","False","18.1511","18.3137","18.1751","4.165","22.3128","8","1","1","False","0"
"36832","2152058798096","1845484463513","1845484629356","16.7481","16.584300000000002","0.1638","18.271900000000002","4.4194","False","18.1736","16.7219","18.1511","5.5942","22.1785","8","1","1","False","0"
"36832","2152058798096","1845484630994","1845484789891","16.0591","15.889700000000001","0.1694","18.8805","7.2418000000000005","False","18.2052","16.0535","18.1736","7.714300000000001","23.604000000000003","8","1","1","False","0"
"36832","2152058798096","1845484791585","1845484975403","18.597500000000004","18.381800000000002","0.2157","15.3342","4.0017000000000005","False","12.1059","18.5512","18.2052","7.3683000000000005","25.7501","8","1","1","False","0"
"36832","2152058798096","1845484977560","1845485119867","14.3552","14.2307","0.1245","12.6308","2.2265","False","18.264200000000002","14.4464","12.1059","5.0278","19.2585","8","1","1","False","0"
"36832","2152058798096","1845485121112","1845485299941","17.9817","17.8829","0.0988","19.0316","3.5548","False","18.092100000000002","18.0074","18.264200000000002","5.2846","23.1675","8","1","1","False","0"
"36832","2152058798096","1845485300929","1845485459709","16.0484","15.878","0.1704","15.593100000000002","2.8476000000000004","False","18.187","15.9768","18.092100000000002","7.399900000000001","23.277900000000002","8","1","1","False","0"
"36832","2152058798096","1845485461413","1845485625505","16.583800000000004","16.409200000000002","0.1746","16.9157","3.1727000000000003","False","18.2119","16.5796","18.187","9.0073","25.416500000000003","8","1","1","False","0"
"36832","2152058798096","1845485627251","1845485806555","18.082500000000003","17.930400000000002","0.1521","18.3707","3.455","False","12.0975","18.105","18.2119","9.1142","27.044600000000003","8","1","1","False","0"
"36832","2152058798096","1845485808076","1845485972572","16.5608","16.4496","0.11120000000000001","14.839400000000001","1.7196","False","18.178800000000003","16.6017","12.0975","4.61","21.0596","8","1","1","False","0"
"36832","2152058798096","1845485973684","1845486121380","14.948500000000001","14.7696","0.1789","17.959300000000002","4.7655","False","12.121400000000001","14.8808","18.178800000000003","7.908","22.6776","8","1","1","False","0"
"36832","2152058798096","1845486123169","1845486283099","16.182","15.993","0.189","14.362300000000001","2.9432","False","24.247700000000002","16.1719","12.121400000000001","3.8575000000000004","19.8505","8","1","1","False","0"
"36832","2152058798096","1845486284989","1845486494400","21.094600000000003","20.941100000000002","0.1535","23.441000000000003","5.2779","False","12.1144","21.130100000000002","24.247700000000002","6.9751","27.9162","8","1","1","False","0"
"36832","2152058798096","1845486495935","1845486619607","12.5638","12.3672","0.1966","11.039200000000001","3.7777000000000003","False","18.196","12.5207","12.1144","6.5688","18.936","8","1","1","False","0"
"36832","2152058798096","1845486621573","1845486783744","16.412100000000002","16.217100000000002","0.195","15.643600000000001","2.9928000000000003","False","18.1673","16.413700000000002","18.196","8.3511","24.5682","8","1","1","False","0"
"36832","2152058798096","1845486785694","1845487017311","23.3021","23.1617","0.1404","22.9189","2.5989","False","12.136700000000001","23.3567","18.1673","3.1617","26.323400000000003","8","1","1","False","0"
"36832","2152058798096","1845487018715","1845487132245","11.5043","11.353","0.15130000000000002","10.8068","1.9008","False","18.163700000000002","11.493400000000001","12.136700000000001","3.805","15.158000000000001","8","1","1","False","0"
"36832","2152058798096","1845487133758","1845487296416","16.4536","16.265800000000002","0.18780000000000002","18.950200000000002","4.4147","False","18.1938","16.4171","18.163700000000002","5.5516000000000005","21.817400000000003","8","1","1","False","0"
"36832","2152058798096","1845487298294","1845487490042","19.306","19.1748","0.1312","17.4112","2.7973000000000003","False","24.2494","19.3626","18.1938","4.3828000000000005","23.5576","8","1","1","False","0"
"36832","2152058798096","1845487491354","1845487704806","21.537000000000003","21.345200000000002","0.1918","24.116600000000002","5.117500000000001","False","18.1798","21.4764","24.2494","7.1558","28.501","8","1","1","False","0"
"36832","2152058798096","1845487706724","1845487921725","21.692899999999998","21.5001","0.1928","18.7772","2.174","False","30.290300000000002","21.6919","18.1798","3.6437000000000004","25.143800000000002","8","1","1","False","0"
"36832","2152058798096","1845487923653","1845488189352","26.7743","26.5699","0.2044","31.0069","6.409800000000001","False","18.1953","26.762700000000002","30.290300000000002","7.1713000000000005","33.7412","8","1","1","False","0"
"36832","2152058798096","1845488191396","1845488407792","21.7877","21.6396","0.1481","17.561600000000002","2.1721","False","24.2348","21.844","18.1953","3.5226","25.162200000000002","8","1","1","False","0"
"36832","2152058798096","1845488409273","1845488617886","21.0423","20.8613","0.18100000000000002","23.5329","4.6691","False","18.191000000000003","21.0094","24.2348","6.748","27.6093","8","1","1","False","0"
"36832","2152058798096","1845488619696","1845488799637","18.1617","17.9941","0.1676","18.398400000000002","4.9105","False","18.1755","18.1751","18.191000000000003","6.7639000000000005","24.758000000000003","8","1","1","False","0"
"36832","2152058798096","1845488801313","1845488978358","17.877499999999998","17.7045","0.17300000000000001","19.0931","6.1216","False","12.9268","17.8721","18.1755","7.0673","24.771800000000002","8","1","1","False","0"
"36832","2152058798096","1845488980088","1845489140983","16.2531","16.0895","0.1636","12.2623","2.1322","False","35.5201","16.2625","12.9268","3.7316000000000003","19.8211","8","1","1","False","0"
"36832","2152058798096","1845489142619","1845489382558","24.1476","23.9939","0.1537","36.3577","14.3398","False","6.0724","24.157500000000002","35.5201","15.0942","39.088100000000004","8","1","1","False","0"
"36832","2152058798096","1845489384095","1845489579170","19.6491","19.5075","0.1416","5.6285","0.308","False","24.297700000000003","19.6612","6.0724","1.5054","21.012900000000002","8","1","1","False","0"
"36832","2152058798096","1845489580586","1845489772902","19.5043","19.2316","0.2727","19.4311","0.3507","False","12.0816","19.3732","24.297700000000003","6.4299","25.6615","8","1","1","False","0"
"36832","2152058798096","1845489775629","1845489930233","15.5924","15.4604","0.132","15.6506","0.29300000000000004","False","18.1908","15.7331","12.0816","2.7784","18.2388","8","1","1","False","0"
"36832","2152058798096","1845489931553","1845490084258","15.4196","15.2705","0.1491","15.4227","0.3053","False","18.1597","15.4025","18.1908","5.5667","20.8372","8","1","1","False","0"
"36832","2152058798096","1845490085749","1845490297852","21.352","21.2103","0.14170000000000002","21.373900000000003","0.3241","False","18.2119","21.3594","18.1597","2.367","23.5773","8","1","1","False","0"
"36832","2152058798096","1845490299269","1845490458943","16.087","15.967400000000001","0.11960000000000001","15.9604","0.3276","False","12.09","16.1091","18.2119","4.4698","20.4372","8","1","1","False","0"
"36832","2152058798096","1845490460139","1845490615320","15.6887","15.5181","0.1706","15.8063","0.324","False","18.1748","15.6377","12.09","0.9221","16.4402","8","1","1","False","0"
"36832","2152058798096","1845490617026","1845490790837","17.5356","17.3811","0.1545","17.5901","0.3805","False","24.2425","17.5517","18.1748","1.5452000000000001","18.9263","8","1","1","False","0"
"36832","2152058798096","1845490792382","1845491038201","24.8029","24.5819","0.221","24.836100000000002","0.4343","False","18.189700000000002","24.7364","24.2425","1.0513000000000001","25.633200000000002","8","1","1","False","0"
"36832","2152058798096","1845491040411","1845491215825","17.7087","17.5414","0.1673","17.6329","0.3421","False","18.1748","17.7624","18.189700000000002","1.4786000000000001","19.02","8","1","1","False","0"
"36832","2152058798096","1845491217498","1845491407284","19.1495","18.9786","0.1709","19.137","0.32780000000000004","False","18.2058","19.1459","18.1748","0.5075000000000001","19.4861","8","1","1","False","0"
"36832","2152058798096","1845491408993","1845491554622","14.688500000000001","14.5629","0.12560000000000002","14.6898","0.30610000000000004","False","24.270100000000003","14.7338","18.2058","3.9795000000000003","18.5424","8","1","1","False","0"
"36832","2152058798096","1845491555878","1845491773056","21.9025","21.7178","0.1847","21.9681","0.3914","False","18.157","21.843400000000003","24.270100000000003","6.4062","28.124000000000002","8","1","1","False","0"
"36832","2152058798096","1845491774903","1845491984048","21.037300000000002","20.9145","0.1228","20.9742","0.30670000000000003","False","18.155900000000003","21.0992","18.157","3.464","24.378500000000003","8","1","1","False","0"
"36832","2152058798096","1845491985276","1845492190674","20.6793","20.5398","0.1395","20.6776","0.3141","False","24.251800000000003","20.6626","18.155900000000003","0.9573","21.4971","8","1","1","False","0"
"36832","2152058798096","1845492192069","1845492408109","21.7799","21.604000000000003","0.1759","21.8478","0.39780000000000004","False","18.1855","21.7435","24.251800000000003","3.4656000000000002","25.0696","8","1","1","False","0"
"36832","2152058798096","1845492409868","1845492601343","19.2769","19.1475","0.12940000000000002","19.1872","0.2861","False","24.2767","19.3234","18.1855","2.3277","21.4752","8","1","1","False","0"
"36832","2152058798096","1845492602637","1845492811977","21.0958","20.934","0.1618","21.210700000000003","0.42150000000000004","False","18.1521","21.0634","24.2767","5.541","26.475","8","1","1","False","0"
"36832","2152058798096","1845492813595","1845493028014","21.5972","21.4419","0.1553","21.3736","0.3477","False","24.2541","21.6037","18.1521","2.0894","23.5313","8","1","1","False","0"
"36832","2152058798096","1845493029567","1845493255527","22.7482","22.596","0.1522","22.965700000000002","0.404","False","24.2374","22.7513","24.2541","3.5922","26.188200000000002","8","1","1","False","0"
"36832","2152058798096","1845493257049","1845493472660","21.7128","21.5611","0.1517","21.6091","0.3037","False","24.278100000000002","21.7133","24.2374","6.116300000000001","27.677400000000002","8","1","1","False","0"
"36832","2152058798096","1845493474177","1845493719359","24.6819","24.5182","0.1637","24.6831","0.30460000000000004","False","18.1673","24.669900000000002","24.278100000000002","5.7245","30.242700000000003","8","1","1","False","0"
"36832","2152058798096","1845493720996","1845493906950","18.748","18.5954","0.1526","18.7646","0.3244","False","12.1071","18.7591","18.1673","5.1327","23.7281","8","1","1","False","0"
"36832","2152058798096","1845493908476","1845494054897","14.791200000000002","14.642100000000001","0.1491","14.761600000000001","0.2988","False","18.166900000000002","14.7947","12.1071","2.4451","17.0872","8","1","1","False","0"
"36832","2152058798096","1845494056388","1845494244874","18.9786","18.8486","0.13","19.0501","0.3528","False","18.1783","18.997700000000002","18.166900000000002","1.6143","20.4629","8","1","1","False","0"
"36832","2152058798096","1845494246174","1845494420500","17.6019","17.4326","0.1693","17.5649","0.3254","False","18.1661","17.5626","18.1783","2.23","19.6626","8","1","1","False","0"
"36832","2152058798096","1845494422193","1845494618218","19.756400000000003","19.602500000000003","0.1539","19.8321","0.40290000000000004","False","18.1784","19.771800000000002","18.1661","0.6243000000000001","20.2268","8","1","1","False","0"
"36832","2152058798096","1845494619757","1845494800914","18.2651","18.1157","0.1494","18.259800000000002","0.3961","False","24.2921","18.2696","18.1784","0.5331","18.6488","8","1","1","False","0"
"36832","2152058798096","1845494802408","1845494991679","19.1154","18.9271","0.1883","19.113500000000002","0.40440000000000004","False","18.1846","19.0765","24.2921","5.7487","24.675800000000002","8","1","1","False","0"
"36832","2152058798096","1845494993562","1845495177204","18.5482","18.3642","0.184","18.474","0.3491","False","12.1158","18.552500000000002","18.1846","5.380800000000001","23.745","8","1","1","False","0"
"36832","2152058798096","1845495179044","1845495321333","14.351700000000001","14.228900000000001","0.1228","14.2338","0.3496","False","12.085700000000001","14.4129","12.1158","3.0837000000000003","17.3126","8","1","1","False","0"
"36832","2152058798096","1845495322561","1845495463215","14.244200000000001","14.0654","0.17880000000000001","14.324300000000001","0.303","False","18.218400000000003","14.1882","12.085700000000001","0.9812000000000001","15.046600000000002","8","1","1","False","0"
"36832","2152058798096","1845495465003","1845495607623","14.450000000000001","14.262","0.188","14.497100000000001","0.3392","False","12.1119","14.440800000000001","18.218400000000003","4.7588","19.0208","8","1","1","False","0"
"36832","2152058798096","1845495609503","1845495743508","13.5417","13.400500000000001","0.14120000000000002","13.5358","0.3186","False","18.183600000000002","13.5885","12.1119","3.2822","16.6827","8","1","1","False","0"
"36832","2152058798096","1845495744920","1845495895976","15.332400000000002","15.1056","0.2268","15.256200000000002","0.3173","False","12.138300000000001","15.2468","18.183600000000002","6.219","21.3246","8","1","1","False","0"
"36832","2152058798096","1845495898244","1845496030887","13.3855","13.2643","0.1212","13.4467","0.2921","False","12.084100000000001","13.491100000000001","12.138300000000001","4.8662","18.1305","8","1","1","False","0"
"36832","2152058798096","1845496032099","1845496180981","15.0454","14.888200000000001","0.1572","15.0515","0.3062","False","12.113900000000001","15.009400000000001","12.084100000000001","1.9409","16.8291","8","1","1","False","0"
"36832","2152058798096","1845496182553","1845496315670","13.4896","13.3117","0.1779","13.5183","0.35700000000000004","False","18.1905","13.468900000000001","12.113900000000001","0.5859","13.8976","8","1","1","False","0"
"36832","2152058798096","1845496317449","1845496488152","17.2068","17.0703","0.1365","17.187","0.3179","False","18.2066","17.2482","18.1905","1.5282","18.5985","8","1","1","False","0"
"36832","2152058798096","1845496489517","1845496630551","14.350000000000001","14.1034","0.2466","14.287","0.3224","False","12.1022","14.2399","18.2066","5.4949","19.598300000000002","8","1","1","False","0"
"36832","2152058798096","1845496633017","1845496778422","14.682100000000002","14.540500000000002","0.1416","14.7277","0.29400000000000004","False","12.1203","14.7871","12.1022","2.81","17.3505","8","1","1","False","0"
"36832","2152058798096","1845496779838","1845496901931","12.365200000000002","12.2093","0.1559","12.390400000000001","0.33140000000000003","False","12.1018","12.350900000000001","12.1203","2.5794","14.7887","8","1","1","False","0"
"36832","2152058798096","1845496903490","1845497039132","13.698400000000001","13.564200000000001","0.1342","13.5586","0.3532","False","18.227700000000002","13.7201","12.1018","0.9611000000000001","14.525300000000001","8","1","1","False","0"
"36832","2152058798096","1845497040474","1845497167588","12.878400000000001","12.711400000000001","0.167","13.070500000000001","0.3907","False","12.113000000000001","12.845600000000001","18.227700000000002","6.3432","19.0546","8","1","1","False","0"
"36832","2152058798096","1845497169258","1845497302001","13.4174","13.2743","0.1431","13.3316","0.3042","False","12.120600000000001","13.4413","12.113000000000001","5.0149","18.2892","8","1","1","False","0"
"36832","2152058798096","1845497303432","1845497424628","12.278","12.1196","0.1584","12.3565","0.369","False","12.1304","12.2627","12.120600000000001","4.8728","16.9924","8","1","1","False","0"
"36832","2152058798096","1845497426212","1845497540051","11.540700000000001","11.3839","0.1568","11.473600000000001","0.3141","False","12.1037","11.542300000000001","12.1304","5.4609000000000005","16.8448","8","1","1","False","0"
"36832","2152058798096","1845497541619","1845497686878","14.6738","14.5259","0.1479","14.6554","0.3183","False","12.1082","14.6827","12.1037","2.8819000000000004","17.4078","8","1","1","False","0"
"36832","2152058798096","1845497688357","1845497828851","14.2209","14.0494","0.1715","14.233600000000001","0.32280000000000003","False","18.2058","14.1973","12.1082","0.7928000000000001","14.8422","8","1","1","False","0"
"36832","2152058798096","1845497830566","1845497982536","15.3383","15.197000000000001","0.1413","15.3511","0.3134","False","12.0845","15.368500000000001","18.2058","3.6301","18.8271","8","1","1","False","0"
"36832","2152058798096","1845497983949","1845498128708","14.6689","14.475900000000001","0.193","14.6795","0.3312","False","24.300600000000003","14.6172","12.0845","1.0974000000000002","15.573300000000001","8","1","1","False","0"
"36832","2152058798096","1845498130638","1845498365206","23.773500000000002","23.4568","0.31670000000000004","23.8152","0.433","False","18.1251","23.649800000000003","24.300600000000003","1.7482","25.205000000000002","8","1","1","False","0"
"36832","2152058798096","1845498368373","1845498557314","19.152600000000003","18.8941","0.2585","19.131","0.5418000000000001","False","24.271700000000003","19.210800000000003","18.1251","0.6625","19.5566","8","1","1","False","0"
"36832","2152058798096","1845498559899","1845498757351","19.9522","19.7452","0.20700000000000002","19.9751","0.3798","False","18.162100000000002","20.003700000000002","24.271700000000003","4.9305","24.675700000000003","8","1","1","False","0"
"36832","2152058798096","1845498759421","1845498926310","16.8809","16.6889","0.192","16.8821","0.3849","False","12.136600000000001","16.8959","18.162100000000002","6.1967","22.8856","8","1","1","False","0"
"36832","2152058798096","1845498928230","1845499090165","16.4493","16.1935","0.2558","16.3114","0.27990000000000004","False","18.2142","16.3855","12.136600000000001","1.9478000000000002","18.1413","8","1","1","False","0"
"36832","2152058798096","1845499092723","1845499249741","15.9518","15.7018","0.25","15.9549","0.27640000000000003","False","12.0752","15.957600000000001","18.2142","4.204400000000001","19.906200000000002","8","1","1","False","0"
"36832","2152058798096","1845499252241","1845499382488","13.161200000000001","13.024700000000001","0.1365","13.1182","0.32120000000000004","False","18.2224","13.274700000000001","12.0752","3.0049","16.029600000000002","8","1","1","False","0"
"36832","2152058798096","1845499383853","1845499550434","16.8591","16.6581","0.201","17.0702","0.4103","False","12.0991","16.7946","18.2224","4.4327000000000005","21.0908","8","1","1","False","0"
"36832","2152058798096","1845499552444","1845499685820","13.527000000000001","13.3376","0.1894","13.401800000000001","0.2948","False","12.0853","13.5386","12.0991","2.9932000000000003","16.3308","8","1","1","False","0"
"36832","2152058798096","1845499687714","1845499830064","14.390900000000002","14.235000000000001","0.1559","14.420300000000001","0.3045","False","18.2073","14.4244","12.0853","0.6541","14.889100000000001","8","1","1","False","0"
"36832","2152058798096","1845499831623","1845499994733","16.4645","16.311","0.1535","16.5336","0.36300000000000004","False","12.1158","16.466900000000003","18.2073","2.3945000000000003","18.7055","8","1","1","False","0"
"36832","2152058798096","1845499996268","1845500120279","12.627500000000001","12.401100000000001","0.22640000000000002","12.533800000000001","0.30670000000000003","False","12.1103","12.5546","12.1158","1.9557","14.356800000000002","8","1","1","False","0"
"36832","2152058798096","1845500122543","1845500249241","12.8294","12.6698","0.15960000000000002","12.8263","0.28500000000000003","False","12.116900000000001","12.8962","12.1103","1.1698","13.8396","8","1","1","False","0"
"36832","2152058798096","1845500250837","1845500361609","11.264100000000001","11.077200000000001","0.1869","11.2676","0.2968","False","18.221600000000002","11.2368","12.116900000000001","2.0499","13.1271","8","1","1","False","0"
"36832","2152058798096","1845500363478","1845500513943","15.2846","15.0465","0.2381","15.644400000000001","0.6758000000000001","False","6.0399","15.233400000000001","18.221600000000002","5.0381","20.084600000000002","8","1","1","False","0"
"36832","2152058798096","1845500516324","1845500610165","9.6091","9.3841","0.225","9.199900000000001","0.2798","False","18.2151","9.622200000000001","6.0399","1.4558","10.8399","8","1","1","False","0"
"36832","2152058798096","1845500612415","1845500770077","15.9495","15.766200000000001","0.18330000000000002","16.0715","0.3614","False","12.115","15.991200000000001","18.2151","3.6797","19.4459","8","1","1","False","0"
"36832","2152058798096","1845500771910","1845500891592","12.150500000000001","11.968200000000001","0.18230000000000002","12.065800000000001","0.28700000000000003","False","12.105500000000001","12.1515","12.115","3.6432","15.611400000000001","8","1","1","False","0"
"36832","2152058798096","1845500893415","1845501023255","13.1565","12.984","0.17250000000000001","13.0578","0.3452","False","12.1034","13.166300000000001","12.105500000000001","2.5824000000000003","15.566400000000002","8","1","1","False","0"
"36832","2152058798096","1845501024980","1845501149202","12.6251","12.4222","0.2029","12.729000000000001","0.2896","False","18.1992","12.594700000000001","12.1034","2.0911","14.513300000000001","8","1","1","False","0"
"36832","2152058798096","1845501151231","1845501322291","17.262300000000003","17.106","0.1563","17.2683","0.2856","False","18.1992","17.3089","18.1992","2.9814000000000003","20.087400000000002","8","1","1","False","0"
"36832","2152058798096","1845501323854","1845501476365","15.4694","15.251100000000001","0.21830000000000002","15.4793","0.32380000000000003","False","12.1098","15.4074","18.1992","5.7732","21.0243","8","1","1","False","0"
"36832","2152058798096","1845501478548","1845501612138","13.547","13.359","0.188","13.5412","0.28500000000000003","False","12.130500000000001","13.577300000000001","12.1098","4.3057","17.6647","8","1","1","False","0"
"36832","2152058798096","1845501614018","1845501720143","10.7893","10.6125","0.1768","10.808100000000001","0.3138","False","12.103900000000001","10.800500000000001","12.130500000000001","5.6357","16.2482","8","1","1","False","0"
"36832","2152058798096","1845501721911","1845501875671","15.597500000000002","15.376000000000001","0.2215","15.569500000000001","0.2999","False","12.120000000000001","15.552800000000001","12.103900000000001","2.1868000000000003","17.5628","8","1","1","False","0"
"36832","2152058798096","1845501877886","1845501985380","10.889800000000001","10.749400000000001","0.1404","10.901200000000001","0.2796","False","18.1848","10.9709","12.120000000000001","3.3359","14.0853","8","1","1","False","0"
"36832","2152058798096","1845501986784","1845502136354","15.1658","14.957","0.2088","15.157300000000001","0.3074","False","6.0699000000000005","15.0974","18.1848","6.4233","21.380300000000002","8","1","1","False","0"
"36832","2152058798096","1845502138442","1845502244660","10.761000000000001","10.6218","0.13920000000000002","10.7924","0.3008","False","12.098","10.8306","6.0699000000000005","1.6626","12.2844","8","1","1","False","0"
"36832","2152058798096","1845502246052","1845502368061","12.4176","12.2009","0.2167","12.3627","0.2909","False","12.103","12.340100000000001","12.098","1.4205","13.621400000000001","8","1","1","False","0"
"36832","2152058798096","1845502370228","1845502492933","12.4441","12.2705","0.1736","12.4871","0.2973","False","18.1798","12.487200000000001","12.103","1.0363","13.3068","8","1","1","False","0"
"36832","2152058798096","1845502494669","1845502651513","15.8383","15.6844","0.1539","15.695200000000002","0.3941","False","18.1904","15.858","18.1798","3.3581000000000003","19.0425","8","1","1","False","0"
"36832","2152058798096","1845502653052","1845502815333","16.4536","16.2281","0.2255","16.691300000000002","0.45370000000000005","False","12.189400000000001","16.382","18.1904","5.1665","21.3946","8","1","1","False","0"
"36832","2152058798096","1845502817588","1845502967692","15.164100000000001","15.0104","0.1537","15.150500000000001","0.3739","False","18.1173","15.2359","12.189400000000001","2.12","17.1304","8","1","1","False","0"
"36832","2152058798096","1845502969229","1845503152517","18.563000000000002","18.3288","0.23420000000000002","18.5521","0.3894","False","18.1715","18.4825","18.1173","1.7548000000000001","20.0836","8","1","1","False","0"
"36832","2152058798096","1845503154859","1845503339562","18.675900000000002","18.4703","0.2056","18.672900000000002","0.38680000000000003","False","18.1929","18.7045","18.1715","1.2218","19.6921","8","1","1","False","0"
"36832","2152058798096","1845503341618","1845503499842","16.0178","15.8224","0.19540000000000002","16.0257","0.388","False","18.1899","16.028000000000002","18.1929","3.3867000000000003","19.2091","8","1","1","False","0"
"36832","2152058798096","1845503501796","1845503697565","19.7923","19.576900000000002","0.2154","19.7728","0.3786","False","18.1997","19.7723","18.1899","1.8043","21.3812","8","1","1","False","0"
"36832","2152058798096","1845503699719","1845503868583","17.0592","16.886400000000002","0.1728","17.0808","0.38630000000000003","False","12.086400000000001","17.1018","18.1997","2.9022","19.788600000000002","8","1","1","False","0"
"36832","2152058798096","1845503870311","1845504003308","13.4661","13.299700000000001","0.16640000000000002","13.4121","0.3216","False","18.200400000000002","13.4725","12.086400000000001","1.5161","14.815800000000001","8","1","1","False","0"
"36832","2152058798096","1845504004972","1845504167215","16.4072","16.2243","0.1829","16.453400000000002","0.3763","False","18.1691","16.390700000000002","18.200400000000002","3.3258","19.5501","8","1","1","False","0"
"36832","2152058798096","1845504169044","1845504316097","14.878800000000002","14.705300000000001","0.17350000000000002","15.007100000000001","0.47950000000000004","False","12.1141","14.888200000000001","18.1691","6.6067","21.312","8","1","1","False","0"
"36832","2152058798096","1845504317832","1845504486419","17.006500000000003","16.858700000000002","0.14780000000000001","16.893800000000002","0.3783","False","18.1815","17.0322","12.1141","1.6886","18.5473","8","1","1","False","0"
"36832","2152058798096","1845504487897","1845504649541","16.2772","16.1644","0.11280000000000001","16.0787","0.4097","False","18.1901","16.3122","18.1815","3.5579","19.7223","8","1","1","False","0"
"36832","2152058798096","1845504650669","1845504822872","17.3414","17.2203","0.1211","17.542","0.3649","False","18.1949","17.3331","18.1901","4.4149","21.6352","8","1","1","False","0"
"36832","2152058798096","1845504824083","1845505023814","20.137200000000004","19.973100000000002","0.1641","20.1094","0.35550000000000004","False","12.1015","20.0942","18.1949","2.5156","22.4887","8","1","1","False","0"
"36832","2152058798096","1845505025455","1845505145900","12.251100000000001","12.044500000000001","0.2066","12.2347","0.36260000000000003","False","18.256800000000002","12.2086","12.1015","2.4085","14.453000000000001","8","1","1","False","0"
"36832","2152058798096","1845505147966","1845505326687","18.021","17.8721","0.1489","18.043200000000002","0.3588","False","18.107200000000002","18.0787","18.256800000000002","2.5866000000000002","20.4587","8","1","1","False","0"
"36832","2152058798096","1845505328176","1845505492806","16.6292","16.463","0.16620000000000001","16.6144","0.3527","False","18.215500000000002","16.611900000000002","18.107200000000002","4.0819","20.544900000000002","8","1","1","False","0"
"36832","2152058798096","1845505494468","1845505664016","17.189100000000003","16.954800000000002","0.2343","17.2463","0.4439","False","18.1842","17.121000000000002","18.215500000000002","5.1764","22.1312","8","1","1","False","0"
"36832","2152058798096","1845505666359","1845505836726","17.2559","17.0367","0.2192","17.1221","0.2977","False","12.1477","17.271","18.1842","6.0896","23.1263","8","1","1","False","0"
"36832","2152058798096","1845505838918","1845505997514","16.0279","15.8596","0.1683","16.0316","0.2735","False","18.1245","16.0788","12.1477","2.1585","18.0181","8","1","1","False","0"
"36832","2152058798096","1845505999197","1845506136955","13.9565","13.7758","0.1807","14.0519","0.37570000000000003","False","12.1562","13.9441","18.1245","6.338900000000001","20.114700000000003","8","1","1","False","0"
"36832","2152058798096","1845506138762","1845506307253","17.0703","16.8491","0.2212","17.0429","0.3715","False","24.2405","17.0298","12.1562","1.4653","18.3144","8","1","1","False","0"
"36832","2152058798096","1845506309465","1845506513044","20.5427","20.3579","0.18480000000000002","20.543200000000002","0.3509","False","12.1333","20.5791","24.2405","5.1267000000000005","25.4846","8","1","1","False","0"
"36832","2152058798096","1845506514892","1845506650429","13.662700000000001","13.553700000000001","0.109","13.5073","0.31270000000000003","False","18.2116","13.7385","12.1333","3.5215","17.075200000000002","8","1","1","False","0"
"36832","2152058798096","1845506651519","1845506843903","19.4368","19.238400000000002","0.19840000000000002","19.6092","0.38220000000000004","False","18.133200000000002","19.3474","18.2116","2.3857","21.624100000000002","8","1","1","False","0"
"36832","2152058798096","1845506845887","1845507001985","15.7954","15.6098","0.18560000000000001","15.791","0.3639","False","12.124500000000001","15.808200000000001","18.133200000000002","4.7107","20.320500000000003","8","1","1","False","0"
"36832","2152058798096","1845507003841","1845507146959","14.504199999999999","14.3118","0.19240000000000002","14.412","0.2869","False","18.180300000000003","14.4974","12.124500000000001","2.3378","16.6496","8","1","1","False","0"
"36832","2152058798096","1845507148883","1845507323025","17.565900000000003","17.4142","0.1517","17.6746","0.36760000000000004","False","18.1488","17.6066","18.180300000000003","2.9115","20.3257","8","1","1","False","0"
"36832","2152058798096","1845507324542","1845507488774","16.5941","16.4232","0.1709","16.5652","0.3541","False","12.1188","16.5749","18.1488","4.4854","20.9086","8","1","1","False","0"
"36832","2152058798096","1845507490483","1845507647890","15.9699","15.7407","0.22920000000000001","15.9907","0.3942","False","18.1861","15.9116","12.1188","0.6926","16.4333","8","1","1","False","0"
"36832","2152058798096","1845507650182","1845507817888","16.966800000000003","16.7706","0.1962","16.9555","0.3791","False","18.223200000000002","16.9998","18.1861","1.8789","18.6495","8","1","1","False","0"
"36832","2152058798096","1845507819850","1845507981452","16.3391","16.1602","0.1789","16.4475","0.4451","False","18.1445","16.3564","18.223200000000002","3.7457000000000003","19.905900000000003","8","1","1","False","0"
"36832","2152058798096","1845507983241","1845508145181","16.3953","16.194","0.2013","16.310200000000002","0.3935","False","12.1179","16.3729","18.1445","5.5173000000000005","21.7113","8","1","1","False","0"
"36832","2152058798096","1845508147194","1845508296565","15.114700000000001","14.937100000000001","0.1776","15.100800000000001","0.36000000000000004","False","18.1731","15.1384","12.1179","2.4968","17.4339","8","1","1","False","0"
"36832","2152058798096","1845508298341","1845508466175","16.9188","16.7834","0.13540000000000002","16.9508","0.3874","False","18.2333","16.961000000000002","18.1731","3.7089000000000003","20.4923","8","1","1","False","0"
"36832","2152058798096","1845508467529","1845508647627","18.1797","18.009800000000002","0.1699","17.9651","0.4333","False","12.0723","18.1452","18.2333","3.797","21.806800000000003","8","1","1","False","0"
"36832","2152058798096","1845508649326","1845508798086","15.154000000000002","14.876000000000001","0.278","15.362400000000001","0.47040000000000004","False","24.243000000000002","15.045900000000001","12.0723","0.8234","15.6994","8","1","1","False","0"
"36832","2152058798096","1845508800866","1845508986830","18.7963","18.5964","0.19990000000000002","18.7724","0.39130000000000004","False","30.3044","18.8744","24.243000000000002","6.192","24.788400000000003","8","1","1","False","0"
"36832","2152058798096","1845508988829","1845509302721","31.5954","31.389200000000002","0.20620000000000002","31.5044","0.3005","False","12.115400000000001","31.589100000000002","30.3044","4.9073","36.2965","8","1","1","False","0"
"36832","2152058798096","1845509304783","1845509460689","15.8523","15.5906","0.2617","16.0561","0.4995","False","18.181800000000003","15.796800000000001","12.115400000000001","1.2259","16.8165","8","1","1","False","0"
"36832","2152058798096","1845509463306","1845509638655","17.700300000000002","17.5349","0.16540000000000002","17.624100000000002","0.4042","False","18.2576","17.7966","18.181800000000003","1.6111","19.146","8","1","1","False","0"
"36832","2152058798096","1845509640309","1845509817868","17.9044","17.7559","0.14850000000000002","17.906000000000002","0.3991","False","18.1079","17.921300000000002","18.2576","1.9474","19.703300000000002","8","1","1","False","0"
"36832","2152058798096","1845509819353","1845509976806","15.892100000000001","15.7453","0.1468","15.8809","0.38420000000000004","False","18.213","15.8938","18.1079","4.1615","19.9068","8","1","1","False","0"
"36832","2152058798096","1845509978274","1845510144405","16.8578","16.6131","0.2447","16.8204","0.3834","False","12.1274","16.759900000000002","18.213","5.6146","22.227700000000002","8","1","1","False","0"
"36832","2152058798096","1845510146852","1845510300255","15.492500000000001","15.340300000000001","0.1522","15.5303","0.3905","False","18.142400000000002","15.585","12.1274","2.157","17.4973","8","1","1","False","0"
"36832","2152058798096","1845510301777","1845510477849","17.8243","17.607200000000002","0.21710000000000002","17.788800000000002","0.3951","False","18.183500000000002","17.7594","18.142400000000002","2.54","20.1472","8","1","1","False","0"
"36832","2152058798096","1845510480020","1845510650625","17.2783","17.0605","0.21780000000000002","17.2789","0.396","False","18.2226","17.2776","18.183500000000002","3.4459","20.5064","8","1","1","False","0"
"36832","2152058798096","1845510652803","1845510823075","17.224600000000002","17.0272","0.19740000000000002","17.0366","0.4394","False","18.140900000000002","17.245","18.2226","4.423500000000001","21.4507","8","1","1","False","0"
"36832","2152058798096","1845510825049","1845511017465","19.442300000000003","19.241600000000002","0.20070000000000002","19.6464","0.402","False","18.1778","19.439","18.140900000000002","3.1254","22.367","8","1","1","False","0"
"36832","2152058798096","1845511019472","1845511221262","20.3977","20.179000000000002","0.2187","20.3874","0.3834","False","18.2404","20.3797","18.1778","0.9235000000000001","21.102500000000003","8","1","1","False","0"
"36832","2152058798096","1845511223449","1845511393837","17.323100000000004","17.038800000000002","0.2843","17.2883","0.3965","False","36.343900000000005","17.2575","18.2404","1.9064","18.9452","8","1","1","False","0"
"36832","2152058798096","1845511396680","1845511728107","33.309900000000006","33.142700000000005","0.16720000000000002","33.3539","0.3814","False","24.2456","33.427","36.343900000000005","4.823300000000001","37.966","8","1","1","False","0"
"36832","2152058798096","1845511729779","1845511987002","26.0062","25.7223","0.28390000000000004","25.9284","0.35100000000000003","False","18.187900000000003","25.8895","24.2456","3.1794000000000002","28.9017","8","1","1","False","0"
"36832","2152058798096","1845511989841","1845512153628","16.5649","16.378700000000002","0.1862","16.5574","0.3109","False","24.21","16.6626","18.187900000000003","4.7047","21.0834","8","1","1","False","0"
"36832","2152058798096","1845512155490","1845512396438","24.296200000000002","24.094800000000003","0.20140000000000002","24.291700000000002","0.3134","False","24.2752","24.281000000000002","24.21","4.6337","28.7285","8","1","1","False","0"
"36832","2152058798096","1845512398452","1845512626648","23.085700000000003","22.8196","0.2661","23.817700000000002","1.0515","False","18.150000000000002","23.021","24.2752","5.8879","28.707500000000003","8","1","1","False","0"
"36832","2152058798096","1845512629309","1845512848692","22.146600000000003","21.9383","0.2083","21.822699999999998","0.7157","False","18.157600000000002","22.2044","18.150000000000002","1.8335000000000001","23.771800000000002","8","1","1","False","0"
"36832","2152058798096","1845512850775","1845513040898","19.1809","19.0123","0.1686","18.9865","0.5041","False","24.2571","19.2206","18.157600000000002","0.7705000000000001","19.7828","8","1","1","False","0"
"36832","2152058798096","1845513042584","1845513262462","22.161","21.9878","0.17320000000000002","22.4109","0.741","False","18.1977","22.1564","24.2571","2.8712","24.859","8","1","1","False","0"
"36832","2152058798096","1845513264194","1845513449564","18.747500000000002","18.537000000000003","0.21050000000000002","18.4452","0.4838","False","18.1798","18.7102","18.1977","2.3587000000000002","20.8957","8","1","1","False","0"
"36832","2152058798096","1845513451669","1845513636505","18.658099999999997","18.4836","0.17450000000000002","18.5238","0.5245000000000001","False","18.196","18.694100000000002","18.1798","1.8444","20.328","8","1","1","False","0"
"36832","2152058798096","1845513638250","1845513803964","16.8572","16.5714","0.2858","16.9785","0.49350000000000005","False","18.194300000000002","16.745900000000002","18.196","3.2945","19.8659","8","1","1","False","0"
"36832","2152058798096","1845513806822","1845513985437","18.1271","17.8615","0.2656","18.1704","0.5055000000000001","False","18.169700000000002","18.1473","18.194300000000002","3.3415000000000004","21.203","8","1","1","False","0"
"36832","2152058798096","1845513988093","1845514175290","18.95","18.7197","0.2303","18.957700000000003","0.5131","False","24.2573","18.985300000000002","18.169700000000002","2.5259","21.2456","8","1","1","False","0"
"36832","2152058798096","1845514177593","1845514375512","20.032300000000003","19.791900000000002","0.2404","20.205000000000002","0.7014","False","12.0961","20.0222","24.2573","6.761","26.5529","8","1","1","False","0"
"36832","2152058798096","1845514377916","1845514550591","17.445400000000003","17.267500000000002","0.1779","17.275000000000002","0.4834","False","18.1891","17.5079","12.0961","1.3492","18.6167","8","1","1","False","0"
"36832","2152058798096","1845514552370","1845514724665","17.421000000000003","17.2295","0.1915","17.387900000000002","0.4874","False","24.2663","17.4074","18.1891","2.1309","19.360400000000002","8","1","1","False","0"
"36832","2152058798096","1845514726580","1845514937505","21.3035","21.0925","0.21100000000000002","21.7943","0.9805","False","18.136","21.284000000000002","24.2663","5.1132","26.2057","8","1","1","False","0"
"36832","2152058798096","1845514939615","1845515129251","19.1857","18.9636","0.22210000000000002","18.733","0.5113","False","18.2253","19.1746","18.136","4.0746","23.0382","8","1","1","False","0"
"36832","2152058798096","1845515131472","1845515303107","17.3006","17.1635","0.1371","17.5274","0.7118","False","12.0778","17.3856","18.2253","4.9143","22.0778","8","1","1","False","0"
"36832","2152058798096","1845515304478","1845515458255","15.531400000000001","15.3777","0.1537","15.326","0.5069","False","18.1846","15.514800000000001","12.0778","1.4773","16.855","8","1","1","False","0"
"36832","2152058798096","1845515459792","1845515633161","17.5223","17.3369","0.1854","17.4841","0.4858","False","18.2165","17.4906","18.1846","2.1713","19.508200000000002","8","1","1","False","0"
"36832","2152058798096","1845515635015","1845515784781","15.173000000000002","14.976600000000001","0.19640000000000002","15.6385","0.9422","False","12.069700000000001","15.162","18.2165","5.2258000000000004","20.2024","8","1","1","False","0"
"36832","2152058798096","1845515786745","1845515949874","16.5584","16.3129","0.24550000000000002","16.079900000000002","0.5095000000000001","False","30.363300000000002","16.5093","12.069700000000001","0.7862","17.0991","8","1","1","False","0"
"36832","2152058798096","1845515952329","1845516213672","26.3007","26.1343","0.16640000000000002","26.255100000000002","0.8429000000000001","False","12.0974","26.379800000000003","30.363300000000002","4.7697","30.904","8","1","1","False","0"
"36832","2152058798096","1845516215336","1845516353048","13.9738","13.7712","0.2026","14.0501","0.5011","False","18.1809","13.937600000000002","12.0974","2.9295","16.7007","8","1","1","False","0"
"36832","2152058798096","1845516355074","1845516531153","17.7927","17.6079","0.18480000000000002","17.7595","0.48140000000000005","False","18.1876","17.8105","18.1809","3.2999","20.9078","8","1","1","False","0"
"36832","2152058798096","1845516533001","1845516686552","15.5761","15.3551","0.221","15.573400000000001","0.496","False","18.1889","15.539900000000001","18.1876","5.9476","21.3027","8","1","1","False","0"
"36832","2152058798096","1845516688762","1845516861192","17.4387","17.243000000000002","0.1957","17.5084","0.5417000000000001","False","18.1755","17.464000000000002","18.1889","6.6725","23.9155","8","1","1","False","0"
"36832","2152058798096","1845516863149","1845517064339","20.3085","20.119","0.1895","20.290300000000002","0.5107","False","12.082500000000001","20.314700000000002","18.1755","4.5333000000000006","24.6523","8","1","1","False","0"
"36832","2152058798096","1845517066234","1845517221211","15.6526","15.4977","0.1549","15.6835","0.5313","False","24.2938","15.6872","12.082500000000001","0.9286000000000001","16.4263","8","1","1","False","0"
"36832","2152058798096","1845517222760","1845517412585","19.2317","18.9825","0.2492","19.4286","0.8036000000000001","False","12.113700000000001","19.1374","24.2938","6.085","25.067500000000003","8","1","1","False","0"
"36832","2152058798096","1845517415077","1845517555991","14.2935","14.0914","0.2021","14.0843","0.5353","False","18.1704","14.3406","12.113700000000001","3.8581000000000003","17.9495","8","1","1","False","0"
"36832","2152058798096","1845517558012","1845517740654","18.443600000000004","18.264200000000002","0.1794","18.567600000000002","0.6389","False","18.1807","18.4663","18.1704","3.5622000000000003","21.8264","8","1","1","False","0"
"36832","2152058798096","1845517742448","1845517921604","18.0504","17.9156","0.1348","17.928800000000003","0.515","False","18.1894","18.095000000000002","18.1807","3.6479000000000004","21.5635","8","1","1","False","0"
"36832","2152058798096","1845517922952","1845518099624","17.884","17.6672","0.21680000000000002","17.8913","0.5670000000000001","False","18.1798","17.802","18.1894","4.0353","21.7025","8","1","1","False","0"
"36832","2152058798096","1845518101792","1845518287638","18.8138","18.584600000000002","0.22920000000000001","18.793100000000003","0.5427000000000001","False","18.203500000000002","18.8014","18.1798","3.4137","21.9983","8","1","1","False","0"
"36832","2152058798096","1845518289930","1845518461910","17.3481","17.198","0.1501","17.1841","0.5723","False","12.077300000000001","17.4272","18.203500000000002","4.19","21.388","8","1","1","False","0"
"36832","2152058798096","1845518463411","1845518604282","14.304000000000002","14.087100000000001","0.2169","14.470600000000001","0.5396000000000001","False","18.162200000000002","14.237200000000001","12.077300000000001","2.0301","16.1172","8","1","1","False","0"
"36832","2152058798096","1845518606451","1845518794801","19.049","18.835","0.21400000000000002","19.3002","0.7978000000000001","False","18.223100000000002","19.0519","18.162200000000002","1.1404","19.9754","8","1","1","False","0"
"36832","2152058798096","1845518796941","1845518936083","14.2339","13.914200000000001","0.31970000000000004","14.2725","0.8612000000000001","False","12.099300000000001","14.128200000000001","18.223100000000002","5.2353000000000005","19.1495","8","1","1","False","0"
"36832","2152058798096","1845518939280","1845519091014","15.468900000000001","15.1734","0.29550000000000004","15.2026","0.5915","False","18.1868","15.4931","12.099300000000001","1.8415000000000001","17.0149","8","1","1","False","0"
"36832","2152058798096","1845519093969","1845519268251","17.6402","17.4282","0.21200000000000002","17.6466","0.5741","False","18.1672","17.7237","18.1868","2.3046","19.7328","8","1","1","False","0"
"36832","2152058798096","1845519270371","1845519431002","16.311500000000002","16.063100000000002","0.2484","16.2895","0.5523","False","18.1946","16.275100000000002","18.1672","4.1967","20.259800000000002","8","1","1","False","0"
"36832","2152058798096","1845519433486","1845519631224","19.9567","19.7738","0.1829","20.247400000000003","0.8281000000000001","False","12.1118","20.0222","18.1946","2.3691","22.1429","8","1","1","False","0"
"36832","2152058798096","1845519633053","1845519760886","13.004900000000001","12.7833","0.22160000000000002","12.7457","0.5842","False","18.1915","12.9662","12.1118","1.5147000000000002","14.298","8","1","1","False","0"
"36832","2152058798096","1845519763102","1845519933533","17.265100000000004","17.043100000000003","0.222","17.261400000000002","0.5860000000000001","False","18.1918","17.2647","18.1915","2.4415","19.4846","8","1","1","False","0"
"36832","2152058798096","1845519935753","1845520079138","14.5848","14.3385","0.24630000000000002","14.5812","0.5605","False","18.1565","14.560500000000001","18.1918","6.0728","20.4113","8","1","1","False","0"
"36832","2152058798096","1845520081601","1845520310511","23.0984","22.891000000000002","0.2074","23.085","0.5604","False","18.211100000000002","23.1373","18.1565","1.092","23.983","8","1","1","False","0"
"36832","2152058798096","1845520312585","1845520473309","16.1873","16.072400000000002","0.1149","16.0224","0.5811000000000001","False","12.0997","16.2798","18.211100000000002","3.0233000000000003","19.0957","8","1","1","False","0"
"36832","2152058798096","1845520474458","1845520604850","13.261400000000002","13.039200000000001","0.2222","13.428","0.5662","False","18.2102","13.154100000000001","12.0997","1.9689","15.0081","8","1","1","False","0"
"36832","2152058798096","1845520607072","1845520757912","15.309600000000001","15.084000000000001","0.22560000000000002","15.3055","0.561","False","12.1242","15.3062","18.2102","4.8729000000000005","19.9569","8","1","1","False","0"
"36832","2152058798096","1845520760168","1845520868247","10.9862","10.8079","0.17830000000000001","11.025","0.5818","False","12.1029","11.0335","12.1242","5.9636000000000005","16.7715","8","1","1","False","0"
"36832","2152058798096","1845520870030","1845521028413","16.0417","15.8383","0.2034","16.0318","0.5875","False","18.1858","16.0166","12.1029","2.0499","17.8882","8","1","1","False","0"
"36832","2152058798096","1845521030447","1845521169084","14.2276","13.863700000000001","0.3639","14.1707","0.6117","False","12.1326","14.0671","18.1858","6.1686000000000005","20.0323","8","1","1","False","0"
"36832","2152058798096","1845521172723","1845521296307","12.519000000000002","12.358400000000001","0.16060000000000002","12.580200000000001","0.5655","False","12.126100000000001","12.7223","12.1326","5.5789","17.9373","8","1","1","False","0"
"36832","2152058798096","1845521297913","1845521412031","11.704600000000001","11.411800000000001","0.2928","11.6654","0.5696","False","6.0209","11.5724","12.126100000000001","6.1326","17.5444","8","1","1","False","0"
"36832","2152058798096","1845521414959","1845521526087","11.2781","11.1128","0.1653","11.330400000000001","0.5787","False","18.211000000000002","11.4056","6.0209","0.7479","11.860700000000001","8","1","1","False","0"
"36832","2152058798096","1845521527740","1845521663526","13.770199999999999","13.5786","0.19160000000000002","14.411100000000001","1.2545000000000002","False","6.0275","13.7439","18.211000000000002","5.215","18.7936","8","1","1","False","0"
"36832","2152058798096","1845521665442","1845521761908","9.877600000000001","9.646600000000001","0.231","9.1706","0.552","False","18.220000000000002","9.8382","6.0275","1.4043","11.0509","8","1","1","False","0"
"36832","2152058798096","1845521764218","1845521885461","12.4045","12.1243","0.2802","12.8494","1.0126","False","6.0202","12.3553","18.220000000000002","7.269","19.3933","8","1","1","False","0"
"36832","2152058798096","1845521888263","1845522009686","12.3704","12.1423","0.2281","11.9548","0.5668000000000001","False","18.216900000000003","12.422500000000001","6.0202","0.8667","13.009","8","1","1","False","0"
"36832","2152058798096","1845522011967","1845522149460","13.9264","13.7493","0.1771","14.1923","1.2458","False","6.0303","13.977400000000001","18.216900000000003","5.1062","18.8555","8","1","1","False","0"
"36832","2152058798096","1845522151231","1845522250165","10.1389","9.8934","0.24550000000000002","9.8732","0.5841000000000001","False","18.1937","10.070500000000001","6.0303","1.066","10.9594","8","1","1","False","0"
"36832","2152058798096","1845522252620","1845522372522","12.2189","11.9902","0.22870000000000001","12.6065","0.9665","False","12.143","12.235700000000001","18.1937","7.024","19.014200000000002","8","1","1","False","0"
"36832","2152058798096","1845522374809","1845522526495","15.357000000000001","15.168600000000001","0.1884","14.9817","0.5688","False","12.104700000000001","15.397300000000001","12.143","3.7697000000000003","18.9383","8","1","1","False","0"
"36832","2152058798096","1845522528379","1845522665370","13.918000000000001","13.699100000000001","0.2189","13.905100000000001","0.5619000000000001","False","18.197300000000002","13.887500000000001","12.104700000000001","1.9869","15.686","8","1","1","False","0"
"36832","2152058798096","1845522667559","1845522825849","16.0148","15.829","0.18580000000000002","16.0583","0.6058","False","12.1254","16.047900000000002","18.197300000000002","4.1363","19.965300000000003","8","1","1","False","0"
"36832","2152058798096","1845522827707","1845522952527","12.660400000000001","12.482000000000001","0.1784","12.694700000000001","0.6339","False","12.103800000000001","12.6678","12.1254","3.5939","16.0759","8","1","1","False","0"
"36832","2152058798096","1845522954311","1845523085535","13.302900000000001","13.1224","0.18050000000000002","13.279900000000001","0.612","False","12.0942","13.3008","12.103800000000001","2.3969","15.519300000000001","8","1","1","False","0"
"36832","2152058798096","1845523087340","1845523203970","11.908","11.663","0.24500000000000002","11.899000000000001","0.611","False","18.2162","11.8435","12.0942","2.6476","14.3106","8","1","1","False","0"
"36832","2152058798096","1845523206420","1845523379507","17.4937","17.3087","0.185","17.8089","0.9175000000000001","False","12.120800000000001","17.5537","18.2162","3.3101000000000003","20.6188","8","1","1","False","0"
"36832","2152058798096","1845523381357","1845523493691","11.4097","11.233400000000001","0.1763","11.092400000000001","0.6009","False","12.0808","11.4184","12.120800000000001","4.0125","15.2459","8","1","1","False","0"
"36832","2152058798096","1845523495454","1845523643672","14.995600000000001","14.821800000000001","0.1738","15.0198","0.6193000000000001","False","18.230600000000003","14.9981","12.0808","1.0952","15.917000000000002","8","1","1","False","0"
"36832","2152058798096","1845523645410","1845523773064","13.015400000000001","12.765400000000001","0.25","13.2702","0.9119","False","12.103200000000001","12.939200000000001","18.230600000000003","6.3866000000000005","19.152","8","1","1","False","0"
"36832","2152058798096","1845523775564","1845523937314","16.376","16.175","0.201","15.894300000000001","0.6528","False","18.1801","16.425","12.103200000000001","2.0648","18.239800000000002","8","1","1","False","0"
"36832","2152058798096","1845523939324","1845524097154","16.012800000000002","15.783000000000001","0.2298","16.206400000000002","0.6062000000000001","False","24.2724","15.984","18.1801","4.2609","20.0439","8","1","1","False","0"
"36832","2152058798096","1845524099452","1845524318699","22.2558","21.9247","0.3311","22.206700000000005","0.6105","False","12.0806","22.154500000000002","24.2724","6.3788","28.3035","8","1","1","False","0"
"36832","2152058798096","1845524322010","1845524477736","15.775800000000002","15.572600000000001","0.20320000000000002","15.8582","0.6106","False","18.1931","15.9037","12.0806","2.5557000000000003","18.1283","8","1","1","False","0"
"36832","2152058798096","1845524479768","1845524669311","19.1633","18.9543","0.20900000000000002","19.4448","0.9136000000000001","False","18.1924","19.157500000000002","18.1931","1.5913000000000002","20.5456","8","1","1","False","0"
"36832","2152058798096","1845524671401","1845524831907","16.2577","16.0506","0.2071","16.1603","0.8333","False","18.1854","16.259600000000002","18.1924","3.5241000000000002","19.5747","8","1","1","False","0"
"36832","2152058798096","1845524833978","1845524975702","14.378400000000001","14.172400000000001","0.20600000000000002","14.7825","1.217","False","12.1018","14.3795","18.1854","7.33","21.5024","8","1","1","False","0"
"36832","2152058798096","1845524977762","1845525116618","14.0848","13.8856","0.19920000000000002","17.349600000000002","4.4734","False","12.1274","14.091600000000001","12.1018","5.3402","19.2258","8","1","1","False","0"
"36832","2152058798096","1845525118610","1845525235398","11.9184","11.6788","0.2396","11.8536","4.4411000000000005","False","12.138200000000001","11.878","12.1274","5.5896","17.2684","8","1","1","False","0"
"36832","2152058798096","1845525237794","1845525365299","12.9444","12.7505","0.19390000000000002","11.924900000000001","3.3850000000000002","False","12.0919","12.9901","12.138200000000001","4.7377","17.4882","8","1","1","False","0"
"36832","2152058798096","1845525367238","1845525510072","14.5036","14.2834","0.2202","12.9495","1.8518000000000001","False","24.2497","14.477300000000001","12.0919","2.3523","16.6357","8","1","1","False","0"
"36832","2152058798096","1845525512274","1845525707992","19.8387","19.5718","0.2669","20.811","2.8334","False","6.0552","19.792","24.2497","6.8100000000000005","26.381800000000002","8","1","1","False","0"
"36832","2152058798096","1845525710661","1845525824239","11.4739","11.357800000000001","0.11610000000000001","9.587","1.1739000000000002","False","24.279700000000002","11.6247","6.0552","1.2405000000000002","12.5983","8","1","1","False","0"
"36832","2152058798096","1845525825400","1845525964673","14.1281","13.9273","0.2008","18.662000000000003","5.4657","False","12.0838","14.0434","24.279700000000002","11.4768","25.4041","8","1","1","False","0"
"36832","2152058798096","1845525966681","1845526176426","21.135800000000003","20.974500000000003","0.1613","17.1628","1.4762000000000002","False","24.2554","21.1753","12.0838","2.3853","23.3598","8","1","1","False","0"
"36832","2152058798096","1845526178039","1845526323980","14.8434","14.594100000000001","0.24930000000000002","19.703500000000002","6.3651","False","6.0484","14.7554","24.2554","11.8853","26.479400000000002","8","1","1","False","0"
"36832","2152058798096","1845526326473","1845526467790","14.371400000000001","14.1317","0.23970000000000002","10.8045","2.8206","False","18.1816","14.381","6.0484","3.5527","17.6844","8","1","1","False","0"
"36832","2152058798096","1845526470187","1845526638163","16.9588","16.7976","0.1612","18.3677","4.1768","False","18.1857","17.037300000000002","18.1816","4.697","21.494600000000002","8","1","1","False","0"
"36832","2152058798096","1845526639775","1845526843204","20.5659","20.3429","0.223","17.856","1.4951","False","18.1888","20.5041","18.1857","2.3786","22.721500000000002","8","1","1","False","0"
"36832","2152058798096","1845526845434","1845527013906","17.0916","16.8472","0.2444","18.0377","2.4147000000000003","False","24.2449","17.0702","18.1888","3.4972000000000003","20.3444","8","1","1","False","0"
"36832","2152058798096","1845527016350","1845527236420","22.233","22.007","0.226","24.239800000000002","4.4555","False","12.1271","22.2514","24.2449","5.4907","27.497700000000002","8","1","1","False","0"
"36832","2152058798096","1845527238680","1845527388040","15.1404","14.936","0.2044","11.7485","1.0548","False","12.0992","15.162","12.1271","2.4558","17.3918","8","1","1","False","0"
"36832","2152058798096","1845527390084","1845527514285","12.597500000000002","12.420100000000001","0.1774","12.6334","1.061","False","18.181","12.624500000000001","12.0992","1.9305","14.3506","8","1","1","False","0"
"36832","2152058798096","1845527516059","1845527700099","18.6462","18.404","0.2422","18.6884","1.1216000000000002","False","24.2893","18.581400000000002","18.181","1.5301","19.9341","8","1","1","False","0"
"36832","2152058798096","1845527702521","1845527894752","19.389300000000002","19.223100000000002","0.16620000000000001","18.9927","1.1064","False","12.121","19.4653","24.2893","6.354100000000001","25.5772","8","1","1","False","0"
"36832","2152058798096","1845527896414","1845528049727","15.5394","15.3313","0.2081","15.944700000000001","1.1307","False","24.239600000000003","15.4975","12.121","2.9776000000000002","18.3089","8","1","1","False","0"
"36832","2152058798096","1845528051808","1845528252075","20.3286","20.0267","0.3019","20.587400000000002","1.4303000000000001","False","18.188200000000002","20.2348","24.239600000000003","6.9824","27.0091","8","1","1","False","0"
"36832","2152058798096","1845528255094","1845528433596","18.059800000000003","17.8502","0.2096","17.775399999999998","1.1074000000000002","False","12.0706","18.1521","18.188200000000002","7.0185","24.8687","8","1","1","False","0"
"36832","2152058798096","1845528435692","1845528609210","17.6162","17.3518","0.2644","17.408","0.9457000000000001","False","36.3814","17.561400000000003","12.0706","1.5277","18.8795","8","1","1","False","0"
"36832","2152058798096","1845528611854","1845528887730","27.8026","27.587600000000002","0.215","30.822000000000003","3.9061000000000003","False","18.1661","27.852","36.3814","10.0571","37.6447","8","1","1","False","0"
"36832","2152058798096","1845528889880","1845529136108","24.858400000000003","24.6228","0.2356","23.733700000000002","2.8059000000000003","False","24.2664","24.8378","18.1661","3.3854","28.008200000000002","8","1","1","False","0"
"36832","2152058798096","1845529138464","1845529346048","20.945200000000003","20.7584","0.18680000000000002","22.7121","4.5553","False","18.159100000000002","20.994","24.2664","6.6578","27.4162","8","1","1","False","0"
"36832","2152058798096","1845529347916","1845529566475","22.128300000000003","21.855900000000002","0.27240000000000003","18.9668","1.4396","False","30.326900000000002","22.0427","18.159100000000002","2.7742","24.630100000000002","8","1","1","False","0"
"36832","2152058798096","1845529569199","1845529834487","27.2282","26.5288","0.6994","30.1934","4.6218","False","24.2421","26.8012","30.326900000000002","6.2999","32.828700000000005","8","1","1","False","0"
"36832","2152058798096","1845529841481","1845530077512","23.832900000000002","23.6031","0.2298","23.139100000000003","3.6853000000000002","False","18.1655","24.302500000000002","24.2421","6.2395000000000005","29.8426","8","1","1","False","0"
"36832","2152058798096","1845530079810","1845530304617","22.640900000000002","22.480700000000002","0.1602","20.1098","1.1109","False","30.3133","22.7105","18.1655","1.6945000000000001","24.1752","8","1","1","False","0"
"36832","2152058798096","1845530306219","1845530576660","27.3476","27.0441","0.3035","28.896","2.7989","False","18.1734","27.2043","30.3133","4.8035000000000005","31.8476","8","1","1","False","0"
"36832","2152058798096","1845530579695","1845530753619","17.617500000000003","17.392400000000002","0.22510000000000002","19.189400000000003","4.6971","False","12.113100000000001","17.6959","18.1734","5.281000000000001","22.6734","8","1","1","False","0"
"36832","2152058798096","1845530755870","1845530907922","15.381000000000002","15.205200000000001","0.1758","12.232000000000003","1.0941","False","24.2667","15.4303","12.113100000000001","1.9638","17.169","8","1","1","False","0"
"36832","2152058798096","1845530909680","1845531098313","18.998300000000004","18.863300000000002","0.135","18.9887","1.0741","False","12.1236","19.0391","24.2667","7.191400000000001","26.0547","8","1","1","False","0"
"36832","2152058798096","1845531099663","1845531257976","16.0032","15.8313","0.1719","16.1528","1.242","False","18.165","15.9663","12.1236","3.3487","19.18","8","1","1","False","0"
"36832","2152058798096","1845531259695","1845531410487","15.2425","15.0792","0.1633","18.4787","4.451700000000001","False","12.1461","15.251100000000001","18.165","6.2626","21.341800000000003","8","1","1","False","0"
"36832","2152058798096","1845531412120","1845531548277","13.8154","13.6157","0.19970000000000002","11.2322","1.9160000000000001","False","18.1674","13.779","12.1461","4.629700000000001","18.2454","8","1","1","False","0"
"36832","2152058798096","1845531550274","1845531720794","17.1842","17.052","0.1322","18.4528","3.1408","False","12.1172","17.2517","18.1674","5.5454","22.5974","8","1","1","False","0"
"36832","2152058798096","1845531722116","1845531863560","14.3115","14.144400000000001","0.1671","12.186","1.0308","False","18.195","14.2766","12.1172","3.386","17.5304","8","1","1","False","0"
"36832","2152058798096","1845531865231","1845532015870","15.2235","15.0639","0.15960000000000002","16.374000000000002","2.1652","False","12.122900000000001","15.231","18.195","6.3500000000000005","21.4139","8","1","1","False","0"
"36832","2152058798096","1845532017466","1845532156214","14.0806","13.8748","0.2058","12.8704","0.9877","False","12.0852","14.034400000000002","12.122900000000001","4.4385","18.3133","8","1","1","False","0"
"36832","2152058798096","1845532158272","1845532302103","14.632900000000001","14.3831","0.24980000000000002","15.219000000000001","1.5883","False","18.2319","14.5889","12.0852","1.9348","16.3179","8","1","1","False","0"
"36832","2152058798096","1845532304601","1845532441926","13.9498","13.7325","0.21730000000000002","14.247100000000001","1.8846","False","12.095500000000001","13.9823","18.2319","6.1844","19.916900000000002","8","1","1","False","0"
"36832","2152058798096","1845532444099","1845532586137","14.391800000000002","14.203800000000001","0.188","14.072600000000001","1.5353","False","18.1959","14.421100000000001","12.095500000000001","3.8588","18.0626","8","1","1","False","0"
"36832","2152058798096","1845532588017","1845532750940","16.4659","16.2923","0.1736","16.4219","1.4963","False","12.093300000000001","16.4803","18.1959","5.574400000000001","21.8667","8","1","1","False","0"
"36832","2152058798096","1845532752676","1845532894678","14.4192","14.2002","0.219","14.456700000000001","1.5468000000000002","False","18.1959","14.373800000000001","12.093300000000001","3.2939000000000003","17.4941","8","1","1","False","0"
"36832","2152058798096","1845532896868","1845533044163","14.898600000000002","14.729500000000002","0.1691","15.312100000000001","2.2769","False","12.1082","14.948500000000001","18.1959","6.541300000000001","21.2708","8","1","1","False","0"
"36832","2152058798096","1845533045854","1845533168204","12.462700000000002","12.235000000000001","0.2277","14.193900000000001","3.7066000000000003","False","12.1272","12.404100000000001","12.1082","6.2454","18.4804","8","1","1","False","0"
"36832","2152058798096","1845533170481","1845533314213","14.5751","14.3732","0.2019","12.4183","1.5223","False","12.0934","14.600900000000001","12.1272","3.7717","18.1449","8","1","1","False","0"
"36832","2152058798096","1845533316232","1845533450937","13.642000000000001","13.470500000000001","0.1715","13.220600000000001","1.0977000000000001","False","18.2011","13.672400000000001","12.0934","2.1927000000000003","15.663200000000002","8","1","1","False","0"
"36832","2152058798096","1845533452652","1845533618328","16.793100000000003","16.567600000000002","0.2255","17.354300000000002","1.6994","False","18.1813","16.7391","18.2011","3.6547","20.2223","8","1","1","False","0"
"36832","2152058798096","1845533620583","1845533765809","14.704400000000001","14.5226","0.18180000000000002","17.1007","4.0597","False","24.2499","14.7481","18.1813","7.0879","21.610500000000002","8","1","1","False","0"
"36832","2152058798096","1845533767627","1845534051179","28.5805","28.3552","0.2253","26.288800000000002","1.7770000000000001","False","18.203500000000002","28.537000000000003","24.2499","2.8008","31.156000000000002","8","1","1","False","0"
"36832","2152058798096","1845534053432","1845534194461","14.3701","14.1029","0.2672","14.537600000000001","1.9874","False","12.1209","14.3282","18.203500000000002","6.6761","20.779","8","1","1","False","0"
"36832","2152058798096","1845534197133","1845534319281","12.390500000000001","12.2148","0.1757","12.3811","1.9208","False","12.098600000000001","12.482000000000001","12.1209","6.315","18.5298","8","1","1","False","0"
"36832","2152058798096","1845534321038","1845534468035","14.8655","14.6997","0.1658","14.578000000000001","1.6275000000000002","False","12.109","14.8754","12.098600000000001","3.5382000000000002","18.2379","8","1","1","False","0"
"36832","2152058798096","1845534469693","1845534604302","13.6777","13.4609","0.21680000000000002","13.407900000000001","1.3771","False","18.1984","13.626700000000001","12.109","2.0205","15.4814","8","1","1","False","0"
"36832","2152058798096","1845534606470","1845534767039","16.196700000000003","16.056900000000002","0.1398","16.2315","1.3809","False","12.1076","16.2737","18.1984","3.9452000000000003","20.002100000000002","8","1","1","False","0"
"36832","2152058798096","1845534768437","1845534906517","13.978","13.808","0.17","13.7469","1.4929000000000001","False","18.2103","13.9478","12.1076","2.105","15.913","8","1","1","False","0"
"36832","2152058798096","1845534908217","1845535057929","15.219000000000001","14.971200000000001","0.24780000000000002","15.043000000000001","1.044","False","12.090200000000001","15.141200000000001","18.2103","5.1741","20.145300000000002","8","1","1","False","0"
"36832","2152058798096","1845535060407","1845535186866","12.8474","12.645900000000001","0.2015","13.2514","1.4160000000000001","False","30.3275","12.8937","12.090200000000001","4.3706000000000005","17.0165","8","1","1","False","0"
"36832","2152058798096","1845535188881","1845535473429","28.7084","28.454800000000002","0.2536","29.2713","1.9803000000000002","False","12.0874","28.6563","30.3275","6.0418","34.4966","8","1","1","False","0"
"36832","2152058798096","1845535475965","1845535637585","16.3879","16.162","0.22590000000000002","15.8445","1.4387","False","18.21","16.4156","12.0874","1.7136","17.875600000000002","8","1","1","False","0"
"36832","2152058798096","1845535639844","1845535776085","13.8649","13.6241","0.24080000000000001","15.5274","3.1042","False","12.109900000000001","13.850000000000001","18.21","6.0736","19.6977","8","1","1","False","0"
"36832","2152058798096","1845535778493","1845535925855","14.8741","14.7362","0.1379","13.123700000000001","1.3074000000000001","False","12.1081","14.977","12.109900000000001","3.2065","17.942700000000002","8","1","1","False","0"
"36832","2152058798096","1845535927234","1845536061855","13.705100000000002","13.462100000000001","0.24300000000000002","13.706000000000001","1.3523","False","24.270200000000003","13.600000000000001","12.1081","1.7146000000000001","15.1767","8","1","1","False","0"
"36832","2152058798096","1845536064285","1845536255149","19.3214","19.0864","0.23500000000000001","20.1842","2.2318000000000002","False","12.1388","19.3294","24.270200000000003","6.6554","25.7418","8","1","1","False","0"
"36832","2152058798096","1845536257499","1845536379365","12.4214","12.1866","0.2348","12.150300000000001","1.9535","False","12.1035","12.4216","12.1388","6.3726","18.5592","8","1","1","False","0"
"36832","2152058798096","1845536381713","1845536522660","14.2146","14.094700000000001","0.1199","13.5044","1.1802000000000001","False","12.1209","14.329500000000001","12.1035","4.1466","18.241300000000003","8","1","1","False","0"
"36832","2152058798096","1845536523859","1845536638074","11.6274","11.4215","0.2059","11.378200000000001","0.9658","False","18.185100000000002","11.541400000000001","12.1209","4.726100000000001","16.1476","8","1","1","False","0"
"36832","2152058798096","1845536640133","1845536788976","15.041500000000001","14.884300000000001","0.1572","17.4353","3.7541","False","6.048","15.090200000000001","18.185100000000002","7.821000000000001","22.7053","8","1","1","False","0"
"36832","2152058798096","1845536790548","1845536903213","11.4504","11.2665","0.1839","9.206100000000001","1.1098000000000001","False","12.1065","11.4237","6.048","2.4453","13.7118","8","1","1","False","0"
"36832","2152058798096","1845536905052","1845537029754","12.6206","12.4702","0.1504","12.9772","1.454","False","12.1091","12.654100000000001","12.1065","1.8977000000000002","14.3679","8","1","1","False","0"
"36832","2152058798096","1845537031258","1845537143088","11.378499999999999","11.183","0.1955","11.111500000000001","1.2124000000000001","False","18.21","11.333400000000001","12.1091","2.6734","13.8564","8","1","1","False","0"
"36832","2152058798096","1845537145043","1845537313409","17.0803","16.8366","0.2437","17.451","1.624","False","12.1387","17.0321","18.21","3.8513","20.687900000000003","8","1","1","False","0"
"36832","2152058798096","1845537315846","1845537433359","11.9329","11.7513","0.1816","11.5792","1.2288000000000001","False","12.1193","11.995000000000001","12.1387","3.995","15.746300000000002","8","1","1","False","0"
"36832","2152058798096","1845537435175","1845537557642","12.406600000000001","12.2467","0.15990000000000001","12.5031","1.2978","False","18.1731","12.4283","12.1193","3.6860000000000004","15.9327","8","1","1","False","0"
"36832","2152058798096","1845537559241","1845537699061","14.193900000000001","13.982000000000001","0.2119","14.479499999999998","1.6223","False","6.04","14.141900000000001","18.1731","7.7172","21.6992","8","1","1","False","0"
"36832","2152058798096","1845537701180","1845537815585","11.6217","11.4405","0.1812","11.3712","1.3547","False","24.261400000000002","11.6524","6.04","2.1048","13.545300000000001","8","1","1","False","0"
"36832","2152058798096","1845537817397","1845538024243","20.9199","20.6846","0.2353","22.5333","2.9831000000000003","False","30.283900000000003","20.8658","24.261400000000002","5.5004","26.185000000000002","8","1","1","False","0"
"36832","2152058798096","1845538026596","1845538269576","24.4612","24.298000000000002","0.1632","26.64","5.1442000000000005","False","12.125300000000001","24.5333","30.283900000000003","11.251000000000001","35.549","8","1","1","False","0"
"36832","2152058798096","1845538271208","1845538412950","14.3566","14.1742","0.1824","12.299800000000001","3.0817","False","12.1273","14.3374","12.125300000000001","9.0389","23.2131","8","1","1","False","0"
"36832","2152058798096","1845538414774","1845538558522","14.6339","14.3748","0.2591","17.456","5.9486","False","12.132200000000001","14.5572","12.1273","6.609","20.983800000000002","8","1","1","False","0"
"36832","2152058798096","1845538561113","1845538702891","14.357300000000002","14.177800000000001","0.17950000000000002","12.1357","3.6753","False","18.169","14.436900000000001","12.132200000000001","4.3043000000000005","18.482100000000003","8","1","1","False","0"
"36832","2152058798096","1845538704686","1845538859247","15.6659","15.456100000000001","0.20980000000000001","17.456300000000002","5.4924","False","6.0456","15.6356","18.169","6.8377","22.2938","8","1","1","False","0"
"36832","2152058798096","1845538861345","1845538968668","10.9007","10.7323","0.16840000000000002","6.8163","1.3862","False","24.2451","10.9421","6.0456","1.9412","12.6735","8","1","1","False","0"
"36832","2152058798096","1845538970352","1845539165293","19.6788","19.4941","0.1847","24.212600000000002","6.3481000000000005","False","12.130600000000001","19.6625","24.2451","6.5238000000000005","26.0179","8","1","1","False","0"
"36832","2152058798096","1845539167140","1845539332601","16.970599999999997","16.5461","0.42450000000000004","12.1204","1.1617","False","30.3197","16.730800000000002","12.130600000000001","1.9236000000000002","18.4697","8","1","1","False","0"
"36832","2152058798096","1845539336846","1845539531947","19.7618","19.5101","0.25170000000000003","24.938100000000002","6.292800000000001","False","6.0379000000000005","19.9346","30.3197","12.3087","31.818800000000003","8","1","1","False","0"
"36832","2152058798096","1845539534464","1845539696207","16.308300000000003","16.174300000000002","0.134","11.4479","1.363","False","18.1832","16.426000000000002","6.0379000000000005","1.9206","18.0949","8","1","1","False","0"
"36832","2152058798096","1845539697547","1845539826263","13.0243","12.8716","0.1527","17.950200000000002","6.311","False","12.1172","13.005600000000001","18.1832","7.0982","19.9698","8","1","1","False","0"
"36832","2152058798096","1845539827790","1845539976373","15.0311","14.8583","0.1728","12.529300000000001","3.8026","False","18.1663","15.011000000000001","12.1172","4.204400000000001","19.0627","8","1","1","False","0"
"36832","2152058798096","1845539978101","1845540137247","16.0843","15.9146","0.16970000000000002","18.3871","6.1126000000000005","False","18.2532","16.087400000000002","18.1663","6.2833000000000006","22.1979","8","1","1","False","0"
"36832","2152058798096","1845540138944","1845540308821","17.1997","16.9877","0.21200000000000002","12.9906","1.9239000000000002","False","18.1474","17.1574","18.2532","7.3791","24.3668","8","1","1","False","0"
"36832","2152058798096","1845540310941","1845540529618","22.170500000000004","21.867700000000003","0.3028","21.659100000000002","1.4399000000000002","False","18.166","22.079700000000003","18.1474","3.4468","25.314500000000002","8","1","1","False","0"
"36832","2152058798096","1845540532646","1845540678439","14.7753","14.5793","0.196","18.5816","5.2129","False","12.1066","14.882100000000001","18.166","6.730700000000001","21.310000000000002","8","1","1","False","0"
"36832","2152058798096","1845540680399","1845540804794","12.667","12.4395","0.2275","12.321900000000001","4.8801000000000005","False","12.129900000000001","12.6355","12.1066","6.2018","18.6413","8","1","1","False","0"
"36832","2152058798096","1845540807069","1845540968329","16.2904","16.126","0.16440000000000002","12.6486","1.2027","False","18.1796","16.3535","12.129900000000001","1.9782000000000002","18.104200000000002","8","1","1","False","0"
"36832","2152058798096","1845540969973","1845541137583","16.8843","16.761","0.1233","18.2006","2.7938","False","18.1858","16.9254","18.1796","3.2324","19.9934","8","1","1","False","0"
"36832","2152058798096","1845541138816","1845541301431","16.494200000000003","16.2615","0.23270000000000002","18.6097","4.6704","False","18.1885","16.384800000000002","18.1858","5.0334","21.294900000000002","8","1","1","False","0"
"36832","2152058798096","1845541303758","1845541451541","14.938900000000002","14.778300000000002","0.16060000000000002","12.3663","2.0573","False","18.189600000000002","15.011000000000001","18.1885","8.2109","22.9892","8","1","1","False","0"
"36832","2152058798096","1845541453147","1845541664931","21.369","21.1784","0.19060000000000002","23.909000000000002","4.6266","False","18.1955","21.339000000000002","18.189600000000002","5.0615000000000006","26.239900000000002","8","1","1","False","0"
"36832","2152058798096","1845541666837","1845541803519","13.862","13.6682","0.1938","12.5226","3.2629","False","12.0931","13.8588","18.1955","9.398200000000001","23.0664","8","1","1","False","0"
"36832","2152058798096","1845541805457","1845541986887","18.281200000000002","18.143","0.13820000000000002","16.4409","1.4082000000000001","False","18.1721","18.3368","12.0931","3.1545","21.2975","8","1","1","False","0"
"36832","2152058798096","1845541988269","1845542160170","17.358900000000002","17.1901","0.1688","18.138","2.2093000000000003","False","12.177200000000001","17.328300000000002","18.1721","3.9983000000000004","21.1884","8","1","1","False","0"
"36832","2152058798096","1845542161858","1845542284064","12.360500000000002","12.220600000000001","0.1399","11.5936","1.427","False","18.1232","12.3894","12.177200000000001","3.7861000000000002","16.006700000000002","8","1","1","False","0"
"36832","2152058798096","1845542285463","1845542460062","17.7269","17.4599","0.267","18.395400000000002","2.1522","False","278.8056","17.599800000000002","18.1232","4.3095","21.7694","8","1","1","False","0"
"36832","2152058798096","1845542462732","1845545230643","277.06280000000004","276.79110000000003","0.2717","277.8698","2.9447","False","6.0478000000000005","277.0581","278.8056","6.057","282.8481","8","1","1","False","0"
"36832","2152058798096","1845545233360","1845545294393","6.3137","6.1033","0.2104","8.0739","4.6959","False","127.2753","6.375","6.0478000000000005","5.7298","11.8331","8","1","1","False","0"
"36832","2152058798096","1845545296497","1845546582172","128.7858","128.5675","0.21830000000000002","126.8863","2.7731000000000003","False","6.0579","128.77790000000002","127.2753","4.2272","132.7947","8","1","1","False","0"
"36832","2152058798096","1845546584355","1845546666782","8.397100000000002","8.242700000000001","0.1544","7.1274","0.6854","False","6.0658","8.461","6.0579","1.8241","10.0668","8","1","1","False","0"
"36832","2152058798096","1845546668326","1845546691403","2.46","2.3077","0.15230000000000002","3.5345","2.5719000000000003","False","6.0604000000000005","2.4621","6.0658","5.4278","7.7355","8","1","1","False","0"
"36832","2152058798096","1845546692926","1845546770368","7.941","7.7442","0.1968","6.9412","1.5898","False","6.056100000000001","7.8965000000000005","6.0604000000000005","3.5917000000000003","11.3359","8","1","1","False","0"
